group,size,instance,instance_seed,solver_seed,solver,schedule,feasible,objective,reference,gap_percent,optimal_hit,runtime_seconds,attempts,variable_count
TSP,6,uniform2d_n6_instance202600,202600,0,qubo_sa_old,coefficient_scaled_linear,1,2.460038605727571,2.460038605727571,0.0,1,0.011487099996884353,3600,36
TSP,6,uniform2d_n6_instance202600,202600,0,qubo_sa_penalty,penalty_scaled_geometric,1,2.472100442913964,2.460038605727571,0.4903108901750608,0,0.011912800000573043,3600,36
TSP,6,uniform2d_n6_instance202600,202600,0,dwave_sa,coefficient_scaled_linear,1,2.581996327852338,2.460038605727571,4.957553179889906,0,0.3895208000030834,3600,36
TSP,6,uniform2d_n6_instance202600,202600,0,openjij_sa,coefficient_scaled_linear,1,2.473901092637544,2.460038605727571,0.5635068847170688,0,0.2855612999992445,3600,36
TSP,6,uniform2d_n6_instance202600,202600,0,qubo_sa_swap,baseline,1,2.460038605727571,2.460038605727571,0.0,1,0.020169000003079418,3600,36
TSP,6,uniform2d_n6_instance202600,202600,0,two_opt,baseline,1,2.460038605727571,2.460038605727571,0.0,1,0.015947500003676396,3600,36
TSP,6,uniform2d_n6_instance202600,202600,1,qubo_sa_old,coefficient_scaled_linear,1,2.485805858475395,2.460038605727571,1.0474328609246797,0,0.011740099995222408,3600,36
TSP,6,uniform2d_n6_instance202600,202600,1,qubo_sa_penalty,penalty_scaled_geometric,1,2.460038605727571,2.460038605727571,0.0,1,0.011523599998326972,3600,36
TSP,6,uniform2d_n6_instance202600,202600,1,dwave_sa,coefficient_scaled_linear,1,2.6041500216083335,2.460038605727571,5.858095704076982,0,0.0016355999978259206,3600,36
TSP,6,uniform2d_n6_instance202600,202600,1,openjij_sa,coefficient_scaled_linear,0,,2.460038605727571,,0,0.003173099998093676,3600,36
TSP,6,uniform2d_n6_instance202600,202600,1,qubo_sa_swap,baseline,1,2.460038605727571,2.460038605727571,0.0,1,0.021392399998148903,3600,36
TSP,6,uniform2d_n6_instance202600,202600,1,two_opt,baseline,1,2.460038605727571,2.460038605727571,0.0,1,0.01582069999858504,3600,36
TSP,6,uniform2d_n6_instance202600,202600,2,qubo_sa_old,coefficient_scaled_linear,1,2.460038605727571,2.460038605727571,0.0,1,0.011720899994543288,3600,36
TSP,6,uniform2d_n6_instance202600,202600,2,qubo_sa_penalty,penalty_scaled_geometric,1,2.472100442913964,2.460038605727571,0.4903108901750608,0,0.01182140000310028,3600,36
TSP,6,uniform2d_n6_instance202600,202600,2,dwave_sa,coefficient_scaled_linear,1,2.645733497572465,2.460038605727571,7.548454378421154,0,0.0016439999963040464,3600,36
TSP,6,uniform2d_n6_instance202600,202600,2,openjij_sa,coefficient_scaled_linear,1,2.6116750379786193,2.460038605727571,6.163985878026534,0,0.003205000000889413,3600,36
TSP,6,uniform2d_n6_instance202600,202600,2,qubo_sa_swap,baseline,1,2.460038605727571,2.460038605727571,0.0,1,0.020479200000409037,3600,36
TSP,6,uniform2d_n6_instance202600,202600,2,two_opt,baseline,1,2.460038605727571,2.460038605727571,0.0,1,0.015689699997892603,3600,36
TSP,6,uniform2d_n6_instance202600,202600,3,qubo_sa_old,coefficient_scaled_linear,1,2.593676421711141,2.460038605727571,5.432346292144707,0,0.011646999999356922,3600,36
TSP,6,uniform2d_n6_instance202600,202600,3,qubo_sa_penalty,penalty_scaled_geometric,1,2.4739010926375435,2.460038605727571,0.5635068847170688,0,0.011534400000527967,3600,36
TSP,6,uniform2d_n6_instance202600,202600,3,dwave_sa,coefficient_scaled_linear,1,3.0090844373271093,2.460038605727571,22.318585989716787,0,0.0014942000052542426,3600,36
TSP,6,uniform2d_n6_instance202600,202600,3,openjij_sa,coefficient_scaled_linear,1,3.223378038795171,2.460038605727571,31.029571295765802,0,0.003150099997583311,3600,36
TSP,6,uniform2d_n6_instance202600,202600,3,qubo_sa_swap,baseline,1,2.460038605727571,2.460038605727571,0.0,1,0.02003310000145575,3600,36
TSP,6,uniform2d_n6_instance202600,202600,3,two_opt,baseline,1,2.460038605727571,2.460038605727571,0.0,1,0.0162486000044737,3600,36
TSP,6,uniform2d_n6_instance202600,202600,4,qubo_sa_old,coefficient_scaled_linear,1,2.460038605727571,2.460038605727571,0.0,1,0.01191359999938868,3600,36
TSP,6,uniform2d_n6_instance202600,202600,4,qubo_sa_penalty,penalty_scaled_geometric,1,2.4721004429139635,2.460038605727571,0.4903108901750386,0,0.011643500001810025,3600,36
TSP,6,uniform2d_n6_instance202600,202600,4,dwave_sa,coefficient_scaled_linear,1,2.460038605727571,2.460038605727571,0.0,1,0.0015394000001833774,3600,36
TSP,6,uniform2d_n6_instance202600,202600,4,openjij_sa,coefficient_scaled_linear,1,2.581996327852338,2.460038605727571,4.957553179889906,0,0.0031541999996989034,3600,36
TSP,6,uniform2d_n6_instance202600,202600,4,qubo_sa_swap,baseline,1,2.460038605727571,2.460038605727571,0.0,1,0.02019329999893671,3600,36
TSP,6,uniform2d_n6_instance202600,202600,4,two_opt,baseline,1,2.460038605727571,2.460038605727571,0.0,1,0.01575329999468522,3600,36
TSP,6,uniform2d_n6_instance202600,202600,5,qubo_sa_old,coefficient_scaled_linear,1,2.460038605727571,2.460038605727571,0.0,1,0.011751500001992099,3600,36
TSP,6,uniform2d_n6_instance202600,202600,5,qubo_sa_penalty,penalty_scaled_geometric,1,2.473901092637544,2.460038605727571,0.5635068847170688,0,0.011669500003335997,3600,36
TSP,6,uniform2d_n6_instance202600,202600,5,dwave_sa,coefficient_scaled_linear,1,2.4739010926375435,2.460038605727571,0.5635068847170688,0,0.0015077999996719882,3600,36
TSP,6,uniform2d_n6_instance202600,202600,5,openjij_sa,coefficient_scaled_linear,1,2.571522727955146,2.460038605727571,4.531803767957632,0,0.00312359999952605,3600,36
TSP,6,uniform2d_n6_instance202600,202600,5,qubo_sa_swap,baseline,1,2.460038605727571,2.460038605727571,0.0,1,0.020053899999766145,3600,36
TSP,6,uniform2d_n6_instance202600,202600,5,two_opt,baseline,1,2.460038605727571,2.460038605727571,0.0,1,0.01573130000178935,3600,36
TSP,6,uniform2d_n6_instance202600,202600,6,qubo_sa_old,coefficient_scaled_linear,1,2.4739010926375444,2.460038605727571,0.563506884717091,0,0.011819400002423208,3600,36
TSP,6,uniform2d_n6_instance202600,202600,6,qubo_sa_penalty,penalty_scaled_geometric,1,2.460038605727571,2.460038605727571,0.0,1,0.0116280000002007,3600,36
TSP,6,uniform2d_n6_instance202600,202600,6,dwave_sa,coefficient_scaled_linear,1,2.581996327852338,2.460038605727571,4.957553179889906,0,0.0014685999994981103,3600,36
TSP,6,uniform2d_n6_instance202600,202600,6,openjij_sa,coefficient_scaled_linear,1,2.6116750379786193,2.460038605727571,6.163985878026534,0,0.003704300004756078,3600,36
TSP,6,uniform2d_n6_instance202600,202600,6,qubo_sa_swap,baseline,1,2.460038605727571,2.460038605727571,0.0,1,0.02037959999870509,3600,36
TSP,6,uniform2d_n6_instance202600,202600,6,two_opt,baseline,1,2.460038605727571,2.460038605727571,0.0,1,0.015612399998644833,3600,36
TSP,6,uniform2d_n6_instance202600,202600,7,qubo_sa_old,coefficient_scaled_linear,1,2.473901092637544,2.460038605727571,0.5635068847170688,0,0.011800799999036826,3600,36
TSP,6,uniform2d_n6_instance202600,202600,7,qubo_sa_penalty,penalty_scaled_geometric,1,2.4858058584753944,2.460038605727571,1.0474328609246575,0,0.011676699999952689,3600,36
TSP,6,uniform2d_n6_instance202600,202600,7,dwave_sa,coefficient_scaled_linear,1,2.460038605727571,2.460038605727571,0.0,1,0.0015338000011979602,3600,36
TSP,6,uniform2d_n6_instance202600,202600,7,openjij_sa,coefficient_scaled_linear,1,2.6041500216083335,2.460038605727571,5.858095704076982,0,0.0031975000019883737,3600,36
TSP,6,uniform2d_n6_instance202600,202600,7,qubo_sa_swap,baseline,1,2.460038605727571,2.460038605727571,0.0,1,0.020215100004861597,3600,36
TSP,6,uniform2d_n6_instance202600,202600,7,two_opt,baseline,1,2.460038605727571,2.460038605727571,0.0,1,0.015595099997881334,3600,36
TSP,6,uniform2d_n6_instance202600,202600,8,qubo_sa_old,coefficient_scaled_linear,1,2.4858058584753944,2.460038605727571,1.0474328609246575,0,0.01208279999991646,3600,36
TSP,6,uniform2d_n6_instance202600,202600,8,qubo_sa_penalty,penalty_scaled_geometric,1,2.472100442913964,2.460038605727571,0.4903108901750608,0,0.011769400000048336,3600,36
TSP,6,uniform2d_n6_instance202600,202600,8,dwave_sa,coefficient_scaled_linear,1,2.6116750379786193,2.460038605727571,6.163985878026534,0,0.0014902999973855913,3600,36
TSP,6,uniform2d_n6_instance202600,202600,8,openjij_sa,coefficient_scaled_linear,1,2.581996327852338,2.460038605727571,4.957553179889906,0,0.003074799999012612,3600,36
TSP,6,uniform2d_n6_instance202600,202600,8,qubo_sa_swap,baseline,1,2.460038605727571,2.460038605727571,0.0,1,0.021597700004349463,3600,36
TSP,6,uniform2d_n6_instance202600,202600,8,two_opt,baseline,1,2.460038605727571,2.460038605727571,0.0,1,0.016069899997091852,3600,36
TSP,6,uniform2d_n6_instance202600,202600,9,qubo_sa_old,coefficient_scaled_linear,1,2.5819963278523383,2.460038605727571,4.957553179889929,0,0.012039600005664397,3600,36
TSP,6,uniform2d_n6_instance202600,202600,9,qubo_sa_penalty,penalty_scaled_geometric,1,2.472100442913964,2.460038605727571,0.4903108901750608,0,0.01187220000429079,3600,36
TSP,6,uniform2d_n6_instance202600,202600,9,dwave_sa,coefficient_scaled_linear,1,2.571522727955146,2.460038605727571,4.531803767957632,0,0.0016482999999425374,3600,36
TSP,6,uniform2d_n6_instance202600,202600,9,openjij_sa,coefficient_scaled_linear,1,2.4858058584753944,2.460038605727571,1.0474328609246575,0,0.0032550999967497773,3600,36
TSP,6,uniform2d_n6_instance202600,202600,9,qubo_sa_swap,baseline,1,2.460038605727571,2.460038605727571,0.0,1,0.020029100000101607,3600,36
TSP,6,uniform2d_n6_instance202600,202600,9,two_opt,baseline,1,2.460038605727571,2.460038605727571,0.0,1,0.015546499998890795,3600,36
TSP,6,uniform2d_n6_instance202601,202601,0,qubo_sa_old,coefficient_scaled_linear,1,1.824465155264054,1.5538039117081577,17.41926645417875,0,0.011804700006905477,3600,36
TSP,6,uniform2d_n6_instance202601,202601,0,qubo_sa_penalty,penalty_scaled_geometric,1,1.5538039117081577,1.5538039117081577,0.0,1,0.01172499999665888,3600,36
TSP,6,uniform2d_n6_instance202601,202601,0,dwave_sa,coefficient_scaled_linear,1,2.077788641102581,1.5538039117081577,33.72270628527292,0,0.001455499994335696,3600,36
TSP,6,uniform2d_n6_instance202601,202601,0,openjij_sa,coefficient_scaled_linear,1,1.5538039117081577,1.5538039117081577,0.0,1,0.003092400002060458,3600,36
TSP,6,uniform2d_n6_instance202601,202601,0,qubo_sa_swap,baseline,1,1.5538039117081577,1.5538039117081577,0.0,1,0.020188500006042887,3600,36
TSP,6,uniform2d_n6_instance202601,202601,0,two_opt,baseline,1,1.5538039117081577,1.5538039117081577,0.0,1,0.016247500003373716,3600,36
TSP,6,uniform2d_n6_instance202601,202601,1,qubo_sa_old,coefficient_scaled_linear,1,1.5538039117081577,1.5538039117081577,0.0,1,0.011900700003025122,3600,36
TSP,6,uniform2d_n6_instance202601,202601,1,qubo_sa_penalty,penalty_scaled_geometric,1,1.8028236600531091,1.5538039117081577,16.026459096192802,0,0.011758399996324442,3600,36
TSP,6,uniform2d_n6_instance202601,202601,1,dwave_sa,coefficient_scaled_linear,1,1.938794101014762,1.5538039117081577,24.777269924836887,0,0.0014881000024615787,3600,36
TSP,6,uniform2d_n6_instance202601,202601,1,openjij_sa,coefficient_scaled_linear,1,1.737647047871047,1.5538039117081577,11.83181061507197,0,0.003105600000708364,3600,36
TSP,6,uniform2d_n6_instance202601,202601,1,qubo_sa_swap,baseline,1,1.5538039117081577,1.5538039117081577,0.0,1,0.020293900000979193,3600,36
TSP,6,uniform2d_n6_instance202601,202601,1,two_opt,baseline,1,1.5538039117081577,1.5538039117081577,0.0,1,0.0169367999988026,3600,36
TSP,6,uniform2d_n6_instance202601,202601,2,qubo_sa_old,coefficient_scaled_linear,1,1.5538039117081577,1.5538039117081577,0.0,1,0.011976000001595821,3600,36
TSP,6,uniform2d_n6_instance202601,202601,2,qubo_sa_penalty,penalty_scaled_geometric,1,1.680079630030313,1.5538039117081577,8.126876073013323,0,0.011759599998185877,3600,36
TSP,6,uniform2d_n6_instance202601,202601,2,dwave_sa,coefficient_scaled_linear,0,,1.5538039117081577,,0,0.0014608999990741722,3600,36
TSP,6,uniform2d_n6_instance202601,202601,2,openjij_sa,coefficient_scaled_linear,0,,1.5538039117081577,,0,0.0030801000029896386,3600,36
TSP,6,uniform2d_n6_instance202601,202601,2,qubo_sa_swap,baseline,1,1.5538039117081577,1.5538039117081577,0.0,1,0.020196500001475215,3600,36
TSP,6,uniform2d_n6_instance202601,202601,2,two_opt,baseline,1,1.5538039117081577,1.5538039117081577,0.0,1,0.01671630000055302,3600,36
TSP,6,uniform2d_n6_instance202601,202601,3,qubo_sa_old,coefficient_scaled_linear,1,1.6800796300303134,1.5538039117081577,8.126876073013346,0,0.011776599996665027,3600,36
TSP,6,uniform2d_n6_instance202601,202601,3,qubo_sa_penalty,penalty_scaled_geometric,1,1.7032428799244874,1.5538039117081577,9.617620800815562,0,0.011709500002325512,3600,36
TSP,6,uniform2d_n6_instance202601,202601,3,dwave_sa,coefficient_scaled_linear,0,,1.5538039117081577,,0,0.0015086999992490746,3600,36
TSP,6,uniform2d_n6_instance202601,202601,3,openjij_sa,coefficient_scaled_linear,1,1.6800796300303131,1.5538039117081577,8.126876073013323,0,0.003161300002830103,3600,36
TSP,6,uniform2d_n6_instance202601,202601,3,qubo_sa_swap,baseline,1,1.5538039117081577,1.5538039117081577,0.0,1,0.02011070000298787,3600,36
TSP,6,uniform2d_n6_instance202601,202601,3,two_opt,baseline,1,1.5538039117081577,1.5538039117081577,0.0,1,0.01609180000377819,3600,36
TSP,6,uniform2d_n6_instance202601,202601,4,qubo_sa_old,coefficient_scaled_linear,1,1.553803911708158,1.5538039117081577,0.0,1,0.011714000000210945,3600,36
TSP,6,uniform2d_n6_instance202601,202601,4,qubo_sa_penalty,penalty_scaled_geometric,1,1.802823660053109,1.5538039117081577,16.02645909619278,0,0.011655499998596497,3600,36
TSP,6,uniform2d_n6_instance202601,202601,4,dwave_sa,coefficient_scaled_linear,1,2.126687210446556,1.5538039117081577,36.86972946982772,0,0.0014568000042345375,3600,36
TSP,6,uniform2d_n6_instance202601,202601,4,openjij_sa,coefficient_scaled_linear,1,2.1593726468107226,1.5538039117081577,38.973304838500454,0,0.0034427999999024905,3600,36
TSP,6,uniform2d_n6_instance202601,202601,4,qubo_sa_swap,baseline,1,1.5538039117081577,1.5538039117081577,0.0,1,0.020201000006636605,3600,36
TSP,6,uniform2d_n6_instance202601,202601,4,two_opt,baseline,1,1.5538039117081577,1.5538039117081577,0.0,1,0.018253000002005138,3600,36
TSP,6,uniform2d_n6_instance202601,202601,5,qubo_sa_old,coefficient_scaled_linear,1,1.5538039117081577,1.5538039117081577,0.0,1,0.012180300000181887,3600,36
TSP,6,uniform2d_n6_instance202601,202601,5,qubo_sa_penalty,penalty_scaled_geometric,1,1.737647047871047,1.5538039117081577,11.83181061507197,0,0.011692099993524607,3600,36
TSP,6,uniform2d_n6_instance202601,202601,5,dwave_sa,coefficient_scaled_linear,1,2.0727351981199926,1.5538039117081577,33.39747586562281,0,0.0015860999992582947,3600,36
TSP,6,uniform2d_n6_instance202601,202601,5,openjij_sa,coefficient_scaled_linear,1,1.9686700217955184,1.5538039117081577,26.700029969115093,0,0.0032190999991144054,3600,36
TSP,6,uniform2d_n6_instance202601,202601,5,qubo_sa_swap,baseline,1,1.5538039117081577,1.5538039117081577,0.0,1,0.02037160000327276,3600,36
TSP,6,uniform2d_n6_instance202601,202601,5,two_opt,baseline,1,1.5538039117081577,1.5538039117081577,0.0,1,0.01638970000203699,3600,36
TSP,6,uniform2d_n6_instance202601,202601,6,qubo_sa_old,coefficient_scaled_linear,1,1.8227696769811572,1.5538039117081577,17.31014854875188,0,0.012274499997147359,3600,36
TSP,6,uniform2d_n6_instance202601,202601,6,qubo_sa_penalty,penalty_scaled_geometric,1,1.5538039117081577,1.5538039117081577,0.0,1,0.011661399999866262,3600,36
TSP,6,uniform2d_n6_instance202601,202601,6,dwave_sa,coefficient_scaled_linear,1,2.064066349623234,1.5538039117081577,32.839564508118954,0,0.0014754000003449619,3600,36
TSP,6,uniform2d_n6_instance202601,202601,6,openjij_sa,coefficient_scaled_linear,0,,1.5538039117081577,,0,0.003054200002225116,3600,36
TSP,6,uniform2d_n6_instance202601,202601,6,qubo_sa_swap,baseline,1,1.5538039117081577,1.5538039117081577,0.0,1,0.020571799999743234,3600,36
TSP,6,uniform2d_n6_instance202601,202601,6,two_opt,baseline,1,1.5538039117081577,1.5538039117081577,0.0,1,0.016879500006325543,3600,36
TSP,6,uniform2d_n6_instance202601,202601,7,qubo_sa_old,coefficient_scaled_linear,1,1.6800796300303131,1.5538039117081577,8.126876073013323,0,0.011969300001510419,3600,36
TSP,6,uniform2d_n6_instance202601,202601,7,qubo_sa_penalty,penalty_scaled_geometric,1,1.5538039117081577,1.5538039117081577,0.0,1,0.011692599997331854,3600,36
TSP,6,uniform2d_n6_instance202601,202601,7,dwave_sa,coefficient_scaled_linear,1,1.958486353718139,1.5538039117081577,26.044627572413436,0,0.0015562999979010783,3600,36
TSP,6,uniform2d_n6_instance202601,202601,7,openjij_sa,coefficient_scaled_linear,1,2.0840123665512817,1.5538039117081577,34.123253960678035,0,0.003168700000969693,3600,36
TSP,6,uniform2d_n6_instance202601,202601,7,qubo_sa_swap,baseline,1,1.5538039117081577,1.5538039117081577,0.0,1,0.020040199997310992,3600,36
TSP,6,uniform2d_n6_instance202601,202601,7,two_opt,baseline,1,1.5538039117081577,1.5538039117081577,0.0,1,0.01622270000370918,3600,36
TSP,6,uniform2d_n6_instance202601,202601,8,qubo_sa_old,coefficient_scaled_linear,1,1.7032428799244874,1.5538039117081577,9.617620800815562,0,0.014583399999537505,3600,36
TSP,6,uniform2d_n6_instance202601,202601,8,qubo_sa_penalty,penalty_scaled_geometric,1,1.8870860160873768,1.5538039117081577,21.449431415887553,0,0.011715999993612058,3600,36
TSP,6,uniform2d_n6_instance202601,202601,8,dwave_sa,coefficient_scaled_linear,0,,1.5538039117081577,,0,0.0014617999986512586,3600,36
TSP,6,uniform2d_n6_instance202601,202601,8,openjij_sa,coefficient_scaled_linear,1,1.852156652324032,1.5538039117081577,19.201440951959214,0,0.0030882999999448657,3600,36
TSP,6,uniform2d_n6_instance202601,202601,8,qubo_sa_swap,baseline,1,1.5538039117081577,1.5538039117081577,0.0,1,0.02175610000267625,3600,36
TSP,6,uniform2d_n6_instance202601,202601,8,two_opt,baseline,1,1.5538039117081577,1.5538039117081577,0.0,1,0.018873900000471622,3600,36
TSP,6,uniform2d_n6_instance202601,202601,9,qubo_sa_old,coefficient_scaled_linear,1,1.6800796300303134,1.5538039117081577,8.126876073013346,0,0.011801799999375362,3600,36
TSP,6,uniform2d_n6_instance202601,202601,9,qubo_sa_penalty,penalty_scaled_geometric,1,1.737647047871047,1.5538039117081577,11.83181061507197,0,0.011816900005214848,3600,36
TSP,6,uniform2d_n6_instance202601,202601,9,dwave_sa,coefficient_scaled_linear,1,1.5538039117081577,1.5538039117081577,0.0,1,0.0015264000030583702,3600,36
TSP,6,uniform2d_n6_instance202601,202601,9,openjij_sa,coefficient_scaled_linear,1,2.159372646810722,1.5538039117081577,38.97330483850043,0,0.003121499998087529,3600,36
TSP,6,uniform2d_n6_instance202601,202601,9,qubo_sa_swap,baseline,1,1.5538039117081577,1.5538039117081577,0.0,1,0.0201355999961379,3600,36
TSP,6,uniform2d_n6_instance202601,202601,9,two_opt,baseline,1,1.5538039117081577,1.5538039117081577,0.0,1,0.016060199995990843,3600,36
TSP,6,uniform2d_n6_instance202602,202602,0,qubo_sa_old,coefficient_scaled_linear,1,1.5467019049009676,1.5254677299784958,1.391977981911885,0,0.011763699993025512,3600,36
TSP,6,uniform2d_n6_instance202602,202602,0,qubo_sa_penalty,penalty_scaled_geometric,1,1.5771533011182848,1.5254677299784958,3.3881785975582446,0,0.011723199997504707,3600,36
TSP,6,uniform2d_n6_instance202602,202602,0,dwave_sa,coefficient_scaled_linear,1,1.5771533011182848,1.5254677299784958,3.3881785975582446,0,0.0015782999980729073,3600,36
TSP,6,uniform2d_n6_instance202602,202602,0,openjij_sa,coefficient_scaled_linear,1,1.580821784993148,1.5254677299784958,3.6286611592519558,0,0.0032594000003882684,3600,36
TSP,6,uniform2d_n6_instance202602,202602,0,qubo_sa_swap,baseline,1,1.5254677299784958,1.5254677299784958,0.0,1,0.02010570000129519,3600,36
TSP,6,uniform2d_n6_instance202602,202602,0,two_opt,baseline,1,1.5254677299784958,1.5254677299784958,0.0,1,0.015716399997472763,3600,36
TSP,6,uniform2d_n6_instance202602,202602,1,qubo_sa_old,coefficient_scaled_linear,1,1.5292164602634744,1.5254677299784958,0.2457430079515044,0,0.011803599998529535,3600,36
TSP,6,uniform2d_n6_instance202602,202602,1,qubo_sa_penalty,penalty_scaled_geometric,1,1.5467019049009676,1.5254677299784958,1.391977981911885,0,0.011791500000981614,3600,36
TSP,6,uniform2d_n6_instance202602,202602,1,dwave_sa,coefficient_scaled_linear,1,1.5750484837570335,1.5254677299784958,3.2502001061167407,0,0.0015416999958688393,3600,36
TSP,6,uniform2d_n6_instance202602,202602,1,openjij_sa,coefficient_scaled_linear,1,1.8807692887992846,1.5254677299784958,23.291319235300854,0,0.003096499996900093,3600,36
TSP,6,uniform2d_n6_instance202602,202602,1,qubo_sa_swap,baseline,1,1.5254677299784958,1.5254677299784958,0.0,1,0.02010820000577951,3600,36
TSP,6,uniform2d_n6_instance202602,202602,1,two_opt,baseline,1,1.5254677299784958,1.5254677299784958,0.0,1,0.0158166999972309,3600,36
TSP,6,uniform2d_n6_instance202602,202602,2,qubo_sa_old,coefficient_scaled_linear,1,1.542953174615989,1.5254677299784958,1.1462349739604027,0,0.011685500001476612,3600,36
TSP,6,uniform2d_n6_instance202602,202602,2,qubo_sa_penalty,penalty_scaled_geometric,1,1.6983484715247887,1.5254677299784958,11.332966155156221,0,0.012117300000682008,3600,36
TSP,6,uniform2d_n6_instance202602,202602,2,dwave_sa,coefficient_scaled_linear,1,1.7652671732187797,1.5254677299784958,15.719732284580301,0,0.0015570000032312237,3600,36
TSP,6,uniform2d_n6_instance202602,202602,2,openjij_sa,coefficient_scaled_linear,1,1.8865425900353987,1.5254677299784958,23.669780288436048,0,0.00312100000155624,3600,36
TSP,6,uniform2d_n6_instance202602,202602,2,qubo_sa_swap,baseline,1,1.5254677299784958,1.5254677299784958,0.0,1,0.02075400000467198,3600,36
TSP,6,uniform2d_n6_instance202602,202602,2,two_opt,baseline,1,1.5254677299784958,1.5254677299784958,0.0,1,0.01566119999915827,3600,36
TSP,6,uniform2d_n6_instance202602,202602,3,qubo_sa_old,coefficient_scaled_linear,1,1.525467729978496,1.5254677299784958,0.0,1,0.011713400002918206,3600,36
TSP,6,uniform2d_n6_instance202602,202602,3,qubo_sa_penalty,penalty_scaled_geometric,1,1.7828328642663878,1.5254677299784958,16.871227704798454,0,0.01156510000146227,3600,36
TSP,6,uniform2d_n6_instance202602,202602,3,dwave_sa,coefficient_scaled_linear,1,1.5808217849931483,1.5254677299784958,3.628661159251978,0,0.0015056999982334673,3600,36
TSP,6,uniform2d_n6_instance202602,202602,3,openjij_sa,coefficient_scaled_linear,1,1.7800778634217274,1.5254677299784958,16.690627303326888,0,0.003094500003498979,3600,36
TSP,6,uniform2d_n6_instance202602,202602,3,qubo_sa_swap,baseline,1,1.5254677299784958,1.5254677299784958,0.0,1,0.02016169999842532,3600,36
TSP,6,uniform2d_n6_instance202602,202602,3,two_opt,baseline,1,1.5254677299784958,1.5254677299784958,0.0,1,0.0151627000013832,3600,36
TSP,6,uniform2d_n6_instance202602,202602,4,qubo_sa_old,coefficient_scaled_linear,1,1.5467019049009676,1.5254677299784958,1.391977981911885,0,0.011891200003447011,3600,36
TSP,6,uniform2d_n6_instance202602,202602,4,qubo_sa_penalty,penalty_scaled_geometric,1,1.578147030558603,1.5254677299784958,3.4533212040381622,0,0.012168399996880908,3600,36
TSP,6,uniform2d_n6_instance202602,202602,4,dwave_sa,coefficient_scaled_linear,0,,1.5254677299784958,,0,0.0014660000015283003,3600,36
TSP,6,uniform2d_n6_instance202602,202602,4,openjij_sa,coefficient_scaled_linear,1,1.578147030558603,1.5254677299784958,3.4533212040381622,0,0.003081800001382362,3600,36
TSP,6,uniform2d_n6_instance202602,202602,4,qubo_sa_swap,baseline,1,1.525467729978496,1.5254677299784958,0.0,1,0.019984300000942312,3600,36
TSP,6,uniform2d_n6_instance202602,202602,4,two_opt,baseline,1,1.5254677299784958,1.5254677299784958,0.0,1,0.01542669999616919,3600,36
TSP,6,uniform2d_n6_instance202602,202602,5,qubo_sa_old,coefficient_scaled_linear,1,1.5292164602634746,1.5254677299784958,0.2457430079515044,0,0.011619199998676777,3600,36
TSP,6,uniform2d_n6_instance202602,202602,5,qubo_sa_penalty,penalty_scaled_geometric,1,1.5292164602634746,1.5254677299784958,0.2457430079515044,0,0.01337989999592537,3600,36
TSP,6,uniform2d_n6_instance202602,202602,5,dwave_sa,coefficient_scaled_linear,1,1.578147030558603,1.5254677299784958,3.4533212040381622,0,0.0014286000005085953,3600,36
TSP,6,uniform2d_n6_instance202602,202602,5,openjij_sa,coefficient_scaled_linear,1,1.6983484715247887,1.5254677299784958,11.332966155156221,0,0.003030400002899114,3600,36
TSP,6,uniform2d_n6_instance202602,202602,5,qubo_sa_swap,baseline,1,1.5254677299784958,1.5254677299784958,0.0,1,0.020276400005968753,3600,36
TSP,6,uniform2d_n6_instance202602,202602,5,two_opt,baseline,1,1.5254677299784958,1.5254677299784958,0.0,1,0.015236300001561176,3600,36
TSP,6,uniform2d_n6_instance202602,202602,6,qubo_sa_old,coefficient_scaled_linear,1,1.5292164602634746,1.5254677299784958,0.2457430079515044,0,0.011519799998495728,3600,36
TSP,6,uniform2d_n6_instance202602,202602,6,qubo_sa_penalty,penalty_scaled_geometric,1,1.5771533011182843,1.5254677299784958,3.3881785975582224,0,0.04682969999703346,3600,36
TSP,6,uniform2d_n6_instance202602,202602,6,dwave_sa,coefficient_scaled_linear,1,1.5254677299784958,1.5254677299784958,0.0,1,0.0039007000013953075,3600,36
TSP,6,uniform2d_n6_instance202602,202602,6,openjij_sa,coefficient_scaled_linear,1,1.9013532802383468,1.5254677299784958,24.640675307182658,0,0.008991300004709046,3600,36
TSP,6,uniform2d_n6_instance202602,202602,6,qubo_sa_swap,baseline,1,1.525467729978496,1.5254677299784958,0.0,1,0.0712952999965637,3600,36
TSP,6,uniform2d_n6_instance202602,202602,6,two_opt,baseline,1,1.5254677299784958,1.5254677299784958,0.0,1,0.04248329999973066,3600,36
TSP,6,uniform2d_n6_instance202602,202602,7,qubo_sa_old,coefficient_scaled_linear,1,1.5292164602634744,1.5254677299784958,0.2457430079515044,0,0.05159940000157803,3600,36
TSP,6,uniform2d_n6_instance202602,202602,7,qubo_sa_penalty,penalty_scaled_geometric,1,1.5254677299784958,1.5254677299784958,0.0,1,0.0507041000018944,3600,36
TSP,6,uniform2d_n6_instance202602,202602,7,dwave_sa,coefficient_scaled_linear,1,1.5292164602634746,1.5254677299784958,0.2457430079515044,0,0.00407400000403868,3600,36
TSP,6,uniform2d_n6_instance202602,202602,7,openjij_sa,coefficient_scaled_linear,1,1.6984287179349036,1.5254677299784958,11.33822660141397,0,0.008822099996905308,3600,36
TSP,6,uniform2d_n6_instance202602,202602,7,qubo_sa_swap,baseline,1,1.525467729978496,1.5254677299784958,0.0,1,0.07158809999964433,3600,36
TSP,6,uniform2d_n6_instance202602,202602,7,two_opt,baseline,1,1.5254677299784958,1.5254677299784958,0.0,1,0.03817610000260174,3600,36
TSP,6,uniform2d_n6_instance202602,202602,8,qubo_sa_old,coefficient_scaled_linear,1,1.5467019049009676,1.5254677299784958,1.391977981911885,0,0.050858799993875436,3600,36
TSP,6,uniform2d_n6_instance202602,202602,8,qubo_sa_penalty,penalty_scaled_geometric,1,1.5254677299784958,1.5254677299784958,0.0,1,0.05082530000072438,3600,36
TSP,6,uniform2d_n6_instance202602,202602,8,dwave_sa,coefficient_scaled_linear,1,1.5467019049009676,1.5254677299784958,1.391977981911885,0,0.0038168999963090755,3600,36
TSP,6,uniform2d_n6_instance202602,202602,8,openjij_sa,coefficient_scaled_linear,1,1.5467019049009674,1.5254677299784958,1.391977981911885,0,0.008899499996914528,3600,36
TSP,6,uniform2d_n6_instance202602,202602,8,qubo_sa_swap,baseline,1,1.5254677299784958,1.5254677299784958,0.0,1,0.07186730000103125,3600,36
TSP,6,uniform2d_n6_instance202602,202602,8,two_opt,baseline,1,1.5254677299784958,1.5254677299784958,0.0,1,0.03758440000092378,3600,36
TSP,6,uniform2d_n6_instance202602,202602,9,qubo_sa_old,coefficient_scaled_linear,1,1.5467019049009674,1.5254677299784958,1.391977981911885,0,0.05098379999981262,3600,36
TSP,6,uniform2d_n6_instance202602,202602,9,qubo_sa_penalty,penalty_scaled_geometric,1,1.5771533011182848,1.5254677299784958,3.3881785975582446,0,0.050814400005037896,3600,36
TSP,6,uniform2d_n6_instance202602,202602,9,dwave_sa,coefficient_scaled_linear,1,1.5254677299784958,1.5254677299784958,0.0,1,0.00381770000240067,3600,36
TSP,6,uniform2d_n6_instance202602,202602,9,openjij_sa,coefficient_scaled_linear,1,1.525467729978496,1.5254677299784958,0.0,1,0.00888660000055097,3600,36
TSP,6,uniform2d_n6_instance202602,202602,9,qubo_sa_swap,baseline,1,1.5254677299784958,1.5254677299784958,0.0,1,0.07019730000320124,3600,36
TSP,6,uniform2d_n6_instance202602,202602,9,two_opt,baseline,1,1.5254677299784958,1.5254677299784958,0.0,1,0.03739969999878667,3600,36
TSP,6,uniform2d_n6_instance202603,202603,0,qubo_sa_old,coefficient_scaled_linear,1,3.043227915678036,2.70230418472371,12.616038301002108,0,0.0508756000053836,3600,36
TSP,6,uniform2d_n6_instance202603,202603,0,qubo_sa_penalty,penalty_scaled_geometric,1,3.0229044694597174,2.70230418472371,11.863959895720866,0,0.050563999997393694,3600,36
TSP,6,uniform2d_n6_instance202603,202603,0,dwave_sa,coefficient_scaled_linear,1,3.0229044694597174,2.70230418472371,11.863959895720866,0,0.003834600000118371,3600,36
TSP,6,uniform2d_n6_instance202603,202603,0,openjij_sa,coefficient_scaled_linear,1,3.198723434665822,2.70230418472371,18.370220967291573,0,0.008899500004190486,3600,36
TSP,6,uniform2d_n6_instance202603,202603,0,qubo_sa_swap,baseline,1,2.7023041847237104,2.70230418472371,0.0,1,0.07115309999790043,3600,36
TSP,6,uniform2d_n6_instance202603,202603,0,two_opt,baseline,1,2.70230418472371,2.70230418472371,0.0,1,0.04004659999918658,3600,36
TSP,6,uniform2d_n6_instance202603,202603,1,qubo_sa_old,coefficient_scaled_linear,1,2.70230418472371,2.70230418472371,0.0,1,0.05128390000027139,3600,36
TSP,6,uniform2d_n6_instance202603,202603,1,qubo_sa_penalty,penalty_scaled_geometric,1,3.0432279156780355,2.70230418472371,12.616038301002085,0,0.05123800000001211,3600,36
TSP,6,uniform2d_n6_instance202603,202603,1,dwave_sa,coefficient_scaled_linear,1,3.0432279156780364,2.70230418472371,12.616038301002131,0,0.0038318000006256625,3600,36
TSP,6,uniform2d_n6_instance202603,202603,1,openjij_sa,coefficient_scaled_linear,0,,2.70230418472371,,0,0.00921080000262009,3600,36
TSP,6,uniform2d_n6_instance202603,202603,1,qubo_sa_swap,baseline,1,2.7023041847237104,2.70230418472371,0.0,1,0.07112920000508893,3600,36
TSP,6,uniform2d_n6_instance202603,202603,1,two_opt,baseline,1,2.70230418472371,2.70230418472371,0.0,1,0.05279149999842048,3600,36
TSP,6,uniform2d_n6_instance202603,202603,2,qubo_sa_old,coefficient_scaled_linear,1,2.7023041847237104,2.70230418472371,0.0,1,0.054981300003419165,3600,36
TSP,6,uniform2d_n6_instance202603,202603,2,qubo_sa_penalty,penalty_scaled_geometric,1,3.043227915678036,2.70230418472371,12.616038301002108,0,0.052951300000131596,3600,36
TSP,6,uniform2d_n6_instance202603,202603,2,dwave_sa,coefficient_scaled_linear,1,3.0229044694597174,2.70230418472371,11.863959895720866,0,0.0039264000006369315,3600,36
TSP,6,uniform2d_n6_instance202603,202603,2,openjij_sa,coefficient_scaled_linear,1,2.7151711911416805,2.70230418472371,0.476149446487506,0,0.00926679999975022,3600,36
TSP,6,uniform2d_n6_instance202603,202603,2,qubo_sa_swap,baseline,1,2.7023041847237104,2.70230418472371,0.0,1,0.07437169999320759,3600,36
TSP,6,uniform2d_n6_instance202603,202603,2,two_opt,baseline,1,2.70230418472371,2.70230418472371,0.0,1,0.039634300002944656,3600,36
TSP,6,uniform2d_n6_instance202603,202603,3,qubo_sa_old,coefficient_scaled_linear,1,2.70230418472371,2.70230418472371,0.0,1,0.05122570000094129,3600,36
TSP,6,uniform2d_n6_instance202603,202603,3,qubo_sa_penalty,penalty_scaled_geometric,1,3.1270003205868444,2.70230418472371,15.716074388071032,0,0.05161750000115717,3600,36
TSP,6,uniform2d_n6_instance202603,202603,3,dwave_sa,coefficient_scaled_linear,1,3.2733954198329767,2.70230418472371,21.13349186733604,0,0.0040356000026804395,3600,36
TSP,6,uniform2d_n6_instance202603,202603,3,openjij_sa,coefficient_scaled_linear,1,3.2286976247626593,2.70230418472371,19.47942955551354,0,0.008998500001325738,3600,36
TSP,6,uniform2d_n6_instance202603,202603,3,qubo_sa_swap,baseline,1,2.70230418472371,2.70230418472371,0.0,1,0.07184119999874383,3600,36
TSP,6,uniform2d_n6_instance202603,202603,3,two_opt,baseline,1,2.70230418472371,2.70230418472371,0.0,1,0.03860049999639159,3600,36
TSP,6,uniform2d_n6_instance202603,202603,4,qubo_sa_old,coefficient_scaled_linear,1,2.7151711911416805,2.70230418472371,0.476149446487506,0,0.0513347000014619,3600,36
TSP,6,uniform2d_n6_instance202603,202603,4,qubo_sa_penalty,penalty_scaled_geometric,1,2.715171191141681,2.70230418472371,0.4761494464875282,0,0.05138089999672957,3600,36
TSP,6,uniform2d_n6_instance202603,202603,4,dwave_sa,coefficient_scaled_linear,1,3.360155221632815,2.70230418472371,24.34407794015112,0,0.003819199999270495,3600,36
TSP,6,uniform2d_n6_instance202603,202603,4,openjij_sa,coefficient_scaled_linear,1,2.7151711911416805,2.70230418472371,0.476149446487506,0,0.008880400004272815,3600,36
TSP,6,uniform2d_n6_instance202603,202603,4,qubo_sa_swap,baseline,1,2.7023041847237104,2.70230418472371,0.0,1,0.07211780000216095,3600,36
TSP,6,uniform2d_n6_instance202603,202603,4,two_opt,baseline,1,2.70230418472371,2.70230418472371,0.0,1,0.03945150000072317,3600,36
TSP,6,uniform2d_n6_instance202603,202603,5,qubo_sa_old,coefficient_scaled_linear,1,2.7023041847237104,2.70230418472371,0.0,1,0.05103119999694172,3600,36
TSP,6,uniform2d_n6_instance202603,202603,5,qubo_sa_penalty,penalty_scaled_geometric,1,3.080132844213637,2.70230418472371,13.981722029141475,0,0.05086769999616081,3600,36
TSP,6,uniform2d_n6_instance202603,202603,5,dwave_sa,coefficient_scaled_linear,1,3.595028327233987,2.70230418472371,33.0356644361838,0,0.003813099996477831,3600,36
TSP,6,uniform2d_n6_instance202603,202603,5,openjij_sa,coefficient_scaled_linear,1,3.0229044694597174,2.70230418472371,11.863959895720866,0,0.008957199999713339,3600,36
TSP,6,uniform2d_n6_instance202603,202603,5,qubo_sa_swap,baseline,1,2.7023041847237104,2.70230418472371,0.0,1,0.07270219999918481,3600,36
TSP,6,uniform2d_n6_instance202603,202603,5,two_opt,baseline,1,2.70230418472371,2.70230418472371,0.0,1,0.0384526999987429,3600,36
TSP,6,uniform2d_n6_instance202603,202603,6,qubo_sa_old,coefficient_scaled_linear,1,2.70230418472371,2.70230418472371,0.0,1,0.05254649999551475,3600,36
TSP,6,uniform2d_n6_instance202603,202603,6,qubo_sa_penalty,penalty_scaled_geometric,1,2.715171191141681,2.70230418472371,0.4761494464875282,0,0.05121010000584647,3600,36
TSP,6,uniform2d_n6_instance202603,202603,6,dwave_sa,coefficient_scaled_linear,1,3.3519938166610754,2.70230418472371,24.04206142336236,0,0.0038901999942027032,3600,36
TSP,6,uniform2d_n6_instance202603,202603,6,openjij_sa,coefficient_scaled_linear,1,2.715171191141681,2.70230418472371,0.4761494464875282,0,0.008826100005535409,3600,36
TSP,6,uniform2d_n6_instance202603,202603,6,qubo_sa_swap,baseline,1,2.7023041847237104,2.70230418472371,0.0,1,0.07185269999899901,3600,36
TSP,6,uniform2d_n6_instance202603,202603,6,two_opt,baseline,1,2.70230418472371,2.70230418472371,0.0,1,0.0390384999991511,3600,36
TSP,6,uniform2d_n6_instance202603,202603,7,qubo_sa_old,coefficient_scaled_linear,1,2.7023041847237104,2.70230418472371,0.0,1,0.051226700001279823,3600,36
TSP,6,uniform2d_n6_instance202603,202603,7,qubo_sa_penalty,penalty_scaled_geometric,1,3.0432279156780355,2.70230418472371,12.616038301002085,0,0.04975140000169631,3600,36
TSP,6,uniform2d_n6_instance202603,202603,7,dwave_sa,coefficient_scaled_linear,1,3.0229044694597174,2.70230418472371,11.863959895720866,0,0.003909300001396332,3600,36
TSP,6,uniform2d_n6_instance202603,202603,7,openjij_sa,coefficient_scaled_linear,0,,2.70230418472371,,0,0.008911799995985348,3600,36
TSP,6,uniform2d_n6_instance202603,202603,7,qubo_sa_swap,baseline,1,2.70230418472371,2.70230418472371,0.0,1,0.07078379999438766,3600,36
TSP,6,uniform2d_n6_instance202603,202603,7,two_opt,baseline,1,2.70230418472371,2.70230418472371,0.0,1,0.03935809999529738,3600,36
TSP,6,uniform2d_n6_instance202603,202603,8,qubo_sa_old,coefficient_scaled_linear,1,2.7023041847237104,2.70230418472371,0.0,1,0.05168789999879664,3600,36
TSP,6,uniform2d_n6_instance202603,202603,8,qubo_sa_penalty,penalty_scaled_geometric,1,3.0432279156780355,2.70230418472371,12.616038301002085,0,0.05103370000142604,3600,36
TSP,6,uniform2d_n6_instance202603,202603,8,dwave_sa,coefficient_scaled_linear,1,3.1987234346658227,2.70230418472371,18.370220967291573,0,0.003838500000711065,3600,36
TSP,6,uniform2d_n6_instance202603,202603,8,openjij_sa,coefficient_scaled_linear,1,3.1543620663298735,2.70230418472371,16.728608280358447,0,0.008815000001050066,3600,36
TSP,6,uniform2d_n6_instance202603,202603,8,qubo_sa_swap,baseline,1,2.7023041847237104,2.70230418472371,0.0,1,0.07497249999869382,3600,36
TSP,6,uniform2d_n6_instance202603,202603,8,two_opt,baseline,1,2.70230418472371,2.70230418472371,0.0,1,0.03840990000026068,3600,36
TSP,6,uniform2d_n6_instance202603,202603,9,qubo_sa_old,coefficient_scaled_linear,1,2.715171191141681,2.70230418472371,0.4761494464875282,0,0.05045809999865014,3600,36
TSP,6,uniform2d_n6_instance202603,202603,9,qubo_sa_penalty,penalty_scaled_geometric,1,2.7023041847237104,2.70230418472371,0.0,1,0.05239849999634316,3600,36
TSP,6,uniform2d_n6_instance202603,202603,9,dwave_sa,coefficient_scaled_linear,1,2.7151711911416805,2.70230418472371,0.476149446487506,0,0.0038849999982630834,3600,36
TSP,6,uniform2d_n6_instance202603,202603,9,openjij_sa,coefficient_scaled_linear,0,,2.70230418472371,,0,0.008921499997086357,3600,36
TSP,6,uniform2d_n6_instance202603,202603,9,qubo_sa_swap,baseline,1,2.7023041847237104,2.70230418472371,0.0,1,0.0696922999995877,3600,36
TSP,6,uniform2d_n6_instance202603,202603,9,two_opt,baseline,1,2.70230418472371,2.70230418472371,0.0,1,0.03823800000100164,3600,36
TSP,6,uniform2d_n6_instance202604,202604,0,qubo_sa_old,coefficient_scaled_linear,1,1.818318798796702,1.6966530590115025,7.1709262620894165,0,0.05283950000011828,3600,36
TSP,6,uniform2d_n6_instance202604,202604,0,qubo_sa_penalty,penalty_scaled_geometric,1,1.834239529563595,1.6966530590115025,8.109287271273512,0,0.05049480000161566,3600,36
TSP,6,uniform2d_n6_instance202604,202604,0,dwave_sa,coefficient_scaled_linear,1,1.931092623654568,1.6966530590115025,13.817766890990303,0,0.003992699996160809,3600,36
TSP,6,uniform2d_n6_instance202604,202604,0,openjij_sa,coefficient_scaled_linear,1,2.116288484999181,1.6966530590115025,24.733131134786323,0,0.009067099999811035,3600,36
TSP,6,uniform2d_n6_instance202604,202604,0,qubo_sa_swap,baseline,1,1.6966530590115025,1.6966530590115025,0.0,1,0.07340750000003027,3600,36
TSP,6,uniform2d_n6_instance202604,202604,0,two_opt,baseline,1,1.6966530590115023,1.6966530590115025,0.0,1,0.0575371000013547,3600,36
TSP,6,uniform2d_n6_instance202604,202604,1,qubo_sa_old,coefficient_scaled_linear,1,1.852745313685782,1.6966530590115025,9.200010210998677,0,0.05241050000040559,3600,36
TSP,6,uniform2d_n6_instance202604,202604,1,qubo_sa_penalty,penalty_scaled_geometric,1,1.9357322831565373,1.6966530590115025,14.091226422231905,0,0.05103460000100313,3600,36
TSP,6,uniform2d_n6_instance202604,202604,1,dwave_sa,coefficient_scaled_linear,1,1.7739061472549968,1.6966530590115025,4.553263723138734,0,0.004141400000662543,3600,36
TSP,6,uniform2d_n6_instance202604,202604,1,openjij_sa,coefficient_scaled_linear,1,1.931092623654568,1.6966530590115025,13.817766890990303,0,0.008993800001917407,3600,36
TSP,6,uniform2d_n6_instance202604,202604,1,qubo_sa_swap,baseline,1,1.6966530590115025,1.6966530590115025,0.0,1,0.07306800000515068,3600,36
TSP,6,uniform2d_n6_instance202604,202604,1,two_opt,baseline,1,1.6966530590115023,1.6966530590115025,0.0,1,0.0396039000042947,3600,36
TSP,6,uniform2d_n6_instance202604,202604,2,qubo_sa_old,coefficient_scaled_linear,1,1.6966530590115023,1.6966530590115025,0.0,1,0.05215260000113631,3600,36
TSP,6,uniform2d_n6_instance202604,202604,2,qubo_sa_penalty,penalty_scaled_geometric,1,1.7743701775154361,1.6966530590115025,4.580613466680861,0,0.05027759999939008,3600,36
TSP,6,uniform2d_n6_instance202604,202604,2,dwave_sa,coefficient_scaled_linear,1,2.1003677542322885,1.6966530590115025,23.79477012560227,0,0.00392439999995986,3600,36
TSP,6,uniform2d_n6_instance202604,202604,2,openjij_sa,coefficient_scaled_linear,1,1.8183187987967018,1.6966530590115025,7.1709262620894165,0,0.009698800000478514,3600,36
TSP,6,uniform2d_n6_instance202604,202604,2,qubo_sa_swap,baseline,1,1.6966530590115025,1.6966530590115025,0.0,1,0.07378529999550665,3600,36
TSP,6,uniform2d_n6_instance202604,202604,2,two_opt,baseline,1,1.6966530590115023,1.6966530590115025,0.0,1,0.039046899997629225,3600,36
TSP,6,uniform2d_n6_instance202604,202604,3,qubo_sa_old,coefficient_scaled_linear,1,1.6966530590115023,1.6966530590115025,0.0,1,0.05110389999754261,3600,36
TSP,6,uniform2d_n6_instance202604,202604,3,qubo_sa_penalty,penalty_scaled_geometric,1,1.6966530590115023,1.6966530590115025,0.0,1,0.05045270000118762,3600,36
TSP,6,uniform2d_n6_instance202604,202604,3,dwave_sa,coefficient_scaled_linear,1,1.9304624321897157,1.6966530590115025,13.780623677679538,0,0.0038457999980892055,3600,36
TSP,6,uniform2d_n6_instance202604,202604,3,openjij_sa,coefficient_scaled_linear,1,1.9801449346982423,1.6966530590115025,16.708888961182588,0,0.008808200000203215,3600,36
TSP,6,uniform2d_n6_instance202604,202604,3,qubo_sa_swap,baseline,1,1.6966530590115025,1.6966530590115025,0.0,1,0.07286129999556579,3600,36
TSP,6,uniform2d_n6_instance202604,202604,3,two_opt,baseline,1,1.6966530590115023,1.6966530590115025,0.0,1,0.03958440000133123,3600,36
TSP,6,uniform2d_n6_instance202604,202604,4,qubo_sa_old,coefficient_scaled_linear,1,1.8342395295635947,1.6966530590115025,8.109287271273491,0,0.05147990000114078,3600,36
TSP,6,uniform2d_n6_instance202604,202604,4,qubo_sa_penalty,penalty_scaled_geometric,1,1.818318798796702,1.6966530590115025,7.1709262620894165,0,0.051456399996823166,3600,36
TSP,6,uniform2d_n6_instance202604,202604,4,dwave_sa,coefficient_scaled_linear,1,1.774370177515436,1.6966530590115025,4.5806134666808385,0,0.00392439999995986,3600,36
TSP,6,uniform2d_n6_instance202604,202604,4,openjij_sa,coefficient_scaled_linear,1,2.1347664429198083,1.6966530590115025,25.822214010185295,0,0.0089568000039435,3600,36
TSP,6,uniform2d_n6_instance202604,202604,4,qubo_sa_swap,baseline,1,1.6966530590115025,1.6966530590115025,0.0,1,0.07148179999785498,3600,36
TSP,6,uniform2d_n6_instance202604,202604,4,two_opt,baseline,1,1.6966530590115023,1.6966530590115025,0.0,1,0.040372399998886976,3600,36
TSP,6,uniform2d_n6_instance202604,202604,5,qubo_sa_old,coefficient_scaled_linear,1,1.6966530590115023,1.6966530590115025,0.0,1,0.05192879999958677,3600,36
TSP,6,uniform2d_n6_instance202604,202604,5,qubo_sa_penalty,penalty_scaled_geometric,1,1.6966530590115025,1.6966530590115025,0.0,1,0.05040229999576695,3600,36
TSP,6,uniform2d_n6_instance202604,202604,5,dwave_sa,coefficient_scaled_linear,1,1.9310926236545678,1.6966530590115025,13.81776689099028,0,0.0038744999983464368,3600,36
TSP,6,uniform2d_n6_instance202604,202604,5,openjij_sa,coefficient_scaled_linear,1,1.9304624321897155,1.6966530590115025,13.780623677679515,0,0.008941500003857072,3600,36
TSP,6,uniform2d_n6_instance202604,202604,5,qubo_sa_swap,baseline,1,1.6966530590115025,1.6966530590115025,0.0,1,0.07195949999731965,3600,36
TSP,6,uniform2d_n6_instance202604,202604,5,two_opt,baseline,1,1.6966530590115023,1.6966530590115025,0.0,1,0.04049950000626268,3600,36
TSP,6,uniform2d_n6_instance202604,202604,6,qubo_sa_old,coefficient_scaled_linear,1,1.8009350626013665,1.6966530590115025,6.146336343543357,0,0.053150100000493694,3600,36
TSP,6,uniform2d_n6_instance202604,202604,6,qubo_sa_penalty,penalty_scaled_geometric,1,1.7739061472549968,1.6966530590115025,4.553263723138734,0,0.05056979999790201,3600,36
TSP,6,uniform2d_n6_instance202604,202604,6,dwave_sa,coefficient_scaled_linear,1,1.9357322831565373,1.6966530590115025,14.091226422231905,0,0.00393699999403907,3600,36
TSP,6,uniform2d_n6_instance202604,202604,6,openjij_sa,coefficient_scaled_linear,1,1.9801449346982427,1.6966530590115025,16.70888896118261,0,0.008863300005032215,3600,36
TSP,6,uniform2d_n6_instance202604,202604,6,qubo_sa_swap,baseline,1,1.6966530590115025,1.6966530590115025,0.0,1,0.0726894000035827,3600,36
TSP,6,uniform2d_n6_instance202604,202604,6,two_opt,baseline,1,1.6966530590115023,1.6966530590115025,0.0,1,0.040205600002082065,3600,36
TSP,6,uniform2d_n6_instance202604,202604,7,qubo_sa_old,coefficient_scaled_linear,1,1.774370177515436,1.6966530590115025,4.5806134666808385,0,0.05218120000063209,3600,36
TSP,6,uniform2d_n6_instance202604,202604,7,qubo_sa_penalty,penalty_scaled_geometric,1,1.8342395295635947,1.6966530590115025,8.109287271273491,0,0.049826099995698314,3600,36
TSP,6,uniform2d_n6_instance202604,202604,7,dwave_sa,coefficient_scaled_linear,1,2.1659709875077082,1.6966530590115025,27.66139641828942,0,0.0038558999949600548,3600,36
TSP,6,uniform2d_n6_instance202604,202604,7,openjij_sa,coefficient_scaled_linear,1,1.8183187987967018,1.6966530590115025,7.1709262620894165,0,0.008898300002329051,3600,36
TSP,6,uniform2d_n6_instance202604,202604,7,qubo_sa_swap,baseline,1,1.6966530590115025,1.6966530590115025,0.0,1,0.0732242000012775,3600,36
TSP,6,uniform2d_n6_instance202604,202604,7,two_opt,baseline,1,1.6966530590115023,1.6966530590115025,0.0,1,0.040767099999357015,3600,36
TSP,6,uniform2d_n6_instance202604,202604,8,qubo_sa_old,coefficient_scaled_linear,1,1.9357322831565373,1.6966530590115025,14.091226422231905,0,0.05062270000053104,3600,36
TSP,6,uniform2d_n6_instance202604,202604,8,qubo_sa_penalty,penalty_scaled_geometric,1,1.774370177515436,1.6966530590115025,4.5806134666808385,0,0.05126639999798499,3600,36
TSP,6,uniform2d_n6_instance202604,202604,8,dwave_sa,coefficient_scaled_linear,1,1.8527453136857819,1.6966530590115025,9.200010210998656,0,0.003926800003682729,3600,36
TSP,6,uniform2d_n6_instance202604,202604,8,openjij_sa,coefficient_scaled_linear,1,1.931092623654568,1.6966530590115025,13.817766890990303,0,0.008945500005211215,3600,36
TSP,6,uniform2d_n6_instance202604,202604,8,qubo_sa_swap,baseline,1,1.6966530590115025,1.6966530590115025,0.0,1,0.07293829999980517,3600,36
TSP,6,uniform2d_n6_instance202604,202604,8,two_opt,baseline,1,1.6966530590115023,1.6966530590115025,0.0,1,0.04086410000309115,3600,36
TSP,6,uniform2d_n6_instance202604,202604,9,qubo_sa_old,coefficient_scaled_linear,1,1.8009350626013665,1.6966530590115025,6.146336343543357,0,0.05166509999980917,3600,36
TSP,6,uniform2d_n6_instance202604,202604,9,qubo_sa_penalty,penalty_scaled_geometric,1,1.8183187987967018,1.6966530590115025,7.1709262620894165,0,0.052361399997607805,3600,36
TSP,6,uniform2d_n6_instance202604,202604,9,dwave_sa,coefficient_scaled_linear,1,2.1336722211945167,1.6966530590115025,25.757721053332403,0,0.003939499998523388,3600,36
TSP,6,uniform2d_n6_instance202604,202604,9,openjij_sa,coefficient_scaled_linear,1,1.774370177515436,1.6966530590115025,4.5806134666808385,0,0.008890199998859316,3600,36
TSP,6,uniform2d_n6_instance202604,202604,9,qubo_sa_swap,baseline,1,1.6966530590115025,1.6966530590115025,0.0,1,0.08293569999659667,3600,36
TSP,6,uniform2d_n6_instance202604,202604,9,two_opt,baseline,1,1.6966530590115023,1.6966530590115025,0.0,1,0.04135149999638088,3600,36
TSP,6,uniform2d_n6_instance202605,202605,0,qubo_sa_old,coefficient_scaled_linear,1,2.9110130943500683,2.5462472211852987,14.325626754929477,0,0.05047849999391474,3600,36
TSP,6,uniform2d_n6_instance202605,202605,0,qubo_sa_penalty,penalty_scaled_geometric,1,2.546247221185299,2.5462472211852987,0.0,1,0.051593700001831166,3600,36
TSP,6,uniform2d_n6_instance202605,202605,0,dwave_sa,coefficient_scaled_linear,0,,2.5462472211852987,,0,0.0037474999990081415,3600,36
TSP,6,uniform2d_n6_instance202605,202605,0,openjij_sa,coefficient_scaled_linear,1,2.5462472211852987,2.5462472211852987,0.0,1,0.009271299997635651,3600,36
TSP,6,uniform2d_n6_instance202605,202605,0,qubo_sa_swap,baseline,1,2.546247221185299,2.5462472211852987,0.0,1,0.07411380000121426,3600,36
TSP,6,uniform2d_n6_instance202605,202605,0,two_opt,baseline,1,2.546247221185299,2.5462472211852987,0.0,1,0.04061409999849275,3600,36
TSP,6,uniform2d_n6_instance202605,202605,1,qubo_sa_old,coefficient_scaled_linear,1,2.546247221185299,2.5462472211852987,0.0,1,0.050793700000212993,3600,36
TSP,6,uniform2d_n6_instance202605,202605,1,qubo_sa_penalty,penalty_scaled_geometric,1,2.8781700144063738,2.5462472211852987,13.035764573817076,0,0.0513621000063722,3600,36
TSP,6,uniform2d_n6_instance202605,202605,1,dwave_sa,coefficient_scaled_linear,1,3.432770210477967,2.5462472211852987,34.816846609261475,0,0.0039034000001265667,3600,36
TSP,6,uniform2d_n6_instance202605,202605,1,openjij_sa,coefficient_scaled_linear,0,,2.5462472211852987,,0,0.009156300002359785,3600,36
TSP,6,uniform2d_n6_instance202605,202605,1,qubo_sa_swap,baseline,1,2.5462472211852987,2.5462472211852987,0.0,1,0.07240109999838751,3600,36
TSP,6,uniform2d_n6_instance202605,202605,1,two_opt,baseline,1,2.546247221185299,2.5462472211852987,0.0,1,0.04028889999608509,3600,36
TSP,6,uniform2d_n6_instance202605,202605,2,qubo_sa_old,coefficient_scaled_linear,1,2.546247221185299,2.5462472211852987,0.0,1,0.05112599999847589,3600,36
TSP,6,uniform2d_n6_instance202605,202605,2,qubo_sa_penalty,penalty_scaled_geometric,1,2.9209975763103424,2.5462472211852987,14.717752149400255,0,0.050826600003347266,3600,36
TSP,6,uniform2d_n6_instance202605,202605,2,dwave_sa,coefficient_scaled_linear,0,,2.5462472211852987,,0,0.003833199996734038,3600,36
TSP,6,uniform2d_n6_instance202605,202605,2,openjij_sa,coefficient_scaled_linear,1,2.9110130943500683,2.5462472211852987,14.325626754929477,0,0.00891109999793116,3600,36
TSP,6,uniform2d_n6_instance202605,202605,2,qubo_sa_swap,baseline,1,2.546247221185299,2.5462472211852987,0.0,1,0.07292140000208747,3600,36
TSP,6,uniform2d_n6_instance202605,202605,2,two_opt,baseline,1,2.546247221185299,2.5462472211852987,0.0,1,0.041130199999315664,3600,36
TSP,6,uniform2d_n6_instance202605,202605,3,qubo_sa_old,coefficient_scaled_linear,1,2.878170014406374,2.5462472211852987,13.035764573817099,0,0.05159719999937806,3600,36
TSP,6,uniform2d_n6_instance202605,202605,3,qubo_sa_penalty,penalty_scaled_geometric,1,2.878170014406374,2.5462472211852987,13.035764573817099,0,0.05175959999905899,3600,36
TSP,6,uniform2d_n6_instance202605,202605,3,dwave_sa,coefficient_scaled_linear,0,,2.5462472211852987,,0,0.003916699999535922,3600,36
TSP,6,uniform2d_n6_instance202605,202605,3,openjij_sa,coefficient_scaled_linear,1,3.497749716749931,2.5462472211852987,37.36881822188893,0,0.008883399998012464,3600,36
TSP,6,uniform2d_n6_instance202605,202605,3,qubo_sa_swap,baseline,1,2.546247221185299,2.5462472211852987,0.0,1,0.07307679999939865,3600,36
TSP,6,uniform2d_n6_instance202605,202605,3,two_opt,baseline,1,2.546247221185299,2.5462472211852987,0.0,1,0.04091350000089733,3600,36
TSP,6,uniform2d_n6_instance202605,202605,4,qubo_sa_old,coefficient_scaled_linear,1,2.5462472211852987,2.5462472211852987,0.0,1,0.05201659999875119,3600,36
TSP,6,uniform2d_n6_instance202605,202605,4,qubo_sa_penalty,penalty_scaled_geometric,1,3.1119152034590813,2.5462472211852987,22.21575256193935,0,0.04969530000380473,3600,36
TSP,6,uniform2d_n6_instance202605,202605,4,dwave_sa,coefficient_scaled_linear,1,2.546247221185299,2.5462472211852987,0.0,1,0.0038171999985934235,3600,36
TSP,6,uniform2d_n6_instance202605,202605,4,openjij_sa,coefficient_scaled_linear,1,3.5139263268840315,2.5462472211852987,38.004130064333275,0,0.022419699998863507,3600,36
TSP,6,uniform2d_n6_instance202605,202605,4,qubo_sa_swap,baseline,1,2.5462472211852987,2.5462472211852987,0.0,1,0.07427129999996396,3600,36
TSP,6,uniform2d_n6_instance202605,202605,4,two_opt,baseline,1,2.546247221185299,2.5462472211852987,0.0,1,0.04023099999903934,3600,36
TSP,6,uniform2d_n6_instance202605,202605,5,qubo_sa_old,coefficient_scaled_linear,1,2.9110130943500683,2.5462472211852987,14.325626754929477,0,0.05111670000042068,3600,36
TSP,6,uniform2d_n6_instance202605,202605,5,qubo_sa_penalty,penalty_scaled_geometric,1,2.546247221185299,2.5462472211852987,0.0,1,0.049839999999676365,3600,36
TSP,6,uniform2d_n6_instance202605,202605,5,dwave_sa,coefficient_scaled_linear,1,2.546247221185299,2.5462472211852987,0.0,1,0.003879299998516217,3600,36
TSP,6,uniform2d_n6_instance202605,202605,5,openjij_sa,coefficient_scaled_linear,0,,2.5462472211852987,,0,0.009140499998466112,3600,36
TSP,6,uniform2d_n6_instance202605,202605,5,qubo_sa_swap,baseline,1,2.546247221185299,2.5462472211852987,0.0,1,0.07204939999792259,3600,36
TSP,6,uniform2d_n6_instance202605,202605,5,two_opt,baseline,1,2.546247221185299,2.5462472211852987,0.0,1,0.04129490000195801,3600,36
TSP,6,uniform2d_n6_instance202605,202605,6,qubo_sa_old,coefficient_scaled_linear,1,2.546247221185299,2.5462472211852987,0.0,1,0.052240199998777825,3600,36
TSP,6,uniform2d_n6_instance202605,202605,6,qubo_sa_penalty,penalty_scaled_geometric,1,2.9777301295801655,2.5462472211852987,16.945837183634048,0,0.06863200000225333,3600,36
TSP,6,uniform2d_n6_instance202605,202605,6,dwave_sa,coefficient_scaled_linear,1,2.920997576310343,2.5462472211852987,14.717752149400276,0,0.00389549999817973,3600,36
TSP,6,uniform2d_n6_instance202605,202605,6,openjij_sa,coefficient_scaled_linear,0,,2.5462472211852987,,0,0.011257800004386809,3600,36
TSP,6,uniform2d_n6_instance202605,202605,6,qubo_sa_swap,baseline,1,2.5462472211852987,2.5462472211852987,0.0,1,0.07609219999721972,3600,36
TSP,6,uniform2d_n6_instance202605,202605,6,two_opt,baseline,1,2.546247221185299,2.5462472211852987,0.0,1,0.04007850000198232,3600,36
TSP,6,uniform2d_n6_instance202605,202605,7,qubo_sa_old,coefficient_scaled_linear,1,2.546247221185299,2.5462472211852987,0.0,1,0.050570400002470706,3600,36
TSP,6,uniform2d_n6_instance202605,202605,7,qubo_sa_penalty,penalty_scaled_geometric,1,2.546247221185299,2.5462472211852987,0.0,1,0.05115250000380911,3600,36
TSP,6,uniform2d_n6_instance202605,202605,7,dwave_sa,coefficient_scaled_linear,1,3.497749716749931,2.5462472211852987,37.36881822188893,0,0.004128000000491738,3600,36
TSP,6,uniform2d_n6_instance202605,202605,7,openjij_sa,coefficient_scaled_linear,1,3.145177029842248,2.5462472211852987,23.52206037472444,0,0.010898800006543752,3600,36
TSP,6,uniform2d_n6_instance202605,202605,7,qubo_sa_swap,baseline,1,2.5462472211852987,2.5462472211852987,0.0,1,0.07297629999811761,3600,36
TSP,6,uniform2d_n6_instance202605,202605,7,two_opt,baseline,1,2.546247221185299,2.5462472211852987,0.0,1,0.04151600000477629,3600,36
TSP,6,uniform2d_n6_instance202605,202605,8,qubo_sa_old,coefficient_scaled_linear,1,2.546247221185299,2.5462472211852987,0.0,1,0.05093430000124499,3600,36
TSP,6,uniform2d_n6_instance202605,202605,8,qubo_sa_penalty,penalty_scaled_geometric,1,3.197013626356152,2.5462472211852987,25.557864128680976,0,0.05347749999782536,3600,36
TSP,6,uniform2d_n6_instance202605,202605,8,dwave_sa,coefficient_scaled_linear,1,2.8781700144063738,2.5462472211852987,13.035764573817076,0,0.005511100003786851,3600,36
TSP,6,uniform2d_n6_instance202605,202605,8,openjij_sa,coefficient_scaled_linear,1,2.5462472211852996,2.5462472211852987,0.0,1,0.015035500000522006,3600,36
TSP,6,uniform2d_n6_instance202605,202605,8,qubo_sa_swap,baseline,1,2.546247221185299,2.5462472211852987,0.0,1,0.07974269999976968,3600,36
TSP,6,uniform2d_n6_instance202605,202605,8,two_opt,baseline,1,2.546247221185299,2.5462472211852987,0.0,1,0.04100699999980861,3600,36
TSP,6,uniform2d_n6_instance202605,202605,9,qubo_sa_old,coefficient_scaled_linear,1,2.546247221185299,2.5462472211852987,0.0,1,0.050723599997581914,3600,36
TSP,6,uniform2d_n6_instance202605,202605,9,qubo_sa_penalty,penalty_scaled_geometric,1,2.920997576310343,2.5462472211852987,14.717752149400276,0,0.05050369999662507,3600,36
TSP,6,uniform2d_n6_instance202605,202605,9,dwave_sa,coefficient_scaled_linear,0,,2.5462472211852987,,0,0.004106599997612648,3600,36
TSP,6,uniform2d_n6_instance202605,202605,9,openjij_sa,coefficient_scaled_linear,1,2.9110130943500683,2.5462472211852987,14.325626754929477,0,0.009327599997050129,3600,36
TSP,6,uniform2d_n6_instance202605,202605,9,qubo_sa_swap,baseline,1,2.546247221185299,2.5462472211852987,0.0,1,0.07120160000340547,3600,36
TSP,6,uniform2d_n6_instance202605,202605,9,two_opt,baseline,1,2.546247221185299,2.5462472211852987,0.0,1,0.04044659999635769,3600,36
TSP,6,uniform2d_n6_instance202606,202606,0,qubo_sa_old,coefficient_scaled_linear,1,2.4014029835311548,2.352617547776594,2.073666236174554,0,0.050016600005619694,3600,36
TSP,6,uniform2d_n6_instance202606,202606,0,qubo_sa_penalty,penalty_scaled_geometric,1,2.7320118228949175,2.352617547776594,16.126474763264454,0,0.051252700002805796,3600,36
TSP,6,uniform2d_n6_instance202606,202606,0,dwave_sa,coefficient_scaled_linear,1,2.5626764077730497,2.352617547776594,8.92872962692035,0,0.00398480000148993,3600,36
TSP,6,uniform2d_n6_instance202606,202606,0,openjij_sa,coefficient_scaled_linear,1,2.352617547776594,2.352617547776594,0.0,1,0.008902000001398847,3600,36
TSP,6,uniform2d_n6_instance202606,202606,0,qubo_sa_swap,baseline,1,2.352617547776594,2.352617547776594,0.0,1,0.07276869999623159,3600,36
TSP,6,uniform2d_n6_instance202606,202606,0,two_opt,baseline,1,2.352617547776594,2.352617547776594,0.0,1,0.03782209999917541,3600,36
TSP,6,uniform2d_n6_instance202606,202606,1,qubo_sa_old,coefficient_scaled_linear,1,2.352617547776594,2.352617547776594,0.0,1,0.05191529999865452,3600,36
TSP,6,uniform2d_n6_instance202606,202606,1,qubo_sa_penalty,penalty_scaled_geometric,1,2.9888995529845697,2.352617547776594,27.045705146988787,0,0.05042220000177622,3600,36
TSP,6,uniform2d_n6_instance202606,202606,1,dwave_sa,coefficient_scaled_linear,1,2.7663246940489454,2.352617547776594,17.584972392275876,0,0.00404780000098981,3600,36
TSP,6,uniform2d_n6_instance202606,202606,1,openjij_sa,coefficient_scaled_linear,0,,2.352617547776594,,0,0.009061500000825617,3600,36
TSP,6,uniform2d_n6_instance202606,202606,1,qubo_sa_swap,baseline,1,2.352617547776594,2.352617547776594,0.0,1,0.07035660000110511,3600,36
TSP,6,uniform2d_n6_instance202606,202606,1,two_opt,baseline,1,2.352617547776594,2.352617547776594,0.0,1,0.040945500004454516,3600,36
TSP,6,uniform2d_n6_instance202606,202606,2,qubo_sa_old,coefficient_scaled_linear,1,2.352617547776594,2.352617547776594,0.0,1,0.05412090000027092,3600,36
TSP,6,uniform2d_n6_instance202606,202606,2,qubo_sa_penalty,penalty_scaled_geometric,1,2.7320118228949175,2.352617547776594,16.126474763264454,0,0.05045500000414904,3600,36
TSP,6,uniform2d_n6_instance202606,202606,2,dwave_sa,coefficient_scaled_linear,1,2.4014029835311543,2.352617547776594,2.0736662361745317,0,0.003840099998342339,3600,36
TSP,6,uniform2d_n6_instance202606,202606,2,openjij_sa,coefficient_scaled_linear,1,3.2550105283581674,2.352617547776594,38.35697737757695,0,0.009229399998730514,3600,36
TSP,6,uniform2d_n6_instance202606,202606,2,qubo_sa_swap,baseline,1,2.352617547776594,2.352617547776594,0.0,1,0.07238330000109272,3600,36
TSP,6,uniform2d_n6_instance202606,202606,2,two_opt,baseline,1,2.352617547776594,2.352617547776594,0.0,1,0.03949360000115121,3600,36
TSP,6,uniform2d_n6_instance202606,202606,3,qubo_sa_old,coefficient_scaled_linear,1,2.57320095281668,2.352617547776594,9.376084321421253,0,0.05151589999877615,3600,36
TSP,6,uniform2d_n6_instance202606,202606,3,qubo_sa_penalty,penalty_scaled_geometric,1,2.3526175477765943,2.352617547776594,0.0,1,0.05183759999636095,3600,36
TSP,6,uniform2d_n6_instance202606,202606,3,dwave_sa,coefficient_scaled_linear,1,2.5626764077730497,2.352617547776594,8.92872962692035,0,0.0038589999967371114,3600,36
TSP,6,uniform2d_n6_instance202606,202606,3,openjij_sa,coefficient_scaled_linear,1,2.5626764077730497,2.352617547776594,8.92872962692035,0,0.008954299999459181,3600,36
TSP,6,uniform2d_n6_instance202606,202606,3,qubo_sa_swap,baseline,1,2.352617547776594,2.352617547776594,0.0,1,0.07206080000469228,3600,36
TSP,6,uniform2d_n6_instance202606,202606,3,two_opt,baseline,1,2.352617547776594,2.352617547776594,0.0,1,0.038736700000299606,3600,36
TSP,6,uniform2d_n6_instance202606,202606,4,qubo_sa_old,coefficient_scaled_linear,1,2.352617547776594,2.352617547776594,0.0,1,0.050844000004872214,3600,36
TSP,6,uniform2d_n6_instance202606,202606,4,qubo_sa_penalty,penalty_scaled_geometric,1,2.4014029835311543,2.352617547776594,2.0736662361745317,0,0.05057279999891762,3600,36
TSP,6,uniform2d_n6_instance202606,202606,4,dwave_sa,coefficient_scaled_linear,1,3.0148624277505127,2.352617547776594,28.14927911252689,0,0.004919200000585988,3600,36
TSP,6,uniform2d_n6_instance202606,202606,4,openjij_sa,coefficient_scaled_linear,1,2.7958176115572755,2.352617547776594,18.83859381222164,0,0.008965399996668566,3600,36
TSP,6,uniform2d_n6_instance202606,202606,4,qubo_sa_swap,baseline,1,2.352617547776594,2.352617547776594,0.0,1,0.07541029999993043,3600,36
TSP,6,uniform2d_n6_instance202606,202606,4,two_opt,baseline,1,2.352617547776594,2.352617547776594,0.0,1,0.039677900000242516,3600,36
TSP,6,uniform2d_n6_instance202606,202606,5,qubo_sa_old,coefficient_scaled_linear,1,2.4014029835311543,2.352617547776594,2.0736662361745317,0,0.05168739999498939,3600,36
TSP,6,uniform2d_n6_instance202606,202606,5,qubo_sa_penalty,penalty_scaled_geometric,1,2.6832263871403566,2.352617547776594,14.052808527089923,0,0.051136900001438335,3600,36
TSP,6,uniform2d_n6_instance202606,202606,5,dwave_sa,coefficient_scaled_linear,1,2.352617547776594,2.352617547776594,0.0,1,0.0038526999996975064,3600,36
TSP,6,uniform2d_n6_instance202606,202606,5,openjij_sa,coefficient_scaled_linear,1,2.7958176115572755,2.352617547776594,18.83859381222164,0,0.008854300001985393,3600,36
TSP,6,uniform2d_n6_instance202606,202606,5,qubo_sa_swap,baseline,1,2.352617547776594,2.352617547776594,0.0,1,0.07180269999662414,3600,36
TSP,6,uniform2d_n6_instance202606,202606,5,two_opt,baseline,1,2.352617547776594,2.352617547776594,0.0,1,0.03930189999664435,3600,36
TSP,6,uniform2d_n6_instance202606,202606,6,qubo_sa_old,coefficient_scaled_linear,1,2.863792329628483,2.352617547776594,21.727916734064536,0,0.052228599997761194,3600,36
TSP,6,uniform2d_n6_instance202606,202606,6,qubo_sa_penalty,penalty_scaled_geometric,1,2.7320118228949175,2.352617547776594,16.126474763264454,0,0.05163650000031339,3600,36
TSP,6,uniform2d_n6_instance202606,202606,6,dwave_sa,coefficient_scaled_linear,1,2.7958176115572755,2.352617547776594,18.83859381222164,0,0.004071399998792913,3600,36
TSP,6,uniform2d_n6_instance202606,202606,6,openjij_sa,coefficient_scaled_linear,1,2.863792329628483,2.352617547776594,21.727916734064536,0,0.009108400001423433,3600,36
TSP,6,uniform2d_n6_instance202606,202606,6,qubo_sa_swap,baseline,1,2.352617547776594,2.352617547776594,0.0,1,0.07232449999719393,3600,36
TSP,6,uniform2d_n6_instance202606,202606,6,two_opt,baseline,1,2.352617547776594,2.352617547776594,0.0,1,0.0407095999980811,3600,36
TSP,6,uniform2d_n6_instance202606,202606,7,qubo_sa_old,coefficient_scaled_linear,1,2.4014029835311543,2.352617547776594,2.0736662361745317,0,0.053483800002140924,3600,36
TSP,6,uniform2d_n6_instance202606,202606,7,qubo_sa_penalty,penalty_scaled_geometric,1,2.56267640777305,2.352617547776594,8.928729626920372,0,0.06796989999565994,3600,36
TSP,6,uniform2d_n6_instance202606,202606,7,dwave_sa,coefficient_scaled_linear,1,2.5732009528166806,2.352617547776594,9.376084321421274,0,0.0038713000030838884,3600,36
TSP,6,uniform2d_n6_instance202606,202606,7,openjij_sa,coefficient_scaled_linear,1,2.9455475369724153,2.352617547776594,25.202991015525946,0,0.00896669999929145,3600,36
TSP,6,uniform2d_n6_instance202606,202606,7,qubo_sa_swap,baseline,1,2.352617547776594,2.352617547776594,0.0,1,0.07199859999673208,3600,36
TSP,6,uniform2d_n6_instance202606,202606,7,two_opt,baseline,1,2.352617547776594,2.352617547776594,0.0,1,0.039148899995780084,3600,36
TSP,6,uniform2d_n6_instance202606,202606,8,qubo_sa_old,coefficient_scaled_linear,1,2.4014029835311548,2.352617547776594,2.073666236174554,0,0.052538099997036625,3600,36
TSP,6,uniform2d_n6_instance202606,202606,8,qubo_sa_penalty,penalty_scaled_geometric,1,2.7179572351088996,2.352617547776594,15.529072614355876,0,0.05119900000136113,3600,36
TSP,6,uniform2d_n6_instance202606,202606,8,dwave_sa,coefficient_scaled_linear,0,,2.352617547776594,,0,0.00433780000457773,3600,36
TSP,6,uniform2d_n6_instance202606,202606,8,openjij_sa,coefficient_scaled_linear,1,2.863792329628483,2.352617547776594,21.727916734064536,0,0.00916000000142958,3600,36
TSP,6,uniform2d_n6_instance202606,202606,8,qubo_sa_swap,baseline,1,2.352617547776594,2.352617547776594,0.0,1,0.07276280000223778,3600,36
TSP,6,uniform2d_n6_instance202606,202606,8,two_opt,baseline,1,2.352617547776594,2.352617547776594,0.0,1,0.03893480000260752,3600,36
TSP,6,uniform2d_n6_instance202606,202606,9,qubo_sa_old,coefficient_scaled_linear,1,2.7320118228949175,2.352617547776594,16.126474763264454,0,0.051061800004390534,3600,36
TSP,6,uniform2d_n6_instance202606,202606,9,qubo_sa_penalty,penalty_scaled_geometric,1,2.3526175477765943,2.352617547776594,0.0,1,0.04950990000361344,3600,36
TSP,6,uniform2d_n6_instance202606,202606,9,dwave_sa,coefficient_scaled_linear,1,2.5626764077730497,2.352617547776594,8.92872962692035,0,0.003901900003256742,3600,36
TSP,6,uniform2d_n6_instance202606,202606,9,openjij_sa,coefficient_scaled_linear,1,2.766324694048945,2.352617547776594,17.584972392275855,0,0.008558000001357868,3600,36
TSP,6,uniform2d_n6_instance202606,202606,9,qubo_sa_swap,baseline,1,2.352617547776594,2.352617547776594,0.0,1,0.07286089999979595,3600,36
TSP,6,uniform2d_n6_instance202606,202606,9,two_opt,baseline,1,2.352617547776594,2.352617547776594,0.0,1,0.03919049999967683,3600,36
TSP,6,uniform2d_n6_instance202607,202607,0,qubo_sa_old,coefficient_scaled_linear,1,2.440898497610164,2.0328324522930408,20.073766770932046,0,0.05228260000149021,3600,36
TSP,6,uniform2d_n6_instance202607,202607,0,qubo_sa_penalty,penalty_scaled_geometric,1,2.0328324522930408,2.0328324522930408,0.0,1,0.052290899999206886,3600,36
TSP,6,uniform2d_n6_instance202607,202607,0,dwave_sa,coefficient_scaled_linear,1,2.7165174800414627,2.0328324522930408,33.63213859446328,0,0.00411300000268966,3600,36
TSP,6,uniform2d_n6_instance202607,202607,0,openjij_sa,coefficient_scaled_linear,1,2.6866688167489334,2.0328324522930408,32.16380984661886,0,0.009013800001412164,3600,36
TSP,6,uniform2d_n6_instance202607,202607,0,qubo_sa_swap,baseline,1,2.0328324522930408,2.0328324522930408,0.0,1,0.07276719999936176,3600,36
TSP,6,uniform2d_n6_instance202607,202607,0,two_opt,baseline,1,2.032832452293041,2.0328324522930408,0.0,1,0.037943700001051184,3600,36
TSP,6,uniform2d_n6_instance202607,202607,1,qubo_sa_old,coefficient_scaled_linear,1,2.204840060076448,2.0328324522930408,8.461474903619436,0,0.05169390000082785,3600,36
TSP,6,uniform2d_n6_instance202607,202607,1,qubo_sa_penalty,penalty_scaled_geometric,1,2.2568883863168265,2.0328324522930408,11.021859365293496,0,0.051579600003606174,3600,36
TSP,6,uniform2d_n6_instance202607,202607,1,dwave_sa,coefficient_scaled_linear,1,2.034743971603888,2.0328324522930408,0.09403230987832245,0,0.003912899999704678,3600,36
TSP,6,uniform2d_n6_instance202607,202607,1,openjij_sa,coefficient_scaled_linear,1,2.4020918029258973,2.0328324522930408,18.16477055038801,0,0.008974999997008126,3600,36
TSP,6,uniform2d_n6_instance202607,202607,1,qubo_sa_swap,baseline,1,2.0328324522930408,2.0328324522930408,0.0,1,0.07175090000237105,3600,36
TSP,6,uniform2d_n6_instance202607,202607,1,two_opt,baseline,1,2.032832452293041,2.0328324522930408,0.0,1,0.03978590000042459,3600,36
TSP,6,uniform2d_n6_instance202607,202607,2,qubo_sa_old,coefficient_scaled_linear,1,2.034743971603888,2.0328324522930408,0.09403230987832245,0,0.05158980000123847,3600,36
TSP,6,uniform2d_n6_instance202607,202607,2,qubo_sa_penalty,penalty_scaled_geometric,1,2.204840060076448,2.0328324522930408,8.461474903619436,0,0.05101529999956256,3600,36
TSP,6,uniform2d_n6_instance202607,202607,2,dwave_sa,coefficient_scaled_linear,1,2.3455522568909686,2.0328324522930408,15.383452002902608,0,0.0038867999974172562,3600,36
TSP,6,uniform2d_n6_instance202607,202607,2,openjij_sa,coefficient_scaled_linear,1,2.372356448065305,2.0328324522930408,16.702015721427532,0,0.009079299998120405,3600,36
TSP,6,uniform2d_n6_instance202607,202607,2,qubo_sa_swap,baseline,1,2.0328324522930408,2.0328324522930408,0.0,1,0.07088980000116862,3600,36
TSP,6,uniform2d_n6_instance202607,202607,2,two_opt,baseline,1,2.032832452293041,2.0328324522930408,0.0,1,0.03902930000185734,3600,36
TSP,6,uniform2d_n6_instance202607,202607,3,qubo_sa_old,coefficient_scaled_linear,1,2.3455522568909686,2.0328324522930408,15.383452002902608,0,0.05090070000005653,3600,36
TSP,6,uniform2d_n6_instance202607,202607,3,qubo_sa_penalty,penalty_scaled_geometric,1,2.2067515793872956,2.0328324522930408,8.555507213497782,0,0.05065420000028098,3600,36
TSP,6,uniform2d_n6_instance202607,202607,3,dwave_sa,coefficient_scaled_linear,1,2.372356448065305,2.0328324522930408,16.702015721427532,0,0.0038507999997818843,3600,36
TSP,6,uniform2d_n6_instance202607,202607,3,openjij_sa,coefficient_scaled_linear,1,2.437854025491971,2.0328324522930408,19.92400174161253,0,0.008873799997672904,3600,36
TSP,6,uniform2d_n6_instance202607,202607,3,qubo_sa_swap,baseline,1,2.032832452293041,2.0328324522930408,0.0,1,0.07105229999433504,3600,36
TSP,6,uniform2d_n6_instance202607,202607,3,two_opt,baseline,1,2.032832452293041,2.0328324522930408,0.0,1,0.039641199997277,3600,36
TSP,6,uniform2d_n6_instance202607,202607,4,qubo_sa_old,coefficient_scaled_linear,1,2.032832452293041,2.0328324522930408,0.0,1,0.05128100000001723,3600,36
TSP,6,uniform2d_n6_instance202607,202607,4,qubo_sa_penalty,penalty_scaled_geometric,1,2.29760660031194,2.0328324522930408,13.024887895715832,0,0.05100329999550013,3600,36
TSP,6,uniform2d_n6_instance202607,202607,4,dwave_sa,coefficient_scaled_linear,1,2.034743971603888,2.0328324522930408,0.09403230987832245,0,0.0038545999996131286,3600,36
TSP,6,uniform2d_n6_instance202607,202607,4,openjij_sa,coefficient_scaled_linear,1,2.514738716858481,2.0328324522930408,23.7061477458139,0,0.008907700001145713,3600,36
TSP,6,uniform2d_n6_instance202607,202607,4,qubo_sa_swap,baseline,1,2.0328324522930408,2.0328324522930408,0.0,1,0.07198439999774564,3600,36
TSP,6,uniform2d_n6_instance202607,202607,4,two_opt,baseline,1,2.032832452293041,2.0328324522930408,0.0,1,0.03867629999876954,3600,36
TSP,6,uniform2d_n6_instance202607,202607,5,qubo_sa_old,coefficient_scaled_linear,1,2.032832452293041,2.0328324522930408,0.0,1,0.05195720000483561,3600,36
TSP,6,uniform2d_n6_instance202607,202607,5,qubo_sa_penalty,penalty_scaled_geometric,1,2.4155941538077768,2.0328324522930408,18.828984212790377,0,0.05051580000144895,3600,36
TSP,6,uniform2d_n6_instance202607,202607,5,dwave_sa,coefficient_scaled_linear,1,2.4020918029258973,2.0328324522930408,18.16477055038801,0,0.003929400001652539,3600,36
TSP,6,uniform2d_n6_instance202607,202607,5,openjij_sa,coefficient_scaled_linear,1,2.5265178960661134,2.0328324522930408,24.285594379221664,0,0.008850600002915598,3600,36
TSP,6,uniform2d_n6_instance202607,202607,5,qubo_sa_swap,baseline,1,2.0328324522930408,2.0328324522930408,0.0,1,0.07227099999727216,3600,36
TSP,6,uniform2d_n6_instance202607,202607,5,two_opt,baseline,1,2.032832452293041,2.0328324522930408,0.0,1,0.038023699999030214,3600,36
TSP,6,uniform2d_n6_instance202607,202607,6,qubo_sa_old,coefficient_scaled_linear,1,2.2067515793872956,2.0328324522930408,8.555507213497782,0,0.0517074999952456,3600,36
TSP,6,uniform2d_n6_instance202607,202607,6,qubo_sa_penalty,penalty_scaled_geometric,1,2.034743971603888,2.0328324522930408,0.09403230987832245,0,0.06056289999833098,3600,36
TSP,6,uniform2d_n6_instance202607,202607,6,dwave_sa,coefficient_scaled_linear,1,2.478572239487085,2.0328324522930408,21.927030272034887,0,0.003949700003431644,3600,36
TSP,6,uniform2d_n6_instance202607,202607,6,openjij_sa,coefficient_scaled_linear,0,,2.0328324522930408,,0,0.008859200002916623,3600,36
TSP,6,uniform2d_n6_instance202607,202607,6,qubo_sa_swap,baseline,1,2.032832452293041,2.0328324522930408,0.0,1,0.07071780000114813,3600,36
TSP,6,uniform2d_n6_instance202607,202607,6,two_opt,baseline,1,2.032832452293041,2.0328324522930408,0.0,1,0.039034699999319855,3600,36
TSP,6,uniform2d_n6_instance202607,202607,7,qubo_sa_old,coefficient_scaled_linear,1,2.366902500070115,2.0328324522930408,16.43372268089496,0,0.051426900005026255,3600,36
TSP,6,uniform2d_n6_instance202607,202607,7,qubo_sa_penalty,penalty_scaled_geometric,1,2.3813144794570427,2.0328324522930408,17.14268319412715,0,0.050505100000009406,3600,36
TSP,6,uniform2d_n6_instance202607,202607,7,dwave_sa,coefficient_scaled_linear,1,2.550912611363453,2.0328324522930408,25.485630086533504,0,0.004081900005985517,3600,36
TSP,6,uniform2d_n6_instance202607,202607,7,openjij_sa,coefficient_scaled_linear,1,2.8974831192166075,2.0328324522930408,42.53428097078233,0,0.008913800003938377,3600,36
TSP,6,uniform2d_n6_instance202607,202607,7,qubo_sa_swap,baseline,1,2.032832452293041,2.0328324522930408,0.0,1,0.07035899999755202,3600,36
TSP,6,uniform2d_n6_instance202607,202607,7,two_opt,baseline,1,2.032832452293041,2.0328324522930408,0.0,1,0.03788450000138255,3600,36
TSP,6,uniform2d_n6_instance202607,202607,8,qubo_sa_old,coefficient_scaled_linear,1,2.2568883863168265,2.0328324522930408,11.021859365293496,0,0.05123759999696631,3600,36
TSP,6,uniform2d_n6_instance202607,202607,8,qubo_sa_penalty,penalty_scaled_geometric,1,2.5588860511060005,2.0328324522930408,25.87786308800657,0,0.0516806000014185,3600,36
TSP,6,uniform2d_n6_instance202607,202607,8,dwave_sa,coefficient_scaled_linear,1,2.4823705618185943,2.0328324522930408,22.113879037029015,0,0.00423659999796655,3600,36
TSP,6,uniform2d_n6_instance202607,202607,8,openjij_sa,coefficient_scaled_linear,1,2.3779204119308557,2.0328324522930408,16.975720711687515,0,0.009367400001792703,3600,36
TSP,6,uniform2d_n6_instance202607,202607,8,qubo_sa_swap,baseline,1,2.0328324522930408,2.0328324522930408,0.0,1,0.0730358000000706,3600,36
TSP,6,uniform2d_n6_instance202607,202607,8,two_opt,baseline,1,2.032832452293041,2.0328324522930408,0.0,1,0.03852609999739798,3600,36
TSP,6,uniform2d_n6_instance202607,202607,9,qubo_sa_old,coefficient_scaled_linear,1,2.032832452293041,2.0328324522930408,0.0,1,0.05051349999848753,3600,36
TSP,6,uniform2d_n6_instance202607,202607,9,qubo_sa_penalty,penalty_scaled_geometric,1,2.2568883863168265,2.0328324522930408,11.021859365293496,0,0.05193199999484932,3600,36
TSP,6,uniform2d_n6_instance202607,202607,9,dwave_sa,coefficient_scaled_linear,1,2.372356448065305,2.0328324522930408,16.702015721427532,0,0.003860299999359995,3600,36
TSP,6,uniform2d_n6_instance202607,202607,9,openjij_sa,coefficient_scaled_linear,1,2.381314479457043,2.0328324522930408,17.142683194127173,0,0.009351000000606291,3600,36
TSP,6,uniform2d_n6_instance202607,202607,9,qubo_sa_swap,baseline,1,2.0328324522930408,2.0328324522930408,0.0,1,0.07189989999460522,3600,36
TSP,6,uniform2d_n6_instance202607,202607,9,two_opt,baseline,1,2.032832452293041,2.0328324522930408,0.0,1,0.0383397999976296,3600,36
TSP,6,uniform2d_n6_instance202608,202608,0,qubo_sa_old,coefficient_scaled_linear,1,2.5898636729793085,2.469497645774541,4.874109817870087,0,0.05189940000127535,3600,36
TSP,6,uniform2d_n6_instance202608,202608,0,qubo_sa_penalty,penalty_scaled_geometric,1,2.5898636729793085,2.469497645774541,4.874109817870087,0,0.051057099997706246,3600,36
TSP,6,uniform2d_n6_instance202608,202608,0,dwave_sa,coefficient_scaled_linear,1,2.5898636729793085,2.469497645774541,4.874109817870087,0,0.003841199999442324,3600,36
TSP,6,uniform2d_n6_instance202608,202608,0,openjij_sa,coefficient_scaled_linear,1,2.985896794335557,2.469497645774541,20.911101067239567,0,0.009177700005238876,3600,36
TSP,6,uniform2d_n6_instance202608,202608,0,qubo_sa_swap,baseline,1,2.469497645774541,2.469497645774541,0.0,1,0.07375509999837959,3600,36
TSP,6,uniform2d_n6_instance202608,202608,0,two_opt,baseline,1,2.469497645774541,2.469497645774541,0.0,1,0.03913699999975506,3600,36
TSP,6,uniform2d_n6_instance202608,202608,1,qubo_sa_old,coefficient_scaled_linear,1,2.469497645774541,2.469497645774541,0.0,1,0.050867900004959665,3600,36
TSP,6,uniform2d_n6_instance202608,202608,1,qubo_sa_penalty,penalty_scaled_geometric,1,2.6831444861124756,2.469497645774541,8.65142919668287,0,0.05014880000089761,3600,36
TSP,6,uniform2d_n6_instance202608,202608,1,dwave_sa,coefficient_scaled_linear,1,2.469497645774541,2.469497645774541,0.0,1,0.004175000001851004,3600,36
TSP,6,uniform2d_n6_instance202608,202608,1,openjij_sa,coefficient_scaled_linear,1,3.21769794601932,2.469497645774541,30.297672140930953,0,0.008935000005294569,3600,36
TSP,6,uniform2d_n6_instance202608,202608,1,qubo_sa_swap,baseline,1,2.469497645774541,2.469497645774541,0.0,1,0.07160590000421507,3600,36
TSP,6,uniform2d_n6_instance202608,202608,1,two_opt,baseline,1,2.469497645774541,2.469497645774541,0.0,1,0.03953229999751784,3600,36
TSP,6,uniform2d_n6_instance202608,202608,2,qubo_sa_old,coefficient_scaled_linear,1,2.469497645774541,2.469497645774541,0.0,1,0.05726359999971464,3600,36
TSP,6,uniform2d_n6_instance202608,202608,2,qubo_sa_penalty,penalty_scaled_geometric,0,,2.469497645774541,,0,0.050361099994916,3600,36
TSP,6,uniform2d_n6_instance202608,202608,2,dwave_sa,coefficient_scaled_linear,1,2.5898636729793085,2.469497645774541,4.874109817870087,0,0.0039003999991109595,3600,36
TSP,6,uniform2d_n6_instance202608,202608,2,openjij_sa,coefficient_scaled_linear,1,3.416636143491058,2.469497645774541,38.353488586519944,0,0.009045599996170495,3600,36
TSP,6,uniform2d_n6_instance202608,202608,2,qubo_sa_swap,baseline,1,2.469497645774541,2.469497645774541,0.0,1,0.0729432000007364,3600,36
TSP,6,uniform2d_n6_instance202608,202608,2,two_opt,baseline,1,2.469497645774541,2.469497645774541,0.0,1,0.04011499999614898,3600,36
TSP,6,uniform2d_n6_instance202608,202608,3,qubo_sa_old,coefficient_scaled_linear,1,2.469497645774541,2.469497645774541,0.0,1,0.05193839999992633,3600,36
TSP,6,uniform2d_n6_instance202608,202608,3,qubo_sa_penalty,penalty_scaled_geometric,1,2.9762603924895012,2.469497645774541,20.520883977438164,0,0.06920370000443654,3600,36
TSP,6,uniform2d_n6_instance202608,202608,3,dwave_sa,coefficient_scaled_linear,0,,2.469497645774541,,0,0.005044199999247212,3600,36
TSP,6,uniform2d_n6_instance202608,202608,3,openjij_sa,coefficient_scaled_linear,1,2.888279597792044,2.469497645774541,16.958183893556832,0,0.010869500001717824,3600,36
TSP,6,uniform2d_n6_instance202608,202608,3,qubo_sa_swap,baseline,1,2.469497645774541,2.469497645774541,0.0,1,0.07332369999494404,3600,36
TSP,6,uniform2d_n6_instance202608,202608,3,two_opt,baseline,1,2.469497645774541,2.469497645774541,0.0,1,0.040875899998354726,3600,36
TSP,6,uniform2d_n6_instance202608,202608,4,qubo_sa_old,coefficient_scaled_linear,1,2.469497645774541,2.469497645774541,0.0,1,0.05151529999420745,3600,36
TSP,6,uniform2d_n6_instance202608,202608,4,qubo_sa_penalty,penalty_scaled_geometric,1,2.5898636729793085,2.469497645774541,4.874109817870087,0,0.05369849999988219,3600,36
TSP,6,uniform2d_n6_instance202608,202608,4,dwave_sa,coefficient_scaled_linear,1,2.469497645774541,2.469497645774541,0.0,1,0.004728200001409277,3600,36
TSP,6,uniform2d_n6_instance202608,202608,4,openjij_sa,coefficient_scaled_linear,1,2.6831444861124756,2.469497645774541,8.65142919668287,0,0.009429800003999844,3600,36
TSP,6,uniform2d_n6_instance202608,202608,4,qubo_sa_swap,baseline,1,2.469497645774541,2.469497645774541,0.0,1,0.07097079999948619,3600,36
TSP,6,uniform2d_n6_instance202608,202608,4,two_opt,baseline,1,2.469497645774541,2.469497645774541,0.0,1,0.043261100006930064,3600,36
TSP,6,uniform2d_n6_instance202608,202608,5,qubo_sa_old,coefficient_scaled_linear,1,2.469497645774541,2.469497645774541,0.0,1,0.05924349999986589,3600,36
TSP,6,uniform2d_n6_instance202608,202608,5,qubo_sa_penalty,penalty_scaled_geometric,1,2.6831444861124756,2.469497645774541,8.65142919668287,0,0.05089209999277955,3600,36
TSP,6,uniform2d_n6_instance202608,202608,5,dwave_sa,coefficient_scaled_linear,1,2.5898636729793085,2.469497645774541,4.874109817870087,0,0.0038857999970787205,3600,36
TSP,6,uniform2d_n6_instance202608,202608,5,openjij_sa,coefficient_scaled_linear,1,3.235293094469589,2.469497645774541,31.010171238890226,0,0.00895670000318205,3600,36
TSP,6,uniform2d_n6_instance202608,202608,5,qubo_sa_swap,baseline,1,2.469497645774541,2.469497645774541,0.0,1,0.07284510000317823,3600,36
TSP,6,uniform2d_n6_instance202608,202608,5,two_opt,baseline,1,2.469497645774541,2.469497645774541,0.0,1,0.03985780000220984,3600,36
TSP,6,uniform2d_n6_instance202608,202608,6,qubo_sa_old,coefficient_scaled_linear,1,2.6831444861124756,2.469497645774541,8.65142919668287,0,0.051110400003381073,3600,36
TSP,6,uniform2d_n6_instance202608,202608,6,qubo_sa_penalty,penalty_scaled_geometric,1,2.9023285839686492,2.469497645774541,17.52708446329998,0,0.050285400000575464,3600,36
TSP,6,uniform2d_n6_instance202608,202608,6,dwave_sa,coefficient_scaled_linear,1,2.888279597792044,2.469497645774541,16.958183893556832,0,0.004104499996174127,3600,36
TSP,6,uniform2d_n6_instance202608,202608,6,openjij_sa,coefficient_scaled_linear,1,2.803510513317243,2.469497645774541,13.525539014552956,0,0.009137899993220344,3600,36
TSP,6,uniform2d_n6_instance202608,202608,6,qubo_sa_swap,baseline,1,2.469497645774541,2.469497645774541,0.0,1,0.07184530000085942,3600,36
TSP,6,uniform2d_n6_instance202608,202608,6,two_opt,baseline,1,2.469497645774541,2.469497645774541,0.0,1,0.03988740000204416,3600,36
TSP,6,uniform2d_n6_instance202608,202608,7,qubo_sa_old,coefficient_scaled_linear,1,2.469497645774541,2.469497645774541,0.0,1,0.05422450000332901,3600,36
TSP,6,uniform2d_n6_instance202608,202608,7,qubo_sa_penalty,penalty_scaled_geometric,1,3.044395084792909,2.469497645774541,23.27993468639471,0,0.05055520000314573,3600,36
TSP,6,uniform2d_n6_instance202608,202608,7,dwave_sa,coefficient_scaled_linear,1,3.2352930944695895,2.469497645774541,31.01017123889025,0,0.003856800001813099,3600,36
TSP,6,uniform2d_n6_instance202608,202608,7,openjij_sa,coefficient_scaled_linear,0,,2.469497645774541,,0,0.008797199996479321,3600,36
TSP,6,uniform2d_n6_instance202608,202608,7,qubo_sa_swap,baseline,1,2.469497645774541,2.469497645774541,0.0,1,0.07428970000182744,3600,36
TSP,6,uniform2d_n6_instance202608,202608,7,two_opt,baseline,1,2.469497645774541,2.469497645774541,0.0,1,0.043028799998865,3600,36
TSP,6,uniform2d_n6_instance202608,202608,8,qubo_sa_old,coefficient_scaled_linear,1,2.469497645774541,2.469497645774541,0.0,1,0.059123899998667184,3600,36
TSP,6,uniform2d_n6_instance202608,202608,8,qubo_sa_penalty,penalty_scaled_geometric,1,2.888279597792044,2.469497645774541,16.958183893556832,0,0.05138299999816809,3600,36
TSP,6,uniform2d_n6_instance202608,202608,8,dwave_sa,coefficient_scaled_linear,1,2.5898636729793085,2.469497645774541,4.874109817870087,0,0.004184799996437505,3600,36
TSP,6,uniform2d_n6_instance202608,202608,8,openjij_sa,coefficient_scaled_linear,1,2.8968727676412547,2.469497645774541,17.306156278301298,0,0.009701299997686874,3600,36
TSP,6,uniform2d_n6_instance202608,202608,8,qubo_sa_swap,baseline,1,2.469497645774541,2.469497645774541,0.0,1,0.07487319999927422,3600,36
TSP,6,uniform2d_n6_instance202608,202608,8,two_opt,baseline,1,2.469497645774541,2.469497645774541,0.0,1,0.039847799998824485,3600,36
TSP,6,uniform2d_n6_instance202608,202608,9,qubo_sa_old,coefficient_scaled_linear,1,2.8393424488313097,2.469497645774541,14.976519766665719,0,0.052140600004349835,3600,36
TSP,6,uniform2d_n6_instance202608,202608,9,qubo_sa_penalty,penalty_scaled_geometric,1,2.469497645774541,2.469497645774541,0.0,1,0.04990710000129184,3600,36
TSP,6,uniform2d_n6_instance202608,202608,9,dwave_sa,coefficient_scaled_linear,1,2.985896794335557,2.469497645774541,20.911101067239567,0,0.0039799000005587,3600,36
TSP,6,uniform2d_n6_instance202608,202608,9,openjij_sa,coefficient_scaled_linear,1,3.0024487107889817,2.469497645774541,21.58135546014195,0,0.008878400003595743,3600,36
TSP,6,uniform2d_n6_instance202608,202608,9,qubo_sa_swap,baseline,1,2.469497645774541,2.469497645774541,0.0,1,0.07296689999930095,3600,36
TSP,6,uniform2d_n6_instance202608,202608,9,two_opt,baseline,1,2.469497645774541,2.469497645774541,0.0,1,0.039968500001123175,3600,36
TSP,6,uniform2d_n6_instance202609,202609,0,qubo_sa_old,coefficient_scaled_linear,1,2.6717670496178347,2.6717670496178343,0.0,1,0.05293779999919934,3600,36
TSP,6,uniform2d_n6_instance202609,202609,0,qubo_sa_penalty,penalty_scaled_geometric,1,2.671767049617835,2.6717670496178343,0.0,1,0.05399440000473987,3600,36
TSP,6,uniform2d_n6_instance202609,202609,0,dwave_sa,coefficient_scaled_linear,1,3.519152985604534,2.6717670496178343,31.71631060080289,0,0.003912199994374532,3600,36
TSP,6,uniform2d_n6_instance202609,202609,0,openjij_sa,coefficient_scaled_linear,1,2.6717670496178347,2.6717670496178343,0.0,1,0.009001099999295548,3600,36
TSP,6,uniform2d_n6_instance202609,202609,0,qubo_sa_swap,baseline,1,2.671767049617835,2.6717670496178343,0.0,1,0.0719320999996853,3600,36
TSP,6,uniform2d_n6_instance202609,202609,0,two_opt,baseline,1,2.6717670496178343,2.6717670496178343,0.0,1,0.040927299996837974,3600,36
TSP,6,uniform2d_n6_instance202609,202609,1,qubo_sa_old,coefficient_scaled_linear,1,2.9788307595324097,2.6717670496178343,11.492907286153464,0,0.05046579999907408,3600,36
TSP,6,uniform2d_n6_instance202609,202609,1,qubo_sa_penalty,penalty_scaled_geometric,1,2.671767049617835,2.6717670496178343,0.0,1,0.05103859999508131,3600,36
TSP,6,uniform2d_n6_instance202609,202609,1,dwave_sa,coefficient_scaled_linear,1,3.0245472270184006,2.6717670496178343,13.204002102317535,0,0.0039194999990286306,3600,36
TSP,6,uniform2d_n6_instance202609,202609,1,openjij_sa,coefficient_scaled_linear,1,3.327888653060162,2.6717670496178343,24.55759021117423,0,0.008931600001233164,3600,36
TSP,6,uniform2d_n6_instance202609,202609,1,qubo_sa_swap,baseline,1,2.671767049617835,2.6717670496178343,0.0,1,0.07159240000328282,3600,36
TSP,6,uniform2d_n6_instance202609,202609,1,two_opt,baseline,1,2.6717670496178343,2.6717670496178343,0.0,1,0.04172100000141654,3600,36
TSP,6,uniform2d_n6_instance202609,202609,2,qubo_sa_old,coefficient_scaled_linear,1,3.024547227018401,2.6717670496178343,13.204002102317558,0,0.050483300001360476,3600,36
TSP,6,uniform2d_n6_instance202609,202609,2,qubo_sa_penalty,penalty_scaled_geometric,1,2.9751019935960024,2.6717670496178343,11.353345495504797,0,0.051020100007008296,3600,36
TSP,6,uniform2d_n6_instance202609,202609,2,dwave_sa,coefficient_scaled_linear,0,,2.6717670496178343,,0,0.003920199997082818,3600,36
TSP,6,uniform2d_n6_instance202609,202609,2,openjij_sa,coefficient_scaled_linear,1,2.9751019935960032,2.6717670496178343,11.35334549550484,0,0.00886999999784166,3600,36
TSP,6,uniform2d_n6_instance202609,202609,2,qubo_sa_swap,baseline,1,2.6717670496178343,2.6717670496178343,0.0,1,0.07181529999797931,3600,36
TSP,6,uniform2d_n6_instance202609,202609,2,two_opt,baseline,1,2.6717670496178343,2.6717670496178343,0.0,1,0.041401299997232854,3600,36
TSP,6,uniform2d_n6_instance202609,202609,3,qubo_sa_old,coefficient_scaled_linear,1,2.671767049617835,2.6717670496178343,0.0,1,0.051606300003186334,3600,36
TSP,6,uniform2d_n6_instance202609,202609,3,qubo_sa_penalty,penalty_scaled_geometric,1,2.9788307595324097,2.6717670496178343,11.492907286153464,0,0.050430299997969996,3600,36
TSP,6,uniform2d_n6_instance202609,202609,3,dwave_sa,coefficient_scaled_linear,0,,2.6717670496178343,,0,0.003783200001635123,3600,36
TSP,6,uniform2d_n6_instance202609,202609,3,openjij_sa,coefficient_scaled_linear,1,2.97883075953241,2.6717670496178343,11.492907286153486,0,0.009168600001430605,3600,36
TSP,6,uniform2d_n6_instance202609,202609,3,qubo_sa_swap,baseline,1,2.671767049617835,2.6717670496178343,0.0,1,0.07438289999845438,3600,36
TSP,6,uniform2d_n6_instance202609,202609,3,two_opt,baseline,1,2.6717670496178343,2.6717670496178343,0.0,1,0.05892479999602074,3600,36
TSP,6,uniform2d_n6_instance202609,202609,4,qubo_sa_old,coefficient_scaled_linear,1,3.0245472270184006,2.6717670496178343,13.204002102317535,0,0.05075569999462459,3600,36
TSP,6,uniform2d_n6_instance202609,202609,4,qubo_sa_penalty,penalty_scaled_geometric,1,3.024547227018401,2.6717670496178343,13.204002102317558,0,0.0500880000035977,3600,36
TSP,6,uniform2d_n6_instance202609,202609,4,dwave_sa,coefficient_scaled_linear,1,2.9788307595324097,2.6717670496178343,11.492907286153464,0,0.004150300002947915,3600,36
TSP,6,uniform2d_n6_instance202609,202609,4,openjij_sa,coefficient_scaled_linear,1,3.0958869634554977,2.6717670496178343,15.874135205699492,0,0.008817600006295834,3600,36
TSP,6,uniform2d_n6_instance202609,202609,4,qubo_sa_swap,baseline,1,2.671767049617835,2.6717670496178343,0.0,1,0.07256380000035278,3600,36
TSP,6,uniform2d_n6_instance202609,202609,4,two_opt,baseline,1,2.6717670496178343,2.6717670496178343,0.0,1,0.04090160000487231,3600,36
TSP,6,uniform2d_n6_instance202609,202609,5,qubo_sa_old,coefficient_scaled_linear,1,2.6717670496178347,2.6717670496178343,0.0,1,0.051161799994588364,3600,36
TSP,6,uniform2d_n6_instance202609,202609,5,qubo_sa_penalty,penalty_scaled_geometric,1,3.44494485698325,2.6717670496178343,28.93881813072028,0,0.05061480000586016,3600,36
TSP,6,uniform2d_n6_instance202609,202609,5,dwave_sa,coefficient_scaled_linear,1,2.671767049617835,2.6717670496178343,0.0,1,0.0037746000016340986,3600,36
TSP,6,uniform2d_n6_instance202609,202609,5,openjij_sa,coefficient_scaled_linear,1,3.0245472270184006,2.6717670496178343,13.204002102317535,0,0.008733000002393965,3600,36
TSP,6,uniform2d_n6_instance202609,202609,5,qubo_sa_swap,baseline,1,2.6717670496178343,2.6717670496178343,0.0,1,0.07164609999745153,3600,36
TSP,6,uniform2d_n6_instance202609,202609,5,two_opt,baseline,1,2.6717670496178343,2.6717670496178343,0.0,1,0.04269729999941774,3600,36
TSP,6,uniform2d_n6_instance202609,202609,6,qubo_sa_old,coefficient_scaled_linear,1,2.975101993596003,2.6717670496178343,11.353345495504819,0,0.05101940000167815,3600,36
TSP,6,uniform2d_n6_instance202609,202609,6,qubo_sa_penalty,penalty_scaled_geometric,1,2.671767049617835,2.6717670496178343,0.0,1,0.05067540000163717,3600,36
TSP,6,uniform2d_n6_instance202609,202609,6,dwave_sa,coefficient_scaled_linear,1,3.0958869634554977,2.6717670496178343,15.874135205699492,0,0.003904500001226552,3600,36
TSP,6,uniform2d_n6_instance202609,202609,6,openjij_sa,coefficient_scaled_linear,1,3.4555459565229416,2.6717670496178343,29.335600460272836,0,0.010222899996733759,3600,36
TSP,6,uniform2d_n6_instance202609,202609,6,qubo_sa_swap,baseline,1,2.671767049617835,2.6717670496178343,0.0,1,0.0717475999990711,3600,36
TSP,6,uniform2d_n6_instance202609,202609,6,two_opt,baseline,1,2.6717670496178343,2.6717670496178343,0.0,1,0.04174780000175815,3600,36
TSP,6,uniform2d_n6_instance202609,202609,7,qubo_sa_old,coefficient_scaled_linear,1,2.671767049617835,2.6717670496178343,0.0,1,0.05208880000282079,3600,36
TSP,6,uniform2d_n6_instance202609,202609,7,qubo_sa_penalty,penalty_scaled_geometric,1,2.9788307595324097,2.6717670496178343,11.492907286153464,0,0.051569400005973876,3600,36
TSP,6,uniform2d_n6_instance202609,202609,7,dwave_sa,coefficient_scaled_linear,1,2.6717670496178343,2.6717670496178343,0.0,1,0.0035972999976365827,3600,36
TSP,6,uniform2d_n6_instance202609,202609,7,openjij_sa,coefficient_scaled_linear,1,3.448673622919657,2.6717670496178343,29.078379921368903,0,0.008923900000809226,3600,36
TSP,6,uniform2d_n6_instance202609,202609,7,qubo_sa_swap,baseline,1,2.6717670496178343,2.6717670496178343,0.0,1,0.07176600000093458,3600,36
TSP,6,uniform2d_n6_instance202609,202609,7,two_opt,baseline,1,2.6717670496178343,2.6717670496178343,0.0,1,0.0413098000062746,3600,36
TSP,6,uniform2d_n6_instance202609,202609,8,qubo_sa_old,coefficient_scaled_linear,1,2.6717670496178343,2.6717670496178343,0.0,1,0.05134170000383165,3600,36
TSP,6,uniform2d_n6_instance202609,202609,8,qubo_sa_penalty,penalty_scaled_geometric,1,2.9751019935960024,2.6717670496178343,11.353345495504797,0,0.05073389999597566,3600,36
TSP,6,uniform2d_n6_instance202609,202609,8,dwave_sa,coefficient_scaled_linear,1,2.671767049617835,2.6717670496178343,0.0,1,0.003853299996990245,3600,36
TSP,6,uniform2d_n6_instance202609,202609,8,openjij_sa,coefficient_scaled_linear,1,2.671767049617835,2.6717670496178343,0.0,1,0.009089200000744313,3600,36
TSP,6,uniform2d_n6_instance202609,202609,8,qubo_sa_swap,baseline,1,2.6717670496178343,2.6717670496178343,0.0,1,0.07316689999424852,3600,36
TSP,6,uniform2d_n6_instance202609,202609,8,two_opt,baseline,1,2.6717670496178343,2.6717670496178343,0.0,1,0.04167159999633441,3600,36
TSP,6,uniform2d_n6_instance202609,202609,9,qubo_sa_old,coefficient_scaled_linear,1,2.671767049617835,2.6717670496178343,0.0,1,0.051511800003936514,3600,36
TSP,6,uniform2d_n6_instance202609,202609,9,qubo_sa_penalty,penalty_scaled_geometric,1,2.9751019935960032,2.6717670496178343,11.35334549550484,0,0.051400500000454485,3600,36
TSP,6,uniform2d_n6_instance202609,202609,9,dwave_sa,coefficient_scaled_linear,1,2.9751019935960024,2.6717670496178343,11.353345495504797,0,0.003928199999791104,3600,36
TSP,6,uniform2d_n6_instance202609,202609,9,openjij_sa,coefficient_scaled_linear,0,,2.6717670496178343,,0,0.008868400000210386,3600,36
TSP,6,uniform2d_n6_instance202609,202609,9,qubo_sa_swap,baseline,1,2.671767049617835,2.6717670496178343,0.0,1,0.0718302000022959,3600,36
TSP,6,uniform2d_n6_instance202609,202609,9,two_opt,baseline,1,2.6717670496178343,2.6717670496178343,0.0,1,0.04077700000198092,3600,36
TSP,10,uniform2d_n10_instance202600,202600,0,qubo_sa_old,coefficient_scaled_linear,1,4.0834422590437125,3.135987949103535,30.212307104401347,0,0.14543229999981122,10000,100
TSP,10,uniform2d_n10_instance202600,202600,0,qubo_sa_penalty,penalty_scaled_geometric,1,4.602903627224692,3.135987949103535,46.776827651410315,0,0.14748719999624882,10000,100
TSP,10,uniform2d_n10_instance202600,202600,0,dwave_sa,coefficient_scaled_linear,0,,3.135987949103535,,0,0.013000900005863514,10000,100
TSP,10,uniform2d_n10_instance202600,202600,0,openjij_sa,coefficient_scaled_linear,1,4.797220879523442,3.135987949103535,52.97319241595917,0,0.0355520000011893,10000,100
TSP,10,uniform2d_n10_instance202600,202600,0,qubo_sa_swap,baseline,1,3.135987949103535,3.135987949103535,0.0,1,0.20454500000050757,10000,100
TSP,10,uniform2d_n10_instance202600,202600,0,two_opt,baseline,1,3.1359879491035345,3.135987949103535,0.0,1,0.13589090000459692,10000,100
TSP,10,uniform2d_n10_instance202600,202600,1,qubo_sa_old,coefficient_scaled_linear,1,4.380227963521348,3.135987949103535,39.67617333394078,0,0.14590060000045924,10000,100
TSP,10,uniform2d_n10_instance202600,202600,1,qubo_sa_penalty,penalty_scaled_geometric,1,3.9608425087762975,3.135987949103535,26.302861269239198,0,0.14606859999912558,10000,100
TSP,10,uniform2d_n10_instance202600,202600,1,dwave_sa,coefficient_scaled_linear,1,3.8914197532350863,3.135987949103535,24.089116935143263,0,0.012911799996800255,10000,100
TSP,10,uniform2d_n10_instance202600,202600,1,openjij_sa,coefficient_scaled_linear,0,,3.135987949103535,,0,0.034600099999806844,10000,100
TSP,10,uniform2d_n10_instance202600,202600,1,qubo_sa_swap,baseline,1,3.135987949103535,3.135987949103535,0.0,1,0.20596659999864642,10000,100
TSP,10,uniform2d_n10_instance202600,202600,1,two_opt,baseline,1,3.1359879491035345,3.135987949103535,0.0,1,0.1209484999999404,10000,100
TSP,10,uniform2d_n10_instance202600,202600,2,qubo_sa_old,coefficient_scaled_linear,1,4.160197147154822,3.135987949103535,32.65985758472289,0,0.1482663999995566,10000,100
TSP,10,uniform2d_n10_instance202600,202600,2,qubo_sa_penalty,penalty_scaled_geometric,1,4.280275717070139,3.135987949103535,36.4889083293102,0,0.14854700000432786,10000,100
TSP,10,uniform2d_n10_instance202600,202600,2,dwave_sa,coefficient_scaled_linear,1,5.004895132912764,3.135987949103535,59.595483596915024,0,0.012914600003568921,10000,100
TSP,10,uniform2d_n10_instance202600,202600,2,openjij_sa,coefficient_scaled_linear,1,5.088110930867458,3.135987949103535,62.24905877976872,0,0.03423840000323253,10000,100
TSP,10,uniform2d_n10_instance202600,202600,2,qubo_sa_swap,baseline,1,3.135987949103535,3.135987949103535,0.0,1,0.2065634000027785,10000,100
TSP,10,uniform2d_n10_instance202600,202600,2,two_opt,baseline,1,3.1359879491035345,3.135987949103535,0.0,1,0.12012359999789624,10000,100
TSP,10,uniform2d_n10_instance202600,202600,3,qubo_sa_old,coefficient_scaled_linear,1,3.9716143102400747,3.135987949103535,26.64635115627325,0,0.15794479999749456,10000,100
TSP,10,uniform2d_n10_instance202600,202600,3,qubo_sa_penalty,penalty_scaled_geometric,1,4.444752127818273,3.135987949103535,41.73371198983293,0,0.15007899999909569,10000,100
TSP,10,uniform2d_n10_instance202600,202600,3,dwave_sa,coefficient_scaled_linear,1,3.856263575298431,3.135987949103535,22.96806103482625,0,0.012892300001112744,10000,100
TSP,10,uniform2d_n10_instance202600,202600,3,openjij_sa,coefficient_scaled_linear,1,5.030236241680032,3.135987949103535,60.40355777253525,0,0.034763900002872106,10000,100
TSP,10,uniform2d_n10_instance202600,202600,3,qubo_sa_swap,baseline,1,3.135987949103535,3.135987949103535,0.0,1,0.20803519999753917,10000,100
TSP,10,uniform2d_n10_instance202600,202600,3,two_opt,baseline,1,3.1359879491035345,3.135987949103535,0.0,1,0.13494730000093114,10000,100
TSP,10,uniform2d_n10_instance202600,202600,4,qubo_sa_old,coefficient_scaled_linear,1,5.057361458622589,3.135987949103535,61.26852337134474,0,0.14944899999682093,10000,100
TSP,10,uniform2d_n10_instance202600,202600,4,qubo_sa_penalty,penalty_scaled_geometric,1,4.637369426969316,3.135987949103535,47.87586885641484,0,0.14860340000450378,10000,100
TSP,10,uniform2d_n10_instance202600,202600,4,dwave_sa,coefficient_scaled_linear,1,4.679378456593587,3.135987949103535,49.21544765282824,0,0.012835800000175368,10000,100
TSP,10,uniform2d_n10_instance202600,202600,4,openjij_sa,coefficient_scaled_linear,0,,3.135987949103535,,0,0.03375170000072103,10000,100
TSP,10,uniform2d_n10_instance202600,202600,4,qubo_sa_swap,baseline,1,3.135987949103535,3.135987949103535,0.0,1,0.20707519999996293,10000,100
TSP,10,uniform2d_n10_instance202600,202600,4,two_opt,baseline,1,3.1359879491035345,3.135987949103535,0.0,1,0.12097179999545915,10000,100
TSP,10,uniform2d_n10_instance202600,202600,5,qubo_sa_old,coefficient_scaled_linear,1,4.641761568948373,3.135987949103535,48.01592494241835,0,0.16414660000009462,10000,100
TSP,10,uniform2d_n10_instance202600,202600,5,qubo_sa_penalty,penalty_scaled_geometric,1,4.855277698879058,3.135987949103535,54.82450116771034,0,0.14581220000400208,10000,100
TSP,10,uniform2d_n10_instance202600,202600,5,dwave_sa,coefficient_scaled_linear,1,3.8601199104554325,3.135987949103535,23.091031378449678,0,0.013301300001330674,10000,100
TSP,10,uniform2d_n10_instance202600,202600,5,openjij_sa,coefficient_scaled_linear,1,3.4863844653746208,3.135987949103535,11.173401236163926,0,0.034607100002176594,10000,100
TSP,10,uniform2d_n10_instance202600,202600,5,qubo_sa_swap,baseline,1,3.135987949103535,3.135987949103535,0.0,1,0.20434039999963716,10000,100
TSP,10,uniform2d_n10_instance202600,202600,5,two_opt,baseline,1,3.1359879491035345,3.135987949103535,0.0,1,0.11760370000411058,10000,100
TSP,10,uniform2d_n10_instance202600,202600,6,qubo_sa_old,coefficient_scaled_linear,1,4.29862443020907,3.135987949103535,37.07400984872697,0,0.1474889000019175,10000,100
TSP,10,uniform2d_n10_instance202600,202600,6,qubo_sa_penalty,penalty_scaled_geometric,1,4.776765515393914,3.135987949103535,52.3209142675251,0,0.14531230000284268,10000,100
TSP,10,uniform2d_n10_instance202600,202600,6,dwave_sa,coefficient_scaled_linear,1,4.778963913771314,3.135987949103535,52.39101652598652,0,0.012472099995648023,10000,100
TSP,10,uniform2d_n10_instance202600,202600,6,openjij_sa,coefficient_scaled_linear,1,5.689673010372506,3.135987949103535,81.43159676359653,0,0.03414570000313688,10000,100
TSP,10,uniform2d_n10_instance202600,202600,6,qubo_sa_swap,baseline,1,3.135987949103535,3.135987949103535,0.0,1,0.20372230000066338,10000,100
TSP,10,uniform2d_n10_instance202600,202600,6,two_opt,baseline,1,3.1359879491035345,3.135987949103535,0.0,1,0.12075390000245534,10000,100
TSP,10,uniform2d_n10_instance202600,202600,7,qubo_sa_old,coefficient_scaled_linear,1,3.6827712496393588,3.135987949103535,17.435758982815265,0,0.16024830000242218,10000,100
TSP,10,uniform2d_n10_instance202600,202600,7,qubo_sa_penalty,penalty_scaled_geometric,1,3.931128953120666,3.135987949103535,25.355359042257586,0,0.1439107000041986,10000,100
TSP,10,uniform2d_n10_instance202600,202600,7,dwave_sa,coefficient_scaled_linear,1,4.530825808420144,3.135987949103535,44.4784189848479,0,0.012862700001278426,10000,100
TSP,10,uniform2d_n10_instance202600,202600,7,openjij_sa,coefficient_scaled_linear,1,4.872673332714978,3.135987949103535,55.379211010931925,0,0.03554730000178097,10000,100
TSP,10,uniform2d_n10_instance202600,202600,7,qubo_sa_swap,baseline,1,3.135987949103535,3.135987949103535,0.0,1,0.2058547999986331,10000,100
TSP,10,uniform2d_n10_instance202600,202600,7,two_opt,baseline,1,3.1359879491035345,3.135987949103535,0.0,1,0.11982419999549165,10000,100
TSP,10,uniform2d_n10_instance202600,202600,8,qubo_sa_old,coefficient_scaled_linear,1,3.4692545821402256,3.135987949103535,10.627165615606394,0,0.14617409999482334,10000,100
TSP,10,uniform2d_n10_instance202600,202600,8,qubo_sa_penalty,penalty_scaled_geometric,1,4.128733292075111,3.135987949103535,31.656542023873712,0,0.15050019999762299,10000,100
TSP,10,uniform2d_n10_instance202600,202600,8,dwave_sa,coefficient_scaled_linear,1,4.043583119539162,3.135987949103535,28.941283741063973,0,0.01382010000088485,10000,100
TSP,10,uniform2d_n10_instance202600,202600,8,openjij_sa,coefficient_scaled_linear,1,4.7721614939744015,3.135987949103535,52.17410179584998,0,0.034790899997460656,10000,100
TSP,10,uniform2d_n10_instance202600,202600,8,qubo_sa_swap,baseline,1,3.135987949103535,3.135987949103535,0.0,1,0.2101676000020234,10000,100
TSP,10,uniform2d_n10_instance202600,202600,8,two_opt,baseline,1,3.1359879491035345,3.135987949103535,0.0,1,0.12410280000040075,10000,100
TSP,10,uniform2d_n10_instance202600,202600,9,qubo_sa_old,coefficient_scaled_linear,1,4.169649184238294,3.135987949103535,32.96126298668478,0,0.14653199999884237,10000,100
TSP,10,uniform2d_n10_instance202600,202600,9,qubo_sa_penalty,penalty_scaled_geometric,1,4.2530078926508565,3.135987949103535,35.61939528073241,0,0.14551930000016,10000,100
TSP,10,uniform2d_n10_instance202600,202600,9,dwave_sa,coefficient_scaled_linear,1,5.168153627568357,3.135987949103535,64.80145049810359,0,0.012725000000500586,10000,100
TSP,10,uniform2d_n10_instance202600,202600,9,openjij_sa,coefficient_scaled_linear,0,,3.135987949103535,,0,0.03345100000296952,10000,100
TSP,10,uniform2d_n10_instance202600,202600,9,qubo_sa_swap,baseline,1,3.135987949103535,3.135987949103535,0.0,1,0.19633159999648342,10000,100
TSP,10,uniform2d_n10_instance202600,202600,9,two_opt,baseline,1,3.1359879491035345,3.135987949103535,0.0,1,0.11975600000005215,10000,100
TSP,10,uniform2d_n10_instance202601,202601,0,qubo_sa_old,coefficient_scaled_linear,1,2.405827965900759,1.7065653856843126,40.974848434304214,0,0.14693820000684354,10000,100
TSP,10,uniform2d_n10_instance202601,202601,0,qubo_sa_penalty,penalty_scaled_geometric,1,2.7679272149851344,1.7065653856843126,62.19286047895716,0,0.14537259999633534,10000,100
TSP,10,uniform2d_n10_instance202601,202601,0,dwave_sa,coefficient_scaled_linear,0,,1.7065653856843126,,0,0.012797499999578577,10000,100
TSP,10,uniform2d_n10_instance202601,202601,0,openjij_sa,coefficient_scaled_linear,1,2.4125882646251906,1.7065653856843126,41.37098319603918,0,0.03421430000162218,10000,100
TSP,10,uniform2d_n10_instance202601,202601,0,qubo_sa_swap,baseline,1,1.706565385684313,1.7065653856843126,0.0,1,0.20669849999831058,10000,100
TSP,10,uniform2d_n10_instance202601,202601,0,two_opt,baseline,1,1.7065653856843126,1.7065653856843126,0.0,1,0.1269081999998889,10000,100
TSP,10,uniform2d_n10_instance202601,202601,1,qubo_sa_old,coefficient_scaled_linear,1,2.195739375985171,1.7065653856843126,28.664239554156048,0,0.1492431000006036,10000,100
TSP,10,uniform2d_n10_instance202601,202601,1,qubo_sa_penalty,penalty_scaled_geometric,1,2.292895141242711,1.7065653856843126,34.357298025430595,0,0.1530203000002075,10000,100
TSP,10,uniform2d_n10_instance202601,202601,1,dwave_sa,coefficient_scaled_linear,0,,1.7065653856843126,,0,0.013421000003290828,10000,100
TSP,10,uniform2d_n10_instance202601,202601,1,openjij_sa,coefficient_scaled_linear,1,2.4650509709485617,1.7065653856843126,44.44515232916817,0,0.037556100003712345,10000,100
TSP,10,uniform2d_n10_instance202601,202601,1,qubo_sa_swap,baseline,1,1.7065653856843126,1.7065653856843126,0.0,1,0.2042753999994602,10000,100
TSP,10,uniform2d_n10_instance202601,202601,1,two_opt,baseline,1,1.7065653856843126,1.7065653856843126,0.0,1,0.12548419999802718,10000,100
TSP,10,uniform2d_n10_instance202601,202601,2,qubo_sa_old,coefficient_scaled_linear,1,2.1534124434921846,1.7065653856843126,26.183998665172247,0,0.1550227999978233,10000,100
TSP,10,uniform2d_n10_instance202601,202601,2,qubo_sa_penalty,penalty_scaled_geometric,1,2.5520250255627737,1.7065653856843126,49.54159078642286,0,0.1511906000014278,10000,100
TSP,10,uniform2d_n10_instance202601,202601,2,dwave_sa,coefficient_scaled_linear,1,2.355407314047089,1.7065653856843126,38.02033803132589,0,0.013202800000726711,10000,100
TSP,10,uniform2d_n10_instance202601,202601,2,openjij_sa,coefficient_scaled_linear,1,2.4457619333628373,1.7065653856843126,43.31486820718069,0,0.035615900000266265,10000,100
TSP,10,uniform2d_n10_instance202601,202601,2,qubo_sa_swap,baseline,1,1.706565385684313,1.7065653856843126,0.0,1,0.20839800000248943,10000,100
TSP,10,uniform2d_n10_instance202601,202601,2,two_opt,baseline,1,1.7065653856843126,1.7065653856843126,0.0,1,0.13709559999551857,10000,100
TSP,10,uniform2d_n10_instance202601,202601,3,qubo_sa_old,coefficient_scaled_linear,1,2.45395365288423,1.7065653856843126,43.79488025887876,0,0.15798870000435272,10000,100
TSP,10,uniform2d_n10_instance202601,202601,3,qubo_sa_penalty,penalty_scaled_geometric,1,2.5233312365391054,1.7065653856843126,47.86021430566396,0,0.15963580000243383,10000,100
TSP,10,uniform2d_n10_instance202601,202601,3,dwave_sa,coefficient_scaled_linear,1,2.2748439492479133,1.7065653856843126,33.29954822303676,0,0.012930499993672129,10000,100
TSP,10,uniform2d_n10_instance202601,202601,3,openjij_sa,coefficient_scaled_linear,1,2.162475048956644,1.7065653856843126,26.715042218526964,0,0.03243819999624975,10000,100
TSP,10,uniform2d_n10_instance202601,202601,3,qubo_sa_swap,baseline,1,1.706565385684313,1.7065653856843126,0.0,1,0.20496649999404326,10000,100
TSP,10,uniform2d_n10_instance202601,202601,3,two_opt,baseline,1,1.7065653856843126,1.7065653856843126,0.0,1,0.12567099999432685,10000,100
TSP,10,uniform2d_n10_instance202601,202601,4,qubo_sa_old,coefficient_scaled_linear,1,2.3988299055926148,1.7065653856843126,40.56478150297842,0,0.1435626999955275,10000,100
TSP,10,uniform2d_n10_instance202601,202601,4,qubo_sa_penalty,penalty_scaled_geometric,1,2.428830211267039,1.7065653856843126,42.322716237040446,0,0.1452355000001262,10000,100
TSP,10,uniform2d_n10_instance202601,202601,4,dwave_sa,coefficient_scaled_linear,1,2.487681315121005,1.7065653856843126,45.77122775307401,0,0.012497899995651096,10000,100
TSP,10,uniform2d_n10_instance202601,202601,4,openjij_sa,coefficient_scaled_linear,1,2.568267032062752,1.7065653856843126,50.49332733494458,0,0.036341500002890825,10000,100
TSP,10,uniform2d_n10_instance202601,202601,4,qubo_sa_swap,baseline,1,1.706565385684313,1.7065653856843126,0.0,1,0.21788480000395793,10000,100
TSP,10,uniform2d_n10_instance202601,202601,4,two_opt,baseline,1,1.7065653856843126,1.7065653856843126,0.0,1,0.1300388000017847,10000,100
TSP,10,uniform2d_n10_instance202601,202601,5,qubo_sa_old,coefficient_scaled_linear,1,2.277290042617867,1.7065653856843126,33.4428825125092,0,0.15098289999878034,10000,100
TSP,10,uniform2d_n10_instance202601,202601,5,qubo_sa_penalty,penalty_scaled_geometric,1,2.502140487907744,1.7065653856843126,46.61849518906156,0,0.14817649999895366,10000,100
TSP,10,uniform2d_n10_instance202601,202601,5,dwave_sa,coefficient_scaled_linear,1,2.1060592016286077,1.7065653856843126,23.40922998295214,0,0.012816800001019146,10000,100
TSP,10,uniform2d_n10_instance202601,202601,5,openjij_sa,coefficient_scaled_linear,1,2.44727174403681,1.7065653856843126,43.40333892659396,0,0.0344556999989436,10000,100
TSP,10,uniform2d_n10_instance202601,202601,5,qubo_sa_swap,baseline,1,1.706565385684313,1.7065653856843126,0.0,1,0.20764699999563163,10000,100
TSP,10,uniform2d_n10_instance202601,202601,5,two_opt,baseline,1,1.7065653856843126,1.7065653856843126,0.0,1,0.1267955000002985,10000,100
TSP,10,uniform2d_n10_instance202601,202601,6,qubo_sa_old,coefficient_scaled_linear,1,2.3179560525298313,1.7065653856843126,35.825797943297566,0,0.146941600003629,10000,100
TSP,10,uniform2d_n10_instance202601,202601,6,qubo_sa_penalty,penalty_scaled_geometric,1,2.2249846165097797,1.7065653856843126,30.377929563922756,0,0.14760989999922458,10000,100
TSP,10,uniform2d_n10_instance202601,202601,6,dwave_sa,coefficient_scaled_linear,1,2.363441673942499,1.7065653856843126,38.49112924523468,0,0.013518899999326095,10000,100
TSP,10,uniform2d_n10_instance202601,202601,6,openjij_sa,coefficient_scaled_linear,1,2.349301515125239,1.7065653856843126,37.662555143364564,0,0.03653939999639988,10000,100
TSP,10,uniform2d_n10_instance202601,202601,6,qubo_sa_swap,baseline,1,1.7065653856843126,1.7065653856843126,0.0,1,0.2057005000024219,10000,100
TSP,10,uniform2d_n10_instance202601,202601,6,two_opt,baseline,1,1.7065653856843126,1.7065653856843126,0.0,1,0.1271781999967061,10000,100
TSP,10,uniform2d_n10_instance202601,202601,7,qubo_sa_old,coefficient_scaled_linear,1,2.295871925556355,1.7065653856843126,34.531729332816475,0,0.14678039999853354,10000,100
TSP,10,uniform2d_n10_instance202601,202601,7,qubo_sa_penalty,penalty_scaled_geometric,1,2.275933661832191,1.7065653856843126,33.3634023591524,0,0.14671909999742638,10000,100
TSP,10,uniform2d_n10_instance202601,202601,7,dwave_sa,coefficient_scaled_linear,1,2.2919058132768844,1.7065653856843126,34.29932614963107,0,0.013802699999359902,10000,100
TSP,10,uniform2d_n10_instance202601,202601,7,openjij_sa,coefficient_scaled_linear,1,2.1225879530385123,1.7065653856843126,24.377768988170324,0,0.03464660000463482,10000,100
TSP,10,uniform2d_n10_instance202601,202601,7,qubo_sa_swap,baseline,1,1.706565385684313,1.7065653856843126,0.0,1,0.20674720000533853,10000,100
TSP,10,uniform2d_n10_instance202601,202601,7,two_opt,baseline,1,1.7065653856843126,1.7065653856843126,0.0,1,0.14063789999636356,10000,100
TSP,10,uniform2d_n10_instance202601,202601,8,qubo_sa_old,coefficient_scaled_linear,1,2.1577422652172986,1.7065653856843126,26.437714213456243,0,0.14798659999360098,10000,100
TSP,10,uniform2d_n10_instance202601,202601,8,qubo_sa_penalty,penalty_scaled_geometric,1,2.2515387436169307,1.7065653856843126,31.933927788772664,0,0.14953940000123112,10000,100
TSP,10,uniform2d_n10_instance202601,202601,8,dwave_sa,coefficient_scaled_linear,1,2.4853795191656864,1.7065653856843126,45.63634889202201,0,0.013638099997479003,10000,100
TSP,10,uniform2d_n10_instance202601,202601,8,openjij_sa,coefficient_scaled_linear,1,3.239216314564993,1.7065653856843126,89.80909502427916,0,0.03486890000203857,10000,100
TSP,10,uniform2d_n10_instance202601,202601,8,qubo_sa_swap,baseline,1,1.7065653856843126,1.7065653856843126,0.0,1,0.2084952000004705,10000,100
TSP,10,uniform2d_n10_instance202601,202601,8,two_opt,baseline,1,1.7065653856843126,1.7065653856843126,0.0,1,0.13159900000027847,10000,100
TSP,10,uniform2d_n10_instance202601,202601,9,qubo_sa_old,coefficient_scaled_linear,1,2.6247702821888383,1.7065653856843126,53.80426113215324,0,0.14549369999440387,10000,100
TSP,10,uniform2d_n10_instance202601,202601,9,qubo_sa_penalty,penalty_scaled_geometric,1,2.6233303148105556,1.7065653856843126,53.71988303622079,0,0.14747150000039255,10000,100
TSP,10,uniform2d_n10_instance202601,202601,9,dwave_sa,coefficient_scaled_linear,1,2.198707485225384,1.7065653856843126,28.838162526291278,0,0.01258139999845298,10000,100
TSP,10,uniform2d_n10_instance202601,202601,9,openjij_sa,coefficient_scaled_linear,1,2.443184635657889,1.7065653856843126,43.16384570745298,0,0.033914700004970655,10000,100
TSP,10,uniform2d_n10_instance202601,202601,9,qubo_sa_swap,baseline,1,1.706565385684313,1.7065653856843126,0.0,1,0.20384639999974752,10000,100
TSP,10,uniform2d_n10_instance202601,202601,9,two_opt,baseline,1,1.7065653856843126,1.7065653856843126,0.0,1,0.12621609999769134,10000,100
TSP,10,uniform2d_n10_instance202602,202602,0,qubo_sa_old,coefficient_scaled_linear,1,3.375743856539644,2.637668157303587,27.982128729588585,0,0.14934750000247732,10000,100
TSP,10,uniform2d_n10_instance202602,202602,0,qubo_sa_penalty,penalty_scaled_geometric,1,4.0135782738730486,2.637668157303587,52.16388243379391,0,0.1462891999981366,10000,100
TSP,10,uniform2d_n10_instance202602,202602,0,dwave_sa,coefficient_scaled_linear,1,3.7304576785749712,2.637668157303587,41.430136624483936,0,0.013305500004207715,10000,100
TSP,10,uniform2d_n10_instance202602,202602,0,openjij_sa,coefficient_scaled_linear,0,,2.637668157303587,,0,0.0346785000001546,10000,100
TSP,10,uniform2d_n10_instance202602,202602,0,qubo_sa_swap,baseline,1,2.6490495570375816,2.637668157303587,0.4314947542767955,0,0.2067237999945064,10000,100
TSP,10,uniform2d_n10_instance202602,202602,0,two_opt,baseline,1,2.6376681573035867,2.637668157303587,0.0,1,0.12580999999772757,10000,100
TSP,10,uniform2d_n10_instance202602,202602,1,qubo_sa_old,coefficient_scaled_linear,1,3.653625299370797,2.637668157303587,38.51724635087508,0,0.14566489999560872,10000,100
TSP,10,uniform2d_n10_instance202602,202602,1,qubo_sa_penalty,penalty_scaled_geometric,1,3.721463012741245,2.637668157303587,41.089128381698714,0,0.14882189999480033,10000,100
TSP,10,uniform2d_n10_instance202602,202602,1,dwave_sa,coefficient_scaled_linear,1,3.5284992147042544,2.637668157303587,33.77343184486627,0,0.013096000002406072,10000,100
TSP,10,uniform2d_n10_instance202602,202602,1,openjij_sa,coefficient_scaled_linear,1,3.906496797654222,2.637668157303587,48.10418008183872,0,0.036897800004226156,10000,100
TSP,10,uniform2d_n10_instance202602,202602,1,qubo_sa_swap,baseline,1,2.637668157303587,2.637668157303587,0.0,1,0.2092082999952254,10000,100
TSP,10,uniform2d_n10_instance202602,202602,1,two_opt,baseline,1,2.6376681573035867,2.637668157303587,0.0,1,0.12557660000311444,10000,100
TSP,10,uniform2d_n10_instance202602,202602,2,qubo_sa_old,coefficient_scaled_linear,1,3.7885860254279544,2.637668157303587,43.63391448380367,0,0.14741379999759374,10000,100
TSP,10,uniform2d_n10_instance202602,202602,2,qubo_sa_penalty,penalty_scaled_geometric,1,4.640811121933293,2.637668157303587,75.94370653044777,0,0.14807200000359444,10000,100
TSP,10,uniform2d_n10_instance202602,202602,2,dwave_sa,coefficient_scaled_linear,1,4.208688484121702,2.637668157303587,59.56095434022013,0,0.013398099996265955,10000,100
TSP,10,uniform2d_n10_instance202602,202602,2,openjij_sa,coefficient_scaled_linear,1,4.331673383487955,2.637668157303587,64.22359164073545,0,0.052586400001018774,10000,100
TSP,10,uniform2d_n10_instance202602,202602,2,qubo_sa_swap,baseline,1,2.637668157303587,2.637668157303587,0.0,1,0.20767170000181068,10000,100
TSP,10,uniform2d_n10_instance202602,202602,2,two_opt,baseline,1,2.6376681573035867,2.637668157303587,0.0,1,0.12395470000046771,10000,100
TSP,10,uniform2d_n10_instance202602,202602,3,qubo_sa_old,coefficient_scaled_linear,1,3.0997514763009506,2.637668157303587,17.51862976841401,0,0.14801649999571964,10000,100
TSP,10,uniform2d_n10_instance202602,202602,3,qubo_sa_penalty,penalty_scaled_geometric,1,3.4103712742177676,2.637668157303587,29.29493290407286,0,0.14638739999645622,10000,100
TSP,10,uniform2d_n10_instance202602,202602,3,dwave_sa,coefficient_scaled_linear,1,3.2738633475943177,2.637668157303587,24.119606878110655,0,0.013878700003260747,10000,100
TSP,10,uniform2d_n10_instance202602,202602,3,openjij_sa,coefficient_scaled_linear,1,3.543771871893759,2.637668157303587,34.35245302109784,0,0.034664999999222346,10000,100
TSP,10,uniform2d_n10_instance202602,202602,3,qubo_sa_swap,baseline,1,2.637668157303587,2.637668157303587,0.0,1,0.2064239000028465,10000,100
TSP,10,uniform2d_n10_instance202602,202602,3,two_opt,baseline,1,2.6376681573035867,2.637668157303587,0.0,1,0.12350899999728426,10000,100
TSP,10,uniform2d_n10_instance202602,202602,4,qubo_sa_old,coefficient_scaled_linear,1,3.561586207753406,2.637668157303587,35.02783501751463,0,0.1462617999932263,10000,100
TSP,10,uniform2d_n10_instance202602,202602,4,qubo_sa_penalty,penalty_scaled_geometric,1,3.4755801904437376,2.637668157303587,31.767151255172443,0,0.14599949999683304,10000,100
TSP,10,uniform2d_n10_instance202602,202602,4,dwave_sa,coefficient_scaled_linear,1,4.537945248815865,2.637668157303587,72.04382728170313,0,0.013057299998763483,10000,100
TSP,10,uniform2d_n10_instance202602,202602,4,openjij_sa,coefficient_scaled_linear,1,4.412920118383662,2.637668157303587,67.30384018036841,0,0.03440269999555312,10000,100
TSP,10,uniform2d_n10_instance202602,202602,4,qubo_sa_swap,baseline,1,2.637668157303587,2.637668157303587,0.0,1,0.20728080000117188,10000,100
TSP,10,uniform2d_n10_instance202602,202602,4,two_opt,baseline,1,2.6376681573035867,2.637668157303587,0.0,1,0.13997850000305334,10000,100
TSP,10,uniform2d_n10_instance202602,202602,5,qubo_sa_old,coefficient_scaled_linear,1,3.3188841655961543,2.637668157303587,25.82644850173097,0,0.15129180000076303,10000,100
TSP,10,uniform2d_n10_instance202602,202602,5,qubo_sa_penalty,penalty_scaled_geometric,1,3.955640097530391,2.637668157303587,49.96731437111972,0,0.1482040999981109,10000,100
TSP,10,uniform2d_n10_instance202602,202602,5,dwave_sa,coefficient_scaled_linear,1,3.5955859858577424,2.637668157303587,36.31684394800472,0,0.012971299998753238,10000,100
TSP,10,uniform2d_n10_instance202602,202602,5,openjij_sa,coefficient_scaled_linear,1,3.2299525729553245,2.637668157303587,22.45484952349779,0,0.034725200006505474,10000,100
TSP,10,uniform2d_n10_instance202602,202602,5,qubo_sa_swap,baseline,1,2.637668157303587,2.637668157303587,0.0,1,0.20956479999586008,10000,100
TSP,10,uniform2d_n10_instance202602,202602,5,two_opt,baseline,1,2.6376681573035867,2.637668157303587,0.0,1,0.1216439000054379,10000,100
TSP,10,uniform2d_n10_instance202602,202602,6,qubo_sa_old,coefficient_scaled_linear,1,3.56773613450144,2.637668157303587,35.26099273036054,0,0.1476567000063369,10000,100
TSP,10,uniform2d_n10_instance202602,202602,6,qubo_sa_penalty,penalty_scaled_geometric,1,3.357023881601872,2.637668157303587,27.27241189557603,0,0.14996039999823552,10000,100
TSP,10,uniform2d_n10_instance202602,202602,6,dwave_sa,coefficient_scaled_linear,1,3.2677904198880734,2.637668157303587,23.889368374096097,0,0.012919199994939845,10000,100
TSP,10,uniform2d_n10_instance202602,202602,6,openjij_sa,coefficient_scaled_linear,1,3.668693614865277,2.637668157303587,39.08852046861262,0,0.03437959999428131,10000,100
TSP,10,uniform2d_n10_instance202602,202602,6,qubo_sa_swap,baseline,1,2.637668157303587,2.637668157303587,0.0,1,0.2079710000034538,10000,100
TSP,10,uniform2d_n10_instance202602,202602,6,two_opt,baseline,1,2.6376681573035867,2.637668157303587,0.0,1,0.12217589999636402,10000,100
TSP,10,uniform2d_n10_instance202602,202602,7,qubo_sa_old,coefficient_scaled_linear,1,3.3301373506692835,2.637668157303587,26.25308234655219,0,0.1469948000012664,10000,100
TSP,10,uniform2d_n10_instance202602,202602,7,qubo_sa_penalty,penalty_scaled_geometric,1,3.5911017868188893,2.637668157303587,36.14683776180436,0,0.1469165999951656,10000,100
TSP,10,uniform2d_n10_instance202602,202602,7,dwave_sa,coefficient_scaled_linear,1,4.512903791067856,2.637668157303587,71.09444865427155,0,0.013131899999279995,10000,100
TSP,10,uniform2d_n10_instance202602,202602,7,openjij_sa,coefficient_scaled_linear,0,,2.637668157303587,,0,0.03418109999620356,10000,100
TSP,10,uniform2d_n10_instance202602,202602,7,qubo_sa_swap,baseline,1,2.637668157303587,2.637668157303587,0.0,1,0.2050699000028544,10000,100
TSP,10,uniform2d_n10_instance202602,202602,7,two_opt,baseline,1,2.6376681573035867,2.637668157303587,0.0,1,0.12152249999780906,10000,100
TSP,10,uniform2d_n10_instance202602,202602,8,qubo_sa_old,coefficient_scaled_linear,1,2.9838110097541515,2.637668157303587,13.1230629407308,0,0.14742119999573333,10000,100
TSP,10,uniform2d_n10_instance202602,202602,8,qubo_sa_penalty,penalty_scaled_geometric,1,3.2914881379736536,2.637668157303587,24.78780277419157,0,0.14449710000189953,10000,100
TSP,10,uniform2d_n10_instance202602,202602,8,dwave_sa,coefficient_scaled_linear,0,,2.637668157303587,,0,0.012558600006741472,10000,100
TSP,10,uniform2d_n10_instance202602,202602,8,openjij_sa,coefficient_scaled_linear,1,3.361807609014391,2.637668157303587,27.45377388378798,0,0.03469079999922542,10000,100
TSP,10,uniform2d_n10_instance202602,202602,8,qubo_sa_swap,baseline,1,2.637668157303587,2.637668157303587,0.0,1,0.20435350000479957,10000,100
TSP,10,uniform2d_n10_instance202602,202602,8,two_opt,baseline,1,2.6376681573035867,2.637668157303587,0.0,1,0.12399509999522706,10000,100
TSP,10,uniform2d_n10_instance202602,202602,9,qubo_sa_old,coefficient_scaled_linear,1,3.219110698923522,2.637668157303587,22.043809415901915,0,0.14674610000656685,10000,100
TSP,10,uniform2d_n10_instance202602,202602,9,qubo_sa_penalty,penalty_scaled_geometric,1,4.057530015893663,2.637668157303587,53.83019295503648,0,0.14663709999877028,10000,100
TSP,10,uniform2d_n10_instance202602,202602,9,dwave_sa,coefficient_scaled_linear,1,3.365778580620879,2.637668157303587,27.60432245053974,0,0.013562400003138464,10000,100
TSP,10,uniform2d_n10_instance202602,202602,9,openjij_sa,coefficient_scaled_linear,0,,2.637668157303587,,0,0.033873400003358256,10000,100
TSP,10,uniform2d_n10_instance202602,202602,9,qubo_sa_swap,baseline,1,2.637668157303587,2.637668157303587,0.0,1,0.2049399000025005,10000,100
TSP,10,uniform2d_n10_instance202602,202602,9,two_opt,baseline,1,2.6376681573035867,2.637668157303587,0.0,1,0.12142120000498835,10000,100
TSP,10,uniform2d_n10_instance202603,202603,0,qubo_sa_old,coefficient_scaled_linear,1,4.026147686106974,3.0990079620991002,29.91730693650363,0,0.14682560000073863,10000,100
TSP,10,uniform2d_n10_instance202603,202603,0,qubo_sa_penalty,penalty_scaled_geometric,1,4.538697814320185,3.0990079620991002,46.456474776073705,0,0.15893060000234982,10000,100
TSP,10,uniform2d_n10_instance202603,202603,0,dwave_sa,coefficient_scaled_linear,1,4.0644930701177024,3.0990079620991002,31.154650772972992,0,0.012965699999767821,10000,100
TSP,10,uniform2d_n10_instance202603,202603,0,openjij_sa,coefficient_scaled_linear,1,3.602666651823183,3.0990079620991002,16.252255427666974,0,0.033027099998435006,10000,100
TSP,10,uniform2d_n10_instance202603,202603,0,qubo_sa_swap,baseline,1,3.0990079620991002,3.0990079620991002,0.0,1,0.2027287000018987,10000,100
TSP,10,uniform2d_n10_instance202603,202603,0,two_opt,baseline,1,3.2265460079042496,3.0990079620991002,4.115447503360459,0,0.1221847000051639,10000,100
TSP,10,uniform2d_n10_instance202603,202603,1,qubo_sa_old,coefficient_scaled_linear,1,3.885759412942945,3.0990079620991002,25.38720327491324,0,0.1510245000026771,10000,100
TSP,10,uniform2d_n10_instance202603,202603,1,qubo_sa_penalty,penalty_scaled_geometric,1,4.411333314412668,3.0990079620991002,42.34662731955905,0,0.15158830000291346,10000,100
TSP,10,uniform2d_n10_instance202603,202603,1,dwave_sa,coefficient_scaled_linear,1,4.691037015918263,3.0990079620991002,51.37221566674543,0,0.013213400001404807,10000,100
TSP,10,uniform2d_n10_instance202603,202603,1,openjij_sa,coefficient_scaled_linear,1,4.826806419353605,3.0990079620991002,55.75327583489613,0,0.035793099996226374,10000,100
TSP,10,uniform2d_n10_instance202603,202603,1,qubo_sa_swap,baseline,1,3.0990079620991002,3.0990079620991002,0.0,1,0.217126499999722,10000,100
TSP,10,uniform2d_n10_instance202603,202603,1,two_opt,baseline,1,3.2265460079042496,3.0990079620991002,4.115447503360459,0,0.1282989000028465,10000,100
TSP,10,uniform2d_n10_instance202603,202603,2,qubo_sa_old,coefficient_scaled_linear,1,3.9139764170299896,3.0990079620991002,26.297720589877848,0,0.1537370000005467,10000,100
TSP,10,uniform2d_n10_instance202603,202603,2,qubo_sa_penalty,penalty_scaled_geometric,1,4.78628485931117,3.0990079620991002,54.445710299795415,0,0.14424549999966985,10000,100
TSP,10,uniform2d_n10_instance202603,202603,2,dwave_sa,coefficient_scaled_linear,1,4.5682142703072435,3.0990079620991002,47.4089233127682,0,0.013052399997832254,10000,100
TSP,10,uniform2d_n10_instance202603,202603,2,openjij_sa,coefficient_scaled_linear,1,3.8588096922972484,3.0990079620991002,24.517579157282942,0,0.03528889999870444,10000,100
TSP,10,uniform2d_n10_instance202603,202603,2,qubo_sa_swap,baseline,1,3.0990079620991002,3.0990079620991002,0.0,1,0.20754570000281092,10000,100
TSP,10,uniform2d_n10_instance202603,202603,2,two_opt,baseline,1,3.2265460079042496,3.0990079620991002,4.115447503360459,0,0.10627659999590833,10000,100
TSP,10,uniform2d_n10_instance202603,202603,3,qubo_sa_old,coefficient_scaled_linear,1,3.874862864156884,3.0990079620991002,25.03558918036022,0,0.14956549999624258,10000,100
TSP,10,uniform2d_n10_instance202603,202603,3,qubo_sa_penalty,penalty_scaled_geometric,1,3.3954186744611596,3.0990079620991002,9.564696702530796,0,0.14736430000630207,10000,100
TSP,10,uniform2d_n10_instance202603,202603,3,dwave_sa,coefficient_scaled_linear,1,3.6540492297801714,3.0990079620991002,17.91028853327361,0,0.013041100006375927,10000,100
TSP,10,uniform2d_n10_instance202603,202603,3,openjij_sa,coefficient_scaled_linear,1,4.210965056216891,3.0990079620991002,35.881066061043995,0,0.034572700002172496,10000,100
TSP,10,uniform2d_n10_instance202603,202603,3,qubo_sa_swap,baseline,1,3.0990079620991002,3.0990079620991002,0.0,1,0.20614629999909084,10000,100
TSP,10,uniform2d_n10_instance202603,202603,3,two_opt,baseline,1,3.2265460079042496,3.0990079620991002,4.115447503360459,0,0.1386415000015404,10000,100
TSP,10,uniform2d_n10_instance202603,202603,4,qubo_sa_old,coefficient_scaled_linear,1,4.095762225784223,3.0990079620991002,32.163656107871866,0,0.14854580000246642,10000,100
TSP,10,uniform2d_n10_instance202603,202603,4,qubo_sa_penalty,penalty_scaled_geometric,1,3.673808670923943,3.0990079620991002,18.547893902005463,0,0.14525439999852097,10000,100
TSP,10,uniform2d_n10_instance202603,202603,4,dwave_sa,coefficient_scaled_linear,1,3.22654600790425,3.0990079620991002,4.115447503360481,0,0.013229400006821379,10000,100
TSP,10,uniform2d_n10_instance202603,202603,4,openjij_sa,coefficient_scaled_linear,1,4.487066061265135,3.0990079620991002,44.790401191026284,0,0.034063399994920474,10000,100
TSP,10,uniform2d_n10_instance202603,202603,4,qubo_sa_swap,baseline,1,3.0990079620991002,3.0990079620991002,0.0,1,0.20781189999979688,10000,100
TSP,10,uniform2d_n10_instance202603,202603,4,two_opt,baseline,1,3.2265460079042496,3.0990079620991002,4.115447503360459,0,0.12019039999722736,10000,100
TSP,10,uniform2d_n10_instance202603,202603,5,qubo_sa_old,coefficient_scaled_linear,1,3.601398351856081,3.0990079620991002,16.211329428682355,0,0.15292939999926602,10000,100
TSP,10,uniform2d_n10_instance202603,202603,5,qubo_sa_penalty,penalty_scaled_geometric,1,3.696348832208066,3.0990079620991002,19.27522863491966,0,0.14716219999536406,10000,100
TSP,10,uniform2d_n10_instance202603,202603,5,dwave_sa,coefficient_scaled_linear,1,4.1085738746275275,3.0990079620991002,32.577067399484896,0,0.012666000002354849,10000,100
TSP,10,uniform2d_n10_instance202603,202603,5,openjij_sa,coefficient_scaled_linear,1,4.312855197426983,3.0990079620991002,39.168896955840296,0,0.03405090000160271,10000,100
TSP,10,uniform2d_n10_instance202603,202603,5,qubo_sa_swap,baseline,1,3.0990079620991002,3.0990079620991002,0.0,1,0.2063216000024113,10000,100
TSP,10,uniform2d_n10_instance202603,202603,5,two_opt,baseline,1,3.2265460079042496,3.0990079620991002,4.115447503360459,0,0.12144869999610819,10000,100
TSP,10,uniform2d_n10_instance202603,202603,6,qubo_sa_old,coefficient_scaled_linear,1,3.8373344607658733,3.0990079620991002,23.824607993800395,0,0.14882049999869196,10000,100
TSP,10,uniform2d_n10_instance202603,202603,6,qubo_sa_penalty,penalty_scaled_geometric,1,4.321607505238392,3.0990079620991002,39.45131984466308,0,0.14442799999960698,10000,100
TSP,10,uniform2d_n10_instance202603,202603,6,dwave_sa,coefficient_scaled_linear,1,4.732626724725932,3.0990079620991002,52.714248643630704,0,0.013112400003592484,10000,100
TSP,10,uniform2d_n10_instance202603,202603,6,openjij_sa,coefficient_scaled_linear,1,4.313308698672624,3.0990079620991002,39.18353071126097,0,0.033961399996769615,10000,100
TSP,10,uniform2d_n10_instance202603,202603,6,qubo_sa_swap,baseline,1,3.0990079620991002,3.0990079620991002,0.0,1,0.20425750000140397,10000,100
TSP,10,uniform2d_n10_instance202603,202603,6,two_opt,baseline,1,3.2265460079042496,3.0990079620991002,4.115447503360459,0,0.120293899999524,10000,100
TSP,10,uniform2d_n10_instance202603,202603,7,qubo_sa_old,coefficient_scaled_linear,1,3.6381957150497617,3.0990079620991002,17.398721124467365,0,0.1555272999976296,10000,100
TSP,10,uniform2d_n10_instance202603,202603,7,qubo_sa_penalty,penalty_scaled_geometric,1,3.606135920614954,3.0990079620991002,16.36420314881517,0,0.14656210000248393,10000,100
TSP,10,uniform2d_n10_instance202603,202603,7,dwave_sa,coefficient_scaled_linear,1,3.9368622593316784,3.0990079620991002,27.03620989295752,0,0.01276740000321297,10000,100
TSP,10,uniform2d_n10_instance202603,202603,7,openjij_sa,coefficient_scaled_linear,1,4.182802607290796,3.0990079620991002,34.9723091533328,0,0.035243099999206606,10000,100
TSP,10,uniform2d_n10_instance202603,202603,7,qubo_sa_swap,baseline,1,3.0990079620991002,3.0990079620991002,0.0,1,0.20508580000023358,10000,100
TSP,10,uniform2d_n10_instance202603,202603,7,two_opt,baseline,1,3.2265460079042496,3.0990079620991002,4.115447503360459,0,0.1247942999980296,10000,100
TSP,10,uniform2d_n10_instance202603,202603,8,qubo_sa_old,coefficient_scaled_linear,1,3.949985461635268,3.0990079620991002,27.459674513380783,0,0.14676190000318456,10000,100
TSP,10,uniform2d_n10_instance202603,202603,8,qubo_sa_penalty,penalty_scaled_geometric,1,4.657432814320759,3.0990079620991002,50.2878621572197,0,0.15610379999998258,10000,100
TSP,10,uniform2d_n10_instance202603,202603,8,dwave_sa,coefficient_scaled_linear,1,4.093336365418345,3.0990079620991002,32.08537749756992,0,0.017430400002922397,10000,100
TSP,10,uniform2d_n10_instance202603,202603,8,openjij_sa,coefficient_scaled_linear,1,3.6895430825950317,3.0990079620991002,19.055618046748577,0,0.03475060000346275,10000,100
TSP,10,uniform2d_n10_instance202603,202603,8,qubo_sa_swap,baseline,1,3.0990079620991002,3.0990079620991002,0.0,1,0.20366330000251764,10000,100
TSP,10,uniform2d_n10_instance202603,202603,8,two_opt,baseline,1,3.2265460079042496,3.0990079620991002,4.115447503360459,0,0.12101389999588719,10000,100
TSP,10,uniform2d_n10_instance202603,202603,9,qubo_sa_old,coefficient_scaled_linear,1,3.808189794424889,3.0990079620991002,22.88415651069924,0,0.1457345000017085,10000,100
TSP,10,uniform2d_n10_instance202603,202603,9,qubo_sa_penalty,penalty_scaled_geometric,1,4.635678969099049,3.0990079620991002,49.585900578296396,0,0.14557670000067446,10000,100
TSP,10,uniform2d_n10_instance202603,202603,9,dwave_sa,coefficient_scaled_linear,1,4.82395919749982,3.0990079620991002,55.66140056743616,0,0.013232999997853767,10000,100
TSP,10,uniform2d_n10_instance202603,202603,9,openjij_sa,coefficient_scaled_linear,1,3.819433763980519,3.0990079620991002,23.24698131441525,0,0.03370810000342317,10000,100
TSP,10,uniform2d_n10_instance202603,202603,9,qubo_sa_swap,baseline,1,3.0990079620991002,3.0990079620991002,0.0,1,0.20533059999434045,10000,100
TSP,10,uniform2d_n10_instance202603,202603,9,two_opt,baseline,1,3.2265460079042496,3.0990079620991002,4.115447503360459,0,0.11985719999938738,10000,100
TSP,10,uniform2d_n10_instance202604,202604,0,qubo_sa_old,coefficient_scaled_linear,1,2.9769508966764913,2.1448808240142228,38.79330093058593,0,0.1580748999986099,10000,100
TSP,10,uniform2d_n10_instance202604,202604,0,qubo_sa_penalty,penalty_scaled_geometric,1,3.338615283893971,2.1448808240142228,55.65504836047863,0,0.1458379999967292,10000,100
TSP,10,uniform2d_n10_instance202604,202604,0,dwave_sa,coefficient_scaled_linear,1,3.7237070734013598,2.1448808240142228,73.60904306246283,0,0.013845499997842126,10000,100
TSP,10,uniform2d_n10_instance202604,202604,0,openjij_sa,coefficient_scaled_linear,1,2.6968002363004056,2.1448808240142228,25.731938395217945,0,0.03398530000413302,10000,100
TSP,10,uniform2d_n10_instance202604,202604,0,qubo_sa_swap,baseline,1,2.1448808240142228,2.1448808240142228,0.0,1,0.20622590000130003,10000,100
TSP,10,uniform2d_n10_instance202604,202604,0,two_opt,baseline,1,2.1448808240142223,2.1448808240142228,0.0,1,0.12070360000507208,10000,100
TSP,10,uniform2d_n10_instance202604,202604,1,qubo_sa_old,coefficient_scaled_linear,1,2.35054781284946,2.1448808240142228,9.588737356993281,0,0.14727680000214605,10000,100
TSP,10,uniform2d_n10_instance202604,202604,1,qubo_sa_penalty,penalty_scaled_geometric,1,3.3327753576149477,2.1448808240142228,55.38277559764542,0,0.14721669999562437,10000,100
TSP,10,uniform2d_n10_instance202604,202604,1,dwave_sa,coefficient_scaled_linear,1,3.4966491151678847,2.1448808240142228,63.02300230479838,0,0.013177699998777825,10000,100
TSP,10,uniform2d_n10_instance202604,202604,1,openjij_sa,coefficient_scaled_linear,1,3.4142034488956106,2.1448808240142228,59.179167936510524,0,0.034348499997577164,10000,100
TSP,10,uniform2d_n10_instance202604,202604,1,qubo_sa_swap,baseline,1,2.1448808240142228,2.1448808240142228,0.0,1,0.2087424000055762,10000,100
TSP,10,uniform2d_n10_instance202604,202604,1,two_opt,baseline,1,2.1448808240142223,2.1448808240142228,0.0,1,0.12376799999765353,10000,100
TSP,10,uniform2d_n10_instance202604,202604,2,qubo_sa_old,coefficient_scaled_linear,1,2.9543772358138156,2.1448808240142228,37.7408573351218,0,0.148236300003191,10000,100
TSP,10,uniform2d_n10_instance202604,202604,2,qubo_sa_penalty,penalty_scaled_geometric,1,3.589239908549094,2.1448808240142228,67.33982925129148,0,0.14289060000010068,10000,100
TSP,10,uniform2d_n10_instance202604,202604,2,dwave_sa,coefficient_scaled_linear,1,2.8155679694784306,2.1448808240142228,31.269203302819992,0,0.012559399998281151,10000,100
TSP,10,uniform2d_n10_instance202604,202604,2,openjij_sa,coefficient_scaled_linear,1,3.511228239764826,2.1448808240142228,63.70271953820883,0,0.03430240000307094,10000,100
TSP,10,uniform2d_n10_instance202604,202604,2,qubo_sa_swap,baseline,1,2.1448808240142228,2.1448808240142228,0.0,1,0.20846239999809768,10000,100
TSP,10,uniform2d_n10_instance202604,202604,2,two_opt,baseline,1,2.1448808240142223,2.1448808240142228,0.0,1,0.12382290000095963,10000,100
TSP,10,uniform2d_n10_instance202604,202604,3,qubo_sa_old,coefficient_scaled_linear,1,3.379086852668312,2.1448808240142228,57.541939619014705,0,0.14817880000191508,10000,100
TSP,10,uniform2d_n10_instance202604,202604,3,qubo_sa_penalty,penalty_scaled_geometric,1,3.374497118076621,2.1448808240142228,57.327954089361775,0,0.1464985999991768,10000,100
TSP,10,uniform2d_n10_instance202604,202604,3,dwave_sa,coefficient_scaled_linear,1,2.5782886094623025,2.1448808240142228,20.206613840527577,0,0.012636100000236183,10000,100
TSP,10,uniform2d_n10_instance202604,202604,3,openjij_sa,coefficient_scaled_linear,1,3.2755217213807817,2.1448808240142228,52.71346010033897,0,0.034145199999329634,10000,100
TSP,10,uniform2d_n10_instance202604,202604,3,qubo_sa_swap,baseline,1,2.1448808240142228,2.1448808240142228,0.0,1,0.20570199999929173,10000,100
TSP,10,uniform2d_n10_instance202604,202604,3,two_opt,baseline,1,2.1448808240142223,2.1448808240142228,0.0,1,0.11990050000167685,10000,100
TSP,10,uniform2d_n10_instance202604,202604,4,qubo_sa_old,coefficient_scaled_linear,1,3.410409827466856,2.1448808240142228,59.002299301839514,0,0.1465336999972351,10000,100
TSP,10,uniform2d_n10_instance202604,202604,4,qubo_sa_penalty,penalty_scaled_geometric,1,3.2120827106937178,2.1448808240142228,49.755766135397096,0,0.14674940000259085,10000,100
TSP,10,uniform2d_n10_instance202604,202604,4,dwave_sa,coefficient_scaled_linear,1,3.194865458813257,2.1448808240142228,48.953052451368805,0,0.01330479999887757,10000,100
TSP,10,uniform2d_n10_instance202604,202604,4,openjij_sa,coefficient_scaled_linear,1,2.6134440311774187,2.1448808240142228,21.845652304647057,0,0.03392529999837279,10000,100
TSP,10,uniform2d_n10_instance202604,202604,4,qubo_sa_swap,baseline,1,2.1984744117693467,2.1448808240142228,2.4986743857787763,0,0.20539780000399332,10000,100
TSP,10,uniform2d_n10_instance202604,202604,4,two_opt,baseline,1,2.1448808240142223,2.1448808240142228,0.0,1,0.12250399999902584,10000,100
TSP,10,uniform2d_n10_instance202604,202604,5,qubo_sa_old,coefficient_scaled_linear,0,,2.1448808240142228,,0,0.10134240000479622,10000,100
TSP,10,uniform2d_n10_instance202604,202604,5,qubo_sa_penalty,penalty_scaled_geometric,1,2.7637352415908185,2.1448808240142228,28.852624847397678,0,0.14477240000269376,10000,100
TSP,10,uniform2d_n10_instance202604,202604,5,dwave_sa,coefficient_scaled_linear,1,4.1167522657024485,2.1448808240142228,91.93384637556674,0,0.013507899995602202,10000,100
TSP,10,uniform2d_n10_instance202604,202604,5,openjij_sa,coefficient_scaled_linear,1,2.9987229896279013,2.1448808240142228,39.80837331631702,0,0.03538429999753134,10000,100
TSP,10,uniform2d_n10_instance202604,202604,5,qubo_sa_swap,baseline,1,2.1448808240142228,2.1448808240142228,0.0,1,0.2045090000028722,10000,100
TSP,10,uniform2d_n10_instance202604,202604,5,two_opt,baseline,1,2.1448808240142223,2.1448808240142228,0.0,1,0.12333080000098562,10000,100
TSP,10,uniform2d_n10_instance202604,202604,6,qubo_sa_old,coefficient_scaled_linear,1,2.8346440141322793,2.1448808240142228,32.15857880752273,0,0.1464750999948592,10000,100
TSP,10,uniform2d_n10_instance202604,202604,6,qubo_sa_penalty,penalty_scaled_geometric,1,2.33231599081188,2.1448808240142228,8.738721736849953,0,0.1546669999952428,10000,100
TSP,10,uniform2d_n10_instance202604,202604,6,dwave_sa,coefficient_scaled_linear,1,2.905365716258878,2.1448808240142228,35.455811051608,0,0.01246240000182297,10000,100
TSP,10,uniform2d_n10_instance202604,202604,6,openjij_sa,coefficient_scaled_linear,1,2.2442134543677708,2.1448808240142228,4.6311491641593205,0,0.03497929999866756,10000,100
TSP,10,uniform2d_n10_instance202604,202604,6,qubo_sa_swap,baseline,1,2.1448808240142228,2.1448808240142228,0.0,1,0.20338069999706931,10000,100
TSP,10,uniform2d_n10_instance202604,202604,6,two_opt,baseline,1,2.1448808240142223,2.1448808240142228,0.0,1,0.12199400000099558,10000,100
TSP,10,uniform2d_n10_instance202604,202604,7,qubo_sa_old,coefficient_scaled_linear,1,3.0698013812838445,2.1448808240142228,43.12223536683959,0,0.1451357999976608,10000,100
TSP,10,uniform2d_n10_instance202604,202604,7,qubo_sa_penalty,penalty_scaled_geometric,1,3.078247649237062,2.1448808240142228,43.51602265136621,0,0.1431088000026648,10000,100
TSP,10,uniform2d_n10_instance202604,202604,7,dwave_sa,coefficient_scaled_linear,1,3.112863759019687,2.1448808240142228,45.12991697104405,0,0.013524000001780223,10000,100
TSP,10,uniform2d_n10_instance202604,202604,7,openjij_sa,coefficient_scaled_linear,1,3.843504126410898,2.1448808240142228,79.19429757489462,0,0.03443229999538744,10000,100
TSP,10,uniform2d_n10_instance202604,202604,7,qubo_sa_swap,baseline,1,2.2294578189746264,2.1448808240142228,3.943202531976331,0,0.2140205999967293,10000,100
TSP,10,uniform2d_n10_instance202604,202604,7,two_opt,baseline,1,2.1448808240142223,2.1448808240142228,0.0,1,0.12744589999783784,10000,100
TSP,10,uniform2d_n10_instance202604,202604,8,qubo_sa_old,coefficient_scaled_linear,1,3.2022362325536387,2.1448808240142228,49.296697359648014,0,0.14708899999823188,10000,100
TSP,10,uniform2d_n10_instance202604,202604,8,qubo_sa_penalty,penalty_scaled_geometric,1,2.8194487424914274,2.1448808240142228,31.450135174164416,0,0.14593500000046333,10000,100
TSP,10,uniform2d_n10_instance202604,202604,8,dwave_sa,coefficient_scaled_linear,1,3.347813473986419,2.1448808240142228,56.0838922379316,0,0.013559000006353017,10000,100
TSP,10,uniform2d_n10_instance202604,202604,8,openjij_sa,coefficient_scaled_linear,1,2.7256976994756483,2.1448808240142228,27.079214330165225,0,0.03448029999708524,10000,100
TSP,10,uniform2d_n10_instance202604,202604,8,qubo_sa_swap,baseline,1,2.1984744117693467,2.1448808240142228,2.4986743857787763,0,0.20458160000271164,10000,100
TSP,10,uniform2d_n10_instance202604,202604,8,two_opt,baseline,1,2.1448808240142223,2.1448808240142228,0.0,1,0.12169320000248263,10000,100
TSP,10,uniform2d_n10_instance202604,202604,9,qubo_sa_old,coefficient_scaled_linear,1,3.1937022242628075,2.1448808240142228,48.8988193892133,0,0.1646510999999009,10000,100
TSP,10,uniform2d_n10_instance202604,202604,9,qubo_sa_penalty,penalty_scaled_geometric,1,3.1345703583363576,2.1448808240142228,46.14193587081892,0,0.14881990000139922,10000,100
TSP,10,uniform2d_n10_instance202604,202604,9,dwave_sa,coefficient_scaled_linear,1,3.1896946880673207,2.1448808240142228,48.7119774840306,0,0.013343800004804507,10000,100
TSP,10,uniform2d_n10_instance202604,202604,9,openjij_sa,coefficient_scaled_linear,1,3.1194909783231433,2.1448808240142228,45.438895410743704,0,0.03417220000119414,10000,100
TSP,10,uniform2d_n10_instance202604,202604,9,qubo_sa_swap,baseline,1,2.1448808240142228,2.1448808240142228,0.0,1,0.205064300003869,10000,100
TSP,10,uniform2d_n10_instance202604,202604,9,two_opt,baseline,1,2.1448808240142223,2.1448808240142228,0.0,1,0.12189159999979893,10000,100
TSP,10,uniform2d_n10_instance202605,202605,0,qubo_sa_old,coefficient_scaled_linear,1,4.289943404491364,2.776377471213919,54.5158556057461,0,0.14776010000059614,10000,100
TSP,10,uniform2d_n10_instance202605,202605,0,qubo_sa_penalty,penalty_scaled_geometric,1,4.744112428077904,2.776377471213919,70.8741868591676,0,0.15077509999537142,10000,100
TSP,10,uniform2d_n10_instance202605,202605,0,dwave_sa,coefficient_scaled_linear,1,4.436460272764812,2.776377471213919,59.793123188867135,0,0.012881199996627402,10000,100
TSP,10,uniform2d_n10_instance202605,202605,0,openjij_sa,coefficient_scaled_linear,1,4.462581789717663,2.776377471213919,60.733972090851275,0,0.03546990000177175,10000,100
TSP,10,uniform2d_n10_instance202605,202605,0,qubo_sa_swap,baseline,1,2.7763774712139195,2.776377471213919,0.0,1,0.20453379999526078,10000,100
TSP,10,uniform2d_n10_instance202605,202605,0,two_opt,baseline,1,2.7763774712139186,2.776377471213919,0.0,1,0.12960690000181785,10000,100
TSP,10,uniform2d_n10_instance202605,202605,1,qubo_sa_old,coefficient_scaled_linear,1,3.8185624136526446,2.776377471213919,37.537581011383494,0,0.1472418999983347,10000,100
TSP,10,uniform2d_n10_instance202605,202605,1,qubo_sa_penalty,penalty_scaled_geometric,1,4.492409683890206,2.776377471213919,61.80831786990348,0,0.14446299999690382,10000,100
TSP,10,uniform2d_n10_instance202605,202605,1,dwave_sa,coefficient_scaled_linear,1,3.9187222839964106,2.776377471213919,41.145154959171414,0,0.012506999999459367,10000,100
TSP,10,uniform2d_n10_instance202605,202605,1,openjij_sa,coefficient_scaled_linear,1,3.5578068141468804,2.776377471213919,28.145644856831954,0,0.03490600000077393,10000,100
TSP,10,uniform2d_n10_instance202605,202605,1,qubo_sa_swap,baseline,1,2.7763774712139195,2.776377471213919,0.0,1,0.20581659999879776,10000,100
TSP,10,uniform2d_n10_instance202605,202605,1,two_opt,baseline,1,2.7763774712139186,2.776377471213919,0.0,1,0.12810870000248542,10000,100
TSP,10,uniform2d_n10_instance202605,202605,2,qubo_sa_old,coefficient_scaled_linear,1,3.7625766374074168,2.776377471213919,35.52107652574708,0,0.1484106999996584,10000,100
TSP,10,uniform2d_n10_instance202605,202605,2,qubo_sa_penalty,penalty_scaled_geometric,1,4.133119318985652,2.776377471213919,48.86734105281882,0,0.14876959999674,10000,100
TSP,10,uniform2d_n10_instance202605,202605,2,dwave_sa,coefficient_scaled_linear,0,,2.776377471213919,,0,0.012599900001077913,10000,100
TSP,10,uniform2d_n10_instance202605,202605,2,openjij_sa,coefficient_scaled_linear,1,3.871461493547905,2.776377471213919,39.44290838288573,0,0.034517799998866394,10000,100
TSP,10,uniform2d_n10_instance202605,202605,2,qubo_sa_swap,baseline,1,2.776377471213919,2.776377471213919,0.0,1,0.20731309999973746,10000,100
TSP,10,uniform2d_n10_instance202605,202605,2,two_opt,baseline,1,2.7763774712139186,2.776377471213919,0.0,1,0.1264253999979701,10000,100
TSP,10,uniform2d_n10_instance202605,202605,3,qubo_sa_old,coefficient_scaled_linear,1,3.3859891882399067,2.776377471213919,21.95709060985307,0,0.14897889999701874,10000,100
TSP,10,uniform2d_n10_instance202605,202605,3,qubo_sa_penalty,penalty_scaled_geometric,1,3.0975037192905206,2.776377471213919,11.566375660590378,0,0.14631879999797093,10000,100
TSP,10,uniform2d_n10_instance202605,202605,3,dwave_sa,coefficient_scaled_linear,1,3.3300990515383404,2.776377471213919,19.944030884327724,0,0.013243100002000574,10000,100
TSP,10,uniform2d_n10_instance202605,202605,3,openjij_sa,coefficient_scaled_linear,1,3.436662142761962,2.776377471213919,23.78223704788045,0,0.033999500003119465,10000,100
TSP,10,uniform2d_n10_instance202605,202605,3,qubo_sa_swap,baseline,1,2.7763774712139195,2.776377471213919,0.0,1,0.20737070000177482,10000,100
TSP,10,uniform2d_n10_instance202605,202605,3,two_opt,baseline,1,2.7763774712139186,2.776377471213919,0.0,1,0.12845210000523366,10000,100
TSP,10,uniform2d_n10_instance202605,202605,4,qubo_sa_old,coefficient_scaled_linear,1,4.028673138732004,2.776377471213919,45.10538212120494,0,0.1457927000010386,10000,100
TSP,10,uniform2d_n10_instance202605,202605,4,qubo_sa_penalty,penalty_scaled_geometric,1,4.2582280612572765,2.776377471213919,53.373527389827366,0,0.14945199999783654,10000,100
TSP,10,uniform2d_n10_instance202605,202605,4,dwave_sa,coefficient_scaled_linear,0,,2.776377471213919,,0,0.01266080000641523,10000,100
TSP,10,uniform2d_n10_instance202605,202605,4,openjij_sa,coefficient_scaled_linear,1,3.7478864452742386,2.776377471213919,34.99196287727928,0,0.033644399998593144,10000,100
TSP,10,uniform2d_n10_instance202605,202605,4,qubo_sa_swap,baseline,1,2.776377471213919,2.776377471213919,0.0,1,0.20613220000086585,10000,100
TSP,10,uniform2d_n10_instance202605,202605,4,two_opt,baseline,1,2.7763774712139186,2.776377471213919,0.0,1,0.1281548000042676,10000,100
TSP,10,uniform2d_n10_instance202605,202605,5,qubo_sa_old,coefficient_scaled_linear,1,4.243191692048236,2.776377471213919,52.83194508104763,0,0.16356389999418752,10000,100
TSP,10,uniform2d_n10_instance202605,202605,5,qubo_sa_penalty,penalty_scaled_geometric,1,3.883900964640869,2.776377471213919,39.890955207279724,0,0.14743599999928847,10000,100
TSP,10,uniform2d_n10_instance202605,202605,5,dwave_sa,coefficient_scaled_linear,1,3.934368075870581,2.776377471213919,41.70868754926009,0,0.013716900000872556,10000,100
TSP,10,uniform2d_n10_instance202605,202605,5,openjij_sa,coefficient_scaled_linear,1,3.8446995591309534,2.776377471213919,38.47899282405323,0,0.03417980000085663,10000,100
TSP,10,uniform2d_n10_instance202605,202605,5,qubo_sa_swap,baseline,1,2.7763774712139195,2.776377471213919,0.0,1,0.20554310000443365,10000,100
TSP,10,uniform2d_n10_instance202605,202605,5,two_opt,baseline,1,2.7763774712139186,2.776377471213919,0.0,1,0.12367349999840371,10000,100
TSP,10,uniform2d_n10_instance202605,202605,6,qubo_sa_old,coefficient_scaled_linear,1,3.8800422171882003,2.776377471213919,39.75197023521893,0,0.14865109999664128,10000,100
TSP,10,uniform2d_n10_instance202605,202605,6,qubo_sa_penalty,penalty_scaled_geometric,1,3.8119185784816043,2.776377471213919,37.298282312271965,0,0.14740840000013122,10000,100
TSP,10,uniform2d_n10_instance202605,202605,6,dwave_sa,coefficient_scaled_linear,0,,2.776377471213919,,0,0.012957399994775187,10000,100
TSP,10,uniform2d_n10_instance202605,202605,6,openjij_sa,coefficient_scaled_linear,1,3.5632559787092646,2.776377471213919,28.34191372224677,0,0.03403459999390179,10000,100
TSP,10,uniform2d_n10_instance202605,202605,6,qubo_sa_swap,baseline,1,2.7763774712139195,2.776377471213919,0.0,1,0.20721740000590216,10000,100
TSP,10,uniform2d_n10_instance202605,202605,6,two_opt,baseline,1,2.7763774712139186,2.776377471213919,0.0,1,0.12707020000379998,10000,100
TSP,10,uniform2d_n10_instance202605,202605,7,qubo_sa_old,coefficient_scaled_linear,1,4.056006668304817,2.776377471213919,46.08988548417388,0,0.14645279999967897,10000,100
TSP,10,uniform2d_n10_instance202605,202605,7,qubo_sa_penalty,penalty_scaled_geometric,1,3.8338759453787103,2.776377471213919,38.08914620325095,0,0.14813020000292454,10000,100
TSP,10,uniform2d_n10_instance202605,202605,7,dwave_sa,coefficient_scaled_linear,0,,2.776377471213919,,0,0.01279880000220146,10000,100
TSP,10,uniform2d_n10_instance202605,202605,7,openjij_sa,coefficient_scaled_linear,1,4.101462091057678,2.776377471213919,47.72710604312713,0,0.03485240000009071,10000,100
TSP,10,uniform2d_n10_instance202605,202605,7,qubo_sa_swap,baseline,1,2.776377471213919,2.776377471213919,0.0,1,0.20578740000200924,10000,100
TSP,10,uniform2d_n10_instance202605,202605,7,two_opt,baseline,1,2.7763774712139186,2.776377471213919,0.0,1,0.1279039000000921,10000,100
TSP,10,uniform2d_n10_instance202605,202605,8,qubo_sa_old,coefficient_scaled_linear,1,3.8681528602088737,2.776377471213919,39.323737507407316,0,0.1629825999989407,10000,100
TSP,10,uniform2d_n10_instance202605,202605,8,qubo_sa_penalty,penalty_scaled_geometric,1,4.344738528828452,2.776377471213919,56.48947500387245,0,0.14871629999834113,10000,100
TSP,10,uniform2d_n10_instance202605,202605,8,dwave_sa,coefficient_scaled_linear,1,3.844131506944203,2.776377471213919,38.45853263113492,0,0.012828300001274329,10000,100
TSP,10,uniform2d_n10_instance202605,202605,8,openjij_sa,coefficient_scaled_linear,1,4.305634566785508,2.776377471213919,55.08102235475025,0,0.0341679999983171,10000,100
TSP,10,uniform2d_n10_instance202605,202605,8,qubo_sa_swap,baseline,1,2.7763774712139195,2.776377471213919,0.0,1,0.20551390000036918,10000,100
TSP,10,uniform2d_n10_instance202605,202605,8,two_opt,baseline,1,2.7763774712139186,2.776377471213919,0.0,1,0.1256442000012612,10000,100
TSP,10,uniform2d_n10_instance202605,202605,9,qubo_sa_old,coefficient_scaled_linear,1,3.630084710947835,2.776377471213919,30.748961500564565,0,0.14631209999788553,10000,100
TSP,10,uniform2d_n10_instance202605,202605,9,qubo_sa_penalty,penalty_scaled_geometric,1,4.036279140180834,2.776377471213919,45.379336276491465,0,0.14508020000357646,10000,100
TSP,10,uniform2d_n10_instance202605,202605,9,dwave_sa,coefficient_scaled_linear,1,4.511909977788472,2.776377471213919,62.51068251953951,0,0.012489900000218768,10000,100
TSP,10,uniform2d_n10_instance202605,202605,9,openjij_sa,coefficient_scaled_linear,1,4.3452367127424925,2.776377471213919,56.50741867036613,0,0.03547029999754159,10000,100
TSP,10,uniform2d_n10_instance202605,202605,9,qubo_sa_swap,baseline,1,2.7763774712139195,2.776377471213919,0.0,1,0.20445550000295043,10000,100
TSP,10,uniform2d_n10_instance202605,202605,9,two_opt,baseline,1,2.7763774712139186,2.776377471213919,0.0,1,0.12982349999947473,10000,100
TSP,10,uniform2d_n10_instance202606,202606,0,qubo_sa_old,coefficient_scaled_linear,1,3.6707769170590083,3.277075838569709,12.013792108672439,0,0.14587829999800306,10000,100
TSP,10,uniform2d_n10_instance202606,202606,0,qubo_sa_penalty,penalty_scaled_geometric,1,4.368709279284674,3.277075838569709,33.311204698619726,0,0.14698760000464972,10000,100
TSP,10,uniform2d_n10_instance202606,202606,0,dwave_sa,coefficient_scaled_linear,1,4.765508743992467,3.277075838569709,45.41954409185689,0,0.012873100000433624,10000,100
TSP,10,uniform2d_n10_instance202606,202606,0,openjij_sa,coefficient_scaled_linear,1,4.757916938587148,3.277075838569709,45.1878800785934,0,0.03492009999899892,10000,100
TSP,10,uniform2d_n10_instance202606,202606,0,qubo_sa_swap,baseline,1,3.2770758385697096,3.277075838569709,0.0,1,0.20649410000623902,10000,100
TSP,10,uniform2d_n10_instance202606,202606,0,two_opt,baseline,1,3.277075838569709,3.277075838569709,0.0,1,0.12001389999932144,10000,100
TSP,10,uniform2d_n10_instance202606,202606,1,qubo_sa_old,coefficient_scaled_linear,1,4.077897792154499,3.277075838569709,24.4370894368533,0,0.16308399999979883,10000,100
TSP,10,uniform2d_n10_instance202606,202606,1,qubo_sa_penalty,penalty_scaled_geometric,1,4.527002463938258,3.277075838569709,38.14152271538773,0,0.14624829999957,10000,100
TSP,10,uniform2d_n10_instance202606,202606,1,dwave_sa,coefficient_scaled_linear,1,4.027779000370531,3.277075838569709,22.907714034731306,0,0.013860799997928552,10000,100
TSP,10,uniform2d_n10_instance202606,202606,1,openjij_sa,coefficient_scaled_linear,1,4.248488648964312,3.277075838569709,29.642671034997427,0,0.03444309999758843,10000,100
TSP,10,uniform2d_n10_instance202606,202606,1,qubo_sa_swap,baseline,1,3.2770758385697096,3.277075838569709,0.0,1,0.20654340000328375,10000,100
TSP,10,uniform2d_n10_instance202606,202606,1,two_opt,baseline,1,3.277075838569709,3.277075838569709,0.0,1,0.12090729999908945,10000,100
TSP,10,uniform2d_n10_instance202606,202606,2,qubo_sa_old,coefficient_scaled_linear,1,3.9261352367711897,3.277075838569709,19.806053633618824,0,0.14692650000506546,10000,100
TSP,10,uniform2d_n10_instance202606,202606,2,qubo_sa_penalty,penalty_scaled_geometric,1,4.75951359286557,3.277075838569709,45.23660199889898,0,0.1485887000017101,10000,100
TSP,10,uniform2d_n10_instance202606,202606,2,dwave_sa,coefficient_scaled_linear,1,4.596545996261167,3.277075838569709,40.26364425753859,0,0.013463899995258544,10000,100
TSP,10,uniform2d_n10_instance202606,202606,2,openjij_sa,coefficient_scaled_linear,1,3.9143809840420376,3.277075838569709,19.447372501165017,0,0.034101499993994366,10000,100
TSP,10,uniform2d_n10_instance202606,202606,2,qubo_sa_swap,baseline,1,3.2770758385697096,3.277075838569709,0.0,1,0.20334400000137975,10000,100
TSP,10,uniform2d_n10_instance202606,202606,2,two_opt,baseline,1,3.277075838569709,3.277075838569709,0.0,1,0.12345030000142287,10000,100
TSP,10,uniform2d_n10_instance202606,202606,3,qubo_sa_old,coefficient_scaled_linear,1,4.357353677937918,3.277075838569709,32.96468841684481,0,0.14378059999580728,10000,100
TSP,10,uniform2d_n10_instance202606,202606,3,qubo_sa_penalty,penalty_scaled_geometric,1,5.2517064819866155,3.277075838569709,60.25587263426715,0,0.14616590000514407,10000,100
TSP,10,uniform2d_n10_instance202606,202606,3,dwave_sa,coefficient_scaled_linear,1,3.7310463890025636,3.277075838569709,13.852915611223438,0,0.012704499997198582,10000,100
TSP,10,uniform2d_n10_instance202606,202606,3,openjij_sa,coefficient_scaled_linear,0,,3.277075838569709,,0,0.03464939999685157,10000,100
TSP,10,uniform2d_n10_instance202606,202606,3,qubo_sa_swap,baseline,1,3.277075838569709,3.277075838569709,0.0,1,0.20919169999979204,10000,100
TSP,10,uniform2d_n10_instance202606,202606,3,two_opt,baseline,1,3.277075838569709,3.277075838569709,0.0,1,0.12146039999788627,10000,100
TSP,10,uniform2d_n10_instance202606,202606,4,qubo_sa_old,coefficient_scaled_linear,1,4.745756141676179,3.277075838569709,44.81679324661221,0,0.16023719999793684,10000,100
TSP,10,uniform2d_n10_instance202606,202606,4,qubo_sa_penalty,penalty_scaled_geometric,1,4.641827673543478,3.277075838569709,41.64541506520092,0,0.14682790000370005,10000,100
TSP,10,uniform2d_n10_instance202606,202606,4,dwave_sa,coefficient_scaled_linear,0,,3.277075838569709,,0,0.01290329999756068,10000,100
TSP,10,uniform2d_n10_instance202606,202606,4,openjij_sa,coefficient_scaled_linear,1,4.865201280057952,3.277075838569709,48.46166276644319,0,0.0362167000057525,10000,100
TSP,10,uniform2d_n10_instance202606,202606,4,qubo_sa_swap,baseline,1,3.277075838569709,3.277075838569709,0.0,1,0.20306390000041574,10000,100
TSP,10,uniform2d_n10_instance202606,202606,4,two_opt,baseline,1,3.277075838569709,3.277075838569709,0.0,1,0.12197200000082375,10000,100
TSP,10,uniform2d_n10_instance202606,202606,5,qubo_sa_old,coefficient_scaled_linear,1,3.5677431586854134,3.277075838569709,8.869716003965511,0,0.14783660000102827,10000,100
TSP,10,uniform2d_n10_instance202606,202606,5,qubo_sa_penalty,penalty_scaled_geometric,1,4.711920891107133,3.277075838569709,43.784310257637095,0,0.1466805000018212,10000,100
TSP,10,uniform2d_n10_instance202606,202606,5,dwave_sa,coefficient_scaled_linear,1,5.323830577190856,3.277075838569709,62.45674007698461,0,0.012543500000901986,10000,100
TSP,10,uniform2d_n10_instance202606,202606,5,openjij_sa,coefficient_scaled_linear,1,4.258842138085021,3.277075838569709,29.95860785278033,0,0.03422620000492316,10000,100
TSP,10,uniform2d_n10_instance202606,202606,5,qubo_sa_swap,baseline,1,3.277075838569709,3.277075838569709,0.0,1,0.20383500000025379,10000,100
TSP,10,uniform2d_n10_instance202606,202606,5,two_opt,baseline,1,3.277075838569709,3.277075838569709,0.0,1,0.12084070000128122,10000,100
TSP,10,uniform2d_n10_instance202606,202606,6,qubo_sa_old,coefficient_scaled_linear,1,3.542408498198704,3.277075838569709,8.09662860121052,0,0.14531859999988228,10000,100
TSP,10,uniform2d_n10_instance202606,202606,6,qubo_sa_penalty,penalty_scaled_geometric,1,4.5617727172808875,3.277075838569709,39.20253732278252,0,0.1448582999946666,10000,100
TSP,10,uniform2d_n10_instance202606,202606,6,dwave_sa,coefficient_scaled_linear,1,4.066552341145914,3.277075838569709,24.090882892743014,0,0.012815200003387872,10000,100
TSP,10,uniform2d_n10_instance202606,202606,6,openjij_sa,coefficient_scaled_linear,1,3.49516900070782,3.277075838569709,6.655114891491154,0,0.03462779999972554,10000,100
TSP,10,uniform2d_n10_instance202606,202606,6,qubo_sa_swap,baseline,1,3.277075838569709,3.277075838569709,0.0,1,0.20624790000147186,10000,100
TSP,10,uniform2d_n10_instance202606,202606,6,two_opt,baseline,1,3.277075838569709,3.277075838569709,0.0,1,0.12345879999338649,10000,100
TSP,10,uniform2d_n10_instance202606,202606,7,qubo_sa_old,coefficient_scaled_linear,1,4.462134626386758,3.277075838569709,36.16208004311161,0,0.1624071999976877,10000,100
TSP,10,uniform2d_n10_instance202606,202606,7,qubo_sa_penalty,penalty_scaled_geometric,1,4.926120002523472,3.277075838569709,50.32059815477123,0,0.14741140000114683,10000,100
TSP,10,uniform2d_n10_instance202606,202606,7,dwave_sa,coefficient_scaled_linear,1,4.315806773945462,3.277075838569709,31.696884251208246,0,0.012649600001168437,10000,100
TSP,10,uniform2d_n10_instance202606,202606,7,openjij_sa,coefficient_scaled_linear,1,4.8497320240659345,3.277075838569709,47.98961827452295,0,0.0336645999996108,10000,100
TSP,10,uniform2d_n10_instance202606,202606,7,qubo_sa_swap,baseline,1,3.277075838569709,3.277075838569709,0.0,1,0.1840600999930757,10000,100
TSP,10,uniform2d_n10_instance202606,202606,7,two_opt,baseline,1,3.277075838569709,3.277075838569709,0.0,1,0.1199821999980486,10000,100
TSP,10,uniform2d_n10_instance202606,202606,8,qubo_sa_old,coefficient_scaled_linear,1,4.6149927300644755,3.277075838569709,40.8265465128419,0,0.15708590000576805,10000,100
TSP,10,uniform2d_n10_instance202606,202606,8,qubo_sa_penalty,penalty_scaled_geometric,1,4.859160181611564,3.277075838569709,48.277318590599386,0,0.14562350000051083,10000,100
TSP,10,uniform2d_n10_instance202606,202606,8,dwave_sa,coefficient_scaled_linear,1,5.270497037144511,3.277075838569709,60.82926660143566,0,0.01302439999562921,10000,100
TSP,10,uniform2d_n10_instance202606,202606,8,openjij_sa,coefficient_scaled_linear,1,4.509685220458094,3.277075838569709,37.613086867906034,0,0.03455969999777153,10000,100
TSP,10,uniform2d_n10_instance202606,202606,8,qubo_sa_swap,baseline,1,3.2770758385697096,3.277075838569709,0.0,1,0.20333940000273287,10000,100
TSP,10,uniform2d_n10_instance202606,202606,8,two_opt,baseline,1,3.277075838569709,3.277075838569709,0.0,1,0.12234490000264486,10000,100
TSP,10,uniform2d_n10_instance202606,202606,9,qubo_sa_old,coefficient_scaled_linear,1,4.680760802009842,3.277075838569709,42.833459846104006,0,0.14519089999521384,10000,100
TSP,10,uniform2d_n10_instance202606,202606,9,qubo_sa_penalty,penalty_scaled_geometric,1,3.855603646716738,3.277075838569709,17.65378150050776,0,0.11235309999756282,10000,100
TSP,10,uniform2d_n10_instance202606,202606,9,dwave_sa,coefficient_scaled_linear,0,,3.277075838569709,,0,0.012894399995275307,10000,100
TSP,10,uniform2d_n10_instance202606,202606,9,openjij_sa,coefficient_scaled_linear,1,4.619131601283025,3.277075838569709,40.95284420695799,0,0.03579349999927217,10000,100
TSP,10,uniform2d_n10_instance202606,202606,9,qubo_sa_swap,baseline,1,3.2770758385697096,3.277075838569709,0.0,1,0.2065814000015962,10000,100
TSP,10,uniform2d_n10_instance202606,202606,9,two_opt,baseline,1,3.277075838569709,3.277075838569709,0.0,1,0.12013819999992847,10000,100
TSP,10,uniform2d_n10_instance202607,202607,0,qubo_sa_old,coefficient_scaled_linear,1,3.1207422974588455,2.14803784705572,45.28339441208613,0,0.14678560000174912,10000,100
TSP,10,uniform2d_n10_instance202607,202607,0,qubo_sa_penalty,penalty_scaled_geometric,1,3.2494892580519434,2.14803784705572,51.27709516412684,0,0.15497049999976298,10000,100
TSP,10,uniform2d_n10_instance202607,202607,0,dwave_sa,coefficient_scaled_linear,1,3.0565162139647466,2.14803784705572,42.29340596369207,0,0.012597900000400841,10000,100
TSP,10,uniform2d_n10_instance202607,202607,0,openjij_sa,coefficient_scaled_linear,1,3.02493881823193,2.14803784705572,40.82334826540246,0,0.03439330000401242,10000,100
TSP,10,uniform2d_n10_instance202607,202607,0,qubo_sa_swap,baseline,1,2.1480378470557207,2.14803784705572,0.0,1,0.20072229999641422,10000,100
TSP,10,uniform2d_n10_instance202607,202607,0,two_opt,baseline,1,2.14803784705572,2.14803784705572,0.0,1,0.11908290000428678,10000,100
TSP,10,uniform2d_n10_instance202607,202607,1,qubo_sa_old,coefficient_scaled_linear,1,3.1032774135473162,2.14803784705572,44.47033220578152,0,0.14554250000219326,10000,100
TSP,10,uniform2d_n10_instance202607,202607,1,qubo_sa_penalty,penalty_scaled_geometric,1,3.6254596393792697,2.14803784705572,68.78006336567239,0,0.145985400005884,10000,100
TSP,10,uniform2d_n10_instance202607,202607,1,dwave_sa,coefficient_scaled_linear,1,3.1224862232662933,2.14803784705572,45.36458133390122,0,0.012642699999560136,10000,100
TSP,10,uniform2d_n10_instance202607,202607,1,openjij_sa,coefficient_scaled_linear,0,,2.14803784705572,,0,0.03377569999429397,10000,100
TSP,10,uniform2d_n10_instance202607,202607,1,qubo_sa_swap,baseline,1,2.1480378470557207,2.14803784705572,0.0,1,0.20614580000255955,10000,100
TSP,10,uniform2d_n10_instance202607,202607,1,two_opt,baseline,1,2.14803784705572,2.14803784705572,0.0,1,0.1221155999955954,10000,100
TSP,10,uniform2d_n10_instance202607,202607,2,qubo_sa_old,coefficient_scaled_linear,1,2.5518136140717607,2.14803784705572,18.797423312139916,0,0.14587000000028638,10000,100
TSP,10,uniform2d_n10_instance202607,202607,2,qubo_sa_penalty,penalty_scaled_geometric,1,3.349915437128353,2.14803784705572,55.95234700915659,0,0.1451666000066325,10000,100
TSP,10,uniform2d_n10_instance202607,202607,2,dwave_sa,coefficient_scaled_linear,1,3.335640430261319,2.14803784705572,55.287786704197316,0,0.012843500000599306,10000,100
TSP,10,uniform2d_n10_instance202607,202607,2,openjij_sa,coefficient_scaled_linear,1,3.8158383360319537,2.14803784705572,77.6429750184458,0,0.03471230000286596,10000,100
TSP,10,uniform2d_n10_instance202607,202607,2,qubo_sa_swap,baseline,1,2.14803784705572,2.14803784705572,0.0,1,0.2225107999984175,10000,100
TSP,10,uniform2d_n10_instance202607,202607,2,two_opt,baseline,1,2.14803784705572,2.14803784705572,0.0,1,0.11826009999640519,10000,100
TSP,10,uniform2d_n10_instance202607,202607,3,qubo_sa_old,coefficient_scaled_linear,1,3.497347657249598,2.14803784705572,62.815923473757884,0,0.14591539999673842,10000,100
TSP,10,uniform2d_n10_instance202607,202607,3,qubo_sa_penalty,penalty_scaled_geometric,1,3.287968937024719,2.14803784705572,53.06848254705956,0,0.16247309999744175,10000,100
TSP,10,uniform2d_n10_instance202607,202607,3,dwave_sa,coefficient_scaled_linear,1,2.7624484022876232,2.14803784705572,28.603339371979185,0,0.012836799993237946,10000,100
TSP,10,uniform2d_n10_instance202607,202607,3,openjij_sa,coefficient_scaled_linear,1,4.293010515579928,2.14803784705572,99.85730332751288,0,0.03621530000236817,10000,100
TSP,10,uniform2d_n10_instance202607,202607,3,qubo_sa_swap,baseline,1,2.14803784705572,2.14803784705572,0.0,1,0.20321849999891128,10000,100
TSP,10,uniform2d_n10_instance202607,202607,3,two_opt,baseline,1,2.14803784705572,2.14803784705572,0.0,1,0.11931360000016866,10000,100
TSP,10,uniform2d_n10_instance202607,202607,4,qubo_sa_old,coefficient_scaled_linear,1,2.7896166846598427,2.14803784705572,29.86813470179419,0,0.14698069999576546,10000,100
TSP,10,uniform2d_n10_instance202607,202607,4,qubo_sa_penalty,penalty_scaled_geometric,1,3.5200679717333214,2.14803784705572,63.87364759695553,0,0.14640460000373423,10000,100
TSP,10,uniform2d_n10_instance202607,202607,4,dwave_sa,coefficient_scaled_linear,1,2.948914031509502,2.14803784705572,37.284081635318,0,0.012713200005237013,10000,100
TSP,10,uniform2d_n10_instance202607,202607,4,openjij_sa,coefficient_scaled_linear,1,3.144361806713481,2.14803784705572,46.38297975165593,0,0.03378250000241678,10000,100
TSP,10,uniform2d_n10_instance202607,202607,4,qubo_sa_swap,baseline,1,2.14803784705572,2.14803784705572,0.0,1,0.20474359999934677,10000,100
TSP,10,uniform2d_n10_instance202607,202607,4,two_opt,baseline,1,2.14803784705572,2.14803784705572,0.0,1,0.12216150000313064,10000,100
TSP,10,uniform2d_n10_instance202607,202607,5,qubo_sa_old,coefficient_scaled_linear,1,2.664206486815285,2.14803784705572,24.029773984991397,0,0.14787880000221776,10000,100
TSP,10,uniform2d_n10_instance202607,202607,5,qubo_sa_penalty,penalty_scaled_geometric,1,3.6395818969555465,2.14803784705572,69.43751256265158,0,0.14578339999570744,10000,100
TSP,10,uniform2d_n10_instance202607,202607,5,dwave_sa,coefficient_scaled_linear,1,2.9998718581506076,2.14803784705572,39.65637813423457,0,0.012478299999202136,10000,100
TSP,10,uniform2d_n10_instance202607,202607,5,openjij_sa,coefficient_scaled_linear,1,3.1261893150196154,2.14803784705572,45.53697549159252,0,0.03472929999406915,10000,100
TSP,10,uniform2d_n10_instance202607,202607,5,qubo_sa_swap,baseline,1,2.14803784705572,2.14803784705572,0.0,1,0.20330779999494553,10000,100
TSP,10,uniform2d_n10_instance202607,202607,5,two_opt,baseline,1,2.14803784705572,2.14803784705572,0.0,1,0.12158179999823915,10000,100
TSP,10,uniform2d_n10_instance202607,202607,6,qubo_sa_old,coefficient_scaled_linear,1,2.6716973193397413,2.14803784705572,24.378503060446178,0,0.14799700000003213,10000,100
TSP,10,uniform2d_n10_instance202607,202607,6,qubo_sa_penalty,penalty_scaled_geometric,1,2.7221014870630844,2.14803784705572,26.725024458680924,0,0.1559551000027568,10000,100
TSP,10,uniform2d_n10_instance202607,202607,6,dwave_sa,coefficient_scaled_linear,1,3.1522671799887405,2.14803784705572,46.751007404711274,0,0.012860299997555558,10000,100
TSP,10,uniform2d_n10_instance202607,202607,6,openjij_sa,coefficient_scaled_linear,1,3.1698149374559494,2.14803784705572,47.56792771602056,0,0.035572699998738244,10000,100
TSP,10,uniform2d_n10_instance202607,202607,6,qubo_sa_swap,baseline,1,2.14803784705572,2.14803784705572,0.0,1,0.2086799999960931,10000,100
TSP,10,uniform2d_n10_instance202607,202607,6,two_opt,baseline,1,2.14803784705572,2.14803784705572,0.0,1,0.12476479999895673,10000,100
TSP,10,uniform2d_n10_instance202607,202607,7,qubo_sa_old,coefficient_scaled_linear,1,3.1657318690281495,2.14803784705572,47.37784408069745,0,0.15135490000102436,10000,100
TSP,10,uniform2d_n10_instance202607,202607,7,qubo_sa_penalty,penalty_scaled_geometric,1,3.6792112987246943,2.14803784705572,71.28242427235294,0,0.14270609999948647,10000,100
TSP,10,uniform2d_n10_instance202607,202607,7,dwave_sa,coefficient_scaled_linear,1,3.0370529465792746,2.14803784705572,41.38731078421698,0,0.012682200002018362,10000,100
TSP,10,uniform2d_n10_instance202607,202607,7,openjij_sa,coefficient_scaled_linear,1,2.619999991454904,2.14803784705572,21.971779735915465,0,0.03451119999954244,10000,100
TSP,10,uniform2d_n10_instance202607,202607,7,qubo_sa_swap,baseline,1,2.14803784705572,2.14803784705572,0.0,1,0.2070155999972485,10000,100
TSP,10,uniform2d_n10_instance202607,202607,7,two_opt,baseline,1,2.14803784705572,2.14803784705572,0.0,1,0.11917969999922207,10000,100
TSP,10,uniform2d_n10_instance202607,202607,8,qubo_sa_old,coefficient_scaled_linear,1,2.922697304556952,2.14803784705572,36.06358512551557,0,0.14525099999445956,10000,100
TSP,10,uniform2d_n10_instance202607,202607,8,qubo_sa_penalty,penalty_scaled_geometric,1,3.473897577119233,2.14803784705572,61.7242257570483,0,0.14560280000296189,10000,100
TSP,10,uniform2d_n10_instance202607,202607,8,dwave_sa,coefficient_scaled_linear,1,3.611637730888122,2.14803784705572,68.13659665440876,0,0.012550599996757228,10000,100
TSP,10,uniform2d_n10_instance202607,202607,8,openjij_sa,coefficient_scaled_linear,1,2.724574229818324,2.14803784705572,26.84014080817303,0,0.03489640000043437,10000,100
TSP,10,uniform2d_n10_instance202607,202607,8,qubo_sa_swap,baseline,1,2.1480378470557207,2.14803784705572,0.0,1,0.20196349999605445,10000,100
TSP,10,uniform2d_n10_instance202607,202607,8,two_opt,baseline,1,2.14803784705572,2.14803784705572,0.0,1,0.12242870000045514,10000,100
TSP,10,uniform2d_n10_instance202607,202607,9,qubo_sa_old,coefficient_scaled_linear,1,2.6961848561969384,2.14803784705572,25.518498656462405,0,0.1485242000053404,10000,100
TSP,10,uniform2d_n10_instance202607,202607,9,qubo_sa_penalty,penalty_scaled_geometric,1,3.030220205575472,2.14803784705572,41.0692185768023,0,0.16104530000302475,10000,100
TSP,10,uniform2d_n10_instance202607,202607,9,dwave_sa,coefficient_scaled_linear,1,3.2948150129958362,2.14803784705572,53.38719555207021,0,0.013242399996670429,10000,100
TSP,10,uniform2d_n10_instance202607,202607,9,openjij_sa,coefficient_scaled_linear,1,3.107952424258235,2.14803784705572,44.687973189962804,0,0.033660400004009716,10000,100
TSP,10,uniform2d_n10_instance202607,202607,9,qubo_sa_swap,baseline,1,2.1480378470557207,2.14803784705572,0.0,1,0.20585980000032578,10000,100
TSP,10,uniform2d_n10_instance202607,202607,9,two_opt,baseline,1,2.14803784705572,2.14803784705572,0.0,1,0.12379199999850243,10000,100
TSP,10,uniform2d_n10_instance202608,202608,0,qubo_sa_old,coefficient_scaled_linear,1,3.5843428057385474,2.645494371372727,35.48858181386563,0,0.145286799997848,10000,100
TSP,10,uniform2d_n10_instance202608,202608,0,qubo_sa_penalty,penalty_scaled_geometric,1,4.015538093168363,2.645494371372727,51.787814656537364,0,0.14629520000016782,10000,100
TSP,10,uniform2d_n10_instance202608,202608,0,dwave_sa,coefficient_scaled_linear,1,4.380059013711898,2.645494371372727,65.5667485483675,0,0.013032499999098945,10000,100
TSP,10,uniform2d_n10_instance202608,202608,0,openjij_sa,coefficient_scaled_linear,1,3.618120828873878,2.645494371372727,36.765395081769256,0,0.03374230000190437,10000,100
TSP,10,uniform2d_n10_instance202608,202608,0,qubo_sa_swap,baseline,1,2.645494371372727,2.645494371372727,0.0,1,0.20759030000044731,10000,100
TSP,10,uniform2d_n10_instance202608,202608,0,two_opt,baseline,1,2.6454943713727266,2.645494371372727,0.0,1,0.12320719999843277,10000,100
TSP,10,uniform2d_n10_instance202608,202608,1,qubo_sa_old,coefficient_scaled_linear,1,4.165308662879898,2.645494371372727,57.44915989817627,0,0.14600459999928717,10000,100
TSP,10,uniform2d_n10_instance202608,202608,1,qubo_sa_penalty,penalty_scaled_geometric,1,4.079358124682942,2.645494371372727,54.20021939287643,0,0.1457905999996001,10000,100
TSP,10,uniform2d_n10_instance202608,202608,1,dwave_sa,coefficient_scaled_linear,0,,2.645494371372727,,0,0.012695400000666268,10000,100
TSP,10,uniform2d_n10_instance202608,202608,1,openjij_sa,coefficient_scaled_linear,1,4.164433681249263,2.645494371372727,57.41608548909405,0,0.03457180000259541,10000,100
TSP,10,uniform2d_n10_instance202608,202608,1,qubo_sa_swap,baseline,1,2.645494371372727,2.645494371372727,0.0,1,0.21014870000362862,10000,100
TSP,10,uniform2d_n10_instance202608,202608,1,two_opt,baseline,1,2.6454943713727266,2.645494371372727,0.0,1,0.12261859999853186,10000,100
TSP,10,uniform2d_n10_instance202608,202608,2,qubo_sa_old,coefficient_scaled_linear,1,3.6580519780506804,2.645494371372727,38.27479724149043,0,0.14759300000150688,10000,100
TSP,10,uniform2d_n10_instance202608,202608,2,qubo_sa_penalty,penalty_scaled_geometric,1,4.759427547457831,2.645494371372727,79.90692397459911,0,0.166520999999193,10000,100
TSP,10,uniform2d_n10_instance202608,202608,2,dwave_sa,coefficient_scaled_linear,1,4.193737277253415,2.645494371372727,58.523764882452454,0,0.014627299999119714,10000,100
TSP,10,uniform2d_n10_instance202608,202608,2,openjij_sa,coefficient_scaled_linear,0,,2.645494371372727,,0,0.03503959999943618,10000,100
TSP,10,uniform2d_n10_instance202608,202608,2,qubo_sa_swap,baseline,1,2.645494371372727,2.645494371372727,0.0,1,0.20256749999680324,10000,100
TSP,10,uniform2d_n10_instance202608,202608,2,two_opt,baseline,1,2.6454943713727266,2.645494371372727,0.0,1,0.13066709999839077,10000,100
TSP,10,uniform2d_n10_instance202608,202608,3,qubo_sa_old,coefficient_scaled_linear,1,3.091221392970534,2.645494371372727,16.84853411222804,0,0.14888739999878453,10000,100
TSP,10,uniform2d_n10_instance202608,202608,3,qubo_sa_penalty,penalty_scaled_geometric,1,4.546185616343733,2.645494371372727,71.84635376807668,0,0.1470294000027934,10000,100
TSP,10,uniform2d_n10_instance202608,202608,3,dwave_sa,coefficient_scaled_linear,1,3.1671691904544903,2.645494371372727,19.719369836008017,0,0.013261500003864057,10000,100
TSP,10,uniform2d_n10_instance202608,202608,3,openjij_sa,coefficient_scaled_linear,1,3.728747531770242,2.645494371372727,40.94709753003265,0,0.03424960000120336,10000,100
TSP,10,uniform2d_n10_instance202608,202608,3,qubo_sa_swap,baseline,1,2.75186678374891,2.645494371372727,4.0208897636394125,0,0.20499310000013793,10000,100
TSP,10,uniform2d_n10_instance202608,202608,3,two_opt,baseline,1,2.6454943713727266,2.645494371372727,0.0,1,0.12417670000286307,10000,100
TSP,10,uniform2d_n10_instance202608,202608,4,qubo_sa_old,coefficient_scaled_linear,1,3.16716919045449,2.645494371372727,19.719369836007992,0,0.14858849999291124,10000,100
TSP,10,uniform2d_n10_instance202608,202608,4,qubo_sa_penalty,penalty_scaled_geometric,1,4.204184770772448,2.645494371372727,58.91868137262104,0,0.14892220000183443,10000,100
TSP,10,uniform2d_n10_instance202608,202608,4,dwave_sa,coefficient_scaled_linear,1,3.6582574640492416,2.645494371372727,38.28256463652953,0,0.012994199998502154,10000,100
TSP,10,uniform2d_n10_instance202608,202608,4,openjij_sa,coefficient_scaled_linear,1,3.889852200149057,2.645494371372727,47.03687304126232,0,0.03411920000507962,10000,100
TSP,10,uniform2d_n10_instance202608,202608,4,qubo_sa_swap,baseline,1,2.645494371372727,2.645494371372727,0.0,1,0.20590789999550907,10000,100
TSP,10,uniform2d_n10_instance202608,202608,4,two_opt,baseline,1,2.6454943713727266,2.645494371372727,0.0,1,0.1253264000042691,10000,100
TSP,10,uniform2d_n10_instance202608,202608,5,qubo_sa_old,coefficient_scaled_linear,1,2.9374976422000167,2.645494371372727,11.037758159196965,0,0.15150719999655848,10000,100
TSP,10,uniform2d_n10_instance202608,202608,5,qubo_sa_penalty,penalty_scaled_geometric,1,3.4174947816149834,2.645494371372727,29.1817067764794,0,0.14460320000216598,10000,100
TSP,10,uniform2d_n10_instance202608,202608,5,dwave_sa,coefficient_scaled_linear,1,2.75186678374891,2.645494371372727,4.0208897636394125,0,0.01320080000004964,10000,100
TSP,10,uniform2d_n10_instance202608,202608,5,openjij_sa,coefficient_scaled_linear,1,3.750144970353319,2.645494371372727,41.755923238173345,0,0.03500999999960186,10000,100
TSP,10,uniform2d_n10_instance202608,202608,5,qubo_sa_swap,baseline,1,2.645494371372727,2.645494371372727,0.0,1,0.20440070000040578,10000,100
TSP,10,uniform2d_n10_instance202608,202608,5,two_opt,baseline,1,2.6454943713727266,2.645494371372727,0.0,1,0.12303919999976642,10000,100
TSP,10,uniform2d_n10_instance202608,202608,6,qubo_sa_old,coefficient_scaled_linear,1,3.7663200069976885,2.645494371372727,42.367341535615274,0,0.14510349999909522,10000,100
TSP,10,uniform2d_n10_instance202608,202608,6,qubo_sa_penalty,penalty_scaled_geometric,1,3.54930321972974,2.645494371372727,34.16408132019699,0,0.1460635999974329,10000,100
TSP,10,uniform2d_n10_instance202608,202608,6,dwave_sa,coefficient_scaled_linear,1,3.8623188280956855,2.645494371372727,45.996108322527164,0,0.013792899997497443,10000,100
TSP,10,uniform2d_n10_instance202608,202608,6,openjij_sa,coefficient_scaled_linear,1,3.9051781276668223,2.645494371372727,47.61619491333315,0,0.035143900000548456,10000,100
TSP,10,uniform2d_n10_instance202608,202608,6,qubo_sa_swap,baseline,1,2.8775470550925726,2.645494371372727,8.771618878910537,0,0.20819939999637427,10000,100
TSP,10,uniform2d_n10_instance202608,202608,6,two_opt,baseline,1,2.6454943713727266,2.645494371372727,0.0,1,0.13438350000069477,10000,100
TSP,10,uniform2d_n10_instance202608,202608,7,qubo_sa_old,coefficient_scaled_linear,1,3.614847034726476,2.645494371372727,36.64164527595495,0,0.14907590000075288,10000,100
TSP,10,uniform2d_n10_instance202608,202608,7,qubo_sa_penalty,penalty_scaled_geometric,1,2.892263580957975,2.645494371372727,9.327905296475869,0,0.14685040000040317,10000,100
TSP,10,uniform2d_n10_instance202608,202608,7,dwave_sa,coefficient_scaled_linear,1,4.226402162571842,2.645494371372727,59.75850140927703,0,0.013804999995045364,10000,100
TSP,10,uniform2d_n10_instance202608,202608,7,openjij_sa,coefficient_scaled_linear,1,3.2160681055637537,2.645494371372727,21.567754608185407,0,0.03990699999849312,10000,100
TSP,10,uniform2d_n10_instance202608,202608,7,qubo_sa_swap,baseline,1,2.7858911685817924,2.645494371372727,5.307015532836479,0,0.20743270000093617,10000,100
TSP,10,uniform2d_n10_instance202608,202608,7,two_opt,baseline,1,2.6454943713727266,2.645494371372727,0.0,1,0.12520709999807877,10000,100
TSP,10,uniform2d_n10_instance202608,202608,8,qubo_sa_old,coefficient_scaled_linear,1,4.268107373375338,2.645494371372727,61.33496330822468,0,0.14598539999860805,10000,100
TSP,10,uniform2d_n10_instance202608,202608,8,qubo_sa_penalty,penalty_scaled_geometric,1,3.42813563875625,2.645494371372727,29.58393243442874,0,0.14319160000013653,10000,100
TSP,10,uniform2d_n10_instance202608,202608,8,dwave_sa,coefficient_scaled_linear,1,3.577060169712267,2.645494371372727,35.2132973110866,0,0.012924000002385583,10000,100
TSP,10,uniform2d_n10_instance202608,202608,8,openjij_sa,coefficient_scaled_linear,1,3.60266770545047,2.645494371372727,36.181265189427435,0,0.03462089999811724,10000,100
TSP,10,uniform2d_n10_instance202608,202608,8,qubo_sa_swap,baseline,1,2.645494371372727,2.645494371372727,0.0,1,0.2071769999965909,10000,100
TSP,10,uniform2d_n10_instance202608,202608,8,two_opt,baseline,1,2.6454943713727266,2.645494371372727,0.0,1,0.12656750000314787,10000,100
TSP,10,uniform2d_n10_instance202608,202608,9,qubo_sa_old,coefficient_scaled_linear,1,3.8939207569364855,2.645494371372727,47.19066496882998,0,0.14640339999459684,10000,100
TSP,10,uniform2d_n10_instance202608,202608,9,qubo_sa_penalty,penalty_scaled_geometric,1,3.7065922552350976,2.645494371372727,40.109625457708866,0,0.14855769999849144,10000,100
TSP,10,uniform2d_n10_instance202608,202608,9,dwave_sa,coefficient_scaled_linear,1,4.29496603383251,2.645494371372727,62.35022384885607,0,0.01290059999882942,10000,100
TSP,10,uniform2d_n10_instance202608,202608,9,openjij_sa,coefficient_scaled_linear,1,4.0968152504481345,2.645494371372727,54.86010081065975,0,0.03503619999537477,10000,100
TSP,10,uniform2d_n10_instance202608,202608,9,qubo_sa_swap,baseline,1,2.645494371372727,2.645494371372727,0.0,1,0.20655859999533277,10000,100
TSP,10,uniform2d_n10_instance202608,202608,9,two_opt,baseline,1,2.6454943713727266,2.645494371372727,0.0,1,0.12402979999751551,10000,100
TSP,10,uniform2d_n10_instance202609,202609,0,qubo_sa_old,coefficient_scaled_linear,1,3.323515256549802,2.986250798993485,11.293909328378993,0,0.14898030000040308,10000,100
TSP,10,uniform2d_n10_instance202609,202609,0,qubo_sa_penalty,penalty_scaled_geometric,1,4.217645475826145,2.986250798993485,41.235474168736985,0,0.1494135000029928,10000,100
TSP,10,uniform2d_n10_instance202609,202609,0,dwave_sa,coefficient_scaled_linear,1,3.8451597437331007,2.986250798993485,28.76211686671164,0,0.013083699996059295,10000,100
TSP,10,uniform2d_n10_instance202609,202609,0,openjij_sa,coefficient_scaled_linear,1,3.6752825357938024,2.986250798993485,23.07347182736814,0,0.03478209999593673,10000,100
TSP,10,uniform2d_n10_instance202609,202609,0,qubo_sa_swap,baseline,1,2.986250798993485,2.986250798993485,0.0,1,0.21213770000031218,10000,100
TSP,10,uniform2d_n10_instance202609,202609,0,two_opt,baseline,1,2.9862507989934852,2.986250798993485,0.0,1,0.12227260000508977,10000,100
TSP,10,uniform2d_n10_instance202609,202609,1,qubo_sa_old,coefficient_scaled_linear,1,3.9295086513684945,2.986250798993485,31.586692339870947,0,0.14663440000003902,10000,100
TSP,10,uniform2d_n10_instance202609,202609,1,qubo_sa_penalty,penalty_scaled_geometric,1,4.3014391982005895,2.986250798993485,44.04145826098696,0,0.16266280000127153,10000,100
TSP,10,uniform2d_n10_instance202609,202609,1,dwave_sa,coefficient_scaled_linear,1,3.9064145410709474,2.986250798993485,30.813344357667603,0,0.013029200003074948,10000,100
TSP,10,uniform2d_n10_instance202609,202609,1,openjij_sa,coefficient_scaled_linear,1,3.962941041906457,2.986250798993485,32.70623630279699,0,0.034764000003633555,10000,100
TSP,10,uniform2d_n10_instance202609,202609,1,qubo_sa_swap,baseline,1,2.9862507989934857,2.986250798993485,0.0,1,0.20954789999814238,10000,100
TSP,10,uniform2d_n10_instance202609,202609,1,two_opt,baseline,1,2.9862507989934852,2.986250798993485,0.0,1,0.12720339999941643,10000,100
TSP,10,uniform2d_n10_instance202609,202609,2,qubo_sa_old,coefficient_scaled_linear,1,4.133696879503326,2.986250798993485,38.42430384268418,0,0.14779689999704715,10000,100
TSP,10,uniform2d_n10_instance202609,202609,2,qubo_sa_penalty,penalty_scaled_geometric,1,4.556929693228949,2.986250798993485,52.59701880246834,0,0.140713600005256,10000,100
TSP,10,uniform2d_n10_instance202609,202609,2,dwave_sa,coefficient_scaled_linear,1,4.496246424606505,2.986250798993485,50.56492998250395,0,0.013092699999106117,10000,100
TSP,10,uniform2d_n10_instance202609,202609,2,openjij_sa,coefficient_scaled_linear,1,4.313179437210852,2.986250798993485,44.43460136250474,0,0.03538169999956153,10000,100
TSP,10,uniform2d_n10_instance202609,202609,2,qubo_sa_swap,baseline,1,2.986250798993485,2.986250798993485,0.0,1,0.20603290000144625,10000,100
TSP,10,uniform2d_n10_instance202609,202609,2,two_opt,baseline,1,2.9862507989934852,2.986250798993485,0.0,1,0.11990520000108518,10000,100
TSP,10,uniform2d_n10_instance202609,202609,3,qubo_sa_old,coefficient_scaled_linear,1,3.7334846870386618,2.986250798993485,25.02247595202092,0,0.14689720000023954,10000,100
TSP,10,uniform2d_n10_instance202609,202609,3,qubo_sa_penalty,penalty_scaled_geometric,1,3.79991645725475,2.986250798993485,27.247063727383882,0,0.14686050000454998,10000,100
TSP,10,uniform2d_n10_instance202609,202609,3,dwave_sa,coefficient_scaled_linear,1,3.5637502871335798,2.986250798993485,19.338613097558355,0,0.013450700003886595,10000,100
TSP,10,uniform2d_n10_instance202609,202609,3,openjij_sa,coefficient_scaled_linear,1,4.403622696684333,2.986250798993485,47.46325721096745,0,0.03540970000176458,10000,100
TSP,10,uniform2d_n10_instance202609,202609,3,qubo_sa_swap,baseline,1,2.986250798993485,2.986250798993485,0.0,1,0.2045564000000013,10000,100
TSP,10,uniform2d_n10_instance202609,202609,3,two_opt,baseline,1,2.9862507989934852,2.986250798993485,0.0,1,0.1192010999948252,10000,100
TSP,10,uniform2d_n10_instance202609,202609,4,qubo_sa_old,coefficient_scaled_linear,1,3.5878763717307662,2.986250798993485,20.146518602525255,0,0.14694969999982277,10000,100
TSP,10,uniform2d_n10_instance202609,202609,4,qubo_sa_penalty,penalty_scaled_geometric,1,4.308186553708848,2.986250798993485,44.26740564325411,0,0.15846240000246326,10000,100
TSP,10,uniform2d_n10_instance202609,202609,4,dwave_sa,coefficient_scaled_linear,0,,2.986250798993485,,0,0.013050500005192589,10000,100
TSP,10,uniform2d_n10_instance202609,202609,4,openjij_sa,coefficient_scaled_linear,1,4.782712072773285,2.986250798993485,60.15774945578238,0,0.03580040000088047,10000,100
TSP,10,uniform2d_n10_instance202609,202609,4,qubo_sa_swap,baseline,1,2.986250798993485,2.986250798993485,0.0,1,0.21597279999696184,10000,100
TSP,10,uniform2d_n10_instance202609,202609,4,two_opt,baseline,1,2.9862507989934852,2.986250798993485,0.0,1,0.1233661000005668,10000,100
TSP,10,uniform2d_n10_instance202609,202609,5,qubo_sa_old,coefficient_scaled_linear,1,3.5648281338085743,2.986250798993485,19.37470673963817,0,0.14876820000063162,10000,100
TSP,10,uniform2d_n10_instance202609,202609,5,qubo_sa_penalty,penalty_scaled_geometric,1,3.7837010090201453,2.986250798993485,26.704060164519362,0,0.14952069999708328,10000,100
TSP,10,uniform2d_n10_instance202609,202609,5,dwave_sa,coefficient_scaled_linear,1,4.500005444530023,2.986250798993485,50.6908075519561,0,0.012403599997924175,10000,100
TSP,10,uniform2d_n10_instance202609,202609,5,openjij_sa,coefficient_scaled_linear,1,3.7800204411706715,2.986250798993485,26.580809704420226,0,0.035988700001325924,10000,100
TSP,10,uniform2d_n10_instance202609,202609,5,qubo_sa_swap,baseline,1,2.986250798993485,2.986250798993485,0.0,1,0.20719259999896167,10000,100
TSP,10,uniform2d_n10_instance202609,202609,5,two_opt,baseline,1,2.9862507989934852,2.986250798993485,0.0,1,0.12217660000169417,10000,100
TSP,10,uniform2d_n10_instance202609,202609,6,qubo_sa_old,coefficient_scaled_linear,1,3.5525620340300725,2.986250798993485,18.963954240797953,0,0.15692090000084136,10000,100
TSP,10,uniform2d_n10_instance202609,202609,6,qubo_sa_penalty,penalty_scaled_geometric,1,4.174668659128468,2.986250798993485,39.79631786236906,0,0.150334699996165,10000,100
TSP,10,uniform2d_n10_instance202609,202609,6,dwave_sa,coefficient_scaled_linear,1,3.330803806056937,2.986250798993485,11.537979568882296,0,0.012996799996471964,10000,100
TSP,10,uniform2d_n10_instance202609,202609,6,openjij_sa,coefficient_scaled_linear,1,5.354564362179376,2.986250798993485,79.30725590711039,0,0.03526259999489412,10000,100
TSP,10,uniform2d_n10_instance202609,202609,6,qubo_sa_swap,baseline,1,2.9862507989934857,2.986250798993485,0.0,1,0.21169790000567446,10000,100
TSP,10,uniform2d_n10_instance202609,202609,6,two_opt,baseline,1,2.9862507989934852,2.986250798993485,0.0,1,0.12216230000194628,10000,100
TSP,10,uniform2d_n10_instance202609,202609,7,qubo_sa_old,coefficient_scaled_linear,1,3.522248687756171,2.986250798993485,17.9488571068225,0,0.14870199999859324,10000,100
TSP,10,uniform2d_n10_instance202609,202609,7,qubo_sa_penalty,penalty_scaled_geometric,1,3.9774063570589497,2.986250798993485,33.19063349935423,0,0.14729539999825647,10000,100
TSP,10,uniform2d_n10_instance202609,202609,7,dwave_sa,coefficient_scaled_linear,1,4.557755173651675,2.986250798993485,52.624661504916624,0,0.013522000001103152,10000,100
TSP,10,uniform2d_n10_instance202609,202609,7,openjij_sa,coefficient_scaled_linear,1,4.343814774384973,2.986250798993485,45.460480943163084,0,0.03705600000103004,10000,100
TSP,10,uniform2d_n10_instance202609,202609,7,qubo_sa_swap,baseline,1,2.9862507989934857,2.986250798993485,0.0,1,0.20669930000440218,10000,100
TSP,10,uniform2d_n10_instance202609,202609,7,two_opt,baseline,1,2.9862507989934852,2.986250798993485,0.0,1,0.12141120000160299,10000,100
TSP,10,uniform2d_n10_instance202609,202609,8,qubo_sa_old,coefficient_scaled_linear,1,3.8990548921316757,2.986250798993485,30.566893224301573,0,0.1472150000045076,10000,100
TSP,10,uniform2d_n10_instance202609,202609,8,qubo_sa_penalty,penalty_scaled_geometric,1,4.077998978313924,2.986250798993485,36.55915905283016,0,0.14686710000387393,10000,100
TSP,10,uniform2d_n10_instance202609,202609,8,dwave_sa,coefficient_scaled_linear,1,4.370146444722486,2.986250798993485,46.34224446906612,0,0.013676100003067404,10000,100
TSP,10,uniform2d_n10_instance202609,202609,8,openjij_sa,coefficient_scaled_linear,0,,2.986250798993485,,0,0.034875000004831236,10000,100
TSP,10,uniform2d_n10_instance202609,202609,8,qubo_sa_swap,baseline,1,2.986250798993485,2.986250798993485,0.0,1,0.20875620000151685,10000,100
TSP,10,uniform2d_n10_instance202609,202609,8,two_opt,baseline,1,2.9862507989934852,2.986250798993485,0.0,1,0.12267140000039944,10000,100
TSP,10,uniform2d_n10_instance202609,202609,9,qubo_sa_old,coefficient_scaled_linear,1,3.9647631095664835,2.986250798993485,32.76725152833131,0,0.14907279999897582,10000,100
TSP,10,uniform2d_n10_instance202609,202609,9,qubo_sa_penalty,penalty_scaled_geometric,1,4.178915129338501,2.986250798993485,39.93851858480886,0,0.14803739999479149,10000,100
TSP,10,uniform2d_n10_instance202609,202609,9,dwave_sa,coefficient_scaled_linear,1,4.093060458575456,2.986250798993485,37.06351991450354,0,0.014155099997879006,10000,100
TSP,10,uniform2d_n10_instance202609,202609,9,openjij_sa,coefficient_scaled_linear,1,3.4889031222330313,2.986250798993485,16.832220636289662,0,0.03697799999645213,10000,100
TSP,10,uniform2d_n10_instance202609,202609,9,qubo_sa_swap,baseline,1,2.9862507989934857,2.986250798993485,0.0,1,0.20820230000390438,10000,100
TSP,10,uniform2d_n10_instance202609,202609,9,two_opt,baseline,1,2.9862507989934852,2.986250798993485,0.0,1,0.12068019999423996,10000,100
TSP,15,uniform2d_n15_instance202600,202600,0,qubo_sa_old,coefficient_scaled_linear,1,6.845239337229937,3.512843166572615,94.86322083398473,0,0.3771656000026269,22500,225
TSP,15,uniform2d_n15_instance202600,202600,0,qubo_sa_penalty,penalty_scaled_geometric,1,5.538309504404682,3.512843166572615,57.65888887684842,0,0.3599281999995583,22500,225
TSP,15,uniform2d_n15_instance202600,202600,0,dwave_sa,coefficient_scaled_linear,1,6.17151239004371,3.512843166572615,75.6842562392299,0,0.0404941000015242,22500,225
TSP,15,uniform2d_n15_instance202600,202600,0,openjij_sa,coefficient_scaled_linear,0,,3.512843166572615,,0,0.11591909999697236,22500,225
TSP,15,uniform2d_n15_instance202600,202600,0,qubo_sa_swap,baseline,1,3.512843166572615,3.512843166572615,0.0,1,0.4830313999991631,22500,225
TSP,15,uniform2d_n15_instance202600,202600,0,two_opt,baseline,1,3.5128431665726145,3.512843166572615,0.0,1,0.34363609999854816,22500,225
TSP,15,uniform2d_n15_instance202600,202600,1,qubo_sa_old,coefficient_scaled_linear,1,5.641363627942656,3.512843166572615,60.59252748954292,0,0.3589798000029987,22500,225
TSP,15,uniform2d_n15_instance202600,202600,1,qubo_sa_penalty,penalty_scaled_geometric,1,6.921415562861451,3.512843166572615,97.03172714125144,0,0.29273680000187596,22500,225
TSP,15,uniform2d_n15_instance202600,202600,1,dwave_sa,coefficient_scaled_linear,1,6.602987308226283,3.512843166572615,87.96703966344839,0,0.016652400001476053,22500,225
TSP,15,uniform2d_n15_instance202600,202600,1,openjij_sa,coefficient_scaled_linear,1,6.255081750232099,3.512843166572615,78.06322268394952,0,0.11201170000276761,22500,225
TSP,15,uniform2d_n15_instance202600,202600,1,qubo_sa_swap,baseline,1,3.512843166572615,3.512843166572615,0.0,1,0.4740996999971685,22500,225
TSP,15,uniform2d_n15_instance202600,202600,1,two_opt,baseline,1,3.5128431665726145,3.512843166572615,0.0,1,0.34339689999615075,22500,225
TSP,15,uniform2d_n15_instance202600,202600,2,qubo_sa_old,coefficient_scaled_linear,1,4.8596790609045835,3.512843166572615,38.34033660107974,0,0.3625116999974125,22500,225
TSP,15,uniform2d_n15_instance202600,202600,2,qubo_sa_penalty,penalty_scaled_geometric,1,6.031144672494791,3.512843166572615,71.68841267625432,0,0.35737089999747695,22500,225
TSP,15,uniform2d_n15_instance202600,202600,2,dwave_sa,coefficient_scaled_linear,1,5.807841994035547,3.512843166572615,65.3316620935884,0,0.040766999998595566,22500,225
TSP,15,uniform2d_n15_instance202600,202600,2,openjij_sa,coefficient_scaled_linear,1,6.074900450221571,3.512843166572615,72.93400707520583,0,0.13255950000166195,22500,225
TSP,15,uniform2d_n15_instance202600,202600,2,qubo_sa_swap,baseline,1,3.5560073637074234,3.512843166572615,1.2287538921620156,0,0.4989404000007198,22500,225
TSP,15,uniform2d_n15_instance202600,202600,2,two_opt,baseline,1,3.5128431665726145,3.512843166572615,0.0,1,0.3417245000018738,22500,225
TSP,15,uniform2d_n15_instance202600,202600,3,qubo_sa_old,coefficient_scaled_linear,1,5.248457061153602,3.512843166572615,49.407668156001925,0,0.3581865000014659,22500,225
TSP,15,uniform2d_n15_instance202600,202600,3,qubo_sa_penalty,penalty_scaled_geometric,1,5.367739630138238,3.512843166572615,52.80328143358004,0,0.3620814000023529,22500,225
TSP,15,uniform2d_n15_instance202600,202600,3,dwave_sa,coefficient_scaled_linear,1,5.726340726305931,3.512843166572615,63.0115679742391,0,0.040479000002960674,22500,225
TSP,15,uniform2d_n15_instance202600,202600,3,openjij_sa,coefficient_scaled_linear,1,6.55025703990635,3.512843166572615,86.46596871266692,0,0.11338190000242321,22500,225
TSP,15,uniform2d_n15_instance202600,202600,3,qubo_sa_swap,baseline,1,3.5128431665726154,3.512843166572615,0.0,1,0.4829429000019445,22500,225
TSP,15,uniform2d_n15_instance202600,202600,3,two_opt,baseline,1,3.5128431665726145,3.512843166572615,0.0,1,0.3452588000000105,22500,225
TSP,15,uniform2d_n15_instance202600,202600,4,qubo_sa_old,coefficient_scaled_linear,1,6.243903620872619,3.512843166572615,77.74501521411857,0,0.36077469999872847,22500,225
TSP,15,uniform2d_n15_instance202600,202600,4,qubo_sa_penalty,penalty_scaled_geometric,1,6.804438225680822,3.512843166572615,93.70173682760014,0,0.3514789999971981,22500,225
TSP,15,uniform2d_n15_instance202600,202600,4,dwave_sa,coefficient_scaled_linear,1,6.2823842735018225,3.512843166572615,78.84044278672917,0,0.04063230000610929,22500,225
TSP,15,uniform2d_n15_instance202600,202600,4,openjij_sa,coefficient_scaled_linear,1,4.8657066694815745,3.512843166572615,38.51192435183242,0,0.12202100000286009,22500,225
TSP,15,uniform2d_n15_instance202600,202600,4,qubo_sa_swap,baseline,1,3.5128431665726154,3.512843166572615,0.0,1,0.4566874000011012,22500,225
TSP,15,uniform2d_n15_instance202600,202600,4,two_opt,baseline,1,3.5128431665726145,3.512843166572615,0.0,1,0.338752999996359,22500,225
TSP,15,uniform2d_n15_instance202600,202600,5,qubo_sa_old,coefficient_scaled_linear,1,5.739782049593181,3.512843166572615,63.39420171704759,0,0.37077449999924283,22500,225
TSP,15,uniform2d_n15_instance202600,202600,5,qubo_sa_penalty,penalty_scaled_geometric,1,7.467743728224555,3.512843166572615,112.58403447343848,0,0.38260799999989104,22500,225
TSP,15,uniform2d_n15_instance202600,202600,5,dwave_sa,coefficient_scaled_linear,1,5.369250259147668,3.512843166572615,52.84628446382644,0,0.04122869999991963,22500,225
TSP,15,uniform2d_n15_instance202600,202600,5,openjij_sa,coefficient_scaled_linear,1,7.193289414632127,3.512843166572615,104.77115184309302,0,0.11555980000412092,22500,225
TSP,15,uniform2d_n15_instance202600,202600,5,qubo_sa_swap,baseline,1,3.512843166572615,3.512843166572615,0.0,1,0.478441200000816,22500,225
TSP,15,uniform2d_n15_instance202600,202600,5,two_opt,baseline,1,3.5128431665726145,3.512843166572615,0.0,1,0.34590490000118734,22500,225
TSP,15,uniform2d_n15_instance202600,202600,6,qubo_sa_old,coefficient_scaled_linear,1,4.3922351607501104,3.512843166572615,25.03362525676016,0,0.3656715999968583,22500,225
TSP,15,uniform2d_n15_instance202600,202600,6,qubo_sa_penalty,penalty_scaled_geometric,1,7.491218083267025,3.512843166572615,113.2522782272686,0,0.3582456000003731,22500,225
TSP,15,uniform2d_n15_instance202600,202600,6,dwave_sa,coefficient_scaled_linear,1,6.159129624388883,3.512843166572615,75.33175642447418,0,0.04096879999997327,22500,225
TSP,15,uniform2d_n15_instance202600,202600,6,openjij_sa,coefficient_scaled_linear,1,6.59673058340351,3.512843166572615,87.78892966746818,0,0.11526969999977155,22500,225
TSP,15,uniform2d_n15_instance202600,202600,6,qubo_sa_swap,baseline,1,3.552243532777497,3.512843166572615,1.1216090311063853,0,0.47788060000311816,22500,225
TSP,15,uniform2d_n15_instance202600,202600,6,two_opt,baseline,1,3.5128431665726145,3.512843166572615,0.0,1,0.34334189999935916,22500,225
TSP,15,uniform2d_n15_instance202600,202600,7,qubo_sa_old,coefficient_scaled_linear,1,6.2697531113580505,3.512843166572615,78.48087187664791,0,0.36890459999995073,22500,225
TSP,15,uniform2d_n15_instance202600,202600,7,qubo_sa_penalty,penalty_scaled_geometric,1,5.900231424422502,3.512843166572615,67.96170920944348,0,0.3699646000022767,22500,225
TSP,15,uniform2d_n15_instance202600,202600,7,dwave_sa,coefficient_scaled_linear,1,4.724069998629983,3.512843166572615,34.47995753363304,0,0.04241469999396941,22500,225
TSP,15,uniform2d_n15_instance202600,202600,7,openjij_sa,coefficient_scaled_linear,1,6.70816155148845,3.512843166572615,90.9610316601017,0,0.11593290000018897,22500,225
TSP,15,uniform2d_n15_instance202600,202600,7,qubo_sa_swap,baseline,1,3.512843166572615,3.512843166572615,0.0,1,0.4718342999985907,22500,225
TSP,15,uniform2d_n15_instance202600,202600,7,two_opt,baseline,1,3.5128431665726145,3.512843166572615,0.0,1,0.34547159999783617,22500,225
TSP,15,uniform2d_n15_instance202600,202600,8,qubo_sa_old,coefficient_scaled_linear,1,5.540220481004344,3.512843166572615,57.71328858981728,0,0.3758120999991661,22500,225
TSP,15,uniform2d_n15_instance202600,202600,8,qubo_sa_penalty,penalty_scaled_geometric,1,5.861799822196819,3.512843166572615,66.86767795318389,0,0.3577149999982794,22500,225
TSP,15,uniform2d_n15_instance202600,202600,8,dwave_sa,coefficient_scaled_linear,1,5.649969733823812,3.512843166572615,60.837517244936755,0,0.04192160000093281,22500,225
TSP,15,uniform2d_n15_instance202600,202600,8,openjij_sa,coefficient_scaled_linear,1,6.292076805122606,3.512843166572615,79.11635979073934,0,0.11725019999721553,22500,225
TSP,15,uniform2d_n15_instance202600,202600,8,qubo_sa_swap,baseline,1,3.512843166572615,3.512843166572615,0.0,1,0.4800254000001587,22500,225
TSP,15,uniform2d_n15_instance202600,202600,8,two_opt,baseline,1,3.5128431665726145,3.512843166572615,0.0,1,0.335182499999064,22500,225
TSP,15,uniform2d_n15_instance202600,202600,9,qubo_sa_old,coefficient_scaled_linear,1,5.383891585484363,3.512843166572615,53.26307865708901,0,0.3658817000032286,22500,225
TSP,15,uniform2d_n15_instance202600,202600,9,qubo_sa_penalty,penalty_scaled_geometric,1,5.54970666878114,3.512843166572615,57.983331609871925,0,0.3262329999997746,22500,225
TSP,15,uniform2d_n15_instance202600,202600,9,dwave_sa,coefficient_scaled_linear,1,6.0808522570443575,3.512843166572615,73.10343697971801,0,0.04047889999492327,22500,225
TSP,15,uniform2d_n15_instance202600,202600,9,openjij_sa,coefficient_scaled_linear,1,6.865796859957851,3.512843166572615,95.44843121068287,0,0.1151903999998467,22500,225
TSP,15,uniform2d_n15_instance202600,202600,9,qubo_sa_swap,baseline,1,3.5560073637074234,3.512843166572615,1.2287538921620156,0,0.49966870000207564,22500,225
TSP,15,uniform2d_n15_instance202600,202600,9,two_opt,baseline,1,3.5128431665726145,3.512843166572615,0.0,1,0.34781030000158353,22500,225
TSP,15,uniform2d_n15_instance202601,202601,0,qubo_sa_old,coefficient_scaled_linear,1,4.486988429681137,2.6075661182768672,72.07572986284354,0,0.3612589000040316,22500,225
TSP,15,uniform2d_n15_instance202601,202601,0,qubo_sa_penalty,penalty_scaled_geometric,1,3.876241945467647,2.6075661182768672,48.65363981754551,0,0.36236880000069505,22500,225
TSP,15,uniform2d_n15_instance202601,202601,0,dwave_sa,coefficient_scaled_linear,1,5.19101044957669,2.6075661182768672,99.0749309554235,0,0.041141800000332296,22500,225
TSP,15,uniform2d_n15_instance202601,202601,0,openjij_sa,coefficient_scaled_linear,1,6.0586799606365185,2.6075661182768672,132.35000325285014,0,0.11896939999860479,22500,225
TSP,15,uniform2d_n15_instance202601,202601,0,qubo_sa_swap,baseline,1,2.6075661182768677,2.6075661182768672,0.0,1,0.4845724999977392,22500,225
TSP,15,uniform2d_n15_instance202601,202601,0,two_opt,baseline,1,2.607566118276867,2.6075661182768672,0.0,1,0.2980691000047955,22500,225
TSP,15,uniform2d_n15_instance202601,202601,1,qubo_sa_old,coefficient_scaled_linear,1,3.938214272350927,2.6075661182768672,51.03027473578998,0,0.3591958000033628,22500,225
TSP,15,uniform2d_n15_instance202601,202601,1,qubo_sa_penalty,penalty_scaled_geometric,1,4.178540490981677,2.6075661182768672,60.2467704152768,0,0.3559961999999359,22500,225
TSP,15,uniform2d_n15_instance202601,202601,1,dwave_sa,coefficient_scaled_linear,1,4.520883950869241,2.6075661182768672,73.37562101231524,0,0.04071079999994254,22500,225
TSP,15,uniform2d_n15_instance202601,202601,1,openjij_sa,coefficient_scaled_linear,1,4.40203515131556,2.6075661182768672,68.81777687096633,0,0.11355199999525212,22500,225
TSP,15,uniform2d_n15_instance202601,202601,1,qubo_sa_swap,baseline,1,2.6075661182768677,2.6075661182768672,0.0,1,0.48534079999808455,22500,225
TSP,15,uniform2d_n15_instance202601,202601,1,two_opt,baseline,1,2.607566118276867,2.6075661182768672,0.0,1,0.3433264999985113,22500,225
TSP,15,uniform2d_n15_instance202601,202601,2,qubo_sa_old,coefficient_scaled_linear,1,4.779148181819869,2.6075661182768672,83.28003835922009,0,0.3828279000008479,22500,225
TSP,15,uniform2d_n15_instance202601,202601,2,qubo_sa_penalty,penalty_scaled_geometric,1,5.127783730175714,2.6075661182768672,96.65019016140069,0,0.35689149999961955,22500,225
TSP,15,uniform2d_n15_instance202601,202601,2,dwave_sa,coefficient_scaled_linear,1,5.304064006739058,2.6075661182768672,103.41052790807433,0,0.040123300001141615,22500,225
TSP,15,uniform2d_n15_instance202601,202601,2,openjij_sa,coefficient_scaled_linear,1,5.929336468426547,2.6075661182768672,127.38968829464517,0,0.11336420000588987,22500,225
TSP,15,uniform2d_n15_instance202601,202601,2,qubo_sa_swap,baseline,1,2.6075661182768672,2.6075661182768672,0.0,1,0.4735387000037008,22500,225
TSP,15,uniform2d_n15_instance202601,202601,2,two_opt,baseline,1,2.607566118276867,2.6075661182768672,0.0,1,0.3509176000006846,22500,225
TSP,15,uniform2d_n15_instance202601,202601,3,qubo_sa_old,coefficient_scaled_linear,1,4.3717205543353135,2.6075661182768672,67.65521394426753,0,0.37101350000011735,22500,225
TSP,15,uniform2d_n15_instance202601,202601,3,qubo_sa_penalty,penalty_scaled_geometric,1,5.891034314306032,2.6075661182768672,125.92080304368073,0,0.35391649999655783,22500,225
TSP,15,uniform2d_n15_instance202601,202601,3,dwave_sa,coefficient_scaled_linear,1,4.786799472599375,2.6075661182768672,83.57346488926576,0,0.04110509999736678,22500,225
TSP,15,uniform2d_n15_instance202601,202601,3,openjij_sa,coefficient_scaled_linear,1,5.984998936149961,2.6075661182768672,129.5243405028199,0,0.11340750000090338,22500,225
TSP,15,uniform2d_n15_instance202601,202601,3,qubo_sa_swap,baseline,1,2.6075661182768677,2.6075661182768672,0.0,1,0.47748259999934817,22500,225
TSP,15,uniform2d_n15_instance202601,202601,3,two_opt,baseline,1,2.607566118276867,2.6075661182768672,0.0,1,0.36511500000051456,22500,225
TSP,15,uniform2d_n15_instance202601,202601,4,qubo_sa_old,coefficient_scaled_linear,1,5.089350849551725,2.6075661182768672,95.17629155708124,0,0.3878970000005211,22500,225
TSP,15,uniform2d_n15_instance202601,202601,4,qubo_sa_penalty,penalty_scaled_geometric,1,5.352802742795866,2.6075661182768672,105.27965543336278,0,0.37565449999965494,22500,225
TSP,15,uniform2d_n15_instance202601,202601,4,dwave_sa,coefficient_scaled_linear,0,,2.6075661182768672,,0,0.03783030000340659,22500,225
TSP,15,uniform2d_n15_instance202601,202601,4,openjij_sa,coefficient_scaled_linear,1,4.683750571290362,2.6075661182768672,79.62154587226651,0,0.10664689999975963,22500,225
TSP,15,uniform2d_n15_instance202601,202601,4,qubo_sa_swap,baseline,1,2.6075661182768677,2.6075661182768672,0.0,1,0.4831096999987494,22500,225
TSP,15,uniform2d_n15_instance202601,202601,4,two_opt,baseline,1,2.607566118276867,2.6075661182768672,0.0,1,0.33991539999988163,22500,225
TSP,15,uniform2d_n15_instance202601,202601,5,qubo_sa_old,coefficient_scaled_linear,1,4.757480123864081,2.6075661182768672,82.4490696714498,0,0.3552815000002738,22500,225
TSP,15,uniform2d_n15_instance202601,202601,5,qubo_sa_penalty,penalty_scaled_geometric,1,5.895511312745002,2.6075661182768672,126.09249565801521,0,0.3574120999983279,22500,225
TSP,15,uniform2d_n15_instance202601,202601,5,dwave_sa,coefficient_scaled_linear,1,4.54574186467489,2.6075661182768672,74.32892047542055,0,0.04157419999683043,22500,225
TSP,15,uniform2d_n15_instance202601,202601,5,openjij_sa,coefficient_scaled_linear,1,5.405792874253552,2.6075661182768672,107.31182371037286,0,0.1125363000028301,22500,225
TSP,15,uniform2d_n15_instance202601,202601,5,qubo_sa_swap,baseline,1,2.6075661182768677,2.6075661182768672,0.0,1,0.4711676000006264,22500,225
TSP,15,uniform2d_n15_instance202601,202601,5,two_opt,baseline,1,2.607566118276867,2.6075661182768672,0.0,1,0.34266090000164695,22500,225
TSP,15,uniform2d_n15_instance202601,202601,6,qubo_sa_old,coefficient_scaled_linear,1,4.764379182210641,2.6075661182768672,82.71364813403235,0,0.3599702999999863,22500,225
TSP,15,uniform2d_n15_instance202601,202601,6,qubo_sa_penalty,penalty_scaled_geometric,1,5.045944129434883,2.6075661182768672,93.5116465146182,0,0.3733554999998887,22500,225
TSP,15,uniform2d_n15_instance202601,202601,6,dwave_sa,coefficient_scaled_linear,1,4.6979364218590725,2.6075661182768672,80.16557236767459,0,0.041915500005416106,22500,225
TSP,15,uniform2d_n15_instance202601,202601,6,openjij_sa,coefficient_scaled_linear,1,5.3142788510021735,2.6075661182768672,103.80226655629184,0,0.1145022000055178,22500,225
TSP,15,uniform2d_n15_instance202601,202601,6,qubo_sa_swap,baseline,1,2.6075661182768672,2.6075661182768672,0.0,1,0.4763703999997233,22500,225
TSP,15,uniform2d_n15_instance202601,202601,6,two_opt,baseline,1,2.607566118276867,2.6075661182768672,0.0,1,0.35653720000118483,22500,225
TSP,15,uniform2d_n15_instance202601,202601,7,qubo_sa_old,coefficient_scaled_linear,1,4.2397631451461,2.6075661182768672,62.59465543093581,0,0.37859860000025947,22500,225
TSP,15,uniform2d_n15_instance202601,202601,7,qubo_sa_penalty,penalty_scaled_geometric,1,5.085628318072405,2.6075661182768672,95.03353270417132,0,0.3612028999996255,22500,225
TSP,15,uniform2d_n15_instance202601,202601,7,dwave_sa,coefficient_scaled_linear,1,4.428931977228139,2.6075661182768672,69.84926848776772,0,0.045071399996231776,22500,225
TSP,15,uniform2d_n15_instance202601,202601,7,openjij_sa,coefficient_scaled_linear,1,4.080602278824324,2.6075661182768672,56.490846012405996,0,0.11671629999909783,22500,225
TSP,15,uniform2d_n15_instance202601,202601,7,qubo_sa_swap,baseline,1,2.6075661182768677,2.6075661182768672,0.0,1,0.47927419999905396,22500,225
TSP,15,uniform2d_n15_instance202601,202601,7,two_opt,baseline,1,2.607566118276867,2.6075661182768672,0.0,1,0.35492810000141617,22500,225
TSP,15,uniform2d_n15_instance202601,202601,8,qubo_sa_old,coefficient_scaled_linear,1,4.9654042949843396,2.6075661182768672,90.42294882499777,0,0.3572252999947523,22500,225
TSP,15,uniform2d_n15_instance202601,202601,8,qubo_sa_penalty,penalty_scaled_geometric,1,4.551041245642902,2.6075661182768672,74.53215140908192,0,0.36461879999842495,22500,225
TSP,15,uniform2d_n15_instance202601,202601,8,dwave_sa,coefficient_scaled_linear,1,5.0055035610407606,2.6075661182768672,91.96075320799532,0,0.04193529999611201,22500,225
TSP,15,uniform2d_n15_instance202601,202601,8,openjij_sa,coefficient_scaled_linear,1,4.623783948779629,2.6075661182768672,77.32182959315024,0,0.11745689999952447,22500,225
TSP,15,uniform2d_n15_instance202601,202601,8,qubo_sa_swap,baseline,1,2.6075661182768672,2.6075661182768672,0.0,1,0.42893159999948693,22500,225
TSP,15,uniform2d_n15_instance202601,202601,8,two_opt,baseline,1,2.607566118276867,2.6075661182768672,0.0,1,0.3340444999994361,22500,225
TSP,15,uniform2d_n15_instance202601,202601,9,qubo_sa_old,coefficient_scaled_linear,1,4.529583238232877,2.6075661182768672,73.70923814680172,0,0.3662190999966697,22500,225
TSP,15,uniform2d_n15_instance202601,202601,9,qubo_sa_penalty,penalty_scaled_geometric,1,4.348908488924985,2.6075661182768672,66.78037264109076,0,0.36651359999814304,22500,225
TSP,15,uniform2d_n15_instance202601,202601,9,dwave_sa,coefficient_scaled_linear,1,4.650670789431419,2.6075661182768672,78.35293827581549,0,0.039798999998311047,22500,225
TSP,15,uniform2d_n15_instance202601,202601,9,openjij_sa,coefficient_scaled_linear,1,4.953448227741576,2.6075661182768672,89.96443438277666,0,0.11241249999875436,22500,225
TSP,15,uniform2d_n15_instance202601,202601,9,qubo_sa_swap,baseline,1,2.6075661182768677,2.6075661182768672,0.0,1,0.4889941000001272,22500,225
TSP,15,uniform2d_n15_instance202601,202601,9,two_opt,baseline,1,2.607566118276867,2.6075661182768672,0.0,1,0.35047590000613127,22500,225
TSP,15,uniform2d_n15_instance202602,202602,0,qubo_sa_old,coefficient_scaled_linear,1,5.029000292448245,3.1067222515875415,61.87479553018991,0,0.36127139999734936,22500,225
TSP,15,uniform2d_n15_instance202602,202602,0,qubo_sa_penalty,penalty_scaled_geometric,1,5.453280586633181,3.1067222515875415,75.53164219448787,0,0.3630101000017021,22500,225
TSP,15,uniform2d_n15_instance202602,202602,0,dwave_sa,coefficient_scaled_linear,1,5.754237714490186,3.1067222515875415,85.21893006527246,0,0.042022200002975296,22500,225
TSP,15,uniform2d_n15_instance202602,202602,0,openjij_sa,coefficient_scaled_linear,1,5.2900629573579385,3.1067222515875415,70.27794984423552,0,0.11278180000226712,22500,225
TSP,15,uniform2d_n15_instance202602,202602,0,qubo_sa_swap,baseline,1,3.1067222515875415,3.1067222515875415,0.0,1,0.4833278000005521,22500,225
TSP,15,uniform2d_n15_instance202602,202602,0,two_opt,baseline,1,3.106722251587541,3.1067222515875415,0.0,1,0.35472999999910826,22500,225
TSP,15,uniform2d_n15_instance202602,202602,1,qubo_sa_old,coefficient_scaled_linear,1,4.79168849412739,3.1067222515875415,54.23614041064751,0,0.35730879999755416,22500,225
TSP,15,uniform2d_n15_instance202602,202602,1,qubo_sa_penalty,penalty_scaled_geometric,1,6.867324209137461,3.1067222515875415,121.04725343980283,0,0.35725909999746364,22500,225
TSP,15,uniform2d_n15_instance202602,202602,1,dwave_sa,coefficient_scaled_linear,1,6.516347477317223,3.1067222515875415,109.74992128721372,0,0.04190329999983078,22500,225
TSP,15,uniform2d_n15_instance202602,202602,1,openjij_sa,coefficient_scaled_linear,1,5.190180820045635,3.1067222515875415,67.06291711122363,0,0.11362359999475302,22500,225
TSP,15,uniform2d_n15_instance202602,202602,1,qubo_sa_swap,baseline,1,3.3179170980312334,3.1067222515875415,6.797995744092367,0,0.4804759000035119,22500,225
TSP,15,uniform2d_n15_instance202602,202602,1,two_opt,baseline,1,3.106722251587541,3.1067222515875415,0.0,1,0.35354910000023665,22500,225
TSP,15,uniform2d_n15_instance202602,202602,2,qubo_sa_old,coefficient_scaled_linear,1,4.892965879915227,3.1067222515875415,57.496083771727946,0,0.35664900000119815,22500,225
TSP,15,uniform2d_n15_instance202602,202602,2,qubo_sa_penalty,penalty_scaled_geometric,0,,3.1067222515875415,,0,0.35856130000320263,22500,225
TSP,15,uniform2d_n15_instance202602,202602,2,dwave_sa,coefficient_scaled_linear,1,4.592787214203187,3.1067222515875415,47.833853246979615,0,0.04120640000473941,22500,225
TSP,15,uniform2d_n15_instance202602,202602,2,openjij_sa,coefficient_scaled_linear,1,6.438961444694053,3.1067222515875415,107.25899913980821,0,0.12493309999990743,22500,225
TSP,15,uniform2d_n15_instance202602,202602,2,qubo_sa_swap,baseline,1,3.2117772095754837,3.1067222515875415,3.38153685718956,0,0.4934017000050517,22500,225
TSP,15,uniform2d_n15_instance202602,202602,2,two_opt,baseline,1,3.106722251587541,3.1067222515875415,0.0,1,0.3446223999999347,22500,225
TSP,15,uniform2d_n15_instance202602,202602,3,qubo_sa_old,coefficient_scaled_linear,1,5.798322026759112,3.1067222515875415,86.63792760347849,0,0.358068400004413,22500,225
TSP,15,uniform2d_n15_instance202602,202602,3,qubo_sa_penalty,penalty_scaled_geometric,1,6.599326696099668,3.1067222515875415,112.42087839450079,0,0.3527144999970915,22500,225
TSP,15,uniform2d_n15_instance202602,202602,3,dwave_sa,coefficient_scaled_linear,1,6.5091128794399244,3.1067222515875415,109.51705213151111,0,0.039714899998216424,22500,225
TSP,15,uniform2d_n15_instance202602,202602,3,openjij_sa,coefficient_scaled_linear,1,5.87402776516978,3.1067222515875415,89.07476399501564,0,0.11378709999553394,22500,225
TSP,15,uniform2d_n15_instance202602,202602,3,qubo_sa_swap,baseline,1,3.2371311195487245,3.1067222515875415,4.197635237412811,0,0.47384570000576787,22500,225
TSP,15,uniform2d_n15_instance202602,202602,3,two_opt,baseline,1,3.106722251587541,3.1067222515875415,0.0,1,0.36409509999793954,22500,225
TSP,15,uniform2d_n15_instance202602,202602,4,qubo_sa_old,coefficient_scaled_linear,1,4.305780659925276,3.1067222515875415,38.595610139432736,0,0.35879570000543026,22500,225
TSP,15,uniform2d_n15_instance202602,202602,4,qubo_sa_penalty,penalty_scaled_geometric,1,6.5872311571830835,3.1067222515875415,112.03154397909225,0,0.35809940000035567,22500,225
TSP,15,uniform2d_n15_instance202602,202602,4,dwave_sa,coefficient_scaled_linear,1,6.934545398117734,3.1067222515875415,123.21098690345322,0,0.04192000000330154,22500,225
TSP,15,uniform2d_n15_instance202602,202602,4,openjij_sa,coefficient_scaled_linear,1,5.00612053198132,3.1067222515875415,61.13833573062999,0,0.1156598000015947,22500,225
TSP,15,uniform2d_n15_instance202602,202602,4,qubo_sa_swap,baseline,1,3.2371311195487245,3.1067222515875415,4.197635237412811,0,0.4751985000038985,22500,225
TSP,15,uniform2d_n15_instance202602,202602,4,two_opt,baseline,1,3.106722251587541,3.1067222515875415,0.0,1,0.348104600001534,22500,225
TSP,15,uniform2d_n15_instance202602,202602,5,qubo_sa_old,coefficient_scaled_linear,1,4.9066254155184,3.1067222515875415,57.93576052738878,0,0.3738154000020586,22500,225
TSP,15,uniform2d_n15_instance202602,202602,5,qubo_sa_penalty,penalty_scaled_geometric,1,5.548164674396284,3.1067222515875415,78.585796382704,0,0.35407230000419077,22500,225
TSP,15,uniform2d_n15_instance202602,202602,5,dwave_sa,coefficient_scaled_linear,1,4.417219975750102,3.1067222515875415,42.18264840034842,0,0.04063660000247182,22500,225
TSP,15,uniform2d_n15_instance202602,202602,5,openjij_sa,coefficient_scaled_linear,1,5.251509137963017,3.1067222515875415,69.03696927781316,0,0.11758890000055544,22500,225
TSP,15,uniform2d_n15_instance202602,202602,5,qubo_sa_swap,baseline,1,3.2117772095754837,3.1067222515875415,3.38153685718956,0,0.4748537999985274,22500,225
TSP,15,uniform2d_n15_instance202602,202602,5,two_opt,baseline,1,3.106722251587541,3.1067222515875415,0.0,1,0.36319519999960903,22500,225
TSP,15,uniform2d_n15_instance202602,202602,6,qubo_sa_old,coefficient_scaled_linear,1,5.977491942441388,3.1067222515875415,92.40509638049804,0,0.3592731000026106,22500,225
TSP,15,uniform2d_n15_instance202602,202602,6,qubo_sa_penalty,penalty_scaled_geometric,0,,3.1067222515875415,,0,0.37211350000143284,22500,225
TSP,15,uniform2d_n15_instance202602,202602,6,dwave_sa,coefficient_scaled_linear,1,4.832591271977653,3.1067222515875415,55.552729874973174,0,0.0400694999989355,22500,225
TSP,15,uniform2d_n15_instance202602,202602,6,openjij_sa,coefficient_scaled_linear,1,5.774504524332381,3.1067222515875415,85.87128351694773,0,0.1125672999987728,22500,225
TSP,15,uniform2d_n15_instance202602,202602,6,qubo_sa_swap,baseline,1,3.2371311195487245,3.1067222515875415,4.197635237412811,0,0.4845186999955331,22500,225
TSP,15,uniform2d_n15_instance202602,202602,6,two_opt,baseline,1,3.106722251587541,3.1067222515875415,0.0,1,0.34239220000017667,22500,225
TSP,15,uniform2d_n15_instance202602,202602,7,qubo_sa_old,coefficient_scaled_linear,1,6.327267580639014,3.1067222515875415,103.66376741293068,0,0.3569398999970872,22500,225
TSP,15,uniform2d_n15_instance202602,202602,7,qubo_sa_penalty,penalty_scaled_geometric,1,6.107682710101634,3.1067222515875415,96.59571134756561,0,0.3579137999986415,22500,225
TSP,15,uniform2d_n15_instance202602,202602,7,dwave_sa,coefficient_scaled_linear,1,5.260348957287671,3.1067222515875415,69.32150772730397,0,0.040856599996914156,22500,225
TSP,15,uniform2d_n15_instance202602,202602,7,openjij_sa,coefficient_scaled_linear,1,6.048715887599755,3.1067222515875415,94.69767162187894,0,0.11464300000079675,22500,225
TSP,15,uniform2d_n15_instance202602,202602,7,qubo_sa_swap,baseline,1,3.2117772095754837,3.1067222515875415,3.38153685718956,0,0.49214880000363337,22500,225
TSP,15,uniform2d_n15_instance202602,202602,7,two_opt,baseline,1,3.106722251587541,3.1067222515875415,0.0,1,0.3464436000067508,22500,225
TSP,15,uniform2d_n15_instance202602,202602,8,qubo_sa_old,coefficient_scaled_linear,1,5.452083852127744,3.1067222515875415,75.49312138675153,0,0.2566737000015564,22500,225
TSP,15,uniform2d_n15_instance202602,202602,8,qubo_sa_penalty,penalty_scaled_geometric,1,5.127358015573556,3.1067222515875415,65.04076001494713,0,0.34438909999880707,22500,225
TSP,15,uniform2d_n15_instance202602,202602,8,dwave_sa,coefficient_scaled_linear,1,6.071402842388627,3.1067222515875415,95.4279253411253,0,0.04075649999867892,22500,225
TSP,15,uniform2d_n15_instance202602,202602,8,openjij_sa,coefficient_scaled_linear,1,5.961064584743179,3.1067222515875415,91.87632823298131,0,0.11645909999788273,22500,225
TSP,15,uniform2d_n15_instance202602,202602,8,qubo_sa_swap,baseline,1,3.2117772095754837,3.1067222515875415,3.38153685718956,0,0.49610740000207443,22500,225
TSP,15,uniform2d_n15_instance202602,202602,8,two_opt,baseline,1,3.106722251587541,3.1067222515875415,0.0,1,0.3475603000042611,22500,225
TSP,15,uniform2d_n15_instance202602,202602,9,qubo_sa_old,coefficient_scaled_linear,1,4.9418499971845495,3.1067222515875415,59.06957870660159,0,0.3598615000009886,22500,225
TSP,15,uniform2d_n15_instance202602,202602,9,qubo_sa_penalty,penalty_scaled_geometric,1,5.906653533982423,3.1067222515875415,90.1249308966745,0,0.3547508999981801,22500,225
TSP,15,uniform2d_n15_instance202602,202602,9,dwave_sa,coefficient_scaled_linear,1,4.869084814549166,3.1067222515875415,56.72739370444375,0,0.040094600000884384,22500,225
TSP,15,uniform2d_n15_instance202602,202602,9,openjij_sa,coefficient_scaled_linear,1,4.998521669809822,3.1067222515875415,60.89374153919189,0,0.1142381999961799,22500,225
TSP,15,uniform2d_n15_instance202602,202602,9,qubo_sa_swap,baseline,1,3.538088628807572,3.1067222515875415,13.884935384861041,0,0.4783011000035913,22500,225
TSP,15,uniform2d_n15_instance202602,202602,9,two_opt,baseline,1,3.106722251587541,3.1067222515875415,0.0,1,0.35403260000020964,22500,225
TSP,15,uniform2d_n15_instance202603,202603,0,qubo_sa_old,coefficient_scaled_linear,1,5.377332539336541,3.3299545623540863,61.4836610723924,0,0.3605126000038581,22500,225
TSP,15,uniform2d_n15_instance202603,202603,0,qubo_sa_penalty,penalty_scaled_geometric,0,,3.3299545623540863,,0,0.3622190999958548,22500,225
TSP,15,uniform2d_n15_instance202603,202603,0,dwave_sa,coefficient_scaled_linear,1,5.1190070775037935,3.3299545623540863,53.72603384368555,0,0.041519500002323184,22500,225
TSP,15,uniform2d_n15_instance202603,202603,0,openjij_sa,coefficient_scaled_linear,1,5.2969472699644085,3.3299545623540863,59.06965608022505,0,0.1142803000038839,22500,225
TSP,15,uniform2d_n15_instance202603,202603,0,qubo_sa_swap,baseline,1,3.3299545623540863,3.3299545623540863,0.0,1,0.4757658000016818,22500,225
TSP,15,uniform2d_n15_instance202603,202603,0,two_opt,baseline,1,3.329954562354086,3.3299545623540863,0.0,1,0.35563530000217725,22500,225
TSP,15,uniform2d_n15_instance202603,202603,1,qubo_sa_old,coefficient_scaled_linear,1,5.172668767710303,3.3299545623540863,55.33751800065176,0,0.3801716999951168,22500,225
TSP,15,uniform2d_n15_instance202603,202603,1,qubo_sa_penalty,penalty_scaled_geometric,1,5.404670018092723,3.3299545623540863,62.304617582287136,0,0.35328819999995176,22500,225
TSP,15,uniform2d_n15_instance202603,202603,1,dwave_sa,coefficient_scaled_linear,1,4.657562447945947,3.3299545623540863,39.86864867769604,0,0.04060890000255313,22500,225
TSP,15,uniform2d_n15_instance202603,202603,1,openjij_sa,coefficient_scaled_linear,1,5.622727257898519,3.3299545623540863,68.8529723938207,0,0.11763709999650018,22500,225
TSP,15,uniform2d_n15_instance202603,202603,1,qubo_sa_swap,baseline,1,3.3299545623540863,3.3299545623540863,0.0,1,0.4770713000034448,22500,225
TSP,15,uniform2d_n15_instance202603,202603,1,two_opt,baseline,1,3.329954562354086,3.3299545623540863,0.0,1,0.3459304999996675,22500,225
TSP,15,uniform2d_n15_instance202603,202603,2,qubo_sa_old,coefficient_scaled_linear,1,5.154422631515805,3.3299545623540863,54.78957850619815,0,0.3547623999984353,22500,225
TSP,15,uniform2d_n15_instance202603,202603,2,qubo_sa_penalty,penalty_scaled_geometric,1,5.401360479822209,3.3299545623540863,62.20523069251005,0,0.36121600000478793,22500,225
TSP,15,uniform2d_n15_instance202603,202603,2,dwave_sa,coefficient_scaled_linear,1,5.094382571144691,3.3299545623540863,52.98654908802287,0,0.04145429999334738,22500,225
TSP,15,uniform2d_n15_instance202603,202603,2,openjij_sa,coefficient_scaled_linear,1,5.678946214250615,3.3299545623540863,70.54125237780804,0,0.11576019999483833,22500,225
TSP,15,uniform2d_n15_instance202603,202603,2,qubo_sa_swap,baseline,1,3.360753507087437,3.3299545623540863,0.9249058555194756,0,0.4771636000004946,22500,225
TSP,15,uniform2d_n15_instance202603,202603,2,two_opt,baseline,1,3.329954562354086,3.3299545623540863,0.0,1,0.3469072999942,22500,225
TSP,15,uniform2d_n15_instance202603,202603,3,qubo_sa_old,coefficient_scaled_linear,1,5.2063888075890254,3.3299545623540863,56.350145628065505,0,0.3621616999953403,22500,225
TSP,15,uniform2d_n15_instance202603,202603,3,qubo_sa_penalty,penalty_scaled_geometric,1,5.33907180891877,3.3299545623540863,60.33467451112466,0,0.35568560000683647,22500,225
TSP,15,uniform2d_n15_instance202603,202603,3,dwave_sa,coefficient_scaled_linear,1,6.659218661632075,3.3299545623540863,99.9792650901636,0,0.041164000002027024,22500,225
TSP,15,uniform2d_n15_instance202603,202603,3,openjij_sa,coefficient_scaled_linear,1,5.071968653078283,3.3299545623540863,52.31344927099224,0,0.11535699999512872,22500,225
TSP,15,uniform2d_n15_instance202603,202603,3,qubo_sa_swap,baseline,1,3.3299545623540863,3.3299545623540863,0.0,1,0.49340449999726843,22500,225
TSP,15,uniform2d_n15_instance202603,202603,3,two_opt,baseline,1,3.329954562354086,3.3299545623540863,0.0,1,0.35373949999484466,22500,225
TSP,15,uniform2d_n15_instance202603,202603,4,qubo_sa_old,coefficient_scaled_linear,1,5.003746945489121,3.3299545623540863,50.26472138862339,0,0.35775419999845326,22500,225
TSP,15,uniform2d_n15_instance202603,202603,4,qubo_sa_penalty,penalty_scaled_geometric,1,5.326101859469382,3.3299545623540863,59.945181225059564,0,0.37056009999650996,22500,225
TSP,15,uniform2d_n15_instance202603,202603,4,dwave_sa,coefficient_scaled_linear,1,5.192264558119056,3.3299545623540863,55.925988204728625,0,0.04025030000047991,22500,225
TSP,15,uniform2d_n15_instance202603,202603,4,openjij_sa,coefficient_scaled_linear,1,5.745831345903676,3.3299545623540863,72.54984229699832,0,0.11392150000028778,22500,225
TSP,15,uniform2d_n15_instance202603,202603,4,qubo_sa_swap,baseline,1,3.3299545623540863,3.3299545623540863,0.0,1,0.4771120000004885,22500,225
TSP,15,uniform2d_n15_instance202603,202603,4,two_opt,baseline,1,3.329954562354086,3.3299545623540863,0.0,1,0.34701810000115074,22500,225
TSP,15,uniform2d_n15_instance202603,202603,5,qubo_sa_old,coefficient_scaled_linear,1,5.304139571880279,3.3299545623540863,59.28564406988659,0,0.3596823999978369,22500,225
TSP,15,uniform2d_n15_instance202603,202603,5,qubo_sa_penalty,penalty_scaled_geometric,1,5.751846707867054,3.3299545623540863,72.73048626227589,0,0.35798670000076527,22500,225
TSP,15,uniform2d_n15_instance202603,202603,5,dwave_sa,coefficient_scaled_linear,1,5.712675953134684,3.3299545623540863,71.5541712706179,0,0.04057469999679597,22500,225
TSP,15,uniform2d_n15_instance202603,202603,5,openjij_sa,coefficient_scaled_linear,1,5.192695757170503,3.3299545623540863,55.93893730188215,0,0.13207780000084313,22500,225
TSP,15,uniform2d_n15_instance202603,202603,5,qubo_sa_swap,baseline,1,3.3299545623540863,3.3299545623540863,0.0,1,0.48119320000114385,22500,225
TSP,15,uniform2d_n15_instance202603,202603,5,two_opt,baseline,1,3.329954562354086,3.3299545623540863,0.0,1,0.3313793999986956,22500,225
TSP,15,uniform2d_n15_instance202603,202603,6,qubo_sa_old,coefficient_scaled_linear,1,5.744709325950648,3.3299545623540863,72.51614754435177,0,0.3548661000022548,22500,225
TSP,15,uniform2d_n15_instance202603,202603,6,qubo_sa_penalty,penalty_scaled_geometric,1,6.08360656482775,3.3299545623540863,82.69338067264769,0,0.36018679999688175,22500,225
TSP,15,uniform2d_n15_instance202603,202603,6,dwave_sa,coefficient_scaled_linear,1,5.306670707852239,3.3299545623540863,59.36165519630177,0,0.03959290000057081,22500,225
TSP,15,uniform2d_n15_instance202603,202603,6,openjij_sa,coefficient_scaled_linear,1,5.513065218373127,3.3299545623540863,65.55977311821657,0,0.11444260000280337,22500,225
TSP,15,uniform2d_n15_instance202603,202603,6,qubo_sa_swap,baseline,1,3.360753507087437,3.3299545623540863,0.9249058555194756,0,0.4849635000064154,22500,225
TSP,15,uniform2d_n15_instance202603,202603,6,two_opt,baseline,1,3.329954562354086,3.3299545623540863,0.0,1,0.338242400001036,22500,225
TSP,15,uniform2d_n15_instance202603,202603,7,qubo_sa_old,coefficient_scaled_linear,1,4.882192530343559,3.3299545623540863,46.61438884295557,0,0.3791787999944063,22500,225
TSP,15,uniform2d_n15_instance202603,202603,7,qubo_sa_penalty,penalty_scaled_geometric,1,5.981324277270246,3.3299545623540863,79.62179859420647,0,0.3541687999968417,22500,225
TSP,15,uniform2d_n15_instance202603,202603,7,dwave_sa,coefficient_scaled_linear,1,5.542684641213379,3.3299545623540863,66.44925741254018,0,0.045462900001439266,22500,225
TSP,15,uniform2d_n15_instance202603,202603,7,openjij_sa,coefficient_scaled_linear,1,5.751714747713704,3.3299545623540863,72.72652344083556,0,0.11584710000170162,22500,225
TSP,15,uniform2d_n15_instance202603,202603,7,qubo_sa_swap,baseline,1,3.3299545623540863,3.3299545623540863,0.0,1,0.4893549999978859,22500,225
TSP,15,uniform2d_n15_instance202603,202603,7,two_opt,baseline,1,3.329954562354086,3.3299545623540863,0.0,1,0.35198070000478765,22500,225
TSP,15,uniform2d_n15_instance202603,202603,8,qubo_sa_old,coefficient_scaled_linear,1,5.030268065326865,3.3299545623540863,51.06116228116804,0,0.3659083000020473,22500,225
TSP,15,uniform2d_n15_instance202603,202603,8,qubo_sa_penalty,penalty_scaled_geometric,1,5.039355575671505,3.3299545623540863,51.334064213445906,0,0.3696845999947982,22500,225
TSP,15,uniform2d_n15_instance202603,202603,8,dwave_sa,coefficient_scaled_linear,1,5.892335099191445,3.3299545623540863,76.9494144396344,0,0.04007649999402929,22500,225
TSP,15,uniform2d_n15_instance202603,202603,8,openjij_sa,coefficient_scaled_linear,1,6.3807062877029805,3.3299545623540863,91.61541601312987,0,0.11578060000465484,22500,225
TSP,15,uniform2d_n15_instance202603,202603,8,qubo_sa_swap,baseline,1,3.3299545623540863,3.3299545623540863,0.0,1,0.4758051000026171,22500,225
TSP,15,uniform2d_n15_instance202603,202603,8,two_opt,baseline,1,3.329954562354086,3.3299545623540863,0.0,1,0.26042250000318745,22500,225
TSP,15,uniform2d_n15_instance202603,202603,9,qubo_sa_old,coefficient_scaled_linear,1,5.019321221938318,3.3299545623540863,50.73242375985896,0,0.36146069999813335,22500,225
TSP,15,uniform2d_n15_instance202603,202603,9,qubo_sa_penalty,penalty_scaled_geometric,1,6.023910385733387,3.3299545623540863,80.90067816045001,0,0.35765749999700347,22500,225
TSP,15,uniform2d_n15_instance202603,202603,9,dwave_sa,coefficient_scaled_linear,1,6.577210967830281,3.3299545623540863,97.5165379788417,0,0.04075369999918621,22500,225
TSP,15,uniform2d_n15_instance202603,202603,9,openjij_sa,coefficient_scaled_linear,1,5.055507138799136,3.3299545623540863,51.81910275752182,0,0.1158246000049985,22500,225
TSP,15,uniform2d_n15_instance202603,202603,9,qubo_sa_swap,baseline,1,3.360753507087437,3.3299545623540863,0.9249058555194756,0,0.4961001999981818,22500,225
TSP,15,uniform2d_n15_instance202603,202603,9,two_opt,baseline,1,3.329954562354086,3.3299545623540863,0.0,1,0.3468847000040114,22500,225
TSP,15,uniform2d_n15_instance202604,202604,0,qubo_sa_old,coefficient_scaled_linear,1,4.268487617866207,2.3954798695778288,78.18925018219711,0,0.36042470000393223,22500,225
TSP,15,uniform2d_n15_instance202604,202604,0,qubo_sa_penalty,penalty_scaled_geometric,1,5.488050585251584,2.3954798695778288,129.10025898981067,0,0.3697676000010688,22500,225
TSP,15,uniform2d_n15_instance202604,202604,0,dwave_sa,coefficient_scaled_linear,1,4.806493189927492,2.3954798695778288,100.64844839520913,0,0.04051650000474183,22500,225
TSP,15,uniform2d_n15_instance202604,202604,0,openjij_sa,coefficient_scaled_linear,0,,2.3954798695778288,,0,0.11495619999914197,22500,225
TSP,15,uniform2d_n15_instance202604,202604,0,qubo_sa_swap,baseline,1,2.4712087026822878,2.3954798695778288,3.1613220409906884,0,0.47430399999575457,22500,225
TSP,15,uniform2d_n15_instance202604,202604,0,two_opt,baseline,1,2.3954798695778288,2.3954798695778288,0.0,1,0.34662000000389526,22500,225
TSP,15,uniform2d_n15_instance202604,202604,1,qubo_sa_old,coefficient_scaled_linear,1,4.410531393688079,2.3954798695778288,84.11890868719244,0,0.35768559999996796,22500,225
TSP,15,uniform2d_n15_instance202604,202604,1,qubo_sa_penalty,penalty_scaled_geometric,1,4.026731197401549,2.3954798695778288,68.09705848670757,0,0.358347400004277,22500,225
TSP,15,uniform2d_n15_instance202604,202604,1,dwave_sa,coefficient_scaled_linear,1,4.165694816128323,2.3954798695778288,73.89813494289439,0,0.040188899998611305,22500,225
TSP,15,uniform2d_n15_instance202604,202604,1,openjij_sa,coefficient_scaled_linear,1,4.98404966038167,2.3954798695778288,108.06059460896415,0,0.1142323000021861,22500,225
TSP,15,uniform2d_n15_instance202604,202604,1,qubo_sa_swap,baseline,1,2.49455718496407,2.3954798695778288,4.136011186923572,0,0.4772391999940737,22500,225
TSP,15,uniform2d_n15_instance202604,202604,1,two_opt,baseline,1,2.3954798695778288,2.3954798695778288,0.0,1,0.3681384000010439,22500,225
TSP,15,uniform2d_n15_instance202604,202604,2,qubo_sa_old,coefficient_scaled_linear,1,4.113456123531507,2.3954798695778288,71.71741561144694,0,0.3560137000022223,22500,225
TSP,15,uniform2d_n15_instance202604,202604,2,qubo_sa_penalty,penalty_scaled_geometric,1,4.741971858884044,2.3954798695778288,97.95498676930035,0,0.3581899000055273,22500,225
TSP,15,uniform2d_n15_instance202604,202604,2,dwave_sa,coefficient_scaled_linear,1,5.447281891421327,2.3954798695778288,127.39835807434012,0,0.040036300000792835,22500,225
TSP,15,uniform2d_n15_instance202604,202604,2,openjij_sa,coefficient_scaled_linear,1,3.832793036758098,2.3954798695778288,60.0010538779262,0,0.11401139999361476,22500,225
TSP,15,uniform2d_n15_instance202604,202604,2,qubo_sa_swap,baseline,1,2.471208702682288,2.3954798695778288,3.1613220409907106,0,0.4794553999963682,22500,225
TSP,15,uniform2d_n15_instance202604,202604,2,two_opt,baseline,1,2.3954798695778288,2.3954798695778288,0.0,1,0.3462209999997867,22500,225
TSP,15,uniform2d_n15_instance202604,202604,3,qubo_sa_old,coefficient_scaled_linear,1,4.019932468651645,2.3954798695778288,67.813243588647,0,0.3740862999984529,22500,225
TSP,15,uniform2d_n15_instance202604,202604,3,qubo_sa_penalty,penalty_scaled_geometric,1,4.605886751196114,2.3954798695778288,92.27407458898162,0,0.35937819999526255,22500,225
TSP,15,uniform2d_n15_instance202604,202604,3,dwave_sa,coefficient_scaled_linear,1,4.421941022418384,2.3954798695778288,84.59520693854512,0,0.04167050000251038,22500,225
TSP,15,uniform2d_n15_instance202604,202604,3,openjij_sa,coefficient_scaled_linear,1,3.8390510454768463,2.3954798695778288,60.262296261893766,0,0.11473320000368403,22500,225
TSP,15,uniform2d_n15_instance202604,202604,3,qubo_sa_swap,baseline,1,2.3954798695778288,2.3954798695778288,0.0,1,0.47898110000096494,22500,225
TSP,15,uniform2d_n15_instance202604,202604,3,two_opt,baseline,1,2.3954798695778288,2.3954798695778288,0.0,1,0.3447998000046937,22500,225
TSP,15,uniform2d_n15_instance202604,202604,4,qubo_sa_old,coefficient_scaled_linear,1,3.664840775614635,2.3954798695778288,52.989838159671706,0,0.36102639999444364,22500,225
TSP,15,uniform2d_n15_instance202604,202604,4,qubo_sa_penalty,penalty_scaled_geometric,1,5.045069360877938,2.3954798695778288,110.60787965490455,0,0.3595474000030663,22500,225
TSP,15,uniform2d_n15_instance202604,202604,4,dwave_sa,coefficient_scaled_linear,1,4.56109949519203,2.3954798695778288,90.40441763327624,0,0.039535500000056345,22500,225
TSP,15,uniform2d_n15_instance202604,202604,4,openjij_sa,coefficient_scaled_linear,0,,2.3954798695778288,,0,0.11334930000157328,22500,225
TSP,15,uniform2d_n15_instance202604,202604,4,qubo_sa_swap,baseline,1,2.4308416352953732,2.3954798695778288,1.4761871375599034,0,0.4781116000012844,22500,225
TSP,15,uniform2d_n15_instance202604,202604,4,two_opt,baseline,1,2.3954798695778288,2.3954798695778288,0.0,1,0.3455057000028319,22500,225
TSP,15,uniform2d_n15_instance202604,202604,5,qubo_sa_old,coefficient_scaled_linear,1,3.5681469387699383,2.3954798695778288,48.95332597383823,0,0.3597641000014846,22500,225
TSP,15,uniform2d_n15_instance202604,202604,5,qubo_sa_penalty,penalty_scaled_geometric,1,4.601492097827613,2.3954798695778288,92.09061851304826,0,0.3577385999960825,22500,225
TSP,15,uniform2d_n15_instance202604,202604,5,dwave_sa,coefficient_scaled_linear,1,4.185254244671879,2.3954798695778288,74.71464894461725,0,0.04149889999825973,22500,225
TSP,15,uniform2d_n15_instance202604,202604,5,openjij_sa,coefficient_scaled_linear,1,4.65738720870489,2.3954798695778288,94.42397608315916,0,0.1340423000001465,22500,225
TSP,15,uniform2d_n15_instance202604,202604,5,qubo_sa_swap,baseline,1,2.428565453829412,2.3954798695778288,1.3811672839235456,0,0.47696439999708673,22500,225
TSP,15,uniform2d_n15_instance202604,202604,5,two_opt,baseline,1,2.3954798695778288,2.3954798695778288,0.0,1,0.3577328999963356,22500,225
TSP,15,uniform2d_n15_instance202604,202604,6,qubo_sa_old,coefficient_scaled_linear,1,4.131584923166975,2.3954798695778288,72.47420759562098,0,0.3598511000018334,22500,225
TSP,15,uniform2d_n15_instance202604,202604,6,qubo_sa_penalty,penalty_scaled_geometric,1,4.771161450337661,2.3954798695778288,99.17351470703504,0,0.3551216999985627,22500,225
TSP,15,uniform2d_n15_instance202604,202604,6,dwave_sa,coefficient_scaled_linear,1,4.280256504257586,2.3954798695778288,78.68054574851946,0,0.042252500003087334,22500,225
TSP,15,uniform2d_n15_instance202604,202604,6,openjij_sa,coefficient_scaled_linear,0,,2.3954798695778288,,0,0.13316060000215657,22500,225
TSP,15,uniform2d_n15_instance202604,202604,6,qubo_sa_swap,baseline,1,2.471208702682288,2.3954798695778288,3.1613220409907106,0,0.475658299998031,22500,225
TSP,15,uniform2d_n15_instance202604,202604,6,two_opt,baseline,1,2.3954798695778288,2.3954798695778288,0.0,1,0.3434326999995392,22500,225
TSP,15,uniform2d_n15_instance202604,202604,7,qubo_sa_old,coefficient_scaled_linear,1,4.5610332849927975,2.3954798695778288,90.4016536693593,0,0.22371570000541396,22500,225
TSP,15,uniform2d_n15_instance202604,202604,7,qubo_sa_penalty,penalty_scaled_geometric,0,,2.3954798695778288,,0,0.35829919999378035,22500,225
TSP,15,uniform2d_n15_instance202604,202604,7,dwave_sa,coefficient_scaled_linear,1,4.705087114178341,2.3954798695778288,96.41522243338866,0,0.040958099998533726,22500,225
TSP,15,uniform2d_n15_instance202604,202604,7,openjij_sa,coefficient_scaled_linear,1,4.741413661215921,2.3954798695778288,97.93168464619706,0,0.11376390000077663,22500,225
TSP,15,uniform2d_n15_instance202604,202604,7,qubo_sa_swap,baseline,1,2.3954798695778288,2.3954798695778288,0.0,1,0.4774459999971441,22500,225
TSP,15,uniform2d_n15_instance202604,202604,7,two_opt,baseline,1,2.3954798695778288,2.3954798695778288,0.0,1,0.3681956000000355,22500,225
TSP,15,uniform2d_n15_instance202604,202604,8,qubo_sa_old,coefficient_scaled_linear,1,4.617954551088482,2.3954798695778288,92.77784838585741,0,0.3597354999947129,22500,225
TSP,15,uniform2d_n15_instance202604,202604,8,qubo_sa_penalty,penalty_scaled_geometric,1,4.031654562459179,2.3954798695778288,68.30258578502286,0,0.3602545000030659,22500,225
TSP,15,uniform2d_n15_instance202604,202604,8,dwave_sa,coefficient_scaled_linear,0,,2.3954798695778288,,0,0.04189350000524428,22500,225
TSP,15,uniform2d_n15_instance202604,202604,8,openjij_sa,coefficient_scaled_linear,1,3.883537638114568,2.3954798695778288,62.1194019384095,0,0.11315070000273408,22500,225
TSP,15,uniform2d_n15_instance202604,202604,8,qubo_sa_swap,baseline,1,2.471208702682288,2.3954798695778288,3.1613220409907106,0,0.47818070000357693,22500,225
TSP,15,uniform2d_n15_instance202604,202604,8,two_opt,baseline,1,2.3954798695778288,2.3954798695778288,0.0,1,0.3191815999962273,22500,225
TSP,15,uniform2d_n15_instance202604,202604,9,qubo_sa_old,coefficient_scaled_linear,1,4.242536100017418,2.3954798695778288,77.10589656364375,0,0.3828518999944208,22500,225
TSP,15,uniform2d_n15_instance202604,202604,9,qubo_sa_penalty,penalty_scaled_geometric,1,4.685751943471652,2.3954798695778288,95.60807013992788,0,0.3595091000024695,22500,225
TSP,15,uniform2d_n15_instance202604,202604,9,dwave_sa,coefficient_scaled_linear,0,,2.3954798695778288,,0,0.042707599997811485,22500,225
TSP,15,uniform2d_n15_instance202604,202604,9,openjij_sa,coefficient_scaled_linear,1,4.5782996946512755,2.3954798695778288,91.12244493451492,0,0.11512079999374691,22500,225
TSP,15,uniform2d_n15_instance202604,202604,9,qubo_sa_swap,baseline,1,2.3954798695778288,2.3954798695778288,0.0,1,0.47513030000118306,22500,225
TSP,15,uniform2d_n15_instance202604,202604,9,two_opt,baseline,1,2.3954798695778288,2.3954798695778288,0.0,1,0.3480878999980632,22500,225
TSP,15,uniform2d_n15_instance202605,202605,0,qubo_sa_old,coefficient_scaled_linear,1,5.593649186125776,3.3753658517278438,65.71978955295756,0,0.3620271000036155,22500,225
TSP,15,uniform2d_n15_instance202605,202605,0,qubo_sa_penalty,penalty_scaled_geometric,1,6.0483107058385945,3.3753658517278438,79.18978183483357,0,0.37643269999534823,22500,225
TSP,15,uniform2d_n15_instance202605,202605,0,dwave_sa,coefficient_scaled_linear,1,7.664934924587691,3.3753658517278438,127.08456686744118,0,0.04071480000129668,22500,225
TSP,15,uniform2d_n15_instance202605,202605,0,openjij_sa,coefficient_scaled_linear,0,,3.3753658517278438,,0,0.11454080000112299,22500,225
TSP,15,uniform2d_n15_instance202605,202605,0,qubo_sa_swap,baseline,1,3.394582442024921,3.3753658517278438,0.56931873880397,0,0.47875049999856856,22500,225
TSP,15,uniform2d_n15_instance202605,202605,0,two_opt,baseline,1,3.3753658517278438,3.3753658517278438,0.0,1,0.3412246000007144,22500,225
TSP,15,uniform2d_n15_instance202605,202605,1,qubo_sa_old,coefficient_scaled_linear,1,5.701273919900988,3.3753658517278438,68.90832491483896,0,0.287337399997341,22500,225
TSP,15,uniform2d_n15_instance202605,202605,1,qubo_sa_penalty,penalty_scaled_geometric,1,5.0707230443769635,3.3753658517278438,50.22736103647163,0,0.31699850000586594,22500,225
TSP,15,uniform2d_n15_instance202605,202605,1,dwave_sa,coefficient_scaled_linear,1,5.751707147586882,3.3753658517278438,70.40248080493537,0,0.016463700005260762,22500,225
TSP,15,uniform2d_n15_instance202605,202605,1,openjij_sa,coefficient_scaled_linear,1,5.08012382445617,3.3753658517278438,50.505872477665314,0,0.09334999999555293,22500,225
TSP,15,uniform2d_n15_instance202605,202605,1,qubo_sa_swap,baseline,1,3.7164555320608743,3.3753658517278438,10.105265482804704,0,0.4858133999950951,22500,225
TSP,15,uniform2d_n15_instance202605,202605,1,two_opt,baseline,1,3.3753658517278438,3.3753658517278438,0.0,1,0.34772359999624314,22500,225
TSP,15,uniform2d_n15_instance202605,202605,2,qubo_sa_old,coefficient_scaled_linear,1,6.220875447644707,3.3753658517278438,84.30225702675315,0,0.362010899996676,22500,225
TSP,15,uniform2d_n15_instance202605,202605,2,qubo_sa_penalty,penalty_scaled_geometric,1,5.86018506933677,3.3753658517278438,73.61629307048156,0,0.36976879999565426,22500,225
TSP,15,uniform2d_n15_instance202605,202605,2,dwave_sa,coefficient_scaled_linear,1,5.809554226436311,3.3753658517278438,72.11628254941344,0,0.04250980000506388,22500,225
TSP,15,uniform2d_n15_instance202605,202605,2,openjij_sa,coefficient_scaled_linear,1,6.160573879245195,3.3753658517278438,82.5157375486159,0,0.11580780000076629,22500,225
TSP,15,uniform2d_n15_instance202605,202605,2,qubo_sa_swap,baseline,1,3.3753658517278438,3.3753658517278438,0.0,1,0.4815251999971224,22500,225
TSP,15,uniform2d_n15_instance202605,202605,2,two_opt,baseline,1,3.3753658517278438,3.3753658517278438,0.0,1,0.3668839999954798,22500,225
TSP,15,uniform2d_n15_instance202605,202605,3,qubo_sa_old,coefficient_scaled_linear,1,5.28896972100041,3.3753658517278438,56.693228329397115,0,0.3666155000028084,22500,225
TSP,15,uniform2d_n15_instance202605,202605,3,qubo_sa_penalty,penalty_scaled_geometric,1,6.042490868265717,3.3753658517278438,79.01736089356288,0,0.35725559999991674,22500,225
TSP,15,uniform2d_n15_instance202605,202605,3,dwave_sa,coefficient_scaled_linear,1,5.413794014427587,3.3753658517278438,60.39132503684825,0,0.041127999997115694,22500,225
TSP,15,uniform2d_n15_instance202605,202605,3,openjij_sa,coefficient_scaled_linear,1,7.031130856388794,3.3753658517278438,108.30722254269327,0,0.11239449999993667,22500,225
TSP,15,uniform2d_n15_instance202605,202605,3,qubo_sa_swap,baseline,1,3.3945824420249213,3.3753658517278438,0.5693187388039922,0,0.4792185999976937,22500,225
TSP,15,uniform2d_n15_instance202605,202605,3,two_opt,baseline,1,3.3753658517278438,3.3753658517278438,0.0,1,0.3549459999994724,22500,225
TSP,15,uniform2d_n15_instance202605,202605,4,qubo_sa_old,coefficient_scaled_linear,1,5.700350436963406,3.3753658517278438,68.88096542321203,0,0.3695427999991807,22500,225
TSP,15,uniform2d_n15_instance202605,202605,4,qubo_sa_penalty,penalty_scaled_geometric,1,5.451826723771235,3.3753658517278438,61.51809798574737,0,0.3566921999954502,22500,225
TSP,15,uniform2d_n15_instance202605,202605,4,dwave_sa,coefficient_scaled_linear,1,5.390387341025208,3.3753658517278438,59.69786914404784,0,0.03990730000077747,22500,225
TSP,15,uniform2d_n15_instance202605,202605,4,openjij_sa,coefficient_scaled_linear,1,5.2092740455876525,3.3753658517278438,54.33213092800102,0,0.11169520000112243,22500,225
TSP,15,uniform2d_n15_instance202605,202605,4,qubo_sa_swap,baseline,1,3.3753658517278446,3.3753658517278438,0.0,1,0.4787907999998424,22500,225
TSP,15,uniform2d_n15_instance202605,202605,4,two_opt,baseline,1,3.3753658517278438,3.3753658517278438,0.0,1,0.34295239999482874,22500,225
TSP,15,uniform2d_n15_instance202605,202605,5,qubo_sa_old,coefficient_scaled_linear,1,4.744501005316381,3.3753658517278438,40.562570510324946,0,0.3759367000020575,22500,225
TSP,15,uniform2d_n15_instance202605,202605,5,qubo_sa_penalty,penalty_scaled_geometric,1,6.494715681636315,3.3753658517278438,92.41516229453117,0,0.3617588999986765,22500,225
TSP,15,uniform2d_n15_instance202605,202605,5,dwave_sa,coefficient_scaled_linear,1,6.3279406038306645,3.3753658517278438,87.47421410900994,0,0.04106529999990016,22500,225
TSP,15,uniform2d_n15_instance202605,202605,5,openjij_sa,coefficient_scaled_linear,1,6.881255451005902,3.3753658517278438,103.86695111830319,0,0.11482450000039535,22500,225
TSP,15,uniform2d_n15_instance202605,202605,5,qubo_sa_swap,baseline,1,3.827090080145182,3.3753658517278438,13.382970861843058,0,0.47770219999802066,22500,225
TSP,15,uniform2d_n15_instance202605,202605,5,two_opt,baseline,1,3.3753658517278438,3.3753658517278438,0.0,1,0.3443102999954135,22500,225
TSP,15,uniform2d_n15_instance202605,202605,6,qubo_sa_old,coefficient_scaled_linear,1,6.067753748960419,3.3753658517278438,79.76580955970584,0,0.36229460000322433,22500,225
TSP,15,uniform2d_n15_instance202605,202605,6,qubo_sa_penalty,penalty_scaled_geometric,1,5.899489751776474,3.3753658517278438,74.78075002615007,0,0.3711279999988619,22500,225
TSP,15,uniform2d_n15_instance202605,202605,6,dwave_sa,coefficient_scaled_linear,1,5.124167748791568,3.3753658517278438,51.81073619526357,0,0.040266399999381974,22500,225
TSP,15,uniform2d_n15_instance202605,202605,6,openjij_sa,coefficient_scaled_linear,1,6.116585669108772,3.3753658517278438,81.21252444317118,0,0.11327659999369644,22500,225
TSP,15,uniform2d_n15_instance202605,202605,6,qubo_sa_swap,baseline,1,3.3945824420249213,3.3753658517278438,0.5693187388039922,0,0.4786323000007542,22500,225
TSP,15,uniform2d_n15_instance202605,202605,6,two_opt,baseline,1,3.3753658517278438,3.3753658517278438,0.0,1,0.3467901999974856,22500,225
TSP,15,uniform2d_n15_instance202605,202605,7,qubo_sa_old,coefficient_scaled_linear,0,,3.3753658517278438,,0,0.3606181000068318,22500,225
TSP,15,uniform2d_n15_instance202605,202605,7,qubo_sa_penalty,penalty_scaled_geometric,1,6.591905630556287,3.3753658517278438,95.29455235739563,0,0.3579128999990644,22500,225
TSP,15,uniform2d_n15_instance202605,202605,7,dwave_sa,coefficient_scaled_linear,0,,3.3753658517278438,,0,0.04015339999750722,22500,225
TSP,15,uniform2d_n15_instance202605,202605,7,openjij_sa,coefficient_scaled_linear,0,,3.3753658517278438,,0,0.11486290000175359,22500,225
TSP,15,uniform2d_n15_instance202605,202605,7,qubo_sa_swap,baseline,1,3.566274225698347,3.3753658517278438,5.6559313080914775,0,0.46880570000212174,22500,225
TSP,15,uniform2d_n15_instance202605,202605,7,two_opt,baseline,1,3.3753658517278438,3.3753658517278438,0.0,1,0.34417560000292724,22500,225
TSP,15,uniform2d_n15_instance202605,202605,8,qubo_sa_old,coefficient_scaled_linear,1,6.220953148649758,3.3753658517278438,84.30455902921643,0,0.35825979999935953,22500,225
TSP,15,uniform2d_n15_instance202605,202605,8,qubo_sa_penalty,penalty_scaled_geometric,1,7.414536121939464,3.3753658517278438,119.66614724575635,0,0.38577929999883054,22500,225
TSP,15,uniform2d_n15_instance202605,202605,8,dwave_sa,coefficient_scaled_linear,1,5.994253025363314,3.3753658517278438,77.58824639097614,0,0.04093940000166185,22500,225
TSP,15,uniform2d_n15_instance202605,202605,8,openjij_sa,coefficient_scaled_linear,1,5.876670351031546,3.3753658517278438,74.10469291864432,0,0.11359169999923324,22500,225
TSP,15,uniform2d_n15_instance202605,202605,8,qubo_sa_swap,baseline,1,3.394582442024921,3.3753658517278438,0.56931873880397,0,0.4885558000023593,22500,225
TSP,15,uniform2d_n15_instance202605,202605,8,two_opt,baseline,1,3.3753658517278438,3.3753658517278438,0.0,1,0.3433764000001247,22500,225
TSP,15,uniform2d_n15_instance202605,202605,9,qubo_sa_old,coefficient_scaled_linear,1,6.072166374549218,3.3753658517278438,79.89653985036576,0,0.3591540999987046,22500,225
TSP,15,uniform2d_n15_instance202605,202605,9,qubo_sa_penalty,penalty_scaled_geometric,1,5.818853181303546,3.3753658517278438,72.39177727430304,0,0.10729089999949792,22500,225
TSP,15,uniform2d_n15_instance202605,202605,9,dwave_sa,coefficient_scaled_linear,1,5.274745568751417,3.3753658517278438,56.27181764759763,0,0.016532199995708652,22500,225
TSP,15,uniform2d_n15_instance202605,202605,9,openjij_sa,coefficient_scaled_linear,1,6.0146025062083,3.3753658517278438,78.1911286188262,0,0.09411120000004303,22500,225
TSP,15,uniform2d_n15_instance202605,202605,9,qubo_sa_swap,baseline,1,3.5662742256983466,3.3753658517278438,5.655931308091455,0,0.4789898000017274,22500,225
TSP,15,uniform2d_n15_instance202605,202605,9,two_opt,baseline,1,3.3753658517278438,3.3753658517278438,0.0,1,0.3439187000039965,22500,225
TSP,15,uniform2d_n15_instance202606,202606,0,qubo_sa_old,coefficient_scaled_linear,1,6.588295397896824,3.906024571607064,68.6700960815049,0,0.37660760000289883,22500,225
TSP,15,uniform2d_n15_instance202606,202606,0,qubo_sa_penalty,penalty_scaled_geometric,1,6.082222261985216,3.906024571607064,55.71387610300658,0,0.3578147000007448,22500,225
TSP,15,uniform2d_n15_instance202606,202606,0,dwave_sa,coefficient_scaled_linear,0,,3.906024571607064,,0,0.041725100003532134,22500,225
TSP,15,uniform2d_n15_instance202606,202606,0,openjij_sa,coefficient_scaled_linear,1,7.095379726725462,3.906024571607064,81.65220409266898,0,0.1134578999990481,22500,225
TSP,15,uniform2d_n15_instance202606,202606,0,qubo_sa_swap,baseline,1,3.906024571607064,3.906024571607064,0.0,1,0.47594240000034915,22500,225
TSP,15,uniform2d_n15_instance202606,202606,0,two_opt,baseline,1,3.9060245716070634,3.906024571607064,0.0,1,0.35399700000562007,22500,225
TSP,15,uniform2d_n15_instance202606,202606,1,qubo_sa_old,coefficient_scaled_linear,1,5.248667126769189,3.906024571607064,34.37363310312509,0,0.35869349999848055,22500,225
TSP,15,uniform2d_n15_instance202606,202606,1,qubo_sa_penalty,penalty_scaled_geometric,1,6.543776126702635,3.906024571607064,67.5303369638127,0,0.3588869000013801,22500,225
TSP,15,uniform2d_n15_instance202606,202606,1,dwave_sa,coefficient_scaled_linear,1,7.948930732352668,3.906024571607064,103.50437091803096,0,0.039862699995865114,22500,225
TSP,15,uniform2d_n15_instance202606,202606,1,openjij_sa,coefficient_scaled_linear,0,,3.906024571607064,,0,0.11366300000372576,22500,225
TSP,15,uniform2d_n15_instance202606,202606,1,qubo_sa_swap,baseline,1,3.906024571607064,3.906024571607064,0.0,1,0.4787833000009414,22500,225
TSP,15,uniform2d_n15_instance202606,202606,1,two_opt,baseline,1,3.9060245716070634,3.906024571607064,0.0,1,0.35071959999913815,22500,225
TSP,15,uniform2d_n15_instance202606,202606,2,qubo_sa_old,coefficient_scaled_linear,1,5.300807556512533,3.906024571607064,35.708505139577504,0,0.3601503000027151,22500,225
TSP,15,uniform2d_n15_instance202606,202606,2,qubo_sa_penalty,penalty_scaled_geometric,1,7.2293543217822505,3.906024571607064,85.08215166726056,0,0.35471619999589166,22500,225
TSP,15,uniform2d_n15_instance202606,202606,2,dwave_sa,coefficient_scaled_linear,1,7.011828503139594,3.906024571607064,79.51316932588325,0,0.04002990000299178,22500,225
TSP,15,uniform2d_n15_instance202606,202606,2,openjij_sa,coefficient_scaled_linear,1,7.3797296239860355,3.906024571607064,88.93198157608563,0,0.1249755999961053,22500,225
TSP,15,uniform2d_n15_instance202606,202606,2,qubo_sa_swap,baseline,1,4.036438740018277,3.906024571607064,3.3387953921026448,0,0.48886460000358056,22500,225
TSP,15,uniform2d_n15_instance202606,202606,2,two_opt,baseline,1,3.9060245716070634,3.906024571607064,0.0,1,0.35256729999673553,22500,225
TSP,15,uniform2d_n15_instance202606,202606,3,qubo_sa_old,coefficient_scaled_linear,1,6.004839930135025,3.906024571607064,53.732774078900405,0,0.3587868000031449,22500,225
TSP,15,uniform2d_n15_instance202606,202606,3,qubo_sa_penalty,penalty_scaled_geometric,1,7.705506431492362,3.906024571607064,97.27234916809724,0,0.36770099999557715,22500,225
TSP,15,uniform2d_n15_instance202606,202606,3,dwave_sa,coefficient_scaled_linear,1,6.655214848215437,3.906024571607064,70.38333287998924,0,0.04046740000194404,22500,225
TSP,15,uniform2d_n15_instance202606,202606,3,openjij_sa,coefficient_scaled_linear,1,6.842752796096568,3.906024571607064,75.1845814242085,0,0.06399729999975534,22500,225
TSP,15,uniform2d_n15_instance202606,202606,3,qubo_sa_swap,baseline,1,3.9060245716070643,3.906024571607064,0.0,1,0.4927068000033614,22500,225
TSP,15,uniform2d_n15_instance202606,202606,3,two_opt,baseline,1,3.9060245716070634,3.906024571607064,0.0,1,0.3487343000015244,22500,225
TSP,15,uniform2d_n15_instance202606,202606,4,qubo_sa_old,coefficient_scaled_linear,1,7.155468151955778,3.906024571607064,83.19055655637591,0,0.3585361000004923,22500,225
TSP,15,uniform2d_n15_instance202606,202606,4,qubo_sa_penalty,penalty_scaled_geometric,1,5.6151042077386855,3.906024571607064,43.75496376942789,0,0.36564029999863124,22500,225
TSP,15,uniform2d_n15_instance202606,202606,4,dwave_sa,coefficient_scaled_linear,1,6.462474140706314,3.906024571607064,65.4488860024617,0,0.042864999995799735,22500,225
TSP,15,uniform2d_n15_instance202606,202606,4,openjij_sa,coefficient_scaled_linear,1,5.573324169267233,3.906024571607064,42.68533305652473,0,0.1131186999991769,22500,225
TSP,15,uniform2d_n15_instance202606,202606,4,qubo_sa_swap,baseline,1,3.9060245716070643,3.906024571607064,0.0,1,0.4749233999973512,22500,225
TSP,15,uniform2d_n15_instance202606,202606,4,two_opt,baseline,1,3.9060245716070634,3.906024571607064,0.0,1,0.36369859999831533,22500,225
TSP,15,uniform2d_n15_instance202606,202606,5,qubo_sa_old,coefficient_scaled_linear,1,5.338675167941928,3.906024571607064,36.67797193977778,0,0.3609246999985771,22500,225
TSP,15,uniform2d_n15_instance202606,202606,5,qubo_sa_penalty,penalty_scaled_geometric,1,7.690733060961156,3.906024571607064,96.89412905554103,0,0.3599192999972729,22500,225
TSP,15,uniform2d_n15_instance202606,202606,5,dwave_sa,coefficient_scaled_linear,1,6.295084279962785,3.906024571607064,61.163458256812376,0,0.03987609999603592,22500,225
TSP,15,uniform2d_n15_instance202606,202606,5,openjij_sa,coefficient_scaled_linear,1,6.0790166182011935,3.906024571607064,55.631806885948265,0,0.11061930000141729,22500,225
TSP,15,uniform2d_n15_instance202606,202606,5,qubo_sa_swap,baseline,1,3.906024571607064,3.906024571607064,0.0,1,0.47756479999952717,22500,225
TSP,15,uniform2d_n15_instance202606,202606,5,two_opt,baseline,1,3.9060245716070634,3.906024571607064,0.0,1,0.34869049999542767,22500,225
TSP,15,uniform2d_n15_instance202606,202606,6,qubo_sa_old,coefficient_scaled_linear,1,5.953102683757857,3.906024571607064,52.40822413230646,0,0.34961480000492884,22500,225
TSP,15,uniform2d_n15_instance202606,202606,6,qubo_sa_penalty,penalty_scaled_geometric,1,6.639060018183125,3.906024571607064,69.96974536316351,0,0.35392520000459626,22500,225
TSP,15,uniform2d_n15_instance202606,202606,6,dwave_sa,coefficient_scaled_linear,0,,3.906024571607064,,0,0.03884620000462746,22500,225
TSP,15,uniform2d_n15_instance202606,202606,6,openjij_sa,coefficient_scaled_linear,1,7.214317068281203,3.906024571607064,84.69717576080178,0,0.10883260000264272,22500,225
TSP,15,uniform2d_n15_instance202606,202606,6,qubo_sa_swap,baseline,1,3.906024571607064,3.906024571607064,0.0,1,0.4778626000043005,22500,225
TSP,15,uniform2d_n15_instance202606,202606,6,two_opt,baseline,1,3.9060245716070634,3.906024571607064,0.0,1,0.3428392999994685,22500,225
TSP,15,uniform2d_n15_instance202606,202606,7,qubo_sa_old,coefficient_scaled_linear,1,6.223901147087987,3.906024571607064,59.34106488550004,0,0.3631937999962247,22500,225
TSP,15,uniform2d_n15_instance202606,202606,7,qubo_sa_penalty,penalty_scaled_geometric,1,6.22773053324857,3.906024571607064,59.4391028289482,0,0.39999730000272393,22500,225
TSP,15,uniform2d_n15_instance202606,202606,7,dwave_sa,coefficient_scaled_linear,1,6.45596298310597,3.906024571607064,65.28219074796502,0,0.04058169999916572,22500,225
TSP,15,uniform2d_n15_instance202606,202606,7,openjij_sa,coefficient_scaled_linear,1,6.637391451732173,3.906024571607064,69.92702759679099,0,0.11343240000132937,22500,225
TSP,15,uniform2d_n15_instance202606,202606,7,qubo_sa_swap,baseline,1,3.906024571607064,3.906024571607064,0.0,1,0.4795127000033972,22500,225
TSP,15,uniform2d_n15_instance202606,202606,7,two_opt,baseline,1,3.9060245716070634,3.906024571607064,0.0,1,0.34481570000207284,22500,225
TSP,15,uniform2d_n15_instance202606,202606,8,qubo_sa_old,coefficient_scaled_linear,1,6.5050967834295825,3.906024571607064,66.54008862911934,0,0.358752000000095,22500,225
TSP,15,uniform2d_n15_instance202606,202606,8,qubo_sa_penalty,penalty_scaled_geometric,1,6.072759024001223,3.906024571607064,55.47160322912907,0,0.35849600000074133,22500,225
TSP,15,uniform2d_n15_instance202606,202606,8,dwave_sa,coefficient_scaled_linear,1,4.979022237873588,3.906024571607064,27.470325559807172,0,0.04091000000335043,22500,225
TSP,15,uniform2d_n15_instance202606,202606,8,openjij_sa,coefficient_scaled_linear,1,5.101601823047223,3.906024571607064,30.608544045801022,0,0.12843979999888688,22500,225
TSP,15,uniform2d_n15_instance202606,202606,8,qubo_sa_swap,baseline,1,3.906024571607064,3.906024571607064,0.0,1,0.48088470000220696,22500,225
TSP,15,uniform2d_n15_instance202606,202606,8,two_opt,baseline,1,3.9060245716070634,3.906024571607064,0.0,1,0.3531333999999333,22500,225
TSP,15,uniform2d_n15_instance202606,202606,9,qubo_sa_old,coefficient_scaled_linear,1,6.8992706119344644,3.906024571607064,76.63152101206275,0,0.3666196999984095,22500,225
TSP,15,uniform2d_n15_instance202606,202606,9,qubo_sa_penalty,penalty_scaled_geometric,1,5.903379753517242,3.906024571607064,51.135243654865235,0,0.3556363999960013,22500,225
TSP,15,uniform2d_n15_instance202606,202606,9,dwave_sa,coefficient_scaled_linear,0,,3.906024571607064,,0,0.04211639999994077,22500,225
TSP,15,uniform2d_n15_instance202606,202606,9,openjij_sa,coefficient_scaled_linear,0,,3.906024571607064,,0,0.11432969999441411,22500,225
TSP,15,uniform2d_n15_instance202606,202606,9,qubo_sa_swap,baseline,1,3.9060245716070643,3.906024571607064,0.0,1,0.4956428000004962,22500,225
TSP,15,uniform2d_n15_instance202606,202606,9,two_opt,baseline,1,3.9060245716070634,3.906024571607064,0.0,1,0.3159276000005775,22500,225
TSP,15,uniform2d_n15_instance202607,202607,0,qubo_sa_old,coefficient_scaled_linear,1,4.173439928355081,2.445800804782919,70.63695130828536,0,0.362500800001726,22500,225
TSP,15,uniform2d_n15_instance202607,202607,0,qubo_sa_penalty,penalty_scaled_geometric,1,4.276549846736299,2.445800804782919,74.85274509572626,0,0.36018670000339625,22500,225
TSP,15,uniform2d_n15_instance202607,202607,0,dwave_sa,coefficient_scaled_linear,1,4.411178823893884,2.445800804782919,80.35723985647331,0,0.0399360000010347,22500,225
TSP,15,uniform2d_n15_instance202607,202607,0,openjij_sa,coefficient_scaled_linear,1,3.5911828526217553,2.445800804782919,46.830553232257046,0,0.11396480000257725,22500,225
TSP,15,uniform2d_n15_instance202607,202607,0,qubo_sa_swap,baseline,1,2.445800804782919,2.445800804782919,0.0,1,0.47778250000556,22500,225
TSP,15,uniform2d_n15_instance202607,202607,0,two_opt,baseline,1,2.445800804782919,2.445800804782919,0.0,1,0.36413940000056755,22500,225
TSP,15,uniform2d_n15_instance202607,202607,1,qubo_sa_old,coefficient_scaled_linear,1,4.718567633861325,2.445800804782919,92.92526295002708,0,0.35859350000100676,22500,225
TSP,15,uniform2d_n15_instance202607,202607,1,qubo_sa_penalty,penalty_scaled_geometric,1,4.618859118711015,2.445800804782919,88.84854030951914,0,0.3657351000001654,22500,225
TSP,15,uniform2d_n15_instance202607,202607,1,dwave_sa,coefficient_scaled_linear,1,4.225381065808081,2.445800804782919,72.76063764248828,0,0.0406619999994291,22500,225
TSP,15,uniform2d_n15_instance202607,202607,1,openjij_sa,coefficient_scaled_linear,1,4.119858601302518,2.445800804782919,68.44620351934924,0,0.11395040000206791,22500,225
TSP,15,uniform2d_n15_instance202607,202607,1,qubo_sa_swap,baseline,1,2.451393999702157,2.445800804782919,0.22868562755806732,0,0.4759550000017043,22500,225
TSP,15,uniform2d_n15_instance202607,202607,1,two_opt,baseline,1,2.445800804782919,2.445800804782919,0.0,1,0.358895899997151,22500,225
TSP,15,uniform2d_n15_instance202607,202607,2,qubo_sa_old,coefficient_scaled_linear,1,4.556410068914733,2.445800804782919,86.2952232252268,0,0.3844145000039134,22500,225
TSP,15,uniform2d_n15_instance202607,202607,2,qubo_sa_penalty,penalty_scaled_geometric,1,4.100897637071599,2.445800804782919,67.67095787408495,0,0.3588686999937636,22500,225
TSP,15,uniform2d_n15_instance202607,202607,2,dwave_sa,coefficient_scaled_linear,1,4.006103483578493,2.445800804782919,63.79516581008162,0,0.03994039999815868,22500,225
TSP,15,uniform2d_n15_instance202607,202607,2,openjij_sa,coefficient_scaled_linear,1,4.882482327970949,2.445800804782919,99.62714536780524,0,0.11538519999885466,22500,225
TSP,15,uniform2d_n15_instance202607,202607,2,qubo_sa_swap,baseline,1,2.445800804782919,2.445800804782919,0.0,1,0.47530209999968065,22500,225
TSP,15,uniform2d_n15_instance202607,202607,2,two_opt,baseline,1,2.445800804782919,2.445800804782919,0.0,1,0.3477433000007295,22500,225
TSP,15,uniform2d_n15_instance202607,202607,3,qubo_sa_old,coefficient_scaled_linear,1,5.15624858711825,2.445800804782919,110.82046326237514,0,0.3608613000033074,22500,225
TSP,15,uniform2d_n15_instance202607,202607,3,qubo_sa_penalty,penalty_scaled_geometric,1,4.064912198305817,2.445800804782919,66.19964268376322,0,0.3777983999971184,22500,225
TSP,15,uniform2d_n15_instance202607,202607,3,dwave_sa,coefficient_scaled_linear,1,3.263644597535082,2.445800804782919,33.43869178359977,0,0.042052099997818004,22500,225
TSP,15,uniform2d_n15_instance202607,202607,3,openjij_sa,coefficient_scaled_linear,0,,2.445800804782919,,0,0.11394770000333665,22500,225
TSP,15,uniform2d_n15_instance202607,202607,3,qubo_sa_swap,baseline,1,2.456008748894177,2.445800804782919,0.4173661277441676,0,0.48448869999992894,22500,225
TSP,15,uniform2d_n15_instance202607,202607,3,two_opt,baseline,1,2.445800804782919,2.445800804782919,0.0,1,0.34190939999825787,22500,225
TSP,15,uniform2d_n15_instance202607,202607,4,qubo_sa_old,coefficient_scaled_linear,1,4.257807770500074,2.445800804782919,74.08644899346095,0,0.3626102999987779,22500,225
TSP,15,uniform2d_n15_instance202607,202607,4,qubo_sa_penalty,penalty_scaled_geometric,1,4.95421492037468,2.445800804782919,102.5600331264262,0,0.357190199996694,22500,225
TSP,15,uniform2d_n15_instance202607,202607,4,dwave_sa,coefficient_scaled_linear,1,3.4915686573665643,2.445800804782919,42.757686993093614,0,0.05211620000045514,22500,225
TSP,15,uniform2d_n15_instance202607,202607,4,openjij_sa,coefficient_scaled_linear,1,5.401504142100416,2.445800804782919,120.8480809858853,0,0.11947860000509536,22500,225
TSP,15,uniform2d_n15_instance202607,202607,4,qubo_sa_swap,baseline,1,2.456008748894176,2.445800804782919,0.4173661277441232,0,0.4777161999954842,22500,225
TSP,15,uniform2d_n15_instance202607,202607,4,two_opt,baseline,1,2.445800804782919,2.445800804782919,0.0,1,0.3446763999963878,22500,225
TSP,15,uniform2d_n15_instance202607,202607,5,qubo_sa_old,coefficient_scaled_linear,1,4.0012053540966575,2.445800804782919,63.594898908858234,0,0.3544194999994943,22500,225
TSP,15,uniform2d_n15_instance202607,202607,5,qubo_sa_penalty,penalty_scaled_geometric,1,4.221917565788105,2.445800804782919,72.61902758114545,0,0.3590154999983497,22500,225
TSP,15,uniform2d_n15_instance202607,202607,5,dwave_sa,coefficient_scaled_linear,1,4.515509062884115,2.445800804782919,84.62292816543967,0,0.04060510000272188,22500,225
TSP,15,uniform2d_n15_instance202607,202607,5,openjij_sa,coefficient_scaled_linear,1,4.358764242348702,2.445800804782919,78.21419609580882,0,0.11839090000285069,22500,225
TSP,15,uniform2d_n15_instance202607,202607,5,qubo_sa_swap,baseline,1,2.4458008047829196,2.445800804782919,0.0,1,0.489550500002224,22500,225
TSP,15,uniform2d_n15_instance202607,202607,5,two_opt,baseline,1,2.445800804782919,2.445800804782919,0.0,1,0.34690129999944475,22500,225
TSP,15,uniform2d_n15_instance202607,202607,6,qubo_sa_old,coefficient_scaled_linear,1,4.1173051503698845,2.445800804782919,68.34180209272284,0,0.3569128999952227,22500,225
TSP,15,uniform2d_n15_instance202607,202607,6,qubo_sa_penalty,penalty_scaled_geometric,1,4.430414077465406,2.445800804782919,81.14370020655197,0,0.3564360999953351,22500,225
TSP,15,uniform2d_n15_instance202607,202607,6,dwave_sa,coefficient_scaled_linear,1,4.314416214801688,2.445800804782919,76.40096472143489,0,0.0413951000009547,22500,225
TSP,15,uniform2d_n15_instance202607,202607,6,openjij_sa,coefficient_scaled_linear,0,,2.445800804782919,,0,0.11615659999370109,22500,225
TSP,15,uniform2d_n15_instance202607,202607,6,qubo_sa_swap,baseline,1,2.445800804782919,2.445800804782919,0.0,1,0.4599973000003956,22500,225
TSP,15,uniform2d_n15_instance202607,202607,6,two_opt,baseline,1,2.445800804782919,2.445800804782919,0.0,1,0.364262899995083,22500,225
TSP,15,uniform2d_n15_instance202607,202607,7,qubo_sa_old,coefficient_scaled_linear,1,3.697786302651936,2.445800804782919,51.189184966358646,0,0.36603589999867836,22500,225
TSP,15,uniform2d_n15_instance202607,202607,7,qubo_sa_penalty,penalty_scaled_geometric,1,4.956874872801297,2.445800804782919,102.6687890161706,0,0.35668620000069495,22500,225
TSP,15,uniform2d_n15_instance202607,202607,7,dwave_sa,coefficient_scaled_linear,1,4.505939703202102,2.445800804782919,84.23167145870791,0,0.040123799997672904,22500,225
TSP,15,uniform2d_n15_instance202607,202607,7,openjij_sa,coefficient_scaled_linear,1,3.7574695359871555,2.445800804782919,53.62941776121688,0,0.11562730000150623,22500,225
TSP,15,uniform2d_n15_instance202607,202607,7,qubo_sa_swap,baseline,1,2.445800804782919,2.445800804782919,0.0,1,0.47961380000197096,22500,225
TSP,15,uniform2d_n15_instance202607,202607,7,two_opt,baseline,1,2.445800804782919,2.445800804782919,0.0,1,0.34639940000488423,22500,225
TSP,15,uniform2d_n15_instance202607,202607,8,qubo_sa_old,coefficient_scaled_linear,1,3.708754307573979,2.445800804782919,51.63762724753684,0,0.3737312000012025,22500,225
TSP,15,uniform2d_n15_instance202607,202607,8,qubo_sa_penalty,penalty_scaled_geometric,1,4.461280859188676,2.445800804782919,82.40573191669401,0,0.36018560000229627,22500,225
TSP,15,uniform2d_n15_instance202607,202607,8,dwave_sa,coefficient_scaled_linear,1,5.017677220046081,2.445800804782919,105.15477835454523,0,0.03942050000478048,22500,225
TSP,15,uniform2d_n15_instance202607,202607,8,openjij_sa,coefficient_scaled_linear,1,4.25398902881796,2.445800804782919,73.93031437797444,0,0.04428599999664584,22500,225
TSP,15,uniform2d_n15_instance202607,202607,8,qubo_sa_swap,baseline,1,2.456008748894176,2.445800804782919,0.4173661277441232,0,0.25105660000554053,22500,225
TSP,15,uniform2d_n15_instance202607,202607,8,two_opt,baseline,1,2.445800804782919,2.445800804782919,0.0,1,0.34939830000075744,22500,225
TSP,15,uniform2d_n15_instance202607,202607,9,qubo_sa_old,coefficient_scaled_linear,1,3.8401406556564845,2.445800804782919,57.00954256564332,0,0.35811289999401197,22500,225
TSP,15,uniform2d_n15_instance202607,202607,9,qubo_sa_penalty,penalty_scaled_geometric,1,4.579887109255009,2.445800804782919,87.25511498314778,0,0.36987179999414366,22500,225
TSP,15,uniform2d_n15_instance202607,202607,9,dwave_sa,coefficient_scaled_linear,1,4.180778910245182,2.445800804782919,70.93701588736916,0,0.042187200000626035,22500,225
TSP,15,uniform2d_n15_instance202607,202607,9,openjij_sa,coefficient_scaled_linear,1,3.158115519262214,2.445800804782919,29.12398724729823,0,0.11851320000278065,22500,225
TSP,15,uniform2d_n15_instance202607,202607,9,qubo_sa_swap,baseline,1,2.456008748894176,2.445800804782919,0.4173661277441232,0,0.4150177999981679,22500,225
TSP,15,uniform2d_n15_instance202607,202607,9,two_opt,baseline,1,2.445800804782919,2.445800804782919,0.0,1,0.3463748000067426,22500,225
TSP,15,uniform2d_n15_instance202608,202608,0,qubo_sa_old,coefficient_scaled_linear,1,5.941961191102851,3.2010923272382192,85.62292441684582,0,0.35928789999888977,22500,225
TSP,15,uniform2d_n15_instance202608,202608,0,qubo_sa_penalty,penalty_scaled_geometric,1,6.481392482257108,3.2010923272382192,102.47439997611711,0,0.36023890000069514,22500,225
TSP,15,uniform2d_n15_instance202608,202608,0,dwave_sa,coefficient_scaled_linear,1,6.0628882268334525,3.2010923272382192,89.40060476369584,0,0.04071220000332687,22500,225
TSP,15,uniform2d_n15_instance202608,202608,0,openjij_sa,coefficient_scaled_linear,1,4.916017834319965,3.2010923272382192,53.57313478556611,0,0.11769500000082189,22500,225
TSP,15,uniform2d_n15_instance202608,202608,0,qubo_sa_swap,baseline,1,3.2010923272382192,3.2010923272382192,0.0,1,0.4855228000014904,22500,225
TSP,15,uniform2d_n15_instance202608,202608,0,two_opt,baseline,1,3.2010923272382197,3.2010923272382192,0.0,1,0.34867109999322565,22500,225
TSP,15,uniform2d_n15_instance202608,202608,1,qubo_sa_old,coefficient_scaled_linear,1,4.739377900428543,3.2010923272382192,48.055020472261646,0,0.3595582999987528,22500,225
TSP,15,uniform2d_n15_instance202608,202608,1,qubo_sa_penalty,penalty_scaled_geometric,1,5.511205617080532,3.2010923272382192,72.16640614159951,0,0.32055899999977555,22500,225
TSP,15,uniform2d_n15_instance202608,202608,1,dwave_sa,coefficient_scaled_linear,1,5.404670187113576,3.2010923272382192,68.83831000827519,0,0.04018730000098003,22500,225
TSP,15,uniform2d_n15_instance202608,202608,1,openjij_sa,coefficient_scaled_linear,1,5.999129245931202,3.2010923272382192,87.40881651192554,0,0.1168790000010631,22500,225
TSP,15,uniform2d_n15_instance202608,202608,1,qubo_sa_swap,baseline,1,3.2010923272382192,3.2010923272382192,0.0,1,0.48341549999895506,22500,225
TSP,15,uniform2d_n15_instance202608,202608,1,two_opt,baseline,1,3.2010923272382197,3.2010923272382192,0.0,1,0.35895789999631234,22500,225
TSP,15,uniform2d_n15_instance202608,202608,2,qubo_sa_old,coefficient_scaled_linear,1,5.079614775361934,3.2010923272382192,58.68379465782021,0,0.3565874999985681,22500,225
TSP,15,uniform2d_n15_instance202608,202608,2,qubo_sa_penalty,penalty_scaled_geometric,0,,3.2010923272382192,,0,0.3585382000019308,22500,225
TSP,15,uniform2d_n15_instance202608,202608,2,dwave_sa,coefficient_scaled_linear,1,6.291643058377248,3.2010923272382192,96.54675389526919,0,0.041754099998797756,22500,225
TSP,15,uniform2d_n15_instance202608,202608,2,openjij_sa,coefficient_scaled_linear,1,5.197909899167956,3.2010923272382192,62.379255822730826,0,0.11600779999571387,22500,225
TSP,15,uniform2d_n15_instance202608,202608,2,qubo_sa_swap,baseline,1,3.293480448049493,3.2010923272382192,2.886143583711709,0,0.48179930000333115,22500,225
TSP,15,uniform2d_n15_instance202608,202608,2,two_opt,baseline,1,3.2010923272382197,3.2010923272382192,0.0,1,0.3746296999961487,22500,225
TSP,15,uniform2d_n15_instance202608,202608,3,qubo_sa_old,coefficient_scaled_linear,1,4.899573873674391,3.2010923272382192,53.05943636750887,0,0.3537047999998322,22500,225
TSP,15,uniform2d_n15_instance202608,202608,3,qubo_sa_penalty,penalty_scaled_geometric,1,5.254021258891219,3.2010923272382192,64.13213746396966,0,0.3550710000054096,22500,225
TSP,15,uniform2d_n15_instance202608,202608,3,dwave_sa,coefficient_scaled_linear,1,5.135517645322592,3.2010923272382192,60.430163217232824,0,0.041122700000414625,22500,225
TSP,15,uniform2d_n15_instance202608,202608,3,openjij_sa,coefficient_scaled_linear,1,5.845568117885903,3.2010923272382192,82.61166877773991,0,0.11541959999885876,22500,225
TSP,15,uniform2d_n15_instance202608,202608,3,qubo_sa_swap,baseline,1,3.251170851033214,3.2010923272382192,1.5644198503390383,0,0.48091779999958817,22500,225
TSP,15,uniform2d_n15_instance202608,202608,3,two_opt,baseline,1,3.2010923272382197,3.2010923272382192,0.0,1,0.35344059999624733,22500,225
TSP,15,uniform2d_n15_instance202608,202608,4,qubo_sa_old,coefficient_scaled_linear,1,5.711648052230158,3.2010923272382192,78.42809479843874,0,0.3681644000025699,22500,225
TSP,15,uniform2d_n15_instance202608,202608,4,qubo_sa_penalty,penalty_scaled_geometric,1,5.165684019899648,3.2010923272382192,61.372540740066796,0,0.35837619999801973,22500,225
TSP,15,uniform2d_n15_instance202608,202608,4,dwave_sa,coefficient_scaled_linear,1,5.246917638142169,3.2010923272382192,63.910225065860885,0,0.04020880000462057,22500,225
TSP,15,uniform2d_n15_instance202608,202608,4,openjij_sa,coefficient_scaled_linear,1,6.057403498233606,3.2010923272382192,89.229265482002,0,0.11382160000357544,22500,225
TSP,15,uniform2d_n15_instance202608,202608,4,qubo_sa_swap,baseline,1,3.2010923272382192,3.2010923272382192,0.0,1,0.4966892000011285,22500,225
TSP,15,uniform2d_n15_instance202608,202608,4,two_opt,baseline,1,3.2010923272382197,3.2010923272382192,0.0,1,0.34892280000349274,22500,225
TSP,15,uniform2d_n15_instance202608,202608,5,qubo_sa_old,coefficient_scaled_linear,1,4.8666864539210595,3.2010923272382192,52.03205519910297,0,0.35556329999963054,22500,225
TSP,15,uniform2d_n15_instance202608,202608,5,qubo_sa_penalty,penalty_scaled_geometric,1,6.504647199326027,3.2010923272382192,103.20086190509818,0,0.3637719000034849,22500,225
TSP,15,uniform2d_n15_instance202608,202608,5,dwave_sa,coefficient_scaled_linear,1,4.800406288041166,3.2010923272382192,49.96150680173519,0,0.03991580000001704,22500,225
TSP,15,uniform2d_n15_instance202608,202608,5,openjij_sa,coefficient_scaled_linear,1,5.013825059864415,3.2010923272382192,56.628567604926076,0,0.11314910000510281,22500,225
TSP,15,uniform2d_n15_instance202608,202608,5,qubo_sa_swap,baseline,1,3.2010923272382192,3.2010923272382192,0.0,1,0.4852859999955399,22500,225
TSP,15,uniform2d_n15_instance202608,202608,5,two_opt,baseline,1,3.2010923272382197,3.2010923272382192,0.0,1,0.3531933999984176,22500,225
TSP,15,uniform2d_n15_instance202608,202608,6,qubo_sa_old,coefficient_scaled_linear,0,,3.2010923272382192,,0,0.35757209999428596,22500,225
TSP,15,uniform2d_n15_instance202608,202608,6,qubo_sa_penalty,penalty_scaled_geometric,1,6.107648253506748,3.2010923272382192,90.79887829340414,0,0.3559032999983174,22500,225
TSP,15,uniform2d_n15_instance202608,202608,6,dwave_sa,coefficient_scaled_linear,1,4.2147262441109845,3.2010923272382192,31.665250897255138,0,0.04101780000200961,22500,225
TSP,15,uniform2d_n15_instance202608,202608,6,openjij_sa,coefficient_scaled_linear,1,6.0283155270290125,3.2010923272382192,88.32057656487571,0,0.11324050000257557,22500,225
TSP,15,uniform2d_n15_instance202608,202608,6,qubo_sa_swap,baseline,1,3.2010923272382192,3.2010923272382192,0.0,1,0.49179800000274554,22500,225
TSP,15,uniform2d_n15_instance202608,202608,6,two_opt,baseline,1,3.2010923272382197,3.2010923272382192,0.0,1,0.34710289999929955,22500,225
TSP,15,uniform2d_n15_instance202608,202608,7,qubo_sa_old,coefficient_scaled_linear,1,5.326849217807232,3.2010923272382192,66.40723457055158,0,0.36448920000111684,22500,225
TSP,15,uniform2d_n15_instance202608,202608,7,qubo_sa_penalty,penalty_scaled_geometric,1,5.7117593184233595,3.2010923272382192,78.43157068047606,0,0.30601999999635154,22500,225
TSP,15,uniform2d_n15_instance202608,202608,7,dwave_sa,coefficient_scaled_linear,0,,3.2010923272382192,,0,0.016318599999067374,22500,225
TSP,15,uniform2d_n15_instance202608,202608,7,openjij_sa,coefficient_scaled_linear,1,5.6940151160151355,3.2010923272382192,77.87725357261768,0,0.04216389999783132,22500,225
TSP,15,uniform2d_n15_instance202608,202608,7,qubo_sa_swap,baseline,1,3.5112097482054496,3.2010923272382192,9.687862431471572,0,0.4842172000062419,22500,225
TSP,15,uniform2d_n15_instance202608,202608,7,two_opt,baseline,1,3.2010923272382197,3.2010923272382192,0.0,1,0.32400809999671765,22500,225
TSP,15,uniform2d_n15_instance202608,202608,8,qubo_sa_old,coefficient_scaled_linear,1,5.240914075996398,3.2010923272382192,63.72267776849969,0,0.3561483000012231,22500,225
TSP,15,uniform2d_n15_instance202608,202608,8,qubo_sa_penalty,penalty_scaled_geometric,1,6.450701811251524,3.2010923272382192,101.51564378078857,0,0.35492510000040056,22500,225
TSP,15,uniform2d_n15_instance202608,202608,8,dwave_sa,coefficient_scaled_linear,0,,3.2010923272382192,,0,0.04167060000327183,22500,225
TSP,15,uniform2d_n15_instance202608,202608,8,openjij_sa,coefficient_scaled_linear,1,5.182904953901397,3.2010923272382192,61.910511290157324,0,0.11793020000186516,22500,225
TSP,15,uniform2d_n15_instance202608,202608,8,qubo_sa_swap,baseline,1,3.5112097482054496,3.2010923272382192,9.687862431471572,0,0.4803604999979143,22500,225
TSP,15,uniform2d_n15_instance202608,202608,8,two_opt,baseline,1,3.2010923272382197,3.2010923272382192,0.0,1,0.3539242000042577,22500,225
TSP,15,uniform2d_n15_instance202608,202608,9,qubo_sa_old,coefficient_scaled_linear,1,4.919961369625602,3.2010923272382192,53.69632821151264,0,0.37221539999882225,22500,225
TSP,15,uniform2d_n15_instance202608,202608,9,qubo_sa_penalty,penalty_scaled_geometric,1,6.753337999730304,3.2010923272382192,110.96979747400249,0,0.3615628999978071,22500,225
TSP,15,uniform2d_n15_instance202608,202608,9,dwave_sa,coefficient_scaled_linear,1,5.603475750937843,3.2010923272382192,75.0488638911677,0,0.04098869999870658,22500,225
TSP,15,uniform2d_n15_instance202608,202608,9,openjij_sa,coefficient_scaled_linear,1,4.979619384205856,3.2010923272382192,55.56000499685938,0,0.11839360000158194,22500,225
TSP,15,uniform2d_n15_instance202608,202608,9,qubo_sa_swap,baseline,1,3.293480448049493,3.2010923272382192,2.886143583711709,0,0.45640090000233613,22500,225
TSP,15,uniform2d_n15_instance202608,202608,9,two_opt,baseline,1,3.2010923272382197,3.2010923272382192,0.0,1,0.3490090000050259,22500,225
TSP,15,uniform2d_n15_instance202609,202609,0,qubo_sa_old,coefficient_scaled_linear,1,5.417100060844614,3.2623428503648886,66.04937951995815,0,0.36587629999849014,22500,225
TSP,15,uniform2d_n15_instance202609,202609,0,qubo_sa_penalty,penalty_scaled_geometric,1,5.216484119675569,3.2623428503648886,59.89993568861447,0,0.36100920000171755,22500,225
TSP,15,uniform2d_n15_instance202609,202609,0,dwave_sa,coefficient_scaled_linear,1,5.885687803690879,3.2623428503648886,80.41291408205527,0,0.04092010000022128,22500,225
TSP,15,uniform2d_n15_instance202609,202609,0,openjij_sa,coefficient_scaled_linear,1,5.866616461229671,3.2623428503648886,79.82832370219757,0,0.1144027999980608,22500,225
TSP,15,uniform2d_n15_instance202609,202609,0,qubo_sa_swap,baseline,1,3.2623428503648886,3.2623428503648886,0.0,1,0.4785422999993898,22500,225
TSP,15,uniform2d_n15_instance202609,202609,0,two_opt,baseline,1,3.2623428503648877,3.2623428503648886,0.0,1,0.34939570000278763,22500,225
TSP,15,uniform2d_n15_instance202609,202609,1,qubo_sa_old,coefficient_scaled_linear,1,5.18551039757936,3.2623428503648886,58.9505038380429,0,0.36091879999730736,22500,225
TSP,15,uniform2d_n15_instance202609,202609,1,qubo_sa_penalty,penalty_scaled_geometric,1,5.433674974621169,3.2623428503648886,66.55744732695463,0,0.3036640999998781,22500,225
TSP,15,uniform2d_n15_instance202609,202609,1,dwave_sa,coefficient_scaled_linear,1,5.04028061980798,3.2623428503648886,54.49880196510406,0,0.04799289999937173,22500,225
TSP,15,uniform2d_n15_instance202609,202609,1,openjij_sa,coefficient_scaled_linear,1,4.332979666246069,3.2623428503648886,32.81803492117423,0,0.12629110000125365,22500,225
TSP,15,uniform2d_n15_instance202609,202609,1,qubo_sa_swap,baseline,1,3.2623428503648886,3.2623428503648886,0.0,1,0.1516014000007999,22500,225
TSP,15,uniform2d_n15_instance202609,202609,1,two_opt,baseline,1,3.262342850364888,3.2623428503648886,0.0,1,0.31570340000325814,22500,225
TSP,15,uniform2d_n15_instance202609,202609,2,qubo_sa_old,coefficient_scaled_linear,1,4.559399476354542,3.2623428503648886,39.75844003779612,0,0.3600834000026225,22500,225
TSP,15,uniform2d_n15_instance202609,202609,2,qubo_sa_penalty,penalty_scaled_geometric,1,5.572835952061859,3.2623428503648886,70.82312337094014,0,0.36457859999791253,22500,225
TSP,15,uniform2d_n15_instance202609,202609,2,dwave_sa,coefficient_scaled_linear,1,6.250534701443099,3.2623428503648886,91.59649945265518,0,0.041582300000300165,22500,225
TSP,15,uniform2d_n15_instance202609,202609,2,openjij_sa,coefficient_scaled_linear,1,5.236931258257597,3.2623428503648886,60.52669809587468,0,0.11436870000034105,22500,225
TSP,15,uniform2d_n15_instance202609,202609,2,qubo_sa_swap,baseline,1,3.2623428503648886,3.2623428503648886,0.0,1,0.4763066000014078,22500,225
TSP,15,uniform2d_n15_instance202609,202609,2,two_opt,baseline,1,3.2623428503648877,3.2623428503648886,0.0,1,0.35977299999649404,22500,225
TSP,15,uniform2d_n15_instance202609,202609,3,qubo_sa_old,coefficient_scaled_linear,1,4.811247006646532,3.2623428503648886,47.47827642053013,0,0.360481499999878,22500,225
TSP,15,uniform2d_n15_instance202609,202609,3,qubo_sa_penalty,penalty_scaled_geometric,1,5.971860291546998,3.2623428503648886,83.05434362544246,0,0.36515500000678003,22500,225
TSP,15,uniform2d_n15_instance202609,202609,3,dwave_sa,coefficient_scaled_linear,1,4.930288197906973,3.2623428503648886,51.12722433068391,0,0.04183859999466222,22500,225
TSP,15,uniform2d_n15_instance202609,202609,3,openjij_sa,coefficient_scaled_linear,1,6.421500272235101,3.2623428503648886,96.83707589215722,0,0.11534179999580374,22500,225
TSP,15,uniform2d_n15_instance202609,202609,3,qubo_sa_swap,baseline,1,3.2623428503648886,3.2623428503648886,0.0,1,0.48540659999707714,22500,225
TSP,15,uniform2d_n15_instance202609,202609,3,two_opt,baseline,1,3.2623428503648877,3.2623428503648886,0.0,1,0.34841099999903236,22500,225
TSP,15,uniform2d_n15_instance202609,202609,4,qubo_sa_old,coefficient_scaled_linear,1,4.743796643108086,3.2623428503648886,45.410732736980684,0,0.2291174999991199,22500,225
TSP,15,uniform2d_n15_instance202609,202609,4,qubo_sa_penalty,penalty_scaled_geometric,1,6.066708890174368,3.2623428503648886,85.96172040887164,0,0.09240470000077039,22500,225
TSP,15,uniform2d_n15_instance202609,202609,4,dwave_sa,coefficient_scaled_linear,1,5.901682234527441,3.2623428503648886,80.90318845143287,0,0.03859740000189049,22500,225
TSP,15,uniform2d_n15_instance202609,202609,4,openjij_sa,coefficient_scaled_linear,1,5.549039508377051,3.2623428503648886,70.09369532562768,0,0.11406179999903543,22500,225
TSP,15,uniform2d_n15_instance202609,202609,4,qubo_sa_swap,baseline,1,3.289850378092456,3.2623428503648886,0.8431832271856621,0,0.49012450000009267,22500,225
TSP,15,uniform2d_n15_instance202609,202609,4,two_opt,baseline,1,3.2623428503648877,3.2623428503648886,0.0,1,0.3341232000020682,22500,225
TSP,15,uniform2d_n15_instance202609,202609,5,qubo_sa_old,coefficient_scaled_linear,1,5.5039568297253725,3.2623428503648886,68.71178420470928,0,0.36047680000046967,22500,225
TSP,15,uniform2d_n15_instance202609,202609,5,qubo_sa_penalty,penalty_scaled_geometric,1,6.348347999685822,3.2623428503648886,94.59475263232274,0,0.3628316999966046,22500,225
TSP,15,uniform2d_n15_instance202609,202609,5,dwave_sa,coefficient_scaled_linear,1,4.104384565707847,3.2623428503648886,25.810951024009565,0,0.04121419999864884,22500,225
TSP,15,uniform2d_n15_instance202609,202609,5,openjij_sa,coefficient_scaled_linear,0,,3.2623428503648886,,0,0.12469290000444744,22500,225
TSP,15,uniform2d_n15_instance202609,202609,5,qubo_sa_swap,baseline,1,3.2623428503648886,3.2623428503648886,0.0,1,0.47843770000326913,22500,225
TSP,15,uniform2d_n15_instance202609,202609,5,two_opt,baseline,1,3.2623428503648877,3.2623428503648886,0.0,1,0.34004599999752827,22500,225
TSP,15,uniform2d_n15_instance202609,202609,6,qubo_sa_old,coefficient_scaled_linear,1,5.225400501580547,3.2623428503648886,60.173247915868004,0,0.36088170000584796,22500,225
TSP,15,uniform2d_n15_instance202609,202609,6,qubo_sa_penalty,penalty_scaled_geometric,1,4.735418838349821,3.2623428503648886,45.153929416712614,0,0.3553029999966384,22500,225
TSP,15,uniform2d_n15_instance202609,202609,6,dwave_sa,coefficient_scaled_linear,0,,3.2623428503648886,,0,0.04059140000026673,22500,225
TSP,15,uniform2d_n15_instance202609,202609,6,openjij_sa,coefficient_scaled_linear,1,4.494367953623033,3.2623428503648886,37.76504064005242,0,0.11512779999611666,22500,225
TSP,15,uniform2d_n15_instance202609,202609,6,qubo_sa_swap,baseline,1,3.2623428503648886,3.2623428503648886,0.0,1,0.48993099999643164,22500,225
TSP,15,uniform2d_n15_instance202609,202609,6,two_opt,baseline,1,3.2623428503648877,3.2623428503648886,0.0,1,0.34712500000023283,22500,225
TSP,15,uniform2d_n15_instance202609,202609,7,qubo_sa_old,coefficient_scaled_linear,1,5.416714483025543,3.2623428503648886,66.03756047343985,0,0.3592237999982899,22500,225
TSP,15,uniform2d_n15_instance202609,202609,7,qubo_sa_penalty,penalty_scaled_geometric,1,4.868710204564672,3.2623428503648886,49.23968533902294,0,0.3701896000056877,22500,225
TSP,15,uniform2d_n15_instance202609,202609,7,dwave_sa,coefficient_scaled_linear,1,5.375219665591463,3.2623428503648886,64.76562740762371,0,0.040527400000428315,22500,225
TSP,15,uniform2d_n15_instance202609,202609,7,openjij_sa,coefficient_scaled_linear,1,4.290307968906487,3.2623428503648886,31.510027170400612,0,0.11261090000334661,22500,225
TSP,15,uniform2d_n15_instance202609,202609,7,qubo_sa_swap,baseline,1,3.2623428503648886,3.2623428503648886,0.0,1,0.4820132000022568,22500,225
TSP,15,uniform2d_n15_instance202609,202609,7,two_opt,baseline,1,3.2623428503648877,3.2623428503648886,0.0,1,0.34307880000415025,22500,225
TSP,15,uniform2d_n15_instance202609,202609,8,qubo_sa_old,coefficient_scaled_linear,1,4.616268943537078,3.2623428503648886,41.501649436409,0,0.3573629000020446,22500,225
TSP,15,uniform2d_n15_instance202609,202609,8,qubo_sa_penalty,penalty_scaled_geometric,1,5.061599006533272,3.2623428503648886,55.152270582693006,0,0.3672595000025467,22500,225
TSP,15,uniform2d_n15_instance202609,202609,8,dwave_sa,coefficient_scaled_linear,1,6.582500755380725,3.2623428503648886,101.77219431870812,0,0.041115599997283425,22500,225
TSP,15,uniform2d_n15_instance202609,202609,8,openjij_sa,coefficient_scaled_linear,1,5.466688797743234,3.2623428503648886,67.56941402194414,0,0.11536060000071302,22500,225
TSP,15,uniform2d_n15_instance202609,202609,8,qubo_sa_swap,baseline,1,3.276592265948398,3.2623428503648886,0.4367847352989118,0,0.4956374000030337,22500,225
TSP,15,uniform2d_n15_instance202609,202609,8,two_opt,baseline,1,3.2623428503648877,3.2623428503648886,0.0,1,0.345267500000773,22500,225
TSP,15,uniform2d_n15_instance202609,202609,9,qubo_sa_old,coefficient_scaled_linear,1,5.644210765443801,3.2623428503648886,73.01096249931254,0,0.3780017000026419,22500,225
TSP,15,uniform2d_n15_instance202609,202609,9,qubo_sa_penalty,penalty_scaled_geometric,1,6.644446068475151,3.2623428503648886,103.67099269569349,0,0.36371520000102464,22500,225
TSP,15,uniform2d_n15_instance202609,202609,9,dwave_sa,coefficient_scaled_linear,1,4.761741001049509,3.2623428503648886,45.96077786603314,0,0.04132409999874653,22500,225
TSP,15,uniform2d_n15_instance202609,202609,9,openjij_sa,coefficient_scaled_linear,1,5.739774835421729,3.2623428503648886,75.94027049547361,0,0.11156060000212165,22500,225
TSP,15,uniform2d_n15_instance202609,202609,9,qubo_sa_swap,baseline,1,3.2623428503648886,3.2623428503648886,0.0,1,0.48142559999541845,22500,225
TSP,15,uniform2d_n15_instance202609,202609,9,two_opt,baseline,1,3.2623428503648877,3.2623428503648886,0.0,1,0.34148650000133784,22500,225
TSP,20,uniform2d_n20_instance202600,202600,0,qubo_sa_old,coefficient_scaled_linear,1,7.496977547017389,3.706025349054038,102.29158845151964,0,0.7207679999992251,40000,400
TSP,20,uniform2d_n20_instance202600,202600,0,qubo_sa_penalty,penalty_scaled_geometric,1,6.907322339319652,3.706025349054038,86.38087138510113,0,0.7023085999971954,40000,400
TSP,20,uniform2d_n20_instance202600,202600,0,dwave_sa,coefficient_scaled_linear,1,7.537647254072052,3.706025349054038,103.38898264676021,0,0.09638819999963744,40000,400
TSP,20,uniform2d_n20_instance202600,202600,0,openjij_sa,coefficient_scaled_linear,0,,3.706025349054038,,0,0.27454770000622375,40000,400
TSP,20,uniform2d_n20_instance202600,202600,0,qubo_sa_swap,baseline,1,3.8522644597013254,3.706025349054038,3.9459824710755154,0,0.8907995999979903,40000,400
TSP,20,uniform2d_n20_instance202600,202600,0,two_opt,baseline,1,3.7060253490540376,3.706025349054038,0.0,1,0.7848420000009355,40000,400
TSP,20,uniform2d_n20_instance202600,202600,1,qubo_sa_old,coefficient_scaled_linear,1,8.175702277802584,3.706025349054038,120.60567610228112,0,0.7099368999988656,40000,400
TSP,20,uniform2d_n20_instance202600,202600,1,qubo_sa_penalty,penalty_scaled_geometric,0,,3.706025349054038,,0,0.7193275000026915,40000,400
TSP,20,uniform2d_n20_instance202600,202600,1,dwave_sa,coefficient_scaled_linear,1,7.658844565778631,3.706025349054038,106.65926010823293,0,0.10037609999562846,40000,400
TSP,20,uniform2d_n20_instance202600,202600,1,openjij_sa,coefficient_scaled_linear,1,8.99081985175713,3.706025349054038,142.6000635438728,0,0.2714449999984936,40000,400
TSP,20,uniform2d_n20_instance202600,202600,1,qubo_sa_swap,baseline,1,3.786391785265157,3.706025349054038,2.168534444364556,0,0.8788090000016382,40000,400
TSP,20,uniform2d_n20_instance202600,202600,1,two_opt,baseline,1,3.7060253490540376,3.706025349054038,0.0,1,0.7975493999983883,40000,400
TSP,20,uniform2d_n20_instance202600,202600,2,qubo_sa_old,coefficient_scaled_linear,1,7.01929611838561,3.706025349054038,89.40226947387944,0,0.6452333999986877,40000,400
TSP,20,uniform2d_n20_instance202600,202600,2,qubo_sa_penalty,penalty_scaled_geometric,1,9.468824438237244,3.706025349054038,155.49810231746415,0,0.6827472000004491,40000,400
TSP,20,uniform2d_n20_instance202600,202600,2,dwave_sa,coefficient_scaled_linear,0,,3.706025349054038,,0,0.09788519999710843,40000,400
TSP,20,uniform2d_n20_instance202600,202600,2,openjij_sa,coefficient_scaled_linear,1,7.480559819374333,3.706025349054038,101.84858749775536,0,0.291451800003415,40000,400
TSP,20,uniform2d_n20_instance202600,202600,2,qubo_sa_swap,baseline,1,4.2498603992871065,3.706025349054038,14.674347825815115,0,0.8755746000024374,40000,400
TSP,20,uniform2d_n20_instance202600,202600,2,two_opt,baseline,1,3.7060253490540376,3.706025349054038,0.0,1,0.7811469000007492,40000,400
TSP,20,uniform2d_n20_instance202600,202600,3,qubo_sa_old,coefficient_scaled_linear,1,7.903477720789048,3.706025349054038,113.26021752135098,0,0.7144520000001648,40000,400
TSP,20,uniform2d_n20_instance202600,202600,3,qubo_sa_penalty,penalty_scaled_geometric,1,7.460641294566544,3.706025349054038,101.31112423369882,0,0.6909308999966015,40000,400
TSP,20,uniform2d_n20_instance202600,202600,3,dwave_sa,coefficient_scaled_linear,1,6.706214921026108,3.706025349054038,80.95437266066914,0,0.09784249999938766,40000,400
TSP,20,uniform2d_n20_instance202600,202600,3,openjij_sa,coefficient_scaled_linear,1,8.551889912554177,3.706025349054038,130.75637933067688,0,0.27110430000175256,40000,400
TSP,20,uniform2d_n20_instance202600,202600,3,qubo_sa_swap,baseline,1,3.706025349054038,3.706025349054038,0.0,1,0.8551218000066001,40000,400
TSP,20,uniform2d_n20_instance202600,202600,3,two_opt,baseline,1,3.7060253490540376,3.706025349054038,0.0,1,0.7780242000008002,40000,400
TSP,20,uniform2d_n20_instance202600,202600,4,qubo_sa_old,coefficient_scaled_linear,1,6.98549850234307,3.706025349054038,88.49030550009908,0,0.7026839000027394,40000,400
TSP,20,uniform2d_n20_instance202600,202600,4,qubo_sa_penalty,penalty_scaled_geometric,1,7.66958808494351,3.706025349054038,106.9491534077383,0,0.6933140999972238,40000,400
TSP,20,uniform2d_n20_instance202600,202600,4,dwave_sa,coefficient_scaled_linear,1,7.837652800900224,3.706025349054038,111.48405805968875,0,0.09697430000232998,40000,400
TSP,20,uniform2d_n20_instance202600,202600,4,openjij_sa,coefficient_scaled_linear,1,8.027606173918798,3.706025349054038,116.60958622336035,0,0.26458139999886043,40000,400
TSP,20,uniform2d_n20_instance202600,202600,4,qubo_sa_swap,baseline,1,4.050572704574752,3.706025349054038,9.296950858921127,0,0.8338259000011021,40000,400
TSP,20,uniform2d_n20_instance202600,202600,4,two_opt,baseline,1,3.7060253490540376,3.706025349054038,0.0,1,0.8051285000037751,40000,400
TSP,20,uniform2d_n20_instance202600,202600,5,qubo_sa_old,coefficient_scaled_linear,1,6.827696500160095,3.706025349054038,84.23232053452799,0,0.6865000000034343,40000,400
TSP,20,uniform2d_n20_instance202600,202600,5,qubo_sa_penalty,penalty_scaled_geometric,1,8.308332400270073,3.706025349054038,124.1844460775416,0,0.6855372000063653,40000,400
TSP,20,uniform2d_n20_instance202600,202600,5,dwave_sa,coefficient_scaled_linear,1,8.18132980650052,3.706025349054038,120.75752419202428,0,0.09617950000392739,40000,400
TSP,20,uniform2d_n20_instance202600,202600,5,openjij_sa,coefficient_scaled_linear,1,7.610007724041369,3.706025349054038,105.34149141704661,0,0.2865892999980133,40000,400
TSP,20,uniform2d_n20_instance202600,202600,5,qubo_sa_swap,baseline,1,3.706025349054038,3.706025349054038,0.0,1,0.8829572999966331,40000,400
TSP,20,uniform2d_n20_instance202600,202600,5,two_opt,baseline,1,3.7060253490540376,3.706025349054038,0.0,1,0.7793990999998641,40000,400
TSP,20,uniform2d_n20_instance202600,202600,6,qubo_sa_old,coefficient_scaled_linear,1,6.869248840752562,3.706025349054038,85.3535309062561,0,0.7082880000016303,40000,400
TSP,20,uniform2d_n20_instance202600,202600,6,qubo_sa_penalty,penalty_scaled_geometric,1,7.639763651931968,3.706025349054038,106.1443981726141,0,0.6902593999984674,40000,400
TSP,20,uniform2d_n20_instance202600,202600,6,dwave_sa,coefficient_scaled_linear,1,7.327696107150147,3.706025349054038,97.72385283388682,0,0.10264040000038221,40000,400
TSP,20,uniform2d_n20_instance202600,202600,6,openjij_sa,coefficient_scaled_linear,1,7.955147785664423,3.706025349054038,114.65443531558606,0,0.27866979999816976,40000,400
TSP,20,uniform2d_n20_instance202600,202600,6,qubo_sa_swap,baseline,1,3.706025349054038,3.706025349054038,0.0,1,0.8790708000015002,40000,400
TSP,20,uniform2d_n20_instance202600,202600,6,two_opt,baseline,1,3.7060253490540376,3.706025349054038,0.0,1,0.785223799997766,40000,400
TSP,20,uniform2d_n20_instance202600,202600,7,qubo_sa_old,coefficient_scaled_linear,1,7.967683247938229,3.706025349054038,114.99268076976263,0,0.6989520999995875,40000,400
TSP,20,uniform2d_n20_instance202600,202600,7,qubo_sa_penalty,penalty_scaled_geometric,1,7.070552976952464,3.706025349054038,90.78533768683532,0,0.7030052000045544,40000,400
TSP,20,uniform2d_n20_instance202600,202600,7,dwave_sa,coefficient_scaled_linear,1,7.835508562450305,3.706025349054038,111.42619988960183,0,0.09974759999749949,40000,400
TSP,20,uniform2d_n20_instance202600,202600,7,openjij_sa,coefficient_scaled_linear,1,7.389521064152641,3.706025349054038,99.39208095375855,0,0.2743715000033262,40000,400
TSP,20,uniform2d_n20_instance202600,202600,7,qubo_sa_swap,baseline,1,3.706025349054038,3.706025349054038,0.0,1,0.8730633000013768,40000,400
TSP,20,uniform2d_n20_instance202600,202600,7,two_opt,baseline,1,3.7060253490540376,3.706025349054038,0.0,1,0.8078755000024103,40000,400
TSP,20,uniform2d_n20_instance202600,202600,8,qubo_sa_old,coefficient_scaled_linear,1,7.302908095336483,3.706025349054038,97.05499578411,0,0.6946551000000909,40000,400
TSP,20,uniform2d_n20_instance202600,202600,8,qubo_sa_penalty,penalty_scaled_geometric,1,7.1699180915121525,3.706025349054038,93.46651509931718,0,0.6979850999996415,40000,400
TSP,20,uniform2d_n20_instance202600,202600,8,dwave_sa,coefficient_scaled_linear,1,6.867086545240578,3.706025349054038,85.29518550091406,0,0.10379670000111219,40000,400
TSP,20,uniform2d_n20_instance202600,202600,8,openjij_sa,coefficient_scaled_linear,1,8.137738648221962,3.706025349054038,119.58130022772559,0,0.25013680000120075,40000,400
TSP,20,uniform2d_n20_instance202600,202600,8,qubo_sa_swap,baseline,1,3.706025349054038,3.706025349054038,0.0,1,0.8851321000038297,40000,400
TSP,20,uniform2d_n20_instance202600,202600,8,two_opt,baseline,1,3.7060253490540376,3.706025349054038,0.0,1,0.7830045000009704,40000,400
TSP,20,uniform2d_n20_instance202600,202600,9,qubo_sa_old,coefficient_scaled_linear,1,6.546169411144821,3.706025349054038,76.63585093436367,0,0.44690979999722913,40000,400
TSP,20,uniform2d_n20_instance202600,202600,9,qubo_sa_penalty,penalty_scaled_geometric,1,6.404824523005014,3.706025349054038,72.82192968917074,0,0.6933892000015476,40000,400
TSP,20,uniform2d_n20_instance202600,202600,9,dwave_sa,coefficient_scaled_linear,1,6.974931418824974,3.706025349054038,88.20517297879043,0,0.0977742999966722,40000,400
TSP,20,uniform2d_n20_instance202600,202600,9,openjij_sa,coefficient_scaled_linear,1,5.953369024226773,3.706025349054038,60.64026722716207,0,0.27697259999695234,40000,400
TSP,20,uniform2d_n20_instance202600,202600,9,qubo_sa_swap,baseline,1,3.706025349054038,3.706025349054038,0.0,1,0.8892187000019476,40000,400
TSP,20,uniform2d_n20_instance202600,202600,9,two_opt,baseline,1,3.7060253490540376,3.706025349054038,0.0,1,0.7831067000006442,40000,400
TSP,20,uniform2d_n20_instance202601,202601,0,qubo_sa_old,coefficient_scaled_linear,0,,3.5251175116493068,,0,0.6882518999991589,40000,400
TSP,20,uniform2d_n20_instance202601,202601,0,qubo_sa_penalty,penalty_scaled_geometric,1,9.063869131914169,3.5251175116493068,157.1224676045886,0,0.7072836000006646,40000,400
TSP,20,uniform2d_n20_instance202601,202601,0,dwave_sa,coefficient_scaled_linear,1,6.751949331604838,3.5251175116493068,91.53827664728782,0,0.09704010000132257,40000,400
TSP,20,uniform2d_n20_instance202601,202601,0,openjij_sa,coefficient_scaled_linear,0,,3.5251175116493068,,0,0.2804000999967684,40000,400
TSP,20,uniform2d_n20_instance202601,202601,0,qubo_sa_swap,baseline,1,3.607844186131811,3.5251175116493068,2.346777780006515,0,0.8713445999965188,40000,400
TSP,20,uniform2d_n20_instance202601,202601,0,two_opt,baseline,1,3.5251175116493068,3.5251175116493068,0.0,1,0.8084976000027382,40000,400
TSP,20,uniform2d_n20_instance202601,202601,1,qubo_sa_old,coefficient_scaled_linear,1,7.393076169193475,3.5251175116493068,109.72566573346532,0,0.6867770000026212,40000,400
TSP,20,uniform2d_n20_instance202601,202601,1,qubo_sa_penalty,penalty_scaled_geometric,1,8.654429455398317,3.5251175116493068,145.50754483498466,0,0.6833368000006885,40000,400
TSP,20,uniform2d_n20_instance202601,202601,1,dwave_sa,coefficient_scaled_linear,1,6.313407124297474,3.5251175116493068,79.09777768922099,0,0.09598179999738932,40000,400
TSP,20,uniform2d_n20_instance202601,202601,1,openjij_sa,coefficient_scaled_linear,1,6.411944455205285,3.5251175116493068,81.8930697775607,0,0.2813573000021279,40000,400
TSP,20,uniform2d_n20_instance202601,202601,1,qubo_sa_swap,baseline,1,3.674902087026636,3.5251175116493068,4.249066162541881,0,0.8751282000011997,40000,400
TSP,20,uniform2d_n20_instance202601,202601,1,two_opt,baseline,1,3.5251175116493068,3.5251175116493068,0.0,1,0.8017342999955872,40000,400
TSP,20,uniform2d_n20_instance202601,202601,2,qubo_sa_old,coefficient_scaled_linear,1,7.220270346946334,3.5251175116493068,104.82353632427323,0,0.7185922000062419,40000,400
TSP,20,uniform2d_n20_instance202601,202601,2,qubo_sa_penalty,penalty_scaled_geometric,1,7.299853646067696,3.5251175116493068,107.08114330782385,0,0.6882870999979787,40000,400
TSP,20,uniform2d_n20_instance202601,202601,2,dwave_sa,coefficient_scaled_linear,1,6.5213887671836055,3.5251175116493068,84.99776945400113,0,0.09765599999809638,40000,400
TSP,20,uniform2d_n20_instance202601,202601,2,openjij_sa,coefficient_scaled_linear,1,7.163212025171411,3.5251175116493068,103.2049144886503,0,0.27376450000156183,40000,400
TSP,20,uniform2d_n20_instance202601,202601,2,qubo_sa_swap,baseline,1,3.674902087026636,3.5251175116493068,4.249066162541881,0,0.8830373000018881,40000,400
TSP,20,uniform2d_n20_instance202601,202601,2,two_opt,baseline,1,3.5251175116493068,3.5251175116493068,0.0,1,0.7933733000027132,40000,400
TSP,20,uniform2d_n20_instance202601,202601,3,qubo_sa_old,coefficient_scaled_linear,1,8.086601820666724,3.5251175116493068,129.39949644070796,0,0.700519300000451,40000,400
TSP,20,uniform2d_n20_instance202601,202601,3,qubo_sa_penalty,penalty_scaled_geometric,1,8.382567348990019,3.5251175116493068,137.79540175011195,0,0.7101303000017651,40000,400
TSP,20,uniform2d_n20_instance202601,202601,3,dwave_sa,coefficient_scaled_linear,1,7.006643784190178,3.5251175116493068,98.7634103270492,0,0.10128300000360468,40000,400
TSP,20,uniform2d_n20_instance202601,202601,3,openjij_sa,coefficient_scaled_linear,1,5.884739490293818,3.5251175116493068,66.93739913199398,0,0.2781417000005604,40000,400
TSP,20,uniform2d_n20_instance202601,202601,3,qubo_sa_swap,baseline,1,3.5251175116493068,3.5251175116493068,0.0,1,0.873272699995141,40000,400
TSP,20,uniform2d_n20_instance202601,202601,3,two_opt,baseline,1,3.5251175116493068,3.5251175116493068,0.0,1,0.8069364000039059,40000,400
TSP,20,uniform2d_n20_instance202601,202601,4,qubo_sa_old,coefficient_scaled_linear,1,6.642405386591117,3.5251175116493068,88.43075059597987,0,0.6944607999976142,40000,400
TSP,20,uniform2d_n20_instance202601,202601,4,qubo_sa_penalty,penalty_scaled_geometric,1,7.195689869933724,3.5251175116493068,104.12624107294101,0,0.6965160999970976,40000,400
TSP,20,uniform2d_n20_instance202601,202601,4,dwave_sa,coefficient_scaled_linear,1,8.512221392138606,3.5251175116493068,141.47340802139584,0,0.11509320000186563,40000,400
TSP,20,uniform2d_n20_instance202601,202601,4,openjij_sa,coefficient_scaled_linear,1,6.644357308384441,3.5251175116493068,88.4861224179652,0,0.16722440000012284,40000,400
TSP,20,uniform2d_n20_instance202601,202601,4,qubo_sa_swap,baseline,1,3.601444522432248,3.5251175116493068,2.1652330888461524,0,0.8315556999950786,40000,400
TSP,20,uniform2d_n20_instance202601,202601,4,two_opt,baseline,1,3.5251175116493068,3.5251175116493068,0.0,1,0.7860157999966759,40000,400
TSP,20,uniform2d_n20_instance202601,202601,5,qubo_sa_old,coefficient_scaled_linear,1,8.001385574404228,3.5251175116493068,126.98209486527436,0,0.711042399998405,40000,400
TSP,20,uniform2d_n20_instance202601,202601,5,qubo_sa_penalty,penalty_scaled_geometric,1,7.774141221283578,3.5251175116493068,120.53566145221266,0,0.6895098000022699,40000,400
TSP,20,uniform2d_n20_instance202601,202601,5,dwave_sa,coefficient_scaled_linear,1,8.52344272936634,3.5251175116493068,141.79173321738298,0,0.11204509999515722,40000,400
TSP,20,uniform2d_n20_instance202601,202601,5,openjij_sa,coefficient_scaled_linear,1,7.63002901372764,3.5251175116493068,116.44750816144445,0,0.27796919999673264,40000,400
TSP,20,uniform2d_n20_instance202601,202601,5,qubo_sa_swap,baseline,1,3.6078441861318113,3.5251175116493068,2.346777780006515,0,0.8932409999979427,40000,400
TSP,20,uniform2d_n20_instance202601,202601,5,two_opt,baseline,1,3.5251175116493068,3.5251175116493068,0.0,1,0.783757199998945,40000,400
TSP,20,uniform2d_n20_instance202601,202601,6,qubo_sa_old,coefficient_scaled_linear,1,7.898941198621289,3.5251175116493068,124.07596831929695,0,0.7014675999962492,40000,400
TSP,20,uniform2d_n20_instance202601,202601,6,qubo_sa_penalty,penalty_scaled_geometric,1,6.86277218106177,3.5251175116493068,94.68208246626266,0,0.7050861000025179,40000,400
TSP,20,uniform2d_n20_instance202601,202601,6,dwave_sa,coefficient_scaled_linear,1,7.9614087647526235,3.5251175116493068,125.848038780066,0,0.09846560000005411,40000,400
TSP,20,uniform2d_n20_instance202601,202601,6,openjij_sa,coefficient_scaled_linear,1,7.421466049453531,3.5251175116493068,110.53102555952039,0,0.2744514000005438,40000,400
TSP,20,uniform2d_n20_instance202601,202601,6,qubo_sa_swap,baseline,1,3.5251175116493068,3.5251175116493068,0.0,1,0.8678336000011768,40000,400
TSP,20,uniform2d_n20_instance202601,202601,6,two_opt,baseline,1,3.5251175116493068,3.5251175116493068,0.0,1,0.782260200001474,40000,400
TSP,20,uniform2d_n20_instance202601,202601,7,qubo_sa_old,coefficient_scaled_linear,1,7.296008859887533,3.5251175116493068,106.97207499542132,0,0.6862926000030711,40000,400
TSP,20,uniform2d_n20_instance202601,202601,7,qubo_sa_penalty,penalty_scaled_geometric,1,7.28270831766654,3.5251175116493068,106.59476722689902,0,0.6907253000026685,40000,400
TSP,20,uniform2d_n20_instance202601,202601,7,dwave_sa,coefficient_scaled_linear,1,6.497576415674533,3.5251175116493068,84.3222642706879,0,0.09989889999997104,40000,400
TSP,20,uniform2d_n20_instance202601,202601,7,openjij_sa,coefficient_scaled_linear,1,8.161363676089541,3.5251175116493068,131.52032943920386,0,0.2754357999947388,40000,400
TSP,20,uniform2d_n20_instance202601,202601,7,qubo_sa_swap,baseline,1,3.5251175116493068,3.5251175116493068,0.0,1,0.8619066999963252,40000,400
TSP,20,uniform2d_n20_instance202601,202601,7,two_opt,baseline,1,3.5251175116493068,3.5251175116493068,0.0,1,0.7694941000008839,40000,400
TSP,20,uniform2d_n20_instance202601,202601,8,qubo_sa_old,coefficient_scaled_linear,1,6.532476745589143,3.5251175116493068,85.31231154710571,0,0.6862842999980785,40000,400
TSP,20,uniform2d_n20_instance202601,202601,8,qubo_sa_penalty,penalty_scaled_geometric,1,7.979523134111057,3.5251175116493068,126.36190446819046,0,0.6738677000030293,40000,400
TSP,20,uniform2d_n20_instance202601,202601,8,dwave_sa,coefficient_scaled_linear,1,7.140415065108665,3.5251175116493068,102.55821377619432,0,0.09523059999628458,40000,400
TSP,20,uniform2d_n20_instance202601,202601,8,openjij_sa,coefficient_scaled_linear,1,6.360225578047642,3.5251175116493068,80.4259164986493,0,0.2724226999998791,40000,400
TSP,20,uniform2d_n20_instance202601,202601,8,qubo_sa_swap,baseline,1,3.9384749098386007,3.5251175116493068,11.726060105040158,0,0.8570602999971015,40000,400
TSP,20,uniform2d_n20_instance202601,202601,8,two_opt,baseline,1,3.5251175116493068,3.5251175116493068,0.0,1,0.7659492000020691,40000,400
TSP,20,uniform2d_n20_instance202601,202601,9,qubo_sa_old,coefficient_scaled_linear,1,7.104602389016626,3.5251175116493068,101.54228520151021,0,0.6859904000011738,40000,400
TSP,20,uniform2d_n20_instance202601,202601,9,qubo_sa_penalty,penalty_scaled_geometric,1,7.752893879226828,3.5251175116493068,119.93292006879676,0,0.6820904999985942,40000,400
TSP,20,uniform2d_n20_instance202601,202601,9,dwave_sa,coefficient_scaled_linear,1,8.411182208421476,3.5251175116493068,138.60714375124795,0,0.09926079999422655,40000,400
TSP,20,uniform2d_n20_instance202601,202601,9,openjij_sa,coefficient_scaled_linear,1,8.629026526381836,3.5251175116493068,144.786918389695,0,0.2726713999945787,40000,400
TSP,20,uniform2d_n20_instance202601,202601,9,qubo_sa_swap,baseline,1,3.5251175116493068,3.5251175116493068,0.0,1,0.8559514000007766,40000,400
TSP,20,uniform2d_n20_instance202601,202601,9,two_opt,baseline,1,3.5251175116493068,3.5251175116493068,0.0,1,0.7628876000017044,40000,400
TSP,20,uniform2d_n20_instance202602,202602,0,qubo_sa_old,coefficient_scaled_linear,1,7.0029055348549045,3.6118176382537746,93.88867977954274,0,0.7041921999989427,40000,400
TSP,20,uniform2d_n20_instance202602,202602,0,qubo_sa_penalty,penalty_scaled_geometric,1,7.013742957409453,3.6118176382537746,94.18873431274415,0,0.6928801000030944,40000,400
TSP,20,uniform2d_n20_instance202602,202602,0,dwave_sa,coefficient_scaled_linear,1,7.764364489114803,3.6118176382537746,114.97111058100606,0,0.09918309999920893,40000,400
TSP,20,uniform2d_n20_instance202602,202602,0,openjij_sa,coefficient_scaled_linear,1,8.427512793110441,3.6118176382537746,133.33162515881995,0,0.2742643000019598,40000,400
TSP,20,uniform2d_n20_instance202602,202602,0,qubo_sa_swap,baseline,1,3.6118176382537746,3.6118176382537746,0.0,1,0.8543145000003278,40000,400
TSP,20,uniform2d_n20_instance202602,202602,0,two_opt,baseline,1,3.6118176382537746,3.6118176382537746,0.0,1,0.787312300002668,40000,400
TSP,20,uniform2d_n20_instance202602,202602,1,qubo_sa_old,coefficient_scaled_linear,1,7.0234292847872375,3.6118176382537746,94.45691859965815,0,0.6869683999975678,40000,400
TSP,20,uniform2d_n20_instance202602,202602,1,qubo_sa_penalty,penalty_scaled_geometric,1,7.656838169843216,3.6118176382537746,111.99404113727928,0,0.6890231000070344,40000,400
TSP,20,uniform2d_n20_instance202602,202602,1,dwave_sa,coefficient_scaled_linear,1,7.2082894001143885,3.6118176382537746,99.57512039836595,0,0.09749379999993835,40000,400
TSP,20,uniform2d_n20_instance202602,202602,1,openjij_sa,coefficient_scaled_linear,1,8.931542930878987,3.6118176382537746,147.28665246779093,0,0.2728367000017897,40000,400
TSP,20,uniform2d_n20_instance202602,202602,1,qubo_sa_swap,baseline,1,3.611817638253775,3.6118176382537746,0.0,1,0.8651944000012008,40000,400
TSP,20,uniform2d_n20_instance202602,202602,1,two_opt,baseline,1,3.6118176382537746,3.6118176382537746,0.0,1,0.7754504999975325,40000,400
TSP,20,uniform2d_n20_instance202602,202602,2,qubo_sa_old,coefficient_scaled_linear,1,6.441435013360152,3.6118176382537746,78.3433068474196,0,0.6861228999987361,40000,400
TSP,20,uniform2d_n20_instance202602,202602,2,qubo_sa_penalty,penalty_scaled_geometric,1,7.69638493102289,3.6118176382537746,113.08896798964368,0,0.68145050000021,40000,400
TSP,20,uniform2d_n20_instance202602,202602,2,dwave_sa,coefficient_scaled_linear,1,7.525795805606301,3.6118176382537746,108.36588552806448,0,0.0972267000033753,40000,400
TSP,20,uniform2d_n20_instance202602,202602,2,openjij_sa,coefficient_scaled_linear,1,7.9838129957315696,3.6118176382537746,121.04695738712734,0,0.27349020000110613,40000,400
TSP,20,uniform2d_n20_instance202602,202602,2,qubo_sa_swap,baseline,1,3.8228837855854434,3.6118176382537746,5.843765341201279,0,0.8567569999941043,40000,400
TSP,20,uniform2d_n20_instance202602,202602,2,two_opt,baseline,1,3.6118176382537746,3.6118176382537746,0.0,1,0.7770012999972096,40000,400
TSP,20,uniform2d_n20_instance202602,202602,3,qubo_sa_old,coefficient_scaled_linear,1,6.709916162645993,3.6118176382537746,85.77671506942619,0,0.6870234000016353,40000,400
TSP,20,uniform2d_n20_instance202602,202602,3,qubo_sa_penalty,penalty_scaled_geometric,1,8.449494738190396,3.6118176382537746,133.9402368685347,0,0.6844997000007425,40000,400
TSP,20,uniform2d_n20_instance202602,202602,3,dwave_sa,coefficient_scaled_linear,1,7.8814246789659155,3.6118176382537746,118.21214325694447,0,0.10114900000189664,40000,400
TSP,20,uniform2d_n20_instance202602,202602,3,openjij_sa,coefficient_scaled_linear,1,6.644709825036885,3.6118176382537746,83.97135433032103,0,0.2699875000034808,40000,400
TSP,20,uniform2d_n20_instance202602,202602,3,qubo_sa_swap,baseline,1,3.611817638253775,3.6118176382537746,0.0,1,0.8628095000021858,40000,400
TSP,20,uniform2d_n20_instance202602,202602,3,two_opt,baseline,1,3.6118176382537746,3.6118176382537746,0.0,1,0.7729369000007864,40000,400
TSP,20,uniform2d_n20_instance202602,202602,4,qubo_sa_old,coefficient_scaled_linear,1,7.185266290399185,3.6118176382537746,98.9376820772459,0,0.6903755999956047,40000,400
TSP,20,uniform2d_n20_instance202602,202602,4,qubo_sa_penalty,penalty_scaled_geometric,1,8.102612295822597,3.6118176382537746,124.33614061810752,0,0.6834512999994331,40000,400
TSP,20,uniform2d_n20_instance202602,202602,4,dwave_sa,coefficient_scaled_linear,1,5.870593116821801,3.6118176382537746,62.53846967921915,0,0.09573349999845959,40000,400
TSP,20,uniform2d_n20_instance202602,202602,4,openjij_sa,coefficient_scaled_linear,1,8.572663470176648,3.6118176382537746,137.35039608260294,0,0.27045499999803724,40000,400
TSP,20,uniform2d_n20_instance202602,202602,4,qubo_sa_swap,baseline,1,3.7312280997088734,3.6118176382537746,3.30610438883705,0,0.8650402999992366,40000,400
TSP,20,uniform2d_n20_instance202602,202602,4,two_opt,baseline,1,3.6118176382537746,3.6118176382537746,0.0,1,0.7735228000019561,40000,400
TSP,20,uniform2d_n20_instance202602,202602,5,qubo_sa_old,coefficient_scaled_linear,1,8.018585819256543,3.6118176382537746,122.00970874967356,0,0.6837059999961639,40000,400
TSP,20,uniform2d_n20_instance202602,202602,5,qubo_sa_penalty,penalty_scaled_geometric,1,6.855522936434668,3.6118176382537746,89.80811389329017,0,0.6782386999984737,40000,400
TSP,20,uniform2d_n20_instance202602,202602,5,dwave_sa,coefficient_scaled_linear,1,6.9762391528239425,3.6118176382537746,93.15037057620614,0,0.09740230000170413,40000,400
TSP,20,uniform2d_n20_instance202602,202602,5,openjij_sa,coefficient_scaled_linear,0,,3.6118176382537746,,0,0.27506300000095507,40000,400
TSP,20,uniform2d_n20_instance202602,202602,5,qubo_sa_swap,baseline,1,3.611817638253775,3.6118176382537746,0.0,1,0.8641781000042101,40000,400
TSP,20,uniform2d_n20_instance202602,202602,5,two_opt,baseline,1,3.6118176382537746,3.6118176382537746,0.0,1,0.7922466000018176,40000,400
TSP,20,uniform2d_n20_instance202602,202602,6,qubo_sa_old,coefficient_scaled_linear,1,6.972794968687887,3.6118176382537746,93.05501182665088,0,0.6906392999953823,40000,400
TSP,20,uniform2d_n20_instance202602,202602,6,qubo_sa_penalty,penalty_scaled_geometric,1,7.799716403748195,3.6118176382537746,115.94989517574778,0,0.6771312000055332,40000,400
TSP,20,uniform2d_n20_instance202602,202602,6,dwave_sa,coefficient_scaled_linear,1,6.658130455643525,3.6118176382537746,84.34292986238827,0,0.0962714000052074,40000,400
TSP,20,uniform2d_n20_instance202602,202602,6,openjij_sa,coefficient_scaled_linear,1,7.052885625284801,3.6118176382537746,95.27247307797906,0,0.2738673999992898,40000,400
TSP,20,uniform2d_n20_instance202602,202602,6,qubo_sa_swap,baseline,1,3.611817638253775,3.6118176382537746,0.0,1,0.8618822999997064,40000,400
TSP,20,uniform2d_n20_instance202602,202602,6,two_opt,baseline,1,3.6118176382537746,3.6118176382537746,0.0,1,0.7619061000004876,40000,400
TSP,20,uniform2d_n20_instance202602,202602,7,qubo_sa_old,coefficient_scaled_linear,1,6.882493035946359,3.6118176382537746,90.55483208930437,0,0.6734008999992511,40000,400
TSP,20,uniform2d_n20_instance202602,202602,7,qubo_sa_penalty,penalty_scaled_geometric,1,8.045575044301344,3.6118176382537746,122.7569564722316,0,0.6869197999985772,40000,400
TSP,20,uniform2d_n20_instance202602,202602,7,dwave_sa,coefficient_scaled_linear,0,,3.6118176382537746,,0,0.09680369999841787,40000,400
TSP,20,uniform2d_n20_instance202602,202602,7,openjij_sa,coefficient_scaled_linear,1,6.608294716605819,3.6118176382537746,82.96313320516282,0,0.2731752999970922,40000,400
TSP,20,uniform2d_n20_instance202602,202602,7,qubo_sa_swap,baseline,1,3.771142950653214,3.6118176382537746,4.411222502265355,0,0.8575098000001162,40000,400
TSP,20,uniform2d_n20_instance202602,202602,7,two_opt,baseline,1,3.6118176382537746,3.6118176382537746,0.0,1,0.7679496999990079,40000,400
TSP,20,uniform2d_n20_instance202602,202602,8,qubo_sa_old,coefficient_scaled_linear,1,6.726243529850321,3.6118176382537746,86.22876909982354,0,0.6850049999993644,40000,400
TSP,20,uniform2d_n20_instance202602,202602,8,qubo_sa_penalty,penalty_scaled_geometric,1,7.946554584362772,3.6118176382537746,120.01538782574683,0,0.6828796000045259,40000,400
TSP,20,uniform2d_n20_instance202602,202602,8,dwave_sa,coefficient_scaled_linear,1,6.595412791018553,3.6118176382537746,82.60647274005987,0,0.0977913000024273,40000,400
TSP,20,uniform2d_n20_instance202602,202602,8,openjij_sa,coefficient_scaled_linear,0,,3.6118176382537746,,0,0.28464939999685157,40000,400
TSP,20,uniform2d_n20_instance202602,202602,8,qubo_sa_swap,baseline,1,3.9657498955166703,3.6118176382537746,9.799283704534245,0,0.8630056000038167,40000,400
TSP,20,uniform2d_n20_instance202602,202602,8,two_opt,baseline,1,3.6118176382537746,3.6118176382537746,0.0,1,0.7818668999971123,40000,400
TSP,20,uniform2d_n20_instance202602,202602,9,qubo_sa_old,coefficient_scaled_linear,1,7.490620172144737,3.6118176382537746,107.39198161085088,0,0.683826799999224,40000,400
TSP,20,uniform2d_n20_instance202602,202602,9,qubo_sa_penalty,penalty_scaled_geometric,1,7.932398514498723,3.6118176382537746,119.6234502673796,0,0.678191600003629,40000,400
TSP,20,uniform2d_n20_instance202602,202602,9,dwave_sa,coefficient_scaled_linear,1,7.857465787979391,3.6118176382537746,117.54879606209255,0,0.09560870000132127,40000,400
TSP,20,uniform2d_n20_instance202602,202602,9,openjij_sa,coefficient_scaled_linear,0,,3.6118176382537746,,0,0.2701089000038337,40000,400
TSP,20,uniform2d_n20_instance202602,202602,9,qubo_sa_swap,baseline,1,3.7168725962417173,3.6118176382537746,2.908645134108556,0,0.866601300003822,40000,400
TSP,20,uniform2d_n20_instance202602,202602,9,two_opt,baseline,1,3.6118176382537746,3.6118176382537746,0.0,1,0.7720324999972945,40000,400
TSP,20,uniform2d_n20_instance202603,202603,0,qubo_sa_old,coefficient_scaled_linear,1,7.430800617464036,4.268160139397538,74.09844932652673,0,0.6913092000031611,40000,400
TSP,20,uniform2d_n20_instance202603,202603,0,qubo_sa_penalty,penalty_scaled_geometric,1,8.31348635016911,4.268160139397538,94.77915726335848,0,0.6863387999983388,40000,400
TSP,20,uniform2d_n20_instance202603,202603,0,dwave_sa,coefficient_scaled_linear,1,7.090409531507044,4.268160139397538,66.12332480355046,0,0.09613930000341497,40000,400
TSP,20,uniform2d_n20_instance202603,202603,0,openjij_sa,coefficient_scaled_linear,1,7.7726781929062385,4.268160139397538,82.1084012560825,0,0.27192400000058115,40000,400
TSP,20,uniform2d_n20_instance202603,202603,0,qubo_sa_swap,baseline,1,4.305334245664318,4.268160139397538,0.870963250034662,0,0.868540600000415,40000,400
TSP,20,uniform2d_n20_instance202603,202603,0,two_opt,baseline,1,4.271853473485019,4.268160139397538,0.08653222856822573,0,0.7839716000016779,40000,400
TSP,20,uniform2d_n20_instance202603,202603,1,qubo_sa_old,coefficient_scaled_linear,1,6.852685340147388,4.268160139397538,60.55361364943215,0,0.6851788999993005,40000,400
TSP,20,uniform2d_n20_instance202603,202603,1,qubo_sa_penalty,penalty_scaled_geometric,1,7.468145017854659,4.268160139397538,74.97340244850344,0,0.6821917999986908,40000,400
TSP,20,uniform2d_n20_instance202603,202603,1,dwave_sa,coefficient_scaled_linear,1,7.348807331728279,4.268160139397538,72.17740412068004,0,0.09649939999508206,40000,400
TSP,20,uniform2d_n20_instance202603,202603,1,openjij_sa,coefficient_scaled_linear,0,,4.268160139397538,,0,0.2692024999996647,40000,400
TSP,20,uniform2d_n20_instance202603,202603,1,qubo_sa_swap,baseline,1,4.271853473485018,4.268160139397538,0.08653222856820353,0,0.8591744000004837,40000,400
TSP,20,uniform2d_n20_instance202603,202603,1,two_opt,baseline,1,4.271853473485019,4.268160139397538,0.08653222856822573,0,0.7757252999945194,40000,400
TSP,20,uniform2d_n20_instance202603,202603,2,qubo_sa_old,coefficient_scaled_linear,1,6.552560592509282,4.268160139397538,53.52190120575451,0,0.681367199998931,40000,400
TSP,20,uniform2d_n20_instance202603,202603,2,qubo_sa_penalty,penalty_scaled_geometric,1,7.893522722793528,4.268160139397538,84.93970387689622,0,0.6800642999951378,40000,400
TSP,20,uniform2d_n20_instance202603,202603,2,dwave_sa,coefficient_scaled_linear,1,7.038930143931164,4.268160139397538,64.91719884073346,0,0.09902919999876758,40000,400
TSP,20,uniform2d_n20_instance202603,202603,2,openjij_sa,coefficient_scaled_linear,1,6.918738790600995,4.268160139397538,62.10119968876315,0,0.2727822000015294,40000,400
TSP,20,uniform2d_n20_instance202603,202603,2,qubo_sa_swap,baseline,1,4.436848929698497,4.268160139397538,3.952260102517391,0,0.8690268999998807,40000,400
TSP,20,uniform2d_n20_instance202603,202603,2,two_opt,baseline,1,4.271853473485019,4.268160139397538,0.08653222856822573,0,0.78891310000472,40000,400
TSP,20,uniform2d_n20_instance202603,202603,3,qubo_sa_old,coefficient_scaled_linear,1,6.782592745689266,4.268160139397538,58.91139329759654,0,0.6881678000063403,40000,400
TSP,20,uniform2d_n20_instance202603,202603,3,qubo_sa_penalty,penalty_scaled_geometric,1,7.126287331350358,4.268160139397538,66.96391650282017,0,0.6815730000016629,40000,400
TSP,20,uniform2d_n20_instance202603,202603,3,dwave_sa,coefficient_scaled_linear,1,7.564215682642203,4.268160139397538,77.22427077700773,0,0.09632009999768343,40000,400
TSP,20,uniform2d_n20_instance202603,202603,3,openjij_sa,coefficient_scaled_linear,1,7.468168552769086,4.268160139397538,74.97395385505001,0,0.26915569999982836,40000,400
TSP,20,uniform2d_n20_instance202603,202603,3,qubo_sa_swap,baseline,1,4.271853473485019,4.268160139397538,0.08653222856822573,0,0.8780786999996053,40000,400
TSP,20,uniform2d_n20_instance202603,202603,3,two_opt,baseline,1,4.271853473485019,4.268160139397538,0.08653222856822573,0,0.775594300001103,40000,400
TSP,20,uniform2d_n20_instance202603,202603,4,qubo_sa_old,coefficient_scaled_linear,1,6.97891114900764,4.268160139397538,63.51099586419764,0,0.6907590000046184,40000,400
TSP,20,uniform2d_n20_instance202603,202603,4,qubo_sa_penalty,penalty_scaled_geometric,1,7.155872200437362,4.268160139397538,67.65706924594053,0,0.6803704999983893,40000,400
TSP,20,uniform2d_n20_instance202603,202603,4,dwave_sa,coefficient_scaled_linear,1,6.67556431653176,4.268160139397538,56.403792231517215,0,0.09599769999476848,40000,400
TSP,20,uniform2d_n20_instance202603,202603,4,openjij_sa,coefficient_scaled_linear,1,6.919352105982821,4.268160139397538,62.11556923821293,0,0.26858509999874514,40000,400
TSP,20,uniform2d_n20_instance202603,202603,4,qubo_sa_swap,baseline,1,4.271853473485019,4.268160139397538,0.08653222856822573,0,0.8658795000010286,40000,400
TSP,20,uniform2d_n20_instance202603,202603,4,two_opt,baseline,1,4.294923845611187,4.268160139397538,0.6270548746895699,0,0.7715708999967319,40000,400
TSP,20,uniform2d_n20_instance202603,202603,5,qubo_sa_old,coefficient_scaled_linear,0,,4.268160139397538,,0,0.6834562000003643,40000,400
TSP,20,uniform2d_n20_instance202603,202603,5,qubo_sa_penalty,penalty_scaled_geometric,1,7.256456693623828,4.268160139397538,70.01369340954709,0,0.6869127999962075,40000,400
TSP,20,uniform2d_n20_instance202603,202603,5,dwave_sa,coefficient_scaled_linear,0,,4.268160139397538,,0,0.09527800000068964,40000,400
TSP,20,uniform2d_n20_instance202603,202603,5,openjij_sa,coefficient_scaled_linear,1,7.5124414066625596,4.268160139397538,76.01123578561324,0,0.27491449999797624,40000,400
TSP,20,uniform2d_n20_instance202603,202603,5,qubo_sa_swap,baseline,1,4.30533424566432,4.268160139397538,0.8709632500347064,0,0.8573720999993384,40000,400
TSP,20,uniform2d_n20_instance202603,202603,5,two_opt,baseline,1,4.271853473485019,4.268160139397538,0.08653222856822573,0,0.7658566000027349,40000,400
TSP,20,uniform2d_n20_instance202603,202603,6,qubo_sa_old,coefficient_scaled_linear,1,6.684714349205666,4.268160139397538,56.6181710827099,0,0.6851367999988724,40000,400
TSP,20,uniform2d_n20_instance202603,202603,6,qubo_sa_penalty,penalty_scaled_geometric,1,8.118478258171576,4.268160139397538,90.21025437245007,0,0.7027354999954696,40000,400
TSP,20,uniform2d_n20_instance202603,202603,6,dwave_sa,coefficient_scaled_linear,1,7.803986488011968,4.268160139397538,82.8419326626653,0,0.09836119999818038,40000,400
TSP,20,uniform2d_n20_instance202603,202603,6,openjij_sa,coefficient_scaled_linear,1,7.53623133754588,4.268160139397538,76.5686171889895,0,0.27934600000298815,40000,400
TSP,20,uniform2d_n20_instance202603,202603,6,qubo_sa_swap,baseline,1,4.332349147330086,4.268160139397538,1.5039034580742738,0,0.8759054999973159,40000,400
TSP,20,uniform2d_n20_instance202603,202603,6,two_opt,baseline,1,4.271853473485019,4.268160139397538,0.08653222856822573,0,0.7623429000013857,40000,400
TSP,20,uniform2d_n20_instance202603,202603,7,qubo_sa_old,coefficient_scaled_linear,1,7.495095668839065,4.268160139397538,75.60483730811978,0,0.6830378000013297,40000,400
TSP,20,uniform2d_n20_instance202603,202603,7,qubo_sa_penalty,penalty_scaled_geometric,1,7.043640863934912,4.268160139397538,65.02756770811182,0,0.688529799997923,40000,400
TSP,20,uniform2d_n20_instance202603,202603,7,dwave_sa,coefficient_scaled_linear,1,7.456044242456005,4.268160139397538,74.68988976379984,0,0.09681080000154907,40000,400
TSP,20,uniform2d_n20_instance202603,202603,7,openjij_sa,coefficient_scaled_linear,1,6.84923235378763,4.268160139397538,60.47271259963589,0,0.27509250000002794,40000,400
TSP,20,uniform2d_n20_instance202603,202603,7,qubo_sa_swap,baseline,1,4.439457444494728,4.268160139397538,4.013375775571748,0,0.8666782000000239,40000,400
TSP,20,uniform2d_n20_instance202603,202603,7,two_opt,baseline,1,4.271853473485019,4.268160139397538,0.08653222856822573,0,0.7701772000000346,40000,400
TSP,20,uniform2d_n20_instance202603,202603,8,qubo_sa_old,coefficient_scaled_linear,1,6.073044097457306,4.268160139397538,42.28716587739212,0,0.6772076999986893,40000,400
TSP,20,uniform2d_n20_instance202603,202603,8,qubo_sa_penalty,penalty_scaled_geometric,1,7.87212369873806,4.268160139397538,84.43833974442276,0,0.6877450000029057,40000,400
TSP,20,uniform2d_n20_instance202603,202603,8,dwave_sa,coefficient_scaled_linear,0,,4.268160139397538,,0,0.0955078000042704,40000,400
TSP,20,uniform2d_n20_instance202603,202603,8,openjij_sa,coefficient_scaled_linear,1,7.788822364683222,4.268160139397538,82.48664788342816,0,0.27970949999871664,40000,400
TSP,20,uniform2d_n20_instance202603,202603,8,qubo_sa_swap,baseline,1,4.26816013939754,4.268160139397538,0.0,1,0.8564839999962715,40000,400
TSP,20,uniform2d_n20_instance202603,202603,8,two_opt,baseline,1,4.271853473485019,4.268160139397538,0.08653222856822573,0,0.7617370000007213,40000,400
TSP,20,uniform2d_n20_instance202603,202603,9,qubo_sa_old,coefficient_scaled_linear,1,6.487112457983985,4.268160139397538,51.98849729428516,0,0.6867875000025379,40000,400
TSP,20,uniform2d_n20_instance202603,202603,9,qubo_sa_penalty,penalty_scaled_geometric,1,8.307261303369579,4.268160139397538,94.63330878072841,0,0.6908698999977787,40000,400
TSP,20,uniform2d_n20_instance202603,202603,9,dwave_sa,coefficient_scaled_linear,1,7.438598978262151,4.268160139397538,74.28115945321885,0,0.0958798999999999,40000,400
TSP,20,uniform2d_n20_instance202603,202603,9,openjij_sa,coefficient_scaled_linear,1,6.821876944726533,4.268160139397538,59.83179454202623,0,0.27029059999767924,40000,400
TSP,20,uniform2d_n20_instance202603,202603,9,qubo_sa_swap,baseline,1,4.382875025419542,4.268160139397538,2.6876893620537023,0,0.8612678999998025,40000,400
TSP,20,uniform2d_n20_instance202603,202603,9,two_opt,baseline,1,4.271853473485019,4.268160139397538,0.08653222856822573,0,0.77769360000093,40000,400
TSP,20,uniform2d_n20_instance202604,202604,0,qubo_sa_old,coefficient_scaled_linear,1,5.647309499375182,3.2413643821254485,74.22630823357453,0,0.6879145999992033,40000,400
TSP,20,uniform2d_n20_instance202604,202604,0,qubo_sa_penalty,penalty_scaled_geometric,1,5.840362999257848,3.2413643821254485,80.18224151115547,0,0.6878332999986014,40000,400
TSP,20,uniform2d_n20_instance202604,202604,0,dwave_sa,coefficient_scaled_linear,0,,3.2413643821254485,,0,0.09610580000298796,40000,400
TSP,20,uniform2d_n20_instance202604,202604,0,openjij_sa,coefficient_scaled_linear,0,,3.2413643821254485,,0,0.26908540000295034,40000,400
TSP,20,uniform2d_n20_instance202604,202604,0,qubo_sa_swap,baseline,1,3.3599063222982486,3.2413643821254485,3.6571618058895528,0,0.8622493000002578,40000,400
TSP,20,uniform2d_n20_instance202604,202604,0,two_opt,baseline,1,3.2413643821254485,3.2413643821254485,0.0,1,0.7668775000056485,40000,400
TSP,20,uniform2d_n20_instance202604,202604,1,qubo_sa_old,coefficient_scaled_linear,1,6.106452119055688,3.2413643821254485,88.39141173790297,0,0.6985982000041986,40000,400
TSP,20,uniform2d_n20_instance202604,202604,1,qubo_sa_penalty,penalty_scaled_geometric,1,6.498323672818583,3.2413643821254485,100.48112173545451,0,0.6902902999936487,40000,400
TSP,20,uniform2d_n20_instance202604,202604,1,dwave_sa,coefficient_scaled_linear,1,5.8722366713984115,3.2413643821254485,81.16558273364596,0,0.09732360000634799,40000,400
TSP,20,uniform2d_n20_instance202604,202604,1,openjij_sa,coefficient_scaled_linear,1,6.814143756350036,3.2413643821254485,110.22455216472213,0,0.27864579999732086,40000,400
TSP,20,uniform2d_n20_instance202604,202604,1,qubo_sa_swap,baseline,1,3.4603937113944734,3.2413643821254485,6.757318938804446,0,0.8573639000023832,40000,400
TSP,20,uniform2d_n20_instance202604,202604,1,two_opt,baseline,1,3.2413643821254485,3.2413643821254485,0.0,1,0.7782237999999779,40000,400
TSP,20,uniform2d_n20_instance202604,202604,2,qubo_sa_old,coefficient_scaled_linear,1,5.871253434103066,3.2413643821254485,81.13524867738349,0,0.6832011999940732,40000,400
TSP,20,uniform2d_n20_instance202604,202604,2,qubo_sa_penalty,penalty_scaled_geometric,1,7.897958498806754,3.2413643821254485,143.66154395846894,0,0.6830005000010715,40000,400
TSP,20,uniform2d_n20_instance202604,202604,2,dwave_sa,coefficient_scaled_linear,1,7.3092709102845275,3.2413643821254485,125.49982194509228,0,0.09621669999614824,40000,400
TSP,20,uniform2d_n20_instance202604,202604,2,openjij_sa,coefficient_scaled_linear,1,6.83774560445188,3.2413643821254485,110.95269764049758,0,0.27342810000118334,40000,400
TSP,20,uniform2d_n20_instance202604,202604,2,qubo_sa_swap,baseline,1,3.241364382125449,3.2413643821254485,0.0,1,0.8827735999948345,40000,400
TSP,20,uniform2d_n20_instance202604,202604,2,two_opt,baseline,1,3.2413643821254485,3.2413643821254485,0.0,1,0.7890803999980562,40000,400
TSP,20,uniform2d_n20_instance202604,202604,3,qubo_sa_old,coefficient_scaled_linear,1,6.420714318542419,3.2413643821254485,98.08677956571445,0,0.6848944000012125,40000,400
TSP,20,uniform2d_n20_instance202604,202604,3,qubo_sa_penalty,penalty_scaled_geometric,1,7.519489800475358,3.2413643821254485,131.98532821368977,0,0.6838821999990614,40000,400
TSP,20,uniform2d_n20_instance202604,202604,3,dwave_sa,coefficient_scaled_linear,1,6.631934746431621,3.2413643821254485,104.60318448007642,0,0.09856849999778206,40000,400
TSP,20,uniform2d_n20_instance202604,202604,3,openjij_sa,coefficient_scaled_linear,0,,3.2413643821254485,,0,0.2811830999999074,40000,400
TSP,20,uniform2d_n20_instance202604,202604,3,qubo_sa_swap,baseline,1,3.3853144688120285,3.2413643821254485,4.441033765916447,0,0.8601009999983944,40000,400
TSP,20,uniform2d_n20_instance202604,202604,3,two_opt,baseline,1,3.2413643821254485,3.2413643821254485,0.0,1,0.7862590000004275,40000,400
TSP,20,uniform2d_n20_instance202604,202604,4,qubo_sa_old,coefficient_scaled_linear,1,5.1657162163009955,3.2413643821254485,59.36857468994887,0,0.6898281000030693,40000,400
TSP,20,uniform2d_n20_instance202604,202604,4,qubo_sa_penalty,penalty_scaled_geometric,1,7.774378115230835,3.2413643821254485,139.8489400976563,0,0.6829309999957331,40000,400
TSP,20,uniform2d_n20_instance202604,202604,4,dwave_sa,coefficient_scaled_linear,1,6.128014335567624,3.2413643821254485,89.0566321195065,0,0.09940189999906579,40000,400
TSP,20,uniform2d_n20_instance202604,202604,4,openjij_sa,coefficient_scaled_linear,0,,3.2413643821254485,,0,0.2753757999962545,40000,400
TSP,20,uniform2d_n20_instance202604,202604,4,qubo_sa_swap,baseline,1,3.5641355881390453,3.2413643821254485,9.957880940307827,0,0.8677126999973552,40000,400
TSP,20,uniform2d_n20_instance202604,202604,4,two_opt,baseline,1,3.2413643821254485,3.2413643821254485,0.0,1,0.7743198000025586,40000,400
TSP,20,uniform2d_n20_instance202604,202604,5,qubo_sa_old,coefficient_scaled_linear,1,5.534478620154503,3.2413643821254485,70.74533954511459,0,0.685169099997438,40000,400
TSP,20,uniform2d_n20_instance202604,202604,5,qubo_sa_penalty,penalty_scaled_geometric,1,6.428145903865336,3.2413643821254485,98.3160529347901,0,0.6908012999992934,40000,400
TSP,20,uniform2d_n20_instance202604,202604,5,dwave_sa,coefficient_scaled_linear,1,6.662010221594958,3.2413643821254485,105.53104915734592,0,0.0987329999989015,40000,400
TSP,20,uniform2d_n20_instance202604,202604,5,openjij_sa,coefficient_scaled_linear,1,5.738610302991712,3.2413643821254485,77.04304812619533,0,0.2716731000036816,40000,400
TSP,20,uniform2d_n20_instance202604,202604,5,qubo_sa_swap,baseline,1,3.4803872257122284,3.2413643821254485,7.374142965995278,0,0.8740216000005603,40000,400
TSP,20,uniform2d_n20_instance202604,202604,5,two_opt,baseline,1,3.2413643821254485,3.2413643821254485,0.0,1,0.7786867000031634,40000,400
TSP,20,uniform2d_n20_instance202604,202604,6,qubo_sa_old,coefficient_scaled_linear,1,5.178531864445926,3.2413643821254485,59.763952889808245,0,0.6847589000026346,40000,400
TSP,20,uniform2d_n20_instance202604,202604,6,qubo_sa_penalty,penalty_scaled_geometric,1,6.133839357309669,3.2413643821254485,89.23634106473237,0,0.6920221999971545,40000,400
TSP,20,uniform2d_n20_instance202604,202604,6,dwave_sa,coefficient_scaled_linear,0,,3.2413643821254485,,0,0.09721449999778997,40000,400
TSP,20,uniform2d_n20_instance202604,202604,6,openjij_sa,coefficient_scaled_linear,1,5.836617210183577,3.2413643821254485,80.06667940110923,0,0.2753445999987889,40000,400
TSP,20,uniform2d_n20_instance202604,202604,6,qubo_sa_swap,baseline,1,3.605930525001535,3.2413643821254485,11.24730514367629,0,0.8827607999992324,40000,400
TSP,20,uniform2d_n20_instance202604,202604,6,two_opt,baseline,1,3.2413643821254485,3.2413643821254485,0.0,1,0.7834491999965394,40000,400
TSP,20,uniform2d_n20_instance202604,202604,7,qubo_sa_old,coefficient_scaled_linear,1,7.096519932426391,3.2413643821254485,118.93619771847482,0,0.6922563999978593,40000,400
TSP,20,uniform2d_n20_instance202604,202604,7,qubo_sa_penalty,penalty_scaled_geometric,1,5.343945957578736,3.2413643821254485,64.86717713836816,0,0.6851602999959141,40000,400
TSP,20,uniform2d_n20_instance202604,202604,7,dwave_sa,coefficient_scaled_linear,1,7.837763066518901,3.2413643821254485,141.80444228178604,0,0.09785230000125011,40000,400
TSP,20,uniform2d_n20_instance202604,202604,7,openjij_sa,coefficient_scaled_linear,1,7.497992101859963,3.2413643821254485,131.32209828699763,0,0.275870000004943,40000,400
TSP,20,uniform2d_n20_instance202604,202604,7,qubo_sa_swap,baseline,1,3.3599063222982486,3.2413643821254485,3.6571618058895528,0,0.8677659999957541,40000,400
TSP,20,uniform2d_n20_instance202604,202604,7,two_opt,baseline,1,3.2413643821254485,3.2413643821254485,0.0,1,0.780405100005737,40000,400
TSP,20,uniform2d_n20_instance202604,202604,8,qubo_sa_old,coefficient_scaled_linear,1,6.396139645266674,3.2413643821254485,97.32862126017918,0,0.6899757999999565,40000,400
TSP,20,uniform2d_n20_instance202604,202604,8,qubo_sa_penalty,penalty_scaled_geometric,1,7.318588618395703,3.2413643821254485,125.78728447669035,0,0.6854198000000906,40000,400
TSP,20,uniform2d_n20_instance202604,202604,8,dwave_sa,coefficient_scaled_linear,1,5.627844628109059,3.2413643821254485,73.62579348202536,0,0.10188570000173058,40000,400
TSP,20,uniform2d_n20_instance202604,202604,8,openjij_sa,coefficient_scaled_linear,1,6.724932370848441,3.2413643821254485,107.47227334060865,0,0.2723779000007198,40000,400
TSP,20,uniform2d_n20_instance202604,202604,8,qubo_sa_swap,baseline,1,3.5093710504347286,3.2413643821254485,8.268328910726819,0,0.8715984000009485,40000,400
TSP,20,uniform2d_n20_instance202604,202604,8,two_opt,baseline,1,3.2413643821254485,3.2413643821254485,0.0,1,0.786775900000066,40000,400
TSP,20,uniform2d_n20_instance202604,202604,9,qubo_sa_old,coefficient_scaled_linear,1,5.437200727220653,3.2413643821254485,67.74419923919004,0,0.6882936999973026,40000,400
TSP,20,uniform2d_n20_instance202604,202604,9,qubo_sa_penalty,penalty_scaled_geometric,1,7.057037855973777,3.2413643821254485,117.71812804786515,0,0.6798201999990852,40000,400
TSP,20,uniform2d_n20_instance202604,202604,9,dwave_sa,coefficient_scaled_linear,1,6.031963638495136,3.2413643821254485,86.0933522857994,0,0.09604289999697357,40000,400
TSP,20,uniform2d_n20_instance202604,202604,9,openjij_sa,coefficient_scaled_linear,0,,3.2413643821254485,,0,0.2735568999996758,40000,400
TSP,20,uniform2d_n20_instance202604,202604,9,qubo_sa_swap,baseline,1,3.5325200981791482,3.2413643821254485,8.982504949436798,0,0.8781257999944501,40000,400
TSP,20,uniform2d_n20_instance202604,202604,9,two_opt,baseline,1,3.2413643821254485,3.2413643821254485,0.0,1,0.7741764000020339,40000,400
TSP,20,uniform2d_n20_instance202605,202605,0,qubo_sa_old,coefficient_scaled_linear,1,7.7154585196567735,3.5404749962386592,117.92156498361229,0,0.6823755000004894,40000,400
TSP,20,uniform2d_n20_instance202605,202605,0,qubo_sa_penalty,penalty_scaled_geometric,1,8.485712817592294,3.5404749962386592,139.67724179968428,0,0.679580399999395,40000,400
TSP,20,uniform2d_n20_instance202605,202605,0,dwave_sa,coefficient_scaled_linear,0,,3.5404749962386592,,0,0.0983598999955575,40000,400
TSP,20,uniform2d_n20_instance202605,202605,0,openjij_sa,coefficient_scaled_linear,1,8.225193933040483,3.5404749962386592,132.31893861074548,0,0.27267140000185464,40000,400
TSP,20,uniform2d_n20_instance202605,202605,0,qubo_sa_swap,baseline,1,3.892274202467827,3.5404749962386592,9.93649740791598,0,0.8611220000020694,40000,400
TSP,20,uniform2d_n20_instance202605,202605,0,two_opt,baseline,1,3.5404749962386592,3.5404749962386592,0.0,1,0.7643405999988317,40000,400
TSP,20,uniform2d_n20_instance202605,202605,1,qubo_sa_old,coefficient_scaled_linear,1,6.899762722931795,3.5404749962386592,94.88240222744085,0,0.6952385999975377,40000,400
TSP,20,uniform2d_n20_instance202605,202605,1,qubo_sa_penalty,penalty_scaled_geometric,0,,3.5404749962386592,,0,0.6747672999990755,40000,400
TSP,20,uniform2d_n20_instance202605,202605,1,dwave_sa,coefficient_scaled_linear,1,7.635685028553969,3.5404749962386592,115.66837886628183,0,0.09762870000122348,40000,400
TSP,20,uniform2d_n20_instance202605,202605,1,openjij_sa,coefficient_scaled_linear,1,7.794695081150659,3.5404749962386592,120.15958563276428,0,0.2719386999960989,40000,400
TSP,20,uniform2d_n20_instance202605,202605,1,qubo_sa_swap,baseline,1,4.353973655094878,3.5404749962386592,22.977105041568315,0,0.8765146000005188,40000,400
TSP,20,uniform2d_n20_instance202605,202605,1,two_opt,baseline,1,3.5404749962386592,3.5404749962386592,0.0,1,0.7637713999938569,40000,400
TSP,20,uniform2d_n20_instance202605,202605,2,qubo_sa_old,coefficient_scaled_linear,1,7.01114433841502,3.5404749962386592,98.0283534232989,0,0.6817864000040572,40000,400
TSP,20,uniform2d_n20_instance202605,202605,2,qubo_sa_penalty,penalty_scaled_geometric,1,6.230905842049109,3.5404749962386592,75.99067494245031,0,0.6832446999978856,40000,400
TSP,20,uniform2d_n20_instance202605,202605,2,dwave_sa,coefficient_scaled_linear,1,5.423480452272475,3.5404749962386592,53.18510815735993,0,0.09740289999899687,40000,400
TSP,20,uniform2d_n20_instance202605,202605,2,openjij_sa,coefficient_scaled_linear,1,7.66125508054154,3.5404749962386592,116.39059981162778,0,0.2718609000003198,40000,400
TSP,20,uniform2d_n20_instance202605,202605,2,qubo_sa_swap,baseline,1,4.300867718957048,3.5404749962386592,21.477138619146217,0,0.8588901999974041,40000,400
TSP,20,uniform2d_n20_instance202605,202605,2,two_opt,baseline,1,3.5404749962386592,3.5404749962386592,0.0,1,0.7688189999971655,40000,400
TSP,20,uniform2d_n20_instance202605,202605,3,qubo_sa_old,coefficient_scaled_linear,1,7.788207879130397,3.5404749962386592,119.97635592411915,0,0.6820383000012953,40000,400
TSP,20,uniform2d_n20_instance202605,202605,3,qubo_sa_penalty,penalty_scaled_geometric,1,7.226631701610117,3.5404749962386592,104.11475040178418,0,0.6836804999984452,40000,400
TSP,20,uniform2d_n20_instance202605,202605,3,dwave_sa,coefficient_scaled_linear,1,6.994558705086445,3.5404749962386592,97.55989556535056,0,0.0965585999947507,40000,400
TSP,20,uniform2d_n20_instance202605,202605,3,openjij_sa,coefficient_scaled_linear,0,,3.5404749962386592,,0,0.27054109999880893,40000,400
TSP,20,uniform2d_n20_instance202605,202605,3,qubo_sa_swap,baseline,1,3.5404749962386597,3.5404749962386592,0.0,1,0.8546179000040866,40000,400
TSP,20,uniform2d_n20_instance202605,202605,3,two_opt,baseline,1,3.5404749962386592,3.5404749962386592,0.0,1,0.76176249999844,40000,400
TSP,20,uniform2d_n20_instance202605,202605,4,qubo_sa_old,coefficient_scaled_linear,1,7.257401690580586,3.5404749962386592,104.98384251521978,0,0.684958199999528,40000,400
TSP,20,uniform2d_n20_instance202605,202605,4,qubo_sa_penalty,penalty_scaled_geometric,1,7.289924936339741,3.5404749962386592,105.90245501195272,0,0.6818504999973811,40000,400
TSP,20,uniform2d_n20_instance202605,202605,4,dwave_sa,coefficient_scaled_linear,0,,3.5404749962386592,,0,0.09648249999736436,40000,400
TSP,20,uniform2d_n20_instance202605,202605,4,openjij_sa,coefficient_scaled_linear,1,9.361315836767417,3.5404749962386592,164.40847193421,0,0.27181010000640526,40000,400
TSP,20,uniform2d_n20_instance202605,202605,4,qubo_sa_swap,baseline,1,3.5767964699933734,3.5404749962386592,1.0258926780531308,0,0.8637071999983164,40000,400
TSP,20,uniform2d_n20_instance202605,202605,4,two_opt,baseline,1,3.5404749962386592,3.5404749962386592,0.0,1,0.7719950999962748,40000,400
TSP,20,uniform2d_n20_instance202605,202605,5,qubo_sa_old,coefficient_scaled_linear,1,8.06056655793494,3.5404749962386592,127.66907170643344,0,0.6801131000029272,40000,400
TSP,20,uniform2d_n20_instance202605,202605,5,qubo_sa_penalty,penalty_scaled_geometric,1,8.027102249798421,3.5404749962386592,126.72387909323687,0,0.6798656999962986,40000,400
TSP,20,uniform2d_n20_instance202605,202605,5,dwave_sa,coefficient_scaled_linear,1,7.721986829895081,3.5404749962386592,118.10595578555953,0,0.09976289999758592,40000,400
TSP,20,uniform2d_n20_instance202605,202605,5,openjij_sa,coefficient_scaled_linear,1,8.18431594835454,3.5404749962386592,131.1643482032614,0,0.2737785999997868,40000,400
TSP,20,uniform2d_n20_instance202605,202605,5,qubo_sa_swap,baseline,1,3.676322889582196,3.5404749962386592,3.8369962642825994,0,0.862549699995725,40000,400
TSP,20,uniform2d_n20_instance202605,202605,5,two_opt,baseline,1,3.5404749962386592,3.5404749962386592,0.0,1,0.7880359000046155,40000,400
TSP,20,uniform2d_n20_instance202605,202605,6,qubo_sa_old,coefficient_scaled_linear,1,7.678531470022107,3.5404749962386592,116.8785679373431,0,0.6901623000012478,40000,400
TSP,20,uniform2d_n20_instance202605,202605,6,qubo_sa_penalty,penalty_scaled_geometric,0,,3.5404749962386592,,0,0.6819361000016215,40000,400
TSP,20,uniform2d_n20_instance202605,202605,6,dwave_sa,coefficient_scaled_linear,1,8.459631722732203,3.5404749962386592,138.9405865517924,0,0.09739180000178749,40000,400
TSP,20,uniform2d_n20_instance202605,202605,6,openjij_sa,coefficient_scaled_linear,1,6.7916930207113175,3.5404749962386592,91.82999535166036,0,0.27608239999972284,40000,400
TSP,20,uniform2d_n20_instance202605,202605,6,qubo_sa_swap,baseline,1,3.5404749962386592,3.5404749962386592,0.0,1,0.8635527000005823,40000,400
TSP,20,uniform2d_n20_instance202605,202605,6,two_opt,baseline,1,3.5404749962386592,3.5404749962386592,0.0,1,0.7662329000013415,40000,400
TSP,20,uniform2d_n20_instance202605,202605,7,qubo_sa_old,coefficient_scaled_linear,1,6.750385151495087,3.5404749962386592,90.6632629425877,0,0.6887053999962518,40000,400
TSP,20,uniform2d_n20_instance202605,202605,7,qubo_sa_penalty,penalty_scaled_geometric,1,7.725409189247852,3.5404749962386592,118.20261963310563,0,0.6835538999948767,40000,400
TSP,20,uniform2d_n20_instance202605,202605,7,dwave_sa,coefficient_scaled_linear,1,7.76262219628106,3.5404749962386592,119.25369348824488,0,0.09713500000361819,40000,400
TSP,20,uniform2d_n20_instance202605,202605,7,openjij_sa,coefficient_scaled_linear,1,6.556094342411345,3.5404749962386592,85.17555834673114,0,0.2689452999984496,40000,400
TSP,20,uniform2d_n20_instance202605,202605,7,qubo_sa_swap,baseline,1,3.92762286665919,3.5404749962386592,10.934913276660051,0,0.8636441999988165,40000,400
TSP,20,uniform2d_n20_instance202605,202605,7,two_opt,baseline,1,3.5404749962386592,3.5404749962386592,0.0,1,0.7757930000007036,40000,400
TSP,20,uniform2d_n20_instance202605,202605,8,qubo_sa_old,coefficient_scaled_linear,1,7.4524916879215715,3.5404749962386592,110.49412002171945,0,0.6906742999999551,40000,400
TSP,20,uniform2d_n20_instance202605,202605,8,qubo_sa_penalty,penalty_scaled_geometric,1,7.5286700403785805,3.5404749962386592,112.64576217532709,0,0.6818519000007655,40000,400
TSP,20,uniform2d_n20_instance202605,202605,8,dwave_sa,coefficient_scaled_linear,1,8.35510699201981,3.5404749962386592,135.98830667907933,0,0.09592520000296645,40000,400
TSP,20,uniform2d_n20_instance202605,202605,8,openjij_sa,coefficient_scaled_linear,1,8.331964521256754,3.5404749962386592,135.33465227429912,0,0.26962400000047637,40000,400
TSP,20,uniform2d_n20_instance202605,202605,8,qubo_sa_swap,baseline,1,3.5404749962386597,3.5404749962386592,0.0,1,0.8533300999988569,40000,400
TSP,20,uniform2d_n20_instance202605,202605,8,two_opt,baseline,1,3.5404749962386592,3.5404749962386592,0.0,1,0.7774649000057252,40000,400
TSP,20,uniform2d_n20_instance202605,202605,9,qubo_sa_old,coefficient_scaled_linear,1,8.087409033876586,3.5404749962386592,128.42723200893982,0,0.6774766000016825,40000,400
TSP,20,uniform2d_n20_instance202605,202605,9,qubo_sa_penalty,penalty_scaled_geometric,1,6.994191461639591,3.5404749962386592,97.54952284849072,0,0.6729453000007197,40000,400
TSP,20,uniform2d_n20_instance202605,202605,9,dwave_sa,coefficient_scaled_linear,0,,3.5404749962386592,,0,0.09630740000284277,40000,400
TSP,20,uniform2d_n20_instance202605,202605,9,openjij_sa,coefficient_scaled_linear,1,7.764121038258924,3.5404749962386592,119.29602797668095,0,0.275547799996275,40000,400
TSP,20,uniform2d_n20_instance202605,202605,9,qubo_sa_swap,baseline,1,3.5767964699933734,3.5404749962386592,1.0258926780531308,0,0.8561887999967439,40000,400
TSP,20,uniform2d_n20_instance202605,202605,9,two_opt,baseline,1,3.5404749962386592,3.5404749962386592,0.0,1,0.7608159000010346,40000,400
TSP,20,uniform2d_n20_instance202606,202606,0,qubo_sa_old,coefficient_scaled_linear,1,7.102366816331661,4.228212973749368,67.97561665948054,0,0.6933415000021341,40000,400
TSP,20,uniform2d_n20_instance202606,202606,0,qubo_sa_penalty,penalty_scaled_geometric,1,8.704241216130582,4.228212973749368,105.86099305239335,0,0.6766533000045456,40000,400
TSP,20,uniform2d_n20_instance202606,202606,0,dwave_sa,coefficient_scaled_linear,1,6.4063770924204615,4.228212973749368,51.51500485415723,0,0.10258839999733027,40000,400
TSP,20,uniform2d_n20_instance202606,202606,0,openjij_sa,coefficient_scaled_linear,1,8.185578226623127,4.228212973749368,93.59427440015078,0,0.27144009999756236,40000,400
TSP,20,uniform2d_n20_instance202606,202606,0,qubo_sa_swap,baseline,1,4.228212973749368,4.228212973749368,0.0,1,0.8538106999985757,40000,400
TSP,20,uniform2d_n20_instance202606,202606,0,two_opt,baseline,1,4.378186113969299,4.228212973749368,3.5469627748420107,0,0.7653894999966724,40000,400
TSP,20,uniform2d_n20_instance202606,202606,1,qubo_sa_old,coefficient_scaled_linear,1,7.492112495537859,4.228212973749368,77.19335667461016,0,0.6877034999997704,40000,400
TSP,20,uniform2d_n20_instance202606,202606,1,qubo_sa_penalty,penalty_scaled_geometric,1,7.6616413082057715,4.228212973749368,81.2028238826345,0,0.696405999995477,40000,400
TSP,20,uniform2d_n20_instance202606,202606,1,dwave_sa,coefficient_scaled_linear,1,8.683207409875479,4.228212973749368,105.36352978870039,0,0.10081679999711923,40000,400
TSP,20,uniform2d_n20_instance202606,202606,1,openjij_sa,coefficient_scaled_linear,0,,4.228212973749368,,0,0.2761255999939749,40000,400
TSP,20,uniform2d_n20_instance202606,202606,1,qubo_sa_swap,baseline,1,4.307648475621777,4.228212973749368,1.8787015310151034,0,0.8636926000035601,40000,400
TSP,20,uniform2d_n20_instance202606,202606,1,two_opt,baseline,1,4.387639623645518,4.228212973749368,3.7705444566284108,0,0.7761279999976978,40000,400
TSP,20,uniform2d_n20_instance202606,202606,2,qubo_sa_old,coefficient_scaled_linear,1,8.091679707231817,4.228212973749368,91.37351305311661,0,0.6794338999970932,40000,400
TSP,20,uniform2d_n20_instance202606,202606,2,qubo_sa_penalty,penalty_scaled_geometric,1,7.565139560670201,4.228212973749368,78.92049448875828,0,0.680606900001294,40000,400
TSP,20,uniform2d_n20_instance202606,202606,2,dwave_sa,coefficient_scaled_linear,1,9.282812841269632,4.228212973749368,119.54459008809333,0,0.09602040000027046,40000,400
TSP,20,uniform2d_n20_instance202606,202606,2,openjij_sa,coefficient_scaled_linear,1,7.99740657516032,4.228212973749368,89.14389187138366,0,0.2720303000023705,40000,400
TSP,20,uniform2d_n20_instance202606,202606,2,qubo_sa_swap,baseline,1,4.340826331317997,4.228212973749368,2.6633795002234395,0,0.8480950000011944,40000,400
TSP,20,uniform2d_n20_instance202606,202606,2,two_opt,baseline,1,4.378186113969299,4.228212973749368,3.5469627748420107,0,0.7701621000014711,40000,400
TSP,20,uniform2d_n20_instance202606,202606,3,qubo_sa_old,coefficient_scaled_linear,1,6.706041098122037,4.228212973749368,58.60225442181202,0,0.6810966999983066,40000,400
TSP,20,uniform2d_n20_instance202606,202606,3,qubo_sa_penalty,penalty_scaled_geometric,1,8.417817940501248,4.228212973749368,99.08689540386956,0,0.6827868999971543,40000,400
TSP,20,uniform2d_n20_instance202606,202606,3,dwave_sa,coefficient_scaled_linear,1,7.928479672382338,4.228212973749368,87.51372557640487,0,0.09911140000622254,40000,400
TSP,20,uniform2d_n20_instance202606,202606,3,openjij_sa,coefficient_scaled_linear,1,8.360082313255056,4.228212973749368,97.72141008880524,0,0.2766577000002144,40000,400
TSP,20,uniform2d_n20_instance202606,202606,3,qubo_sa_swap,baseline,1,4.307774241310216,4.228212973749368,1.8816759717355636,0,0.8465053000036278,40000,400
TSP,20,uniform2d_n20_instance202606,202606,3,two_opt,baseline,1,4.378186113969299,4.228212973749368,3.5469627748420107,0,0.7674144999982673,40000,400
TSP,20,uniform2d_n20_instance202606,202606,4,qubo_sa_old,coefficient_scaled_linear,1,8.297311259529694,4.228212973749368,96.2368336468173,0,0.678187199999229,40000,400
TSP,20,uniform2d_n20_instance202606,202606,4,qubo_sa_penalty,penalty_scaled_geometric,1,8.238208467041625,4.228212973749368,94.83901398032921,0,0.6777336000013747,40000,400
TSP,20,uniform2d_n20_instance202606,202606,4,dwave_sa,coefficient_scaled_linear,1,8.405324325908092,4.228212973749368,98.79141325406486,0,0.09620759999961592,40000,400
TSP,20,uniform2d_n20_instance202606,202606,4,openjij_sa,coefficient_scaled_linear,1,8.521524447656075,4.228212973749368,101.53962207110898,0,0.2853823999976157,40000,400
TSP,20,uniform2d_n20_instance202606,202606,4,qubo_sa_swap,baseline,1,4.287680444807103,4.228212973749368,1.4064445529810232,0,0.8542626999987988,40000,400
TSP,20,uniform2d_n20_instance202606,202606,4,two_opt,baseline,1,4.378186113969299,4.228212973749368,3.5469627748420107,0,0.7875301999956719,40000,400
TSP,20,uniform2d_n20_instance202606,202606,5,qubo_sa_old,coefficient_scaled_linear,1,8.231602566113066,4.228212973749368,94.68278010635996,0,0.6879466000027605,40000,400
TSP,20,uniform2d_n20_instance202606,202606,5,qubo_sa_penalty,penalty_scaled_geometric,1,9.104148862363727,4.228212973749368,115.31907022863663,0,0.6738039999981993,40000,400
TSP,20,uniform2d_n20_instance202606,202606,5,dwave_sa,coefficient_scaled_linear,1,6.944570941227053,4.228212973749368,64.2436410923964,0,0.09584539999923436,40000,400
TSP,20,uniform2d_n20_instance202606,202606,5,openjij_sa,coefficient_scaled_linear,1,7.685240450222135,4.228212973749368,81.76095901354863,0,0.2675688999952399,40000,400
TSP,20,uniform2d_n20_instance202606,202606,5,qubo_sa_swap,baseline,1,4.307774241310216,4.228212973749368,1.8816759717355636,0,0.8560023000027286,40000,400
TSP,20,uniform2d_n20_instance202606,202606,5,two_opt,baseline,1,4.378186113969299,4.228212973749368,3.5469627748420107,0,0.7676457999987178,40000,400
TSP,20,uniform2d_n20_instance202606,202606,6,qubo_sa_old,coefficient_scaled_linear,1,6.710412676459916,4.228212973749368,58.70564510636409,0,0.6857633000036003,40000,400
TSP,20,uniform2d_n20_instance202606,202606,6,qubo_sa_penalty,penalty_scaled_geometric,1,7.1362791989097,4.228212973749368,68.77766666946306,0,0.6957118999998784,40000,400
TSP,20,uniform2d_n20_instance202606,202606,6,dwave_sa,coefficient_scaled_linear,1,7.461995366468028,4.228212973749368,76.48106689032514,0,0.0961654000057024,40000,400
TSP,20,uniform2d_n20_instance202606,202606,6,openjij_sa,coefficient_scaled_linear,1,7.667674960188243,4.228212973749368,81.34552369505954,0,0.2691728000063449,40000,400
TSP,20,uniform2d_n20_instance202606,202606,6,qubo_sa_swap,baseline,1,4.41801744326764,4.228212973749368,4.488999742838473,0,0.8614448999942397,40000,400
TSP,20,uniform2d_n20_instance202606,202606,6,two_opt,baseline,1,4.378186113969299,4.228212973749368,3.5469627748420107,0,0.7629143000012846,40000,400
TSP,20,uniform2d_n20_instance202606,202606,7,qubo_sa_old,coefficient_scaled_linear,1,6.5652204574085475,4.228212973749368,55.27175424152861,0,0.6783123999994132,40000,400
TSP,20,uniform2d_n20_instance202606,202606,7,qubo_sa_penalty,penalty_scaled_geometric,0,,4.228212973749368,,0,0.6752545000053942,40000,400
TSP,20,uniform2d_n20_instance202606,202606,7,dwave_sa,coefficient_scaled_linear,1,7.513010383262842,4.228212973749368,77.68760537624195,0,0.09614169999986188,40000,400
TSP,20,uniform2d_n20_instance202606,202606,7,openjij_sa,coefficient_scaled_linear,1,7.861937159680227,4.228212973749368,85.93995166493833,0,0.2717220000049565,40000,400
TSP,20,uniform2d_n20_instance202606,202606,7,qubo_sa_swap,baseline,1,4.228212973749368,4.228212973749368,0.0,1,0.8538188000020455,40000,400
TSP,20,uniform2d_n20_instance202606,202606,7,two_opt,baseline,1,4.378186113969299,4.228212973749368,3.5469627748420107,0,0.7661202000017511,40000,400
TSP,20,uniform2d_n20_instance202606,202606,8,qubo_sa_old,coefficient_scaled_linear,1,6.693875045581639,4.228212973749368,58.31451932861946,0,0.6838933000035468,40000,400
TSP,20,uniform2d_n20_instance202606,202606,8,qubo_sa_penalty,penalty_scaled_geometric,1,8.908113657019086,4.228212973749368,110.6827095116691,0,0.6810677999965264,40000,400
TSP,20,uniform2d_n20_instance202606,202606,8,dwave_sa,coefficient_scaled_linear,0,,4.228212973749368,,0,0.09702829999878304,40000,400
TSP,20,uniform2d_n20_instance202606,202606,8,openjij_sa,coefficient_scaled_linear,1,8.701085051336051,4.228212973749368,105.7863476924239,0,0.2707583000010345,40000,400
TSP,20,uniform2d_n20_instance202606,202606,8,qubo_sa_swap,baseline,1,4.287680444807103,4.228212973749368,1.4064445529810232,0,0.8562557999975979,40000,400
TSP,20,uniform2d_n20_instance202606,202606,8,two_opt,baseline,1,4.378186113969299,4.228212973749368,3.5469627748420107,0,0.7809343999979319,40000,400
TSP,20,uniform2d_n20_instance202606,202606,9,qubo_sa_old,coefficient_scaled_linear,1,8.060672092764056,4.228212973749368,90.64016270723123,0,0.6798772000038298,40000,400
TSP,20,uniform2d_n20_instance202606,202606,9,qubo_sa_penalty,penalty_scaled_geometric,1,6.577398560447346,4.228212973749368,55.559774336883436,0,0.6783888999998453,40000,400
TSP,20,uniform2d_n20_instance202606,202606,9,dwave_sa,coefficient_scaled_linear,1,7.455126094965154,4.228212973749368,76.31860413015856,0,0.09625059999962104,40000,400
TSP,20,uniform2d_n20_instance202606,202606,9,openjij_sa,coefficient_scaled_linear,1,8.859483949905536,4.228212973749368,109.53258515853301,0,0.2694943999958923,40000,400
TSP,20,uniform2d_n20_instance202606,202606,9,qubo_sa_swap,baseline,1,4.293465540127403,4.228212973749368,1.5432658379119335,0,0.8587662999998429,40000,400
TSP,20,uniform2d_n20_instance202606,202606,9,two_opt,baseline,1,4.378186113969299,4.228212973749368,3.5469627748420107,0,0.7817330999969272,40000,400
TSP,20,uniform2d_n20_instance202607,202607,0,qubo_sa_old,coefficient_scaled_linear,1,5.781500074467649,3.794974916735229,52.34619994383003,0,0.6756733999936841,40000,400
TSP,20,uniform2d_n20_instance202607,202607,0,qubo_sa_penalty,penalty_scaled_geometric,1,7.271115316371359,3.794974916735229,91.59850791916728,0,0.6865293000009842,40000,400
TSP,20,uniform2d_n20_instance202607,202607,0,dwave_sa,coefficient_scaled_linear,1,8.028512635443708,3.794974916735229,111.55640845053436,0,0.0994079999945825,40000,400
TSP,20,uniform2d_n20_instance202607,202607,0,openjij_sa,coefficient_scaled_linear,0,,3.794974916735229,,0,0.2706298000048264,40000,400
TSP,20,uniform2d_n20_instance202607,202607,0,qubo_sa_swap,baseline,1,3.914186983151688,3.794974916735229,3.141313685388347,0,0.8576130000001285,40000,400
TSP,20,uniform2d_n20_instance202607,202607,0,two_opt,baseline,1,3.794974916735229,3.794974916735229,0.0,1,0.7787215999996988,40000,400
TSP,20,uniform2d_n20_instance202607,202607,1,qubo_sa_old,coefficient_scaled_linear,1,6.3425074177785445,3.794974916735229,67.12909984751434,0,0.6800328000026639,40000,400
TSP,20,uniform2d_n20_instance202607,202607,1,qubo_sa_penalty,penalty_scaled_geometric,1,6.874381838417822,3.794974916735229,81.14432873068287,0,0.6800240000011399,40000,400
TSP,20,uniform2d_n20_instance202607,202607,1,dwave_sa,coefficient_scaled_linear,1,7.680126424537756,3.794974916735229,102.37621046372753,0,0.0975306999971508,40000,400
TSP,20,uniform2d_n20_instance202607,202607,1,openjij_sa,coefficient_scaled_linear,0,,3.794974916735229,,0,0.26801680000062333,40000,400
TSP,20,uniform2d_n20_instance202607,202607,1,qubo_sa_swap,baseline,1,3.9428912640564624,3.794974916735229,3.8976897230320606,0,0.8586588999969536,40000,400
TSP,20,uniform2d_n20_instance202607,202607,1,two_opt,baseline,1,3.794974916735229,3.794974916735229,0.0,1,0.7701528999969014,40000,400
TSP,20,uniform2d_n20_instance202607,202607,2,qubo_sa_old,coefficient_scaled_linear,1,6.127796049597734,3.794974916735229,61.47131889001793,0,0.6842552999951295,40000,400
TSP,20,uniform2d_n20_instance202607,202607,2,qubo_sa_penalty,penalty_scaled_geometric,1,6.690170112263009,3.794974916735229,76.29023271696566,0,0.6815516000060597,40000,400
TSP,20,uniform2d_n20_instance202607,202607,2,dwave_sa,coefficient_scaled_linear,0,,3.794974916735229,,0,0.09589160000177799,40000,400
TSP,20,uniform2d_n20_instance202607,202607,2,openjij_sa,coefficient_scaled_linear,1,6.325197613810669,3.794974916735229,66.67297551605849,0,0.2692739999984042,40000,400
TSP,20,uniform2d_n20_instance202607,202607,2,qubo_sa_swap,baseline,1,3.989058895675027,3.794974916735229,5.114236146434559,0,0.8554600999996183,40000,400
TSP,20,uniform2d_n20_instance202607,202607,2,two_opt,baseline,1,3.794974916735229,3.794974916735229,0.0,1,0.7668532999960007,40000,400
TSP,20,uniform2d_n20_instance202607,202607,3,qubo_sa_old,coefficient_scaled_linear,1,6.9009640979555185,3.794974916735229,81.84478815718587,0,0.6950378000037745,40000,400
TSP,20,uniform2d_n20_instance202607,202607,3,qubo_sa_penalty,penalty_scaled_geometric,1,7.443052318920406,3.794974916735229,96.1291571677521,0,0.7078454000002239,40000,400
TSP,20,uniform2d_n20_instance202607,202607,3,dwave_sa,coefficient_scaled_linear,1,8.637617460615408,3.794974916735229,127.60670755753627,0,0.10246529999858467,40000,400
TSP,20,uniform2d_n20_instance202607,202607,3,openjij_sa,coefficient_scaled_linear,1,8.21707862294016,3.794974916735229,116.52524201686197,0,0.27963670000463026,40000,400
TSP,20,uniform2d_n20_instance202607,202607,3,qubo_sa_swap,baseline,1,3.7991133626598375,3.794974916735229,0.10905067926427758,0,0.8568659000011394,40000,400
TSP,20,uniform2d_n20_instance202607,202607,3,two_opt,baseline,1,3.794974916735229,3.794974916735229,0.0,1,0.7651786000060383,40000,400
TSP,20,uniform2d_n20_instance202607,202607,4,qubo_sa_old,coefficient_scaled_linear,1,6.570340250967502,3.794974916735229,73.13263974402989,0,0.6768083999995724,40000,400
TSP,20,uniform2d_n20_instance202607,202607,4,qubo_sa_penalty,penalty_scaled_geometric,1,6.3087301772988225,3.794974916735229,66.23904810222427,0,0.676016500001424,40000,400
TSP,20,uniform2d_n20_instance202607,202607,4,dwave_sa,coefficient_scaled_linear,1,7.237799605454043,3.794974916735229,90.72061777105591,0,0.09640209999633953,40000,400
TSP,20,uniform2d_n20_instance202607,202607,4,openjij_sa,coefficient_scaled_linear,0,,3.794974916735229,,0,0.2716613000011421,40000,400
TSP,20,uniform2d_n20_instance202607,202607,4,qubo_sa_swap,baseline,1,3.905956550307896,3.794974916735229,2.924436551168119,0,0.8697494000007282,40000,400
TSP,20,uniform2d_n20_instance202607,202607,4,two_opt,baseline,1,3.794974916735229,3.794974916735229,0.0,1,0.77562780000153,40000,400
TSP,20,uniform2d_n20_instance202607,202607,5,qubo_sa_old,coefficient_scaled_linear,1,6.955586915094866,3.794974916735229,83.28413409063249,0,0.6793445000002976,40000,400
TSP,20,uniform2d_n20_instance202607,202607,5,qubo_sa_penalty,penalty_scaled_geometric,1,7.073395139514027,3.794974916735229,86.38845564753252,0,0.6826444999969681,40000,400
TSP,20,uniform2d_n20_instance202607,202607,5,dwave_sa,coefficient_scaled_linear,0,,3.794974916735229,,0,0.0986510000002454,40000,400
TSP,20,uniform2d_n20_instance202607,202607,5,openjij_sa,coefficient_scaled_linear,1,5.760455849859511,3.794974916735229,51.791671256029325,0,0.27051439999922877,40000,400
TSP,20,uniform2d_n20_instance202607,202607,5,qubo_sa_swap,baseline,1,3.981650208947967,3.794974916735229,4.919012544444756,0,0.8625418000010541,40000,400
TSP,20,uniform2d_n20_instance202607,202607,5,two_opt,baseline,1,3.794974916735229,3.794974916735229,0.0,1,0.7691656999959378,40000,400
TSP,20,uniform2d_n20_instance202607,202607,6,qubo_sa_old,coefficient_scaled_linear,1,7.249519003667922,3.794974916735229,91.02943135931439,0,0.6806139000036637,40000,400
TSP,20,uniform2d_n20_instance202607,202607,6,qubo_sa_penalty,penalty_scaled_geometric,1,7.335509453213624,3.794974916735229,93.29533433449606,0,0.6848464000067906,40000,400
TSP,20,uniform2d_n20_instance202607,202607,6,dwave_sa,coefficient_scaled_linear,0,,3.794974916735229,,0,0.09686929999588756,40000,400
TSP,20,uniform2d_n20_instance202607,202607,6,openjij_sa,coefficient_scaled_linear,1,6.620683928673841,3.794974916735229,74.45922763488342,0,0.2712249999967753,40000,400
TSP,20,uniform2d_n20_instance202607,202607,6,qubo_sa_swap,baseline,1,3.794974916735229,3.794974916735229,0.0,1,0.859743900000467,40000,400
TSP,20,uniform2d_n20_instance202607,202607,6,two_opt,baseline,1,3.794974916735229,3.794974916735229,0.0,1,0.7637609999947017,40000,400
TSP,20,uniform2d_n20_instance202607,202607,7,qubo_sa_old,coefficient_scaled_linear,1,6.5941136279671495,3.794974916735229,73.75908333117485,0,0.6816478999971878,40000,400
TSP,20,uniform2d_n20_instance202607,202607,7,qubo_sa_penalty,penalty_scaled_geometric,1,8.147025586138044,3.794974916735229,114.67929999249722,0,0.6812054000038188,40000,400
TSP,20,uniform2d_n20_instance202607,202607,7,dwave_sa,coefficient_scaled_linear,0,,3.794974916735229,,0,0.09596790000068722,40000,400
TSP,20,uniform2d_n20_instance202607,202607,7,openjij_sa,coefficient_scaled_linear,0,,3.794974916735229,,0,0.2767957000032766,40000,400
TSP,20,uniform2d_n20_instance202607,202607,7,qubo_sa_swap,baseline,1,3.9318538563660974,3.794974916735229,3.6068470183361345,0,0.8500184000004083,40000,400
TSP,20,uniform2d_n20_instance202607,202607,7,two_opt,baseline,1,3.794974916735229,3.794974916735229,0.0,1,0.7755277000032947,40000,400
TSP,20,uniform2d_n20_instance202607,202607,8,qubo_sa_old,coefficient_scaled_linear,1,7.5101371007135835,3.794974916735229,97.89688378690164,0,0.6838435000026948,40000,400
TSP,20,uniform2d_n20_instance202607,202607,8,qubo_sa_penalty,penalty_scaled_geometric,1,6.481438462440522,3.794974916735229,70.79002113712059,0,0.6897701999987476,40000,400
TSP,20,uniform2d_n20_instance202607,202607,8,dwave_sa,coefficient_scaled_linear,1,5.832941374231054,3.794974916735229,53.70171087320554,0,0.0971374000000651,40000,400
TSP,20,uniform2d_n20_instance202607,202607,8,openjij_sa,coefficient_scaled_linear,1,6.948301906705281,3.794974916735229,83.0921694914079,0,0.27405159999761963,40000,400
TSP,20,uniform2d_n20_instance202607,202607,8,qubo_sa_swap,baseline,1,3.876268184294275,3.794974916735229,2.1421292457179497,0,0.8572496000051615,40000,400
TSP,20,uniform2d_n20_instance202607,202607,8,two_opt,baseline,1,3.794974916735229,3.794974916735229,0.0,1,0.7574090999987675,40000,400
TSP,20,uniform2d_n20_instance202607,202607,9,qubo_sa_old,coefficient_scaled_linear,1,6.998508680399525,3.794974916735229,84.41514987456775,0,0.6820080000034068,40000,400
TSP,20,uniform2d_n20_instance202607,202607,9,qubo_sa_penalty,penalty_scaled_geometric,0,,3.794974916735229,,0,0.6877325999957975,40000,400
TSP,20,uniform2d_n20_instance202607,202607,9,dwave_sa,coefficient_scaled_linear,1,6.888639149425737,3.794974916735229,81.52001793339782,0,0.09772099999827333,40000,400
TSP,20,uniform2d_n20_instance202607,202607,9,openjij_sa,coefficient_scaled_linear,1,7.007589726640586,3.794974916735229,84.65444121219991,0,0.2715119999993476,40000,400
TSP,20,uniform2d_n20_instance202607,202607,9,qubo_sa_swap,baseline,1,3.879428053878273,3.794974916735229,2.2253938167185128,0,0.8586845999961952,40000,400
TSP,20,uniform2d_n20_instance202607,202607,9,two_opt,baseline,1,3.794974916735229,3.794974916735229,0.0,1,0.778858500001661,40000,400
TSP,20,uniform2d_n20_instance202608,202608,0,qubo_sa_old,coefficient_scaled_linear,1,7.638223988371683,3.7441423010866335,104.00463909063768,0,0.6804693000012776,40000,400
TSP,20,uniform2d_n20_instance202608,202608,0,qubo_sa_penalty,penalty_scaled_geometric,1,7.797431346573358,3.7441423010866335,108.25681076038083,0,0.6774347999962629,40000,400
TSP,20,uniform2d_n20_instance202608,202608,0,dwave_sa,coefficient_scaled_linear,1,7.174010987879901,3.7441423010866335,91.60625881654776,0,0.0973468000011053,40000,400
TSP,20,uniform2d_n20_instance202608,202608,0,openjij_sa,coefficient_scaled_linear,1,7.207736814294984,3.7441423010866335,92.50702122628027,0,0.2704267999943113,40000,400
TSP,20,uniform2d_n20_instance202608,202608,0,qubo_sa_swap,baseline,1,4.018740356021485,3.7441423010866335,7.334071006199672,0,0.856341099999554,40000,400
TSP,20,uniform2d_n20_instance202608,202608,0,two_opt,baseline,1,3.7441423010866335,3.7441423010866335,0.0,1,0.7686377999998513,40000,400
TSP,20,uniform2d_n20_instance202608,202608,1,qubo_sa_old,coefficient_scaled_linear,1,6.952876128025334,3.7441423010866335,85.7001034925263,0,0.6787304999961634,40000,400
TSP,20,uniform2d_n20_instance202608,202608,1,qubo_sa_penalty,penalty_scaled_geometric,1,8.10898912735548,3.7441423010866335,116.5780164125191,0,0.6850047999978415,40000,400
TSP,20,uniform2d_n20_instance202608,202608,1,dwave_sa,coefficient_scaled_linear,0,,3.7441423010866335,,0,0.10121120000258088,40000,400
TSP,20,uniform2d_n20_instance202608,202608,1,openjij_sa,coefficient_scaled_linear,1,7.042351129947297,3.7441423010866335,88.08983643339224,0,0.27360410000255797,40000,400
TSP,20,uniform2d_n20_instance202608,202608,1,qubo_sa_swap,baseline,1,4.018740356021486,3.7441423010866335,7.334071006199694,0,0.8611309999978403,40000,400
TSP,20,uniform2d_n20_instance202608,202608,1,two_opt,baseline,1,3.7441423010866335,3.7441423010866335,0.0,1,0.7709504999947967,40000,400
TSP,20,uniform2d_n20_instance202608,202608,2,qubo_sa_old,coefficient_scaled_linear,1,7.006369412938156,3.7441423010866335,87.12882282558417,0,0.6883537999965483,40000,400
TSP,20,uniform2d_n20_instance202608,202608,2,qubo_sa_penalty,penalty_scaled_geometric,1,8.157791395577092,3.7441423010866335,117.8814462583198,0,0.682643599997391,40000,400
TSP,20,uniform2d_n20_instance202608,202608,2,dwave_sa,coefficient_scaled_linear,1,8.690898819304211,3.7441423010866335,132.11988542160694,0,0.11079260000406066,40000,400
TSP,20,uniform2d_n20_instance202608,202608,2,openjij_sa,coefficient_scaled_linear,1,7.771600785920615,3.7441423010866335,107.5669181608061,0,0.2801882000057958,40000,400
TSP,20,uniform2d_n20_instance202608,202608,2,qubo_sa_swap,baseline,1,3.836530421897907,3.7441423010866335,2.4675376463245025,0,0.8711479999983567,40000,400
TSP,20,uniform2d_n20_instance202608,202608,2,two_opt,baseline,1,3.7441423010866335,3.7441423010866335,0.0,1,0.7853171999959159,40000,400
TSP,20,uniform2d_n20_instance202608,202608,3,qubo_sa_old,coefficient_scaled_linear,1,5.949346541825989,3.7441423010866335,58.897447356617725,0,0.7042313000056311,40000,400
TSP,20,uniform2d_n20_instance202608,202608,3,qubo_sa_penalty,penalty_scaled_geometric,1,8.709972315676533,3.7441423010866335,132.6293077362125,0,0.6787127999996301,40000,400
TSP,20,uniform2d_n20_instance202608,202608,3,dwave_sa,coefficient_scaled_linear,1,8.289292423033642,3.7441423010866335,121.39362653571966,0,0.09624900000198977,40000,400
TSP,20,uniform2d_n20_instance202608,202608,3,openjij_sa,coefficient_scaled_linear,1,7.484810169864881,3.7441423010866335,99.90720351875039,0,0.27162130000215257,40000,400
TSP,20,uniform2d_n20_instance202608,202608,3,qubo_sa_swap,baseline,1,3.744142301086634,3.7441423010866335,0.0,1,0.8586727000001702,40000,400
TSP,20,uniform2d_n20_instance202608,202608,3,two_opt,baseline,1,3.7441423010866335,3.7441423010866335,0.0,1,0.770212100003846,40000,400
TSP,20,uniform2d_n20_instance202608,202608,4,qubo_sa_old,coefficient_scaled_linear,1,6.336016766993536,3.7441423010866335,69.2247852106124,0,0.6832418999983929,40000,400
TSP,20,uniform2d_n20_instance202608,202608,4,qubo_sa_penalty,penalty_scaled_geometric,1,7.29180604831001,3.7441423010866335,94.75237482810857,0,0.6807780999952229,40000,400
TSP,20,uniform2d_n20_instance202608,202608,4,dwave_sa,coefficient_scaled_linear,1,6.434233787243206,3.7441423010866335,71.84800335649228,0,0.09688460000324994,40000,400
TSP,20,uniform2d_n20_instance202608,202608,4,openjij_sa,coefficient_scaled_linear,1,7.6345651621951545,3.7441423010866335,103.90691774667414,0,0.27111219999642344,40000,400
TSP,20,uniform2d_n20_instance202608,202608,4,qubo_sa_swap,baseline,1,3.744142301086634,3.7441423010866335,0.0,1,0.8584160000027623,40000,400
TSP,20,uniform2d_n20_instance202608,202608,4,two_opt,baseline,1,3.7441423010866335,3.7441423010866335,0.0,1,0.7814579999976559,40000,400
TSP,20,uniform2d_n20_instance202608,202608,5,qubo_sa_old,coefficient_scaled_linear,1,6.807214715673939,3.7441423010866335,81.80972218118777,0,0.6861408000040683,40000,400
TSP,20,uniform2d_n20_instance202608,202608,5,qubo_sa_penalty,penalty_scaled_geometric,1,8.087725260870045,3.7441423010866335,116.01009284617217,0,0.6940173999973922,40000,400
TSP,20,uniform2d_n20_instance202608,202608,5,dwave_sa,coefficient_scaled_linear,0,,3.7441423010866335,,0,0.10053770000376971,40000,400
TSP,20,uniform2d_n20_instance202608,202608,5,openjij_sa,coefficient_scaled_linear,1,8.060585196661787,3.7441423010866335,115.2852255194047,0,0.2724266000004718,40000,400
TSP,20,uniform2d_n20_instance202608,202608,5,qubo_sa_swap,baseline,1,3.7441423010866335,3.7441423010866335,0.0,1,0.8527726999964216,40000,400
TSP,20,uniform2d_n20_instance202608,202608,5,two_opt,baseline,1,3.7441423010866335,3.7441423010866335,0.0,1,0.7708219999985886,40000,400
TSP,20,uniform2d_n20_instance202608,202608,6,qubo_sa_old,coefficient_scaled_linear,1,7.426532853777577,3.7441423010866335,98.35071043165833,0,0.7040608999959659,40000,400
TSP,20,uniform2d_n20_instance202608,202608,6,qubo_sa_penalty,penalty_scaled_geometric,1,8.20244000726749,3.7441423010866335,119.07393863975093,0,0.6836614999992889,40000,400
TSP,20,uniform2d_n20_instance202608,202608,6,dwave_sa,coefficient_scaled_linear,1,8.620685048410007,3.7441423010866335,130.24458888509906,0,0.09618609999597538,40000,400
TSP,20,uniform2d_n20_instance202608,202608,6,openjij_sa,coefficient_scaled_linear,1,7.0022161344409035,3.7441423010866335,87.01789545789178,0,0.270550600005663,40000,400
TSP,20,uniform2d_n20_instance202608,202608,6,qubo_sa_swap,baseline,1,3.836530421897907,3.7441423010866335,2.4675376463245025,0,0.8564378999944893,40000,400
TSP,20,uniform2d_n20_instance202608,202608,6,two_opt,baseline,1,3.7441423010866335,3.7441423010866335,0.0,1,0.7829053000023123,40000,400
TSP,20,uniform2d_n20_instance202608,202608,7,qubo_sa_old,coefficient_scaled_linear,1,7.530328199588348,3.7441423010866335,101.12291665311118,0,0.6837505000003148,40000,400
TSP,20,uniform2d_n20_instance202608,202608,7,qubo_sa_penalty,penalty_scaled_geometric,1,7.3240576549842,3.7441423010866335,95.61376320709272,0,0.6787481999999727,40000,400
TSP,20,uniform2d_n20_instance202608,202608,7,dwave_sa,coefficient_scaled_linear,0,,3.7441423010866335,,0,0.09694350000063423,40000,400
TSP,20,uniform2d_n20_instance202608,202608,7,openjij_sa,coefficient_scaled_linear,1,7.554742837916353,3.7441423010866335,101.77499225186497,0,0.26998559999628924,40000,400
TSP,20,uniform2d_n20_instance202608,202608,7,qubo_sa_swap,baseline,1,4.018740356021486,3.7441423010866335,7.334071006199694,0,0.8542836000051466,40000,400
TSP,20,uniform2d_n20_instance202608,202608,7,two_opt,baseline,1,3.7441423010866335,3.7441423010866335,0.0,1,0.7719904999976279,40000,400
TSP,20,uniform2d_n20_instance202608,202608,8,qubo_sa_old,coefficient_scaled_linear,1,7.732205380344088,3.7441423010866335,106.51473043906559,0,0.687118100002408,40000,400
TSP,20,uniform2d_n20_instance202608,202608,8,qubo_sa_penalty,penalty_scaled_geometric,1,9.658929437392986,3.7441423010866335,157.9744213939131,0,0.6827450999990106,40000,400
TSP,20,uniform2d_n20_instance202608,202608,8,dwave_sa,coefficient_scaled_linear,1,8.712419179577411,3.7441423010866335,132.6946595231937,0,0.09550619999936316,40000,400
TSP,20,uniform2d_n20_instance202608,202608,8,openjij_sa,coefficient_scaled_linear,1,6.917624511505029,3.7441423010866335,84.75858969081867,0,0.2711903999952483,40000,400
TSP,20,uniform2d_n20_instance202608,202608,8,qubo_sa_swap,baseline,1,3.7942208248816285,3.7441423010866335,1.3375165730335814,0,0.8517253000027267,40000,400
TSP,20,uniform2d_n20_instance202608,202608,8,two_opt,baseline,1,3.7441423010866335,3.7441423010866335,0.0,1,0.7675841000018409,40000,400
TSP,20,uniform2d_n20_instance202608,202608,9,qubo_sa_old,coefficient_scaled_linear,1,6.021056027385097,3.7441423010866335,60.81269201861404,0,0.693817699997453,40000,400
TSP,20,uniform2d_n20_instance202608,202608,9,qubo_sa_penalty,penalty_scaled_geometric,1,7.626580565990238,3.7441423010866335,103.69366206452236,0,0.6988459999993211,40000,400
TSP,20,uniform2d_n20_instance202608,202608,9,dwave_sa,coefficient_scaled_linear,1,8.048395671277431,3.7441423010866335,114.95966296317337,0,0.09551810000266414,40000,400
TSP,20,uniform2d_n20_instance202608,202608,9,openjij_sa,coefficient_scaled_linear,1,7.5095351385749165,3.7441423010866335,100.56756754131601,0,0.26834499999677064,40000,400
TSP,20,uniform2d_n20_instance202608,202608,9,qubo_sa_swap,baseline,1,3.744142301086634,3.7441423010866335,0.0,1,0.8608148999992409,40000,400
TSP,20,uniform2d_n20_instance202608,202608,9,two_opt,baseline,1,3.7441423010866335,3.7441423010866335,0.0,1,0.7785758000027272,40000,400
TSP,20,uniform2d_n20_instance202609,202609,0,qubo_sa_old,coefficient_scaled_linear,1,7.968874423156597,3.5802215053599666,122.58048590642665,0,0.6854955000017071,40000,400
TSP,20,uniform2d_n20_instance202609,202609,0,qubo_sa_penalty,penalty_scaled_geometric,1,7.393226149987386,3.5802215053599666,106.50192003257209,0,0.6911193999985699,40000,400
TSP,20,uniform2d_n20_instance202609,202609,0,dwave_sa,coefficient_scaled_linear,1,6.139653337983287,3.5802215053599666,71.48808610840369,0,0.09674789999553468,40000,400
TSP,20,uniform2d_n20_instance202609,202609,0,openjij_sa,coefficient_scaled_linear,1,6.452435006040345,3.5802215053599666,80.22446366461888,0,0.27319659999920987,40000,400
TSP,20,uniform2d_n20_instance202609,202609,0,qubo_sa_swap,baseline,1,3.9750731963893027,3.5802215053599666,11.028694465920651,0,0.8574895000056131,40000,400
TSP,20,uniform2d_n20_instance202609,202609,0,two_opt,baseline,1,3.580221505359966,3.5802215053599666,0.0,1,0.81325609999476,40000,400
TSP,20,uniform2d_n20_instance202609,202609,1,qubo_sa_old,coefficient_scaled_linear,1,6.9043902800115715,3.5802215053599666,92.84813159395237,0,0.7019929000016418,40000,400
TSP,20,uniform2d_n20_instance202609,202609,1,qubo_sa_penalty,penalty_scaled_geometric,1,8.68976130039686,3.5802215053599666,142.71574502827207,0,0.7059277000007569,40000,400
TSP,20,uniform2d_n20_instance202609,202609,1,dwave_sa,coefficient_scaled_linear,1,6.589454202200589,3.5802215053599666,84.0515787175594,0,0.09909689999767579,40000,400
TSP,20,uniform2d_n20_instance202609,202609,1,openjij_sa,coefficient_scaled_linear,1,7.281612038699809,3.5802215053599666,103.38440031708855,0,0.2806648000041605,40000,400
TSP,20,uniform2d_n20_instance202609,202609,1,qubo_sa_swap,baseline,1,3.645784990079496,3.5802215053599666,1.8312689486215783,0,0.84809910000331,40000,400
TSP,20,uniform2d_n20_instance202609,202609,1,two_opt,baseline,1,3.580221505359966,3.5802215053599666,0.0,1,0.7660321000003023,40000,400
TSP,20,uniform2d_n20_instance202609,202609,2,qubo_sa_old,coefficient_scaled_linear,1,6.361406984542809,3.5802215053599666,77.68193881353756,0,0.6944443000029423,40000,400
TSP,20,uniform2d_n20_instance202609,202609,2,qubo_sa_penalty,penalty_scaled_geometric,1,6.577056242985591,3.5802215053599666,83.70528843366394,0,0.7108173000015086,40000,400
TSP,20,uniform2d_n20_instance202609,202609,2,dwave_sa,coefficient_scaled_linear,1,8.728346290733853,3.5802215053599666,143.79347137227697,0,0.1019839000000502,40000,400
TSP,20,uniform2d_n20_instance202609,202609,2,openjij_sa,coefficient_scaled_linear,1,7.361956500031395,3.5802215053599666,105.62852016306184,0,0.2817607000033604,40000,400
TSP,20,uniform2d_n20_instance202609,202609,2,qubo_sa_swap,baseline,1,3.9610205795095927,3.5802215053599666,10.636187553745756,0,0.8749820999946678,40000,400
TSP,20,uniform2d_n20_instance202609,202609,2,two_opt,baseline,1,3.580221505359966,3.5802215053599666,0.0,1,0.7604183000003104,40000,400
TSP,20,uniform2d_n20_instance202609,202609,3,qubo_sa_old,coefficient_scaled_linear,1,5.461641308505089,3.5802215053599666,52.55037433657219,0,0.7124364999981481,40000,400
TSP,20,uniform2d_n20_instance202609,202609,3,qubo_sa_penalty,penalty_scaled_geometric,0,,3.5802215053599666,,0,0.6916551000031177,40000,400
TSP,20,uniform2d_n20_instance202609,202609,3,dwave_sa,coefficient_scaled_linear,1,7.536786835449347,3.5802215053599666,110.51174694543305,0,0.09901089999766555,40000,400
TSP,20,uniform2d_n20_instance202609,202609,3,openjij_sa,coefficient_scaled_linear,0,,3.5802215053599666,,0,0.2760314999977709,40000,400
TSP,20,uniform2d_n20_instance202609,202609,3,qubo_sa_swap,baseline,1,3.580221505359967,3.5802215053599666,0.0,1,0.864491000000271,40000,400
TSP,20,uniform2d_n20_instance202609,202609,3,two_opt,baseline,1,3.580221505359966,3.5802215053599666,0.0,1,0.7981680000011693,40000,400
TSP,20,uniform2d_n20_instance202609,202609,4,qubo_sa_old,coefficient_scaled_linear,1,6.234454488322555,3.5802215053599666,74.13599909918769,0,0.6865857999946456,40000,400
TSP,20,uniform2d_n20_instance202609,202609,4,qubo_sa_penalty,penalty_scaled_geometric,0,,3.5802215053599666,,0,0.6855417999977362,40000,400
TSP,20,uniform2d_n20_instance202609,202609,4,dwave_sa,coefficient_scaled_linear,0,,3.5802215053599666,,0,0.09921829999802867,40000,400
TSP,20,uniform2d_n20_instance202609,202609,4,openjij_sa,coefficient_scaled_linear,1,7.420970523995928,3.5802215053599666,107.27685459924636,0,0.2737293999962276,40000,400
TSP,20,uniform2d_n20_instance202609,202609,4,qubo_sa_swap,baseline,1,4.261590562974716,3.5802215053599666,19.031477705909204,0,0.8647924000033527,40000,400
TSP,20,uniform2d_n20_instance202609,202609,4,two_opt,baseline,1,3.580221505359966,3.5802215053599666,0.0,1,0.789683299997705,40000,400
TSP,20,uniform2d_n20_instance202609,202609,5,qubo_sa_old,coefficient_scaled_linear,1,6.3260502223319905,3.5802215053599666,76.69438086054816,0,0.6903161000009277,40000,400
TSP,20,uniform2d_n20_instance202609,202609,5,qubo_sa_penalty,penalty_scaled_geometric,1,7.430230275493918,3.5802215053599666,107.53549087312292,0,0.6861012000008486,40000,400
TSP,20,uniform2d_n20_instance202609,202609,5,dwave_sa,coefficient_scaled_linear,1,8.1871761148916,3.5802215053599666,128.6779212580713,0,0.09710720000293804,40000,400
TSP,20,uniform2d_n20_instance202609,202609,5,openjij_sa,coefficient_scaled_linear,0,,3.5802215053599666,,0,0.27308419999462785,40000,400
TSP,20,uniform2d_n20_instance202609,202609,5,qubo_sa_swap,baseline,1,4.000756719997044,3.5802215053599666,11.74606694048097,0,0.8793222999956924,40000,400
TSP,20,uniform2d_n20_instance202609,202609,5,two_opt,baseline,1,3.580221505359966,3.5802215053599666,0.0,1,0.7751657000044361,40000,400
TSP,20,uniform2d_n20_instance202609,202609,6,qubo_sa_old,coefficient_scaled_linear,1,6.0625683626468385,3.5802215053599666,69.3350077242578,0,0.7042075999997905,40000,400
TSP,20,uniform2d_n20_instance202609,202609,6,qubo_sa_penalty,penalty_scaled_geometric,1,7.294411601617206,3.5802215053599666,103.74190788745076,0,0.6816628000015044,40000,400
TSP,20,uniform2d_n20_instance202609,202609,6,dwave_sa,coefficient_scaled_linear,1,6.049588560273195,3.5802215053599666,68.97246584370065,0,0.10092850000364706,40000,400
TSP,20,uniform2d_n20_instance202609,202609,6,openjij_sa,coefficient_scaled_linear,0,,3.5802215053599666,,0,0.2741436999931466,40000,400
TSP,20,uniform2d_n20_instance202609,202609,6,qubo_sa_swap,baseline,1,3.645784990079496,3.5802215053599666,1.8312689486215783,0,0.8785652000005939,40000,400
TSP,20,uniform2d_n20_instance202609,202609,6,two_opt,baseline,1,3.580221505359966,3.5802215053599666,0.0,1,0.746770199999446,40000,400
TSP,20,uniform2d_n20_instance202609,202609,7,qubo_sa_old,coefficient_scaled_linear,1,5.77140777889867,3.5802215053599666,61.20253370519863,0,0.6992373999964911,40000,400
TSP,20,uniform2d_n20_instance202609,202609,7,qubo_sa_penalty,penalty_scaled_geometric,1,8.112508987516406,3.5802215053599666,126.5923763479754,0,0.672291499999119,40000,400
TSP,20,uniform2d_n20_instance202609,202609,7,dwave_sa,coefficient_scaled_linear,1,7.273934499434531,3.5802215053599666,103.16995718127187,0,0.09928300000319723,40000,400
TSP,20,uniform2d_n20_instance202609,202609,7,openjij_sa,coefficient_scaled_linear,1,6.2374546392205765,3.5802215053599666,74.21979701206905,0,0.27364650000527035,40000,400
TSP,20,uniform2d_n20_instance202609,202609,7,qubo_sa_swap,baseline,1,3.7270052190577294,3.5802215053599666,4.099850064528465,0,0.8724364999943646,40000,400
TSP,20,uniform2d_n20_instance202609,202609,7,two_opt,baseline,1,3.580221505359966,3.5802215053599666,0.0,1,0.7885891000041738,40000,400
TSP,20,uniform2d_n20_instance202609,202609,8,qubo_sa_old,coefficient_scaled_linear,1,6.395751616332369,3.5802215053599666,78.64122671620342,0,0.6015537999992375,40000,400
TSP,20,uniform2d_n20_instance202609,202609,8,qubo_sa_penalty,penalty_scaled_geometric,1,8.31853240418422,3.5802215053599666,132.34686434150808,0,0.6972022999980254,40000,400
TSP,20,uniform2d_n20_instance202609,202609,8,dwave_sa,coefficient_scaled_linear,1,8.380386406593066,3.5802215053599666,134.07452287649662,0,0.09568939999735449,40000,400
TSP,20,uniform2d_n20_instance202609,202609,8,openjij_sa,coefficient_scaled_linear,1,5.823967248280287,3.5802215053599666,62.67058447532359,0,0.2771513000043342,40000,400
TSP,20,uniform2d_n20_instance202609,202609,8,qubo_sa_swap,baseline,1,3.580221505359967,3.5802215053599666,0.0,1,0.8853367000047001,40000,400
TSP,20,uniform2d_n20_instance202609,202609,8,two_opt,baseline,1,3.580221505359966,3.5802215053599666,0.0,1,0.7914116000029026,40000,400
TSP,20,uniform2d_n20_instance202609,202609,9,qubo_sa_old,coefficient_scaled_linear,1,5.5294125683659185,3.5802215053599666,54.443309166424726,0,0.7057915999976103,40000,400
TSP,20,uniform2d_n20_instance202609,202609,9,qubo_sa_penalty,penalty_scaled_geometric,1,7.650184561972735,3.5802215053599666,113.67908523312336,0,0.6994122999967658,40000,400
TSP,20,uniform2d_n20_instance202609,202609,9,dwave_sa,coefficient_scaled_linear,1,5.8926839550460866,3.5802215053599666,64.58992680268865,0,0.09906010000122478,40000,400
TSP,20,uniform2d_n20_instance202609,202609,9,openjij_sa,coefficient_scaled_linear,1,7.264564780958041,3.5802215053599666,102.90824939412903,0,0.27494569999544183,40000,400
TSP,20,uniform2d_n20_instance202609,202609,9,qubo_sa_swap,baseline,1,3.645784990079496,3.5802215053599666,1.8312689486215783,0,0.8838026999947033,40000,400
TSP,20,uniform2d_n20_instance202609,202609,9,two_opt,baseline,1,3.580221505359966,3.5802215053599666,0.0,1,0.7884495000034804,40000,400
CVRP,4,tiny-4-203000,203000,0,qubo_sa,coefficient_scaled_linear,0,,250.0,,0,0.017578500002855435,4600,46
CVRP,4,tiny-4-203000,203000,0,dwave_sa,coefficient_scaled_linear,0,,250.0,,0,0.3958906999978353,4600,46
CVRP,4,tiny-4-203000,203000,0,openjij_sa,coefficient_scaled_linear,0,,250.0,,0,0.27850430000398774,4600,46
CVRP,4,tiny-4-203000,203000,0,qubo_sa,penalty_scaled_geometric,0,,250.0,,0,0.01525450000190176,4600,46
CVRP,4,tiny-4-203000,203000,0,dwave_sa,penalty_scaled_geometric,0,,250.0,,0,0.0021338000005926006,4600,46
CVRP,4,tiny-4-203000,203000,0,openjij_sa,penalty_scaled_geometric,0,,250.0,,0,0.004131699999561533,4600,46
CVRP,4,tiny-4-203000,203000,0,vrp_sa,wall_clock,1,250.0,250.0,0.0,1,0.2000257000036072,20956,
CVRP,4,tiny-4-203000,203000,0,ortools,wall_clock,1,250.0,250.0,0.0,1,0.20740829999704147,,
CVRP,4,tiny-4-203000,203000,0,exact_small,proven,1,250.0,250.0,0.0,1,0.008975699995062314,,
CVRP,4,tiny-4-203000,203000,1,qubo_sa,coefficient_scaled_linear,0,,250.0,,0,0.015133200002310332,4600,46
CVRP,4,tiny-4-203000,203000,1,dwave_sa,coefficient_scaled_linear,0,,250.0,,0,0.0021297999992384575,4600,46
CVRP,4,tiny-4-203000,203000,1,openjij_sa,coefficient_scaled_linear,0,,250.0,,0,0.004623599998012651,4600,46
CVRP,4,tiny-4-203000,203000,1,qubo_sa,penalty_scaled_geometric,0,,250.0,,0,0.015001300002040807,4600,46
CVRP,4,tiny-4-203000,203000,1,dwave_sa,penalty_scaled_geometric,0,,250.0,,0,0.0019166999991284683,4600,46
CVRP,4,tiny-4-203000,203000,1,openjij_sa,penalty_scaled_geometric,0,,250.0,,0,0.004065200002514757,4600,46
CVRP,4,tiny-4-203000,203000,1,vrp_sa,wall_clock,1,250.0,250.0,0.0,1,0.20002249999379274,20624,
CVRP,4,tiny-4-203000,203000,1,ortools,wall_clock,1,250.0,250.0,0.0,1,0.20092940000176895,,
CVRP,4,tiny-4-203000,203000,1,exact_small,proven,1,250.0,250.0,0.0,1,0.008975699995062314,,
CVRP,4,tiny-4-203000,203000,2,qubo_sa,coefficient_scaled_linear,0,,250.0,,0,0.015079700002388563,4600,46
CVRP,4,tiny-4-203000,203000,2,dwave_sa,coefficient_scaled_linear,0,,250.0,,0,0.0020167000038782135,4600,46
CVRP,4,tiny-4-203000,203000,2,openjij_sa,coefficient_scaled_linear,0,,250.0,,0,0.00417629999719793,4600,46
CVRP,4,tiny-4-203000,203000,2,qubo_sa,penalty_scaled_geometric,0,,250.0,,0,0.015043500003230292,4600,46
CVRP,4,tiny-4-203000,203000,2,dwave_sa,penalty_scaled_geometric,0,,250.0,,0,0.0018592999986140057,4600,46
CVRP,4,tiny-4-203000,203000,2,openjij_sa,penalty_scaled_geometric,0,,250.0,,0,0.004066000001330394,4600,46
CVRP,4,tiny-4-203000,203000,2,vrp_sa,wall_clock,1,250.0,250.0,0.0,1,0.20001200000115205,20999,
CVRP,4,tiny-4-203000,203000,2,ortools,wall_clock,1,250.0,250.0,0.0,1,0.20082230000116397,,
CVRP,4,tiny-4-203000,203000,2,exact_small,proven,1,250.0,250.0,0.0,1,0.008975699995062314,,
CVRP,4,tiny-4-203000,203000,3,qubo_sa,coefficient_scaled_linear,0,,250.0,,0,0.019647799999802373,4600,46
CVRP,4,tiny-4-203000,203000,3,dwave_sa,coefficient_scaled_linear,0,,250.0,,0,0.003594300003896933,4600,46
CVRP,4,tiny-4-203000,203000,3,openjij_sa,coefficient_scaled_linear,0,,250.0,,0,0.006102300001657568,4600,46
CVRP,4,tiny-4-203000,203000,3,qubo_sa,penalty_scaled_geometric,1,250.0,250.0,0.0,1,0.018249999993713573,4600,46
CVRP,4,tiny-4-203000,203000,3,dwave_sa,penalty_scaled_geometric,0,,250.0,,0,0.0022705000010319054,4600,46
CVRP,4,tiny-4-203000,203000,3,openjij_sa,penalty_scaled_geometric,0,,250.0,,0,0.004693399998359382,4600,46
CVRP,4,tiny-4-203000,203000,3,vrp_sa,wall_clock,1,250.0,250.0,0.0,1,0.20005850000598002,7920,
CVRP,4,tiny-4-203000,203000,3,ortools,wall_clock,1,250.0,250.0,0.0,1,0.2016072999977041,,
CVRP,4,tiny-4-203000,203000,3,exact_small,proven,1,250.0,250.0,0.0,1,0.008975699995062314,,
CVRP,4,tiny-4-203000,203000,4,qubo_sa,coefficient_scaled_linear,0,,250.0,,0,0.06711470000300324,4600,46
CVRP,4,tiny-4-203000,203000,4,dwave_sa,coefficient_scaled_linear,0,,250.0,,0,0.004950700000335928,4600,46
CVRP,4,tiny-4-203000,203000,4,openjij_sa,coefficient_scaled_linear,0,,250.0,,0,0.011708899997756816,4600,46
CVRP,4,tiny-4-203000,203000,4,qubo_sa,penalty_scaled_geometric,0,,250.0,,0,0.06710230000317097,4600,46
CVRP,4,tiny-4-203000,203000,4,dwave_sa,penalty_scaled_geometric,1,277.0,250.0,10.80000000000001,0,0.005012300003727432,4600,46
CVRP,4,tiny-4-203000,203000,4,openjij_sa,penalty_scaled_geometric,0,,250.0,,0,0.011660199998004828,4600,46
CVRP,4,tiny-4-203000,203000,4,vrp_sa,wall_clock,0,,250.0,,0,0.00021829999604960904,,
CVRP,4,tiny-4-203000,203000,4,ortools,wall_clock,1,250.0,250.0,0.0,1,0.201586999995925,,
CVRP,4,tiny-4-203000,203000,4,exact_small,proven,1,250.0,250.0,0.0,1,0.008975699995062314,,
CVRP,4,tiny-4-203000,203000,5,qubo_sa,coefficient_scaled_linear,0,,250.0,,0,0.06661139999778243,4600,46
CVRP,4,tiny-4-203000,203000,5,dwave_sa,coefficient_scaled_linear,0,,250.0,,0,0.005029300002206583,4600,46
CVRP,4,tiny-4-203000,203000,5,openjij_sa,coefficient_scaled_linear,0,,250.0,,0,0.011654000001726672,4600,46
CVRP,4,tiny-4-203000,203000,5,qubo_sa,penalty_scaled_geometric,0,,250.0,,0,0.06743010000354843,4600,46
CVRP,4,tiny-4-203000,203000,5,dwave_sa,penalty_scaled_geometric,0,,250.0,,0,0.004924200002278667,4600,46
CVRP,4,tiny-4-203000,203000,5,openjij_sa,penalty_scaled_geometric,0,,250.0,,0,0.011735400003090035,4600,46
CVRP,4,tiny-4-203000,203000,5,vrp_sa,wall_clock,1,250.0,250.0,0.0,1,0.20014020000235178,5865,
CVRP,4,tiny-4-203000,203000,5,ortools,wall_clock,1,250.0,250.0,0.0,1,0.20169190000160597,,
CVRP,4,tiny-4-203000,203000,5,exact_small,proven,1,250.0,250.0,0.0,1,0.008975699995062314,,
CVRP,4,tiny-4-203000,203000,6,qubo_sa,coefficient_scaled_linear,0,,250.0,,0,0.06636779999826103,4600,46
CVRP,4,tiny-4-203000,203000,6,dwave_sa,coefficient_scaled_linear,0,,250.0,,0,0.004967299995769281,4600,46
CVRP,4,tiny-4-203000,203000,6,openjij_sa,coefficient_scaled_linear,0,,250.0,,0,0.011818200000561774,4600,46
CVRP,4,tiny-4-203000,203000,6,qubo_sa,penalty_scaled_geometric,1,250.0,250.0,0.0,1,0.07732799999939743,4600,46
CVRP,4,tiny-4-203000,203000,6,dwave_sa,penalty_scaled_geometric,0,,250.0,,0,0.005081999996036757,4600,46
CVRP,4,tiny-4-203000,203000,6,openjij_sa,penalty_scaled_geometric,1,250.0,250.0,0.0,1,0.011723999996320345,4600,46
CVRP,4,tiny-4-203000,203000,6,vrp_sa,wall_clock,0,,250.0,,0,0.00022809999791206792,,
CVRP,4,tiny-4-203000,203000,6,ortools,wall_clock,1,250.0,250.0,0.0,1,0.20150030000513652,,
CVRP,4,tiny-4-203000,203000,6,exact_small,proven,1,250.0,250.0,0.0,1,0.008975699995062314,,
CVRP,4,tiny-4-203000,203000,7,qubo_sa,coefficient_scaled_linear,0,,250.0,,0,0.06562899999698857,4600,46
CVRP,4,tiny-4-203000,203000,7,dwave_sa,coefficient_scaled_linear,0,,250.0,,0,0.005048800005170051,4600,46
CVRP,4,tiny-4-203000,203000,7,openjij_sa,coefficient_scaled_linear,0,,250.0,,0,0.011649300002318341,4600,46
CVRP,4,tiny-4-203000,203000,7,qubo_sa,penalty_scaled_geometric,0,,250.0,,0,0.06759430000238353,4600,46
CVRP,4,tiny-4-203000,203000,7,dwave_sa,penalty_scaled_geometric,0,,250.0,,0,0.004920899998978712,4600,46
CVRP,4,tiny-4-203000,203000,7,openjij_sa,penalty_scaled_geometric,0,,250.0,,0,0.011807499999122228,4600,46
CVRP,4,tiny-4-203000,203000,7,vrp_sa,wall_clock,1,250.0,250.0,0.0,1,0.20004759999574162,5888,
CVRP,4,tiny-4-203000,203000,7,ortools,wall_clock,1,250.0,250.0,0.0,1,0.2014495999974315,,
CVRP,4,tiny-4-203000,203000,7,exact_small,proven,1,250.0,250.0,0.0,1,0.008975699995062314,,
CVRP,4,tiny-4-203000,203000,8,qubo_sa,coefficient_scaled_linear,0,,250.0,,0,0.06650459999946179,4600,46
CVRP,4,tiny-4-203000,203000,8,dwave_sa,coefficient_scaled_linear,0,,250.0,,0,0.0049849999995785765,4600,46
CVRP,4,tiny-4-203000,203000,8,openjij_sa,coefficient_scaled_linear,0,,250.0,,0,0.011961299998802133,4600,46
CVRP,4,tiny-4-203000,203000,8,qubo_sa,penalty_scaled_geometric,0,,250.0,,0,0.0676166999983252,4600,46
CVRP,4,tiny-4-203000,203000,8,dwave_sa,penalty_scaled_geometric,0,,250.0,,0,0.006070199997338932,4600,46
CVRP,4,tiny-4-203000,203000,8,openjij_sa,penalty_scaled_geometric,0,,250.0,,0,0.011938900002860464,4600,46
CVRP,4,tiny-4-203000,203000,8,vrp_sa,wall_clock,1,250.0,250.0,0.0,1,0.20005200000014156,5935,
CVRP,4,tiny-4-203000,203000,8,ortools,wall_clock,1,250.0,250.0,0.0,1,0.20133099999657134,,
CVRP,4,tiny-4-203000,203000,8,exact_small,proven,1,250.0,250.0,0.0,1,0.008975699995062314,,
CVRP,4,tiny-4-203000,203000,9,qubo_sa,coefficient_scaled_linear,0,,250.0,,0,0.06561779999901773,4600,46
CVRP,4,tiny-4-203000,203000,9,dwave_sa,coefficient_scaled_linear,0,,250.0,,0,0.004929999995511025,4600,46
CVRP,4,tiny-4-203000,203000,9,openjij_sa,coefficient_scaled_linear,0,,250.0,,0,0.011618900003668386,4600,46
CVRP,4,tiny-4-203000,203000,9,qubo_sa,penalty_scaled_geometric,0,,250.0,,0,0.06762870000238763,4600,46
CVRP,4,tiny-4-203000,203000,9,dwave_sa,penalty_scaled_geometric,0,,250.0,,0,0.004989100001694169,4600,46
CVRP,4,tiny-4-203000,203000,9,openjij_sa,penalty_scaled_geometric,0,,250.0,,0,0.0118676999991294,4600,46
CVRP,4,tiny-4-203000,203000,9,vrp_sa,wall_clock,0,,250.0,,0,0.00021879999985685572,,
CVRP,4,tiny-4-203000,203000,9,ortools,wall_clock,1,250.0,250.0,0.0,1,0.20141679999505868,,
CVRP,4,tiny-4-203000,203000,9,exact_small,proven,1,250.0,250.0,0.0,1,0.008975699995062314,,
CVRP,4,tiny-4-203001,203001,0,qubo_sa,coefficient_scaled_linear,0,,172.0,,0,0.06853370000317227,4800,48
CVRP,4,tiny-4-203001,203001,0,dwave_sa,coefficient_scaled_linear,0,,172.0,,0,0.005325500002072658,4800,48
CVRP,4,tiny-4-203001,203001,0,openjij_sa,coefficient_scaled_linear,0,,172.0,,0,0.012488299995311536,4800,48
CVRP,4,tiny-4-203001,203001,0,qubo_sa,penalty_scaled_geometric,0,,172.0,,0,0.0711416999984067,4800,48
CVRP,4,tiny-4-203001,203001,0,dwave_sa,penalty_scaled_geometric,0,,172.0,,0,0.005285499995807186,4800,48
CVRP,4,tiny-4-203001,203001,0,openjij_sa,penalty_scaled_geometric,0,,172.0,,0,0.012531899999885354,4800,48
CVRP,4,tiny-4-203001,203001,0,vrp_sa,wall_clock,1,172.0,172.0,0.0,1,0.20004750000225613,2890,
CVRP,4,tiny-4-203001,203001,0,ortools,wall_clock,1,172.0,172.0,0.0,1,0.20064190000266535,,
CVRP,4,tiny-4-203001,203001,0,exact_small,proven,1,172.0,172.0,0.0,1,0.012569500002427958,,
CVRP,4,tiny-4-203001,203001,1,qubo_sa,coefficient_scaled_linear,0,,172.0,,0,0.06820470000093337,4800,48
CVRP,4,tiny-4-203001,203001,1,dwave_sa,coefficient_scaled_linear,0,,172.0,,0,0.005319299998518545,4800,48
CVRP,4,tiny-4-203001,203001,1,openjij_sa,coefficient_scaled_linear,0,,172.0,,0,0.013030299996898975,4800,48
CVRP,4,tiny-4-203001,203001,1,qubo_sa,penalty_scaled_geometric,0,,172.0,,0,0.07001979999768082,4800,48
CVRP,4,tiny-4-203001,203001,1,dwave_sa,penalty_scaled_geometric,0,,172.0,,0,0.0052874000029987656,4800,48
CVRP,4,tiny-4-203001,203001,1,openjij_sa,penalty_scaled_geometric,0,,172.0,,0,0.012485500003094785,4800,48
CVRP,4,tiny-4-203001,203001,1,vrp_sa,wall_clock,1,172.0,172.0,0.0,1,0.20005479999963427,3202,
CVRP,4,tiny-4-203001,203001,1,ortools,wall_clock,1,172.0,172.0,0.0,1,0.20148939999489812,,
CVRP,4,tiny-4-203001,203001,1,exact_small,proven,1,172.0,172.0,0.0,1,0.012569500002427958,,
CVRP,4,tiny-4-203001,203001,2,qubo_sa,coefficient_scaled_linear,0,,172.0,,0,0.06899539999722037,4800,48
CVRP,4,tiny-4-203001,203001,2,dwave_sa,coefficient_scaled_linear,0,,172.0,,0,0.005394100000557955,4800,48
CVRP,4,tiny-4-203001,203001,2,openjij_sa,coefficient_scaled_linear,0,,172.0,,0,0.012459800003853161,4800,48
CVRP,4,tiny-4-203001,203001,2,qubo_sa,penalty_scaled_geometric,0,,172.0,,0,0.0705251000035787,4800,48
CVRP,4,tiny-4-203001,203001,2,dwave_sa,penalty_scaled_geometric,0,,172.0,,0,0.005218500002229121,4800,48
CVRP,4,tiny-4-203001,203001,2,openjij_sa,penalty_scaled_geometric,0,,172.0,,0,0.01249670000106562,4800,48
CVRP,4,tiny-4-203001,203001,2,vrp_sa,wall_clock,1,172.0,172.0,0.0,1,0.200062900003104,3191,
CVRP,4,tiny-4-203001,203001,2,ortools,wall_clock,1,172.0,172.0,0.0,1,0.2014061000008951,,
CVRP,4,tiny-4-203001,203001,2,exact_small,proven,1,172.0,172.0,0.0,1,0.012569500002427958,,
CVRP,4,tiny-4-203001,203001,3,qubo_sa,coefficient_scaled_linear,0,,172.0,,0,0.06854839999869,4800,48
CVRP,4,tiny-4-203001,203001,3,dwave_sa,coefficient_scaled_linear,0,,172.0,,0,0.005531700000574347,4800,48
CVRP,4,tiny-4-203001,203001,3,openjij_sa,coefficient_scaled_linear,0,,172.0,,0,0.012440200000128243,4800,48
CVRP,4,tiny-4-203001,203001,3,qubo_sa,penalty_scaled_geometric,0,,172.0,,0,0.07561100000020815,4800,48
CVRP,4,tiny-4-203001,203001,3,dwave_sa,penalty_scaled_geometric,0,,172.0,,0,0.00540970000292873,4800,48
CVRP,4,tiny-4-203001,203001,3,openjij_sa,penalty_scaled_geometric,0,,172.0,,0,0.012376699996821117,4800,48
CVRP,4,tiny-4-203001,203001,3,vrp_sa,wall_clock,1,172.0,172.0,0.0,1,0.2000874000004842,3204,
CVRP,4,tiny-4-203001,203001,3,ortools,wall_clock,1,172.0,172.0,0.0,1,0.20146029999887105,,
CVRP,4,tiny-4-203001,203001,3,exact_small,proven,1,172.0,172.0,0.0,1,0.012569500002427958,,
CVRP,4,tiny-4-203001,203001,4,qubo_sa,coefficient_scaled_linear,0,,172.0,,0,0.06748720000177855,4800,48
CVRP,4,tiny-4-203001,203001,4,dwave_sa,coefficient_scaled_linear,0,,172.0,,0,0.005295400005707052,4800,48
CVRP,4,tiny-4-203001,203001,4,openjij_sa,coefficient_scaled_linear,0,,172.0,,0,0.012569499995152,4800,48
CVRP,4,tiny-4-203001,203001,4,qubo_sa,penalty_scaled_geometric,0,,172.0,,0,0.07185500000196043,4800,48
CVRP,4,tiny-4-203001,203001,4,dwave_sa,penalty_scaled_geometric,0,,172.0,,0,0.005243699997663498,4800,48
CVRP,4,tiny-4-203001,203001,4,openjij_sa,penalty_scaled_geometric,0,,172.0,,0,0.012455299998691771,4800,48
CVRP,4,tiny-4-203001,203001,4,vrp_sa,wall_clock,1,172.0,172.0,0.0,1,0.20002930000191554,3202,
CVRP,4,tiny-4-203001,203001,4,ortools,wall_clock,1,172.0,172.0,0.0,1,0.20138419999420876,,
CVRP,4,tiny-4-203001,203001,4,exact_small,proven,1,172.0,172.0,0.0,1,0.012569500002427958,,
CVRP,4,tiny-4-203001,203001,5,qubo_sa,coefficient_scaled_linear,0,,172.0,,0,0.06841729999723611,4800,48
CVRP,4,tiny-4-203001,203001,5,dwave_sa,coefficient_scaled_linear,0,,172.0,,0,0.0053186000004643574,4800,48
CVRP,4,tiny-4-203001,203001,5,openjij_sa,coefficient_scaled_linear,0,,172.0,,0,0.012610900004801806,4800,48
CVRP,4,tiny-4-203001,203001,5,qubo_sa,penalty_scaled_geometric,1,227.0,172.0,31.976744186046503,0,0.07181480000144802,4800,48
CVRP,4,tiny-4-203001,203001,5,dwave_sa,penalty_scaled_geometric,0,,172.0,,0,0.005921399999351706,4800,48
CVRP,4,tiny-4-203001,203001,5,openjij_sa,penalty_scaled_geometric,0,,172.0,,0,0.01284470000246074,4800,48
CVRP,4,tiny-4-203001,203001,5,vrp_sa,wall_clock,1,172.0,172.0,0.0,1,0.20004940000217175,3171,
CVRP,4,tiny-4-203001,203001,5,ortools,wall_clock,1,172.0,172.0,0.0,1,0.2013872999959858,,
CVRP,4,tiny-4-203001,203001,5,exact_small,proven,1,172.0,172.0,0.0,1,0.012569500002427958,,
CVRP,4,tiny-4-203001,203001,6,qubo_sa,coefficient_scaled_linear,0,,172.0,,0,0.06845040000189329,4800,48
CVRP,4,tiny-4-203001,203001,6,dwave_sa,coefficient_scaled_linear,0,,172.0,,0,0.005265600004349835,4800,48
CVRP,4,tiny-4-203001,203001,6,openjij_sa,coefficient_scaled_linear,0,,172.0,,0,0.012032600003294647,4800,48
CVRP,4,tiny-4-203001,203001,6,qubo_sa,penalty_scaled_geometric,0,,172.0,,0,0.09361459999490762,4800,48
CVRP,4,tiny-4-203001,203001,6,dwave_sa,penalty_scaled_geometric,0,,172.0,,0,0.005844999999681022,4800,48
CVRP,4,tiny-4-203001,203001,6,openjij_sa,penalty_scaled_geometric,0,,172.0,,0,0.013379000003624242,4800,48
CVRP,4,tiny-4-203001,203001,6,vrp_sa,wall_clock,1,172.0,172.0,0.0,1,0.2000320000006468,3154,
CVRP,4,tiny-4-203001,203001,6,ortools,wall_clock,1,172.0,172.0,0.0,1,0.20161250000091968,,
CVRP,4,tiny-4-203001,203001,6,exact_small,proven,1,172.0,172.0,0.0,1,0.012569500002427958,,
CVRP,4,tiny-4-203001,203001,7,qubo_sa,coefficient_scaled_linear,0,,172.0,,0,0.06866689999878872,4800,48
CVRP,4,tiny-4-203001,203001,7,dwave_sa,coefficient_scaled_linear,0,,172.0,,0,0.005583199999819044,4800,48
CVRP,4,tiny-4-203001,203001,7,openjij_sa,coefficient_scaled_linear,0,,172.0,,0,0.012945099995704368,4800,48
CVRP,4,tiny-4-203001,203001,7,qubo_sa,penalty_scaled_geometric,0,,172.0,,0,0.07331629999680445,4800,48
CVRP,4,tiny-4-203001,203001,7,dwave_sa,penalty_scaled_geometric,0,,172.0,,0,0.005313300003763288,4800,48
CVRP,4,tiny-4-203001,203001,7,openjij_sa,penalty_scaled_geometric,1,306.0,172.0,77.90697674418605,0,0.012388800001644995,4800,48
CVRP,4,tiny-4-203001,203001,7,vrp_sa,wall_clock,1,172.0,172.0,0.0,1,0.20004929999413434,2863,
CVRP,4,tiny-4-203001,203001,7,ortools,wall_clock,1,172.0,172.0,0.0,1,0.2015462000053958,,
CVRP,4,tiny-4-203001,203001,7,exact_small,proven,1,172.0,172.0,0.0,1,0.012569500002427958,,
CVRP,4,tiny-4-203001,203001,8,qubo_sa,coefficient_scaled_linear,0,,172.0,,0,0.06814029999804916,4800,48
CVRP,4,tiny-4-203001,203001,8,dwave_sa,coefficient_scaled_linear,0,,172.0,,0,0.005283900005451869,4800,48
CVRP,4,tiny-4-203001,203001,8,openjij_sa,coefficient_scaled_linear,0,,172.0,,0,0.012464799998269882,4800,48
CVRP,4,tiny-4-203001,203001,8,qubo_sa,penalty_scaled_geometric,1,269.0,172.0,56.39534883720929,0,0.0696925999945961,4800,48
CVRP,4,tiny-4-203001,203001,8,dwave_sa,penalty_scaled_geometric,0,,172.0,,0,0.005324799996742513,4800,48
CVRP,4,tiny-4-203001,203001,8,openjij_sa,penalty_scaled_geometric,0,,172.0,,0,0.012300199996388983,4800,48
CVRP,4,tiny-4-203001,203001,8,vrp_sa,wall_clock,1,172.0,172.0,0.0,1,0.20002660000318429,3186,
CVRP,4,tiny-4-203001,203001,8,ortools,wall_clock,1,172.0,172.0,0.0,1,0.20146280000335537,,
CVRP,4,tiny-4-203001,203001,8,exact_small,proven,1,172.0,172.0,0.0,1,0.012569500002427958,,
CVRP,4,tiny-4-203001,203001,9,qubo_sa,coefficient_scaled_linear,0,,172.0,,0,0.06942279999930179,4800,48
CVRP,4,tiny-4-203001,203001,9,dwave_sa,coefficient_scaled_linear,0,,172.0,,0,0.005286200001137331,4800,48
CVRP,4,tiny-4-203001,203001,9,openjij_sa,coefficient_scaled_linear,0,,172.0,,0,0.012384599998767953,4800,48
CVRP,4,tiny-4-203001,203001,9,qubo_sa,penalty_scaled_geometric,0,,172.0,,0,0.07356730000174139,4800,48
CVRP,4,tiny-4-203001,203001,9,dwave_sa,penalty_scaled_geometric,0,,172.0,,0,0.005410199999460019,4800,48
CVRP,4,tiny-4-203001,203001,9,openjij_sa,penalty_scaled_geometric,0,,172.0,,0,0.012640199995075818,4800,48
CVRP,4,tiny-4-203001,203001,9,vrp_sa,wall_clock,1,172.0,172.0,0.0,1,0.2000225000010687,3217,
CVRP,4,tiny-4-203001,203001,9,ortools,wall_clock,1,172.0,172.0,0.0,1,0.20050759999867296,,
CVRP,4,tiny-4-203001,203001,9,exact_small,proven,1,172.0,172.0,0.0,1,0.012569500002427958,,
CVRP,4,tiny-4-203002,203002,0,qubo_sa,coefficient_scaled_linear,0,,270.0,,0,0.06287089999386808,4400,44
CVRP,4,tiny-4-203002,203002,0,dwave_sa,coefficient_scaled_linear,0,,270.0,,0,0.004998199998226482,4400,44
CVRP,4,tiny-4-203002,203002,0,openjij_sa,coefficient_scaled_linear,0,,270.0,,0,0.011567199995624833,4400,44
CVRP,4,tiny-4-203002,203002,0,qubo_sa,penalty_scaled_geometric,1,270.0,270.0,0.0,1,0.0657747000004747,4400,44
CVRP,4,tiny-4-203002,203002,0,dwave_sa,penalty_scaled_geometric,0,,270.0,,0,0.004465300000447314,4400,44
CVRP,4,tiny-4-203002,203002,0,openjij_sa,penalty_scaled_geometric,0,,270.0,,0,0.011626700004853774,4400,44
CVRP,4,tiny-4-203002,203002,0,vrp_sa,wall_clock,1,270.0,270.0,0.0,1,0.2000789999947301,4386,
CVRP,4,tiny-4-203002,203002,0,ortools,wall_clock,1,270.0,270.0,0.0,1,0.20148989999870537,,
CVRP,4,tiny-4-203002,203002,0,exact_small,proven,1,270.0,270.0,0.0,1,0.009671300002082717,,
CVRP,4,tiny-4-203002,203002,1,qubo_sa,coefficient_scaled_linear,0,,270.0,,0,0.07928790000005392,4400,44
CVRP,4,tiny-4-203002,203002,1,dwave_sa,coefficient_scaled_linear,0,,270.0,,0,0.004808500001672655,4400,44
CVRP,4,tiny-4-203002,203002,1,openjij_sa,coefficient_scaled_linear,0,,270.0,,0,0.011510899996210355,4400,44
CVRP,4,tiny-4-203002,203002,1,qubo_sa,penalty_scaled_geometric,0,,270.0,,0,0.06265089999942575,4400,44
CVRP,4,tiny-4-203002,203002,1,dwave_sa,penalty_scaled_geometric,1,356.0,270.0,31.85185185185184,0,0.004854799997701775,4400,44
CVRP,4,tiny-4-203002,203002,1,openjij_sa,penalty_scaled_geometric,0,,270.0,,0,0.01162530000146944,4400,44
CVRP,4,tiny-4-203002,203002,1,vrp_sa,wall_clock,1,270.0,270.0,0.0,1,0.2000497999979416,4350,
CVRP,4,tiny-4-203002,203002,1,ortools,wall_clock,1,270.0,270.0,0.0,1,0.20165000000270084,,
CVRP,4,tiny-4-203002,203002,1,exact_small,proven,1,270.0,270.0,0.0,1,0.009671300002082717,,
CVRP,4,tiny-4-203002,203002,2,qubo_sa,coefficient_scaled_linear,0,,270.0,,0,0.061627400005818345,4400,44
CVRP,4,tiny-4-203002,203002,2,dwave_sa,coefficient_scaled_linear,0,,270.0,,0,0.004745400001411326,4400,44
CVRP,4,tiny-4-203002,203002,2,openjij_sa,coefficient_scaled_linear,0,,270.0,,0,0.011149400001158938,4400,44
CVRP,4,tiny-4-203002,203002,2,qubo_sa,penalty_scaled_geometric,0,,270.0,,0,0.06289869999454822,4400,44
CVRP,4,tiny-4-203002,203002,2,dwave_sa,penalty_scaled_geometric,0,,270.0,,0,0.004750000000058208,4400,44
CVRP,4,tiny-4-203002,203002,2,openjij_sa,penalty_scaled_geometric,0,,270.0,,0,0.011618600001384038,4400,44
CVRP,4,tiny-4-203002,203002,2,vrp_sa,wall_clock,1,270.0,270.0,0.0,1,0.20008709999819985,4409,
CVRP,4,tiny-4-203002,203002,2,ortools,wall_clock,1,270.0,270.0,0.0,1,0.20086979999905452,,
CVRP,4,tiny-4-203002,203002,2,exact_small,proven,1,270.0,270.0,0.0,1,0.009671300002082717,,
CVRP,4,tiny-4-203002,203002,3,qubo_sa,coefficient_scaled_linear,0,,270.0,,0,0.06415620000188937,4400,44
CVRP,4,tiny-4-203002,203002,3,dwave_sa,coefficient_scaled_linear,0,,270.0,,0,0.005337199996574782,4400,44
CVRP,4,tiny-4-203002,203002,3,openjij_sa,coefficient_scaled_linear,0,,270.0,,0,0.012144899999839254,4400,44
CVRP,4,tiny-4-203002,203002,3,qubo_sa,penalty_scaled_geometric,0,,270.0,,0,0.06773489999613957,4400,44
CVRP,4,tiny-4-203002,203002,3,dwave_sa,penalty_scaled_geometric,0,,270.0,,0,0.005106900003738701,4400,44
CVRP,4,tiny-4-203002,203002,3,openjij_sa,penalty_scaled_geometric,0,,270.0,,0,0.011863100000482518,4400,44
CVRP,4,tiny-4-203002,203002,3,vrp_sa,wall_clock,1,270.0,270.0,0.0,1,0.20005030000174884,4624,
CVRP,4,tiny-4-203002,203002,3,ortools,wall_clock,1,270.0,270.0,0.0,1,0.20150439999997616,,
CVRP,4,tiny-4-203002,203002,3,exact_small,proven,1,270.0,270.0,0.0,1,0.009671300002082717,,
CVRP,4,tiny-4-203002,203002,4,qubo_sa,coefficient_scaled_linear,0,,270.0,,0,0.062479300002451055,4400,44
CVRP,4,tiny-4-203002,203002,4,dwave_sa,coefficient_scaled_linear,0,,270.0,,0,0.004810300000826828,4400,44
CVRP,4,tiny-4-203002,203002,4,openjij_sa,coefficient_scaled_linear,0,,270.0,,0,0.01134499999898253,4400,44
CVRP,4,tiny-4-203002,203002,4,qubo_sa,penalty_scaled_geometric,0,,270.0,,0,0.06416270000045188,4400,44
CVRP,4,tiny-4-203002,203002,4,dwave_sa,penalty_scaled_geometric,1,270.0,270.0,0.0,1,0.00498150000203168,4400,44
CVRP,4,tiny-4-203002,203002,4,openjij_sa,penalty_scaled_geometric,0,,270.0,,0,0.011609600005613174,4400,44
CVRP,4,tiny-4-203002,203002,4,vrp_sa,wall_clock,1,270.0,270.0,0.0,1,0.20010809999803314,4210,
CVRP,4,tiny-4-203002,203002,4,ortools,wall_clock,1,270.0,270.0,0.0,1,0.20144530000106897,,
CVRP,4,tiny-4-203002,203002,4,exact_small,proven,1,270.0,270.0,0.0,1,0.009671300002082717,,
CVRP,4,tiny-4-203002,203002,5,qubo_sa,coefficient_scaled_linear,0,,270.0,,0,0.06495519999589305,4400,44
CVRP,4,tiny-4-203002,203002,5,dwave_sa,coefficient_scaled_linear,0,,270.0,,0,0.004810900005395524,4400,44
CVRP,4,tiny-4-203002,203002,5,openjij_sa,coefficient_scaled_linear,0,,270.0,,0,0.0116379999963101,4400,44
CVRP,4,tiny-4-203002,203002,5,qubo_sa,penalty_scaled_geometric,0,,270.0,,0,0.06471489999967162,4400,44
CVRP,4,tiny-4-203002,203002,5,dwave_sa,penalty_scaled_geometric,0,,270.0,,0,0.005040700001700316,4400,44
CVRP,4,tiny-4-203002,203002,5,openjij_sa,penalty_scaled_geometric,0,,270.0,,0,0.012059100001351908,4400,44
CVRP,4,tiny-4-203002,203002,5,vrp_sa,wall_clock,1,270.0,270.0,0.0,1,0.20004739999421872,4283,
CVRP,4,tiny-4-203002,203002,5,ortools,wall_clock,1,270.0,270.0,0.0,1,0.2016622999944957,,
CVRP,4,tiny-4-203002,203002,5,exact_small,proven,1,270.0,270.0,0.0,1,0.009671300002082717,,
CVRP,4,tiny-4-203002,203002,6,qubo_sa,coefficient_scaled_linear,0,,270.0,,0,0.06295610000233864,4400,44
CVRP,4,tiny-4-203002,203002,6,dwave_sa,coefficient_scaled_linear,0,,270.0,,0,0.0048613000035402365,4400,44
CVRP,4,tiny-4-203002,203002,6,openjij_sa,coefficient_scaled_linear,0,,270.0,,0,0.011501900000439491,4400,44
CVRP,4,tiny-4-203002,203002,6,qubo_sa,penalty_scaled_geometric,0,,270.0,,0,0.06439010000030976,4400,44
CVRP,4,tiny-4-203002,203002,6,dwave_sa,penalty_scaled_geometric,0,,270.0,,0,0.004844800001592375,4400,44
CVRP,4,tiny-4-203002,203002,6,openjij_sa,penalty_scaled_geometric,0,,270.0,,0,0.012258499999006744,4400,44
CVRP,4,tiny-4-203002,203002,6,vrp_sa,wall_clock,1,270.0,270.0,0.0,1,0.2001486000008299,4270,
CVRP,4,tiny-4-203002,203002,6,ortools,wall_clock,1,270.0,270.0,0.0,1,0.20082779999938793,,
CVRP,4,tiny-4-203002,203002,6,exact_small,proven,1,270.0,270.0,0.0,1,0.009671300002082717,,
CVRP,4,tiny-4-203002,203002,7,qubo_sa,coefficient_scaled_linear,0,,270.0,,0,0.06274259999918286,4400,44
CVRP,4,tiny-4-203002,203002,7,dwave_sa,coefficient_scaled_linear,0,,270.0,,0,0.0047108999933698215,4400,44
CVRP,4,tiny-4-203002,203002,7,openjij_sa,coefficient_scaled_linear,0,,270.0,,0,0.011128600002848543,4400,44
CVRP,4,tiny-4-203002,203002,7,qubo_sa,penalty_scaled_geometric,0,,270.0,,0,0.06438309999794001,4400,44
CVRP,4,tiny-4-203002,203002,7,dwave_sa,penalty_scaled_geometric,0,,270.0,,0,0.004622000000381377,4400,44
CVRP,4,tiny-4-203002,203002,7,openjij_sa,penalty_scaled_geometric,0,,270.0,,0,0.011052599998947699,4400,44
CVRP,4,tiny-4-203002,203002,7,vrp_sa,wall_clock,1,270.0,270.0,0.0,1,0.2001594000030309,4415,
CVRP,4,tiny-4-203002,203002,7,ortools,wall_clock,1,270.0,270.0,0.0,1,0.20132729999750154,,
CVRP,4,tiny-4-203002,203002,7,exact_small,proven,1,270.0,270.0,0.0,1,0.009671300002082717,,
CVRP,4,tiny-4-203002,203002,8,qubo_sa,coefficient_scaled_linear,0,,270.0,,0,0.06394880000152625,4400,44
CVRP,4,tiny-4-203002,203002,8,dwave_sa,coefficient_scaled_linear,0,,270.0,,0,0.004780299997946713,4400,44
CVRP,4,tiny-4-203002,203002,8,openjij_sa,coefficient_scaled_linear,0,,270.0,,0,0.011241899999731686,4400,44
CVRP,4,tiny-4-203002,203002,8,qubo_sa,penalty_scaled_geometric,0,,270.0,,0,0.0638902999999118,4400,44
CVRP,4,tiny-4-203002,203002,8,dwave_sa,penalty_scaled_geometric,0,,270.0,,0,0.004915800003800541,4400,44
CVRP,4,tiny-4-203002,203002,8,openjij_sa,penalty_scaled_geometric,0,,270.0,,0,0.012951199998497032,4400,44
CVRP,4,tiny-4-203002,203002,8,vrp_sa,wall_clock,1,270.0,270.0,0.0,1,0.20003800000267802,4407,
CVRP,4,tiny-4-203002,203002,8,ortools,wall_clock,1,270.0,270.0,0.0,1,0.2014835999943898,,
CVRP,4,tiny-4-203002,203002,8,exact_small,proven,1,270.0,270.0,0.0,1,0.009671300002082717,,
CVRP,4,tiny-4-203002,203002,9,qubo_sa,coefficient_scaled_linear,0,,270.0,,0,0.06320720000076108,4400,44
CVRP,4,tiny-4-203002,203002,9,dwave_sa,coefficient_scaled_linear,0,,270.0,,0,0.004948299996613059,4400,44
CVRP,4,tiny-4-203002,203002,9,openjij_sa,coefficient_scaled_linear,0,,270.0,,0,0.011123500000394415,4400,44
CVRP,4,tiny-4-203002,203002,9,qubo_sa,penalty_scaled_geometric,0,,270.0,,0,0.0661744999961229,4400,44
CVRP,4,tiny-4-203002,203002,9,dwave_sa,penalty_scaled_geometric,0,,270.0,,0,0.0049808000039774925,4400,44
CVRP,4,tiny-4-203002,203002,9,openjij_sa,penalty_scaled_geometric,0,,270.0,,0,0.011273000003711786,4400,44
CVRP,4,tiny-4-203002,203002,9,vrp_sa,wall_clock,1,270.0,270.0,0.0,1,0.20020900000235997,4437,
CVRP,4,tiny-4-203002,203002,9,ortools,wall_clock,1,270.0,270.0,0.0,1,0.20083209999575047,,
CVRP,4,tiny-4-203002,203002,9,exact_small,proven,1,270.0,270.0,0.0,1,0.009671300002082717,,
CVRP,4,tiny-4-203003,203003,0,qubo_sa,coefficient_scaled_linear,0,,244.0,,0,0.06882530000439147,4600,46
CVRP,4,tiny-4-203003,203003,0,dwave_sa,coefficient_scaled_linear,0,,244.0,,0,0.005155200000444893,4600,46
CVRP,4,tiny-4-203003,203003,0,openjij_sa,coefficient_scaled_linear,0,,244.0,,0,0.011788600000727456,4600,46
CVRP,4,tiny-4-203003,203003,0,qubo_sa,penalty_scaled_geometric,0,,244.0,,0,0.06627529999968829,4600,46
CVRP,4,tiny-4-203003,203003,0,dwave_sa,penalty_scaled_geometric,0,,244.0,,0,0.005012699999497272,4600,46
CVRP,4,tiny-4-203003,203003,0,openjij_sa,penalty_scaled_geometric,0,,244.0,,0,0.011861000006319955,4600,46
CVRP,4,tiny-4-203003,203003,0,vrp_sa,wall_clock,1,244.0,244.0,0.0,1,0.20008909999887692,3353,
CVRP,4,tiny-4-203003,203003,0,ortools,wall_clock,1,244.0,244.0,0.0,1,0.20149680000031367,,
CVRP,4,tiny-4-203003,203003,0,exact_small,proven,1,244.0,244.0,0.0,1,0.012057399995683227,,
CVRP,4,tiny-4-203003,203003,1,qubo_sa,coefficient_scaled_linear,0,,244.0,,0,0.06581619999633403,4600,46
CVRP,4,tiny-4-203003,203003,1,dwave_sa,coefficient_scaled_linear,0,,244.0,,0,0.0051049999965471216,4600,46
CVRP,4,tiny-4-203003,203003,1,openjij_sa,coefficient_scaled_linear,0,,244.0,,0,0.011979499999142718,4600,46
CVRP,4,tiny-4-203003,203003,1,qubo_sa,penalty_scaled_geometric,0,,244.0,,0,0.06650219999573892,4600,46
CVRP,4,tiny-4-203003,203003,1,dwave_sa,penalty_scaled_geometric,0,,244.0,,0,0.005015000002458692,4600,46
CVRP,4,tiny-4-203003,203003,1,openjij_sa,penalty_scaled_geometric,0,,244.0,,0,0.01144429999840213,4600,46
CVRP,4,tiny-4-203003,203003,1,vrp_sa,wall_clock,1,244.0,244.0,0.0,1,0.2000463000003947,3277,
CVRP,4,tiny-4-203003,203003,1,ortools,wall_clock,1,244.0,244.0,0.0,1,0.201405200001318,,
CVRP,4,tiny-4-203003,203003,1,exact_small,proven,1,244.0,244.0,0.0,1,0.012057399995683227,,
CVRP,4,tiny-4-203003,203003,2,qubo_sa,coefficient_scaled_linear,0,,244.0,,0,0.07065100000181701,4600,46
CVRP,4,tiny-4-203003,203003,2,dwave_sa,coefficient_scaled_linear,0,,244.0,,0,0.005355100001906976,4600,46
CVRP,4,tiny-4-203003,203003,2,openjij_sa,coefficient_scaled_linear,0,,244.0,,0,0.012626299998373725,4600,46
CVRP,4,tiny-4-203003,203003,2,qubo_sa,penalty_scaled_geometric,0,,244.0,,0,0.07082539999828441,4600,46
CVRP,4,tiny-4-203003,203003,2,dwave_sa,penalty_scaled_geometric,0,,244.0,,0,0.005653100000927225,4600,46
CVRP,4,tiny-4-203003,203003,2,openjij_sa,penalty_scaled_geometric,0,,244.0,,0,0.012411600000632461,4600,46
CVRP,4,tiny-4-203003,203003,2,vrp_sa,wall_clock,1,244.0,244.0,0.0,1,0.20002779999776976,3255,
CVRP,4,tiny-4-203003,203003,2,ortools,wall_clock,1,244.0,244.0,0.0,1,0.20151520000217715,,
CVRP,4,tiny-4-203003,203003,2,exact_small,proven,1,244.0,244.0,0.0,1,0.012057399995683227,,
CVRP,4,tiny-4-203003,203003,3,qubo_sa,coefficient_scaled_linear,0,,244.0,,0,0.06351889999496052,4600,46
CVRP,4,tiny-4-203003,203003,3,dwave_sa,coefficient_scaled_linear,0,,244.0,,0,0.005125299998326227,4600,46
CVRP,4,tiny-4-203003,203003,3,openjij_sa,coefficient_scaled_linear,0,,244.0,,0,0.012134099997638259,4600,46
CVRP,4,tiny-4-203003,203003,3,qubo_sa,penalty_scaled_geometric,0,,244.0,,0,0.0675448999973014,4600,46
CVRP,4,tiny-4-203003,203003,3,dwave_sa,penalty_scaled_geometric,0,,244.0,,0,0.005087899997306522,4600,46
CVRP,4,tiny-4-203003,203003,3,openjij_sa,penalty_scaled_geometric,0,,244.0,,0,0.011716399996657856,4600,46
CVRP,4,tiny-4-203003,203003,3,vrp_sa,wall_clock,1,244.0,244.0,0.0,1,0.20003740000538528,3410,
CVRP,4,tiny-4-203003,203003,3,ortools,wall_clock,1,244.0,244.0,0.0,1,0.20146620000014082,,
CVRP,4,tiny-4-203003,203003,3,exact_small,proven,1,244.0,244.0,0.0,1,0.012057399995683227,,
CVRP,4,tiny-4-203003,203003,4,qubo_sa,coefficient_scaled_linear,0,,244.0,,0,0.06373929999972461,4600,46
CVRP,4,tiny-4-203003,203003,4,dwave_sa,coefficient_scaled_linear,0,,244.0,,0,0.005185200003325008,4600,46
CVRP,4,tiny-4-203003,203003,4,openjij_sa,coefficient_scaled_linear,0,,244.0,,0,0.011794699996244162,4600,46
CVRP,4,tiny-4-203003,203003,4,qubo_sa,penalty_scaled_geometric,0,,244.0,,0,0.06686899999476736,4600,46
CVRP,4,tiny-4-203003,203003,4,dwave_sa,penalty_scaled_geometric,0,,244.0,,0,0.005125799994857516,4600,46
CVRP,4,tiny-4-203003,203003,4,openjij_sa,penalty_scaled_geometric,0,,244.0,,0,0.011824700006400235,4600,46
CVRP,4,tiny-4-203003,203003,4,vrp_sa,wall_clock,1,244.0,244.0,0.0,1,0.20002240000030724,3390,
CVRP,4,tiny-4-203003,203003,4,ortools,wall_clock,1,244.0,244.0,0.0,1,0.20147040000301786,,
CVRP,4,tiny-4-203003,203003,4,exact_small,proven,1,244.0,244.0,0.0,1,0.012057399995683227,,
CVRP,4,tiny-4-203003,203003,5,qubo_sa,coefficient_scaled_linear,0,,244.0,,0,0.06422919999749865,4600,46
CVRP,4,tiny-4-203003,203003,5,dwave_sa,coefficient_scaled_linear,0,,244.0,,0,0.005023600002459716,4600,46
CVRP,4,tiny-4-203003,203003,5,openjij_sa,coefficient_scaled_linear,0,,244.0,,0,0.011841800005640835,4600,46
CVRP,4,tiny-4-203003,203003,5,qubo_sa,penalty_scaled_geometric,0,,244.0,,0,0.06699140000273474,4600,46
CVRP,4,tiny-4-203003,203003,5,dwave_sa,penalty_scaled_geometric,0,,244.0,,0,0.004903499997453764,4600,46
CVRP,4,tiny-4-203003,203003,5,openjij_sa,penalty_scaled_geometric,0,,244.0,,0,0.011760800000047311,4600,46
CVRP,4,tiny-4-203003,203003,5,vrp_sa,wall_clock,1,244.0,244.0,0.0,1,0.20003990000259364,3256,
CVRP,4,tiny-4-203003,203003,5,ortools,wall_clock,1,244.0,244.0,0.0,1,0.20141829999920446,,
CVRP,4,tiny-4-203003,203003,5,exact_small,proven,1,244.0,244.0,0.0,1,0.012057399995683227,,
CVRP,4,tiny-4-203003,203003,6,qubo_sa,coefficient_scaled_linear,0,,244.0,,0,0.06437259999802336,4600,46
CVRP,4,tiny-4-203003,203003,6,dwave_sa,coefficient_scaled_linear,0,,244.0,,0,0.005169600000954233,4600,46
CVRP,4,tiny-4-203003,203003,6,openjij_sa,coefficient_scaled_linear,0,,244.0,,0,0.011864799998875242,4600,46
CVRP,4,tiny-4-203003,203003,6,qubo_sa,penalty_scaled_geometric,0,,244.0,,0,0.06648100000165869,4600,46
CVRP,4,tiny-4-203003,203003,6,dwave_sa,penalty_scaled_geometric,0,,244.0,,0,0.0049523999987286516,4600,46
CVRP,4,tiny-4-203003,203003,6,openjij_sa,penalty_scaled_geometric,0,,244.0,,0,0.011823799999547191,4600,46
CVRP,4,tiny-4-203003,203003,6,vrp_sa,wall_clock,1,244.0,244.0,0.0,1,0.20004960000369465,3453,
CVRP,4,tiny-4-203003,203003,6,ortools,wall_clock,1,244.0,244.0,0.0,1,0.2014058999993722,,
CVRP,4,tiny-4-203003,203003,6,exact_small,proven,1,244.0,244.0,0.0,1,0.012057399995683227,,
CVRP,4,tiny-4-203003,203003,7,qubo_sa,coefficient_scaled_linear,0,,244.0,,0,0.06440830000065034,4600,46
CVRP,4,tiny-4-203003,203003,7,dwave_sa,coefficient_scaled_linear,0,,244.0,,0,0.0052475000047707,4600,46
CVRP,4,tiny-4-203003,203003,7,openjij_sa,coefficient_scaled_linear,0,,244.0,,0,0.011869499998283572,4600,46
CVRP,4,tiny-4-203003,203003,7,qubo_sa,penalty_scaled_geometric,0,,244.0,,0,0.06660610000108136,4600,46
CVRP,4,tiny-4-203003,203003,7,dwave_sa,penalty_scaled_geometric,0,,244.0,,0,0.005226600005698856,4600,46
CVRP,4,tiny-4-203003,203003,7,openjij_sa,penalty_scaled_geometric,0,,244.0,,0,0.01218689999950584,4600,46
CVRP,4,tiny-4-203003,203003,7,vrp_sa,wall_clock,1,244.0,244.0,0.0,1,0.2000705000027665,3250,
CVRP,4,tiny-4-203003,203003,7,ortools,wall_clock,1,244.0,244.0,0.0,1,0.20110240000212798,,
CVRP,4,tiny-4-203003,203003,7,exact_small,proven,1,244.0,244.0,0.0,1,0.012057399995683227,,
CVRP,4,tiny-4-203003,203003,8,qubo_sa,coefficient_scaled_linear,0,,244.0,,0,0.06937340000149561,4600,46
CVRP,4,tiny-4-203003,203003,8,dwave_sa,coefficient_scaled_linear,0,,244.0,,0,0.005370699997001793,4600,46
CVRP,4,tiny-4-203003,203003,8,openjij_sa,coefficient_scaled_linear,0,,244.0,,0,0.011757699998270255,4600,46
CVRP,4,tiny-4-203003,203003,8,qubo_sa,penalty_scaled_geometric,0,,244.0,,0,0.07134729999961564,4600,46
CVRP,4,tiny-4-203003,203003,8,dwave_sa,penalty_scaled_geometric,0,,244.0,,0,0.005487099995661993,4600,46
CVRP,4,tiny-4-203003,203003,8,openjij_sa,penalty_scaled_geometric,0,,244.0,,0,0.012800199998309836,4600,46
CVRP,4,tiny-4-203003,203003,8,vrp_sa,wall_clock,1,244.0,244.0,0.0,1,0.20004530000005616,3263,
CVRP,4,tiny-4-203003,203003,8,ortools,wall_clock,1,244.0,244.0,0.0,1,0.200854700000491,,
CVRP,4,tiny-4-203003,203003,8,exact_small,proven,1,244.0,244.0,0.0,1,0.012057399995683227,,
CVRP,4,tiny-4-203003,203003,9,qubo_sa,coefficient_scaled_linear,0,,244.0,,0,0.06588960000226507,4600,46
CVRP,4,tiny-4-203003,203003,9,dwave_sa,coefficient_scaled_linear,0,,244.0,,0,0.0054801000005682,4600,46
CVRP,4,tiny-4-203003,203003,9,openjij_sa,coefficient_scaled_linear,0,,244.0,,0,0.012021000002278015,4600,46
CVRP,4,tiny-4-203003,203003,9,qubo_sa,penalty_scaled_geometric,0,,244.0,,0,0.06930190000275616,4600,46
CVRP,4,tiny-4-203003,203003,9,dwave_sa,penalty_scaled_geometric,0,,244.0,,0,0.005569000000832602,4600,46
CVRP,4,tiny-4-203003,203003,9,openjij_sa,penalty_scaled_geometric,0,,244.0,,0,0.012283399999432731,4600,46
CVRP,4,tiny-4-203003,203003,9,vrp_sa,wall_clock,1,244.0,244.0,0.0,1,0.200048800004879,3223,
CVRP,4,tiny-4-203003,203003,9,ortools,wall_clock,1,244.0,244.0,0.0,1,0.20171470000059344,,
CVRP,4,tiny-4-203003,203003,9,exact_small,proven,1,244.0,244.0,0.0,1,0.012057399995683227,,
CVRP,4,tiny-4-203004,203004,0,qubo_sa,coefficient_scaled_linear,0,,382.0,,0,0.06829080000170507,4600,46
CVRP,4,tiny-4-203004,203004,0,dwave_sa,coefficient_scaled_linear,0,,382.0,,0,0.0057777999973041005,4600,46
CVRP,4,tiny-4-203004,203004,0,openjij_sa,coefficient_scaled_linear,0,,382.0,,0,0.013587499997811392,4600,46
CVRP,4,tiny-4-203004,203004,0,qubo_sa,penalty_scaled_geometric,0,,382.0,,0,0.06970259999798145,4600,46
CVRP,4,tiny-4-203004,203004,0,dwave_sa,penalty_scaled_geometric,0,,382.0,,0,0.00558199999795761,4600,46
CVRP,4,tiny-4-203004,203004,0,openjij_sa,penalty_scaled_geometric,0,,382.0,,0,0.013202400004956871,4600,46
CVRP,4,tiny-4-203004,203004,0,vrp_sa,wall_clock,1,382.0,382.0,0.0,1,0.20003429999633227,6514,
CVRP,4,tiny-4-203004,203004,0,ortools,wall_clock,1,382.0,382.0,0.0,1,0.20166539999627275,,
CVRP,4,tiny-4-203004,203004,0,exact_small,proven,1,382.0,382.0,0.0,1,0.009042300000146497,,
CVRP,4,tiny-4-203004,203004,1,qubo_sa,coefficient_scaled_linear,0,,382.0,,0,0.07013349999760976,4600,46
CVRP,4,tiny-4-203004,203004,1,dwave_sa,coefficient_scaled_linear,0,,382.0,,0,0.004720700002508238,4600,46
CVRP,4,tiny-4-203004,203004,1,openjij_sa,coefficient_scaled_linear,0,,382.0,,0,0.012505600003350992,4600,46
CVRP,4,tiny-4-203004,203004,1,qubo_sa,penalty_scaled_geometric,0,,382.0,,0,0.06799580000370042,4600,46
CVRP,4,tiny-4-203004,203004,1,dwave_sa,penalty_scaled_geometric,0,,382.0,,0,0.005146799994690809,4600,46
CVRP,4,tiny-4-203004,203004,1,openjij_sa,penalty_scaled_geometric,1,382.0,382.0,0.0,1,0.016066199998022057,4600,46
CVRP,4,tiny-4-203004,203004,1,vrp_sa,wall_clock,1,382.0,382.0,0.0,1,0.20007970000006026,6559,
CVRP,4,tiny-4-203004,203004,1,ortools,wall_clock,1,382.0,382.0,0.0,1,0.20174869999755174,,
CVRP,4,tiny-4-203004,203004,1,exact_small,proven,1,382.0,382.0,0.0,1,0.009042300000146497,,
CVRP,4,tiny-4-203004,203004,2,qubo_sa,coefficient_scaled_linear,0,,382.0,,0,0.06852649999927962,4600,46
CVRP,4,tiny-4-203004,203004,2,dwave_sa,coefficient_scaled_linear,0,,382.0,,0,0.005038299997977447,4600,46
CVRP,4,tiny-4-203004,203004,2,openjij_sa,coefficient_scaled_linear,0,,382.0,,0,0.013090000000374857,4600,46
CVRP,4,tiny-4-203004,203004,2,qubo_sa,penalty_scaled_geometric,0,,382.0,,0,0.06736220000311732,4600,46
CVRP,4,tiny-4-203004,203004,2,dwave_sa,penalty_scaled_geometric,0,,382.0,,0,0.005110600002808496,4600,46
CVRP,4,tiny-4-203004,203004,2,openjij_sa,penalty_scaled_geometric,0,,382.0,,0,0.012345999995886814,4600,46
CVRP,4,tiny-4-203004,203004,2,vrp_sa,wall_clock,0,,382.0,,0,0.00022120000357972458,,
CVRP,4,tiny-4-203004,203004,2,ortools,wall_clock,1,382.0,382.0,0.0,1,0.20140510000055656,,
CVRP,4,tiny-4-203004,203004,2,exact_small,proven,1,382.0,382.0,0.0,1,0.009042300000146497,,
CVRP,4,tiny-4-203004,203004,3,qubo_sa,coefficient_scaled_linear,0,,382.0,,0,0.06713149999995949,4600,46
CVRP,4,tiny-4-203004,203004,3,dwave_sa,coefficient_scaled_linear,0,,382.0,,0,0.004975600000761915,4600,46
CVRP,4,tiny-4-203004,203004,3,openjij_sa,coefficient_scaled_linear,0,,382.0,,0,0.011840499995741993,4600,46
CVRP,4,tiny-4-203004,203004,3,qubo_sa,penalty_scaled_geometric,0,,382.0,,0,0.06827809999958845,4600,46
CVRP,4,tiny-4-203004,203004,3,dwave_sa,penalty_scaled_geometric,1,382.0,382.0,0.0,1,0.005324899997503962,4600,46
CVRP,4,tiny-4-203004,203004,3,openjij_sa,penalty_scaled_geometric,1,382.0,382.0,0.0,1,0.011852499999804422,4600,46
CVRP,4,tiny-4-203004,203004,3,vrp_sa,wall_clock,0,,382.0,,0,0.00021669999841833487,,
CVRP,4,tiny-4-203004,203004,3,ortools,wall_clock,1,382.0,382.0,0.0,1,0.20142630000191275,,
CVRP,4,tiny-4-203004,203004,3,exact_small,proven,1,382.0,382.0,0.0,1,0.009042300000146497,,
CVRP,4,tiny-4-203004,203004,4,qubo_sa,coefficient_scaled_linear,0,,382.0,,0,0.06578309999895282,4600,46
CVRP,4,tiny-4-203004,203004,4,dwave_sa,coefficient_scaled_linear,0,,382.0,,0,0.005219999999098945,4600,46
CVRP,4,tiny-4-203004,203004,4,openjij_sa,coefficient_scaled_linear,0,,382.0,,0,0.011763299997255672,4600,46
CVRP,4,tiny-4-203004,203004,4,qubo_sa,penalty_scaled_geometric,0,,382.0,,0,0.06867820000479696,4600,46
CVRP,4,tiny-4-203004,203004,4,dwave_sa,penalty_scaled_geometric,0,,382.0,,0,0.005048600003647152,4600,46
CVRP,4,tiny-4-203004,203004,4,openjij_sa,penalty_scaled_geometric,0,,382.0,,0,0.012338300002738833,4600,46
CVRP,4,tiny-4-203004,203004,4,vrp_sa,wall_clock,0,,382.0,,0,0.0002243999988422729,,
CVRP,4,tiny-4-203004,203004,4,ortools,wall_clock,1,382.0,382.0,0.0,1,0.005785900000773836,,
CVRP,4,tiny-4-203004,203004,4,exact_small,proven,1,382.0,382.0,0.0,1,0.009042300000146497,,
CVRP,4,tiny-4-203004,203004,5,qubo_sa,coefficient_scaled_linear,0,,382.0,,0,0.06616389999544481,4600,46
CVRP,4,tiny-4-203004,203004,5,dwave_sa,coefficient_scaled_linear,0,,382.0,,0,0.005058700000518002,4600,46
CVRP,4,tiny-4-203004,203004,5,openjij_sa,coefficient_scaled_linear,0,,382.0,,0,0.011790800002927426,4600,46
CVRP,4,tiny-4-203004,203004,5,qubo_sa,penalty_scaled_geometric,0,,382.0,,0,0.0664831999965827,4600,46
CVRP,4,tiny-4-203004,203004,5,dwave_sa,penalty_scaled_geometric,0,,382.0,,0,0.005138700005772989,4600,46
CVRP,4,tiny-4-203004,203004,5,openjij_sa,penalty_scaled_geometric,0,,382.0,,0,0.011849100003018975,4600,46
CVRP,4,tiny-4-203004,203004,5,vrp_sa,wall_clock,1,382.0,382.0,0.0,1,0.20005590000073425,6260,
CVRP,4,tiny-4-203004,203004,5,ortools,wall_clock,1,382.0,382.0,0.0,1,0.2014511000015773,,
CVRP,4,tiny-4-203004,203004,5,exact_small,proven,1,382.0,382.0,0.0,1,0.009042300000146497,,
CVRP,4,tiny-4-203004,203004,6,qubo_sa,coefficient_scaled_linear,0,,382.0,,0,0.06590889999642968,4600,46
CVRP,4,tiny-4-203004,203004,6,dwave_sa,coefficient_scaled_linear,0,,382.0,,0,0.004970999994839076,4600,46
CVRP,4,tiny-4-203004,203004,6,openjij_sa,coefficient_scaled_linear,0,,382.0,,0,0.011718400004610885,4600,46
CVRP,4,tiny-4-203004,203004,6,qubo_sa,penalty_scaled_geometric,1,382.0,382.0,0.0,1,0.0677226999978302,4600,46
CVRP,4,tiny-4-203004,203004,6,dwave_sa,penalty_scaled_geometric,0,,382.0,,0,0.005107800003315788,4600,46
CVRP,4,tiny-4-203004,203004,6,openjij_sa,penalty_scaled_geometric,0,,382.0,,0,0.01173479999852134,4600,46
CVRP,4,tiny-4-203004,203004,6,vrp_sa,wall_clock,0,,382.0,,0,0.00021949999791104347,,
CVRP,4,tiny-4-203004,203004,6,ortools,wall_clock,1,382.0,382.0,0.0,1,0.20154760000150418,,
CVRP,4,tiny-4-203004,203004,6,exact_small,proven,1,382.0,382.0,0.0,1,0.009042300000146497,,
CVRP,4,tiny-4-203004,203004,7,qubo_sa,coefficient_scaled_linear,0,,382.0,,0,0.06646470000123372,4600,46
CVRP,4,tiny-4-203004,203004,7,dwave_sa,coefficient_scaled_linear,0,,382.0,,0,0.004982500002370216,4600,46
CVRP,4,tiny-4-203004,203004,7,openjij_sa,coefficient_scaled_linear,0,,382.0,,0,0.011839200000395067,4600,46
CVRP,4,tiny-4-203004,203004,7,qubo_sa,penalty_scaled_geometric,0,,382.0,,0,0.06796780000149738,4600,46
CVRP,4,tiny-4-203004,203004,7,dwave_sa,penalty_scaled_geometric,0,,382.0,,0,0.005134899998665787,4600,46
CVRP,4,tiny-4-203004,203004,7,openjij_sa,penalty_scaled_geometric,0,,382.0,,0,0.011777699997765012,4600,46
CVRP,4,tiny-4-203004,203004,7,vrp_sa,wall_clock,0,,382.0,,0,0.00018519999866839498,,
CVRP,4,tiny-4-203004,203004,7,ortools,wall_clock,1,382.0,382.0,0.0,1,0.20085229999676812,,
CVRP,4,tiny-4-203004,203004,7,exact_small,proven,1,382.0,382.0,0.0,1,0.009042300000146497,,
CVRP,4,tiny-4-203004,203004,8,qubo_sa,coefficient_scaled_linear,0,,382.0,,0,0.07109510000009323,4600,46
CVRP,4,tiny-4-203004,203004,8,dwave_sa,coefficient_scaled_linear,0,,382.0,,0,0.008212600005208515,4600,46
CVRP,4,tiny-4-203004,203004,8,openjij_sa,coefficient_scaled_linear,0,,382.0,,0,0.01950290000240784,4600,46
CVRP,4,tiny-4-203004,203004,8,qubo_sa,penalty_scaled_geometric,1,382.0,382.0,0.0,1,0.06812749999517109,4600,46
CVRP,4,tiny-4-203004,203004,8,dwave_sa,penalty_scaled_geometric,0,,382.0,,0,0.0051045000000158325,4600,46
CVRP,4,tiny-4-203004,203004,8,openjij_sa,penalty_scaled_geometric,0,,382.0,,0,0.011932099994737655,4600,46
CVRP,4,tiny-4-203004,203004,8,vrp_sa,wall_clock,1,382.0,382.0,0.0,1,0.2000569000010728,6619,
CVRP,4,tiny-4-203004,203004,8,ortools,wall_clock,1,382.0,382.0,0.0,1,0.20157170000311453,,
CVRP,4,tiny-4-203004,203004,8,exact_small,proven,1,382.0,382.0,0.0,1,0.009042300000146497,,
CVRP,4,tiny-4-203004,203004,9,qubo_sa,coefficient_scaled_linear,0,,382.0,,0,0.06710420000308659,4600,46
CVRP,4,tiny-4-203004,203004,9,dwave_sa,coefficient_scaled_linear,0,,382.0,,0,0.00499370000034105,4600,46
CVRP,4,tiny-4-203004,203004,9,openjij_sa,coefficient_scaled_linear,0,,382.0,,0,0.011943999998038635,4600,46
CVRP,4,tiny-4-203004,203004,9,qubo_sa,penalty_scaled_geometric,1,382.0,382.0,0.0,1,0.06845939999766415,4600,46
CVRP,4,tiny-4-203004,203004,9,dwave_sa,penalty_scaled_geometric,0,,382.0,,0,0.005271299996820744,4600,46
CVRP,4,tiny-4-203004,203004,9,openjij_sa,penalty_scaled_geometric,0,,382.0,,0,0.011749600002076477,4600,46
CVRP,4,tiny-4-203004,203004,9,vrp_sa,wall_clock,0,,382.0,,0,0.00022879999596625566,,
CVRP,4,tiny-4-203004,203004,9,ortools,wall_clock,1,382.0,382.0,0.0,1,0.20151829999667825,,
CVRP,4,tiny-4-203004,203004,9,exact_small,proven,1,382.0,382.0,0.0,1,0.009042300000146497,,
CVRP,4,tiny-4-203005,203005,0,qubo_sa,coefficient_scaled_linear,0,,202.0,,0,0.06416619999799877,4600,46
CVRP,4,tiny-4-203005,203005,0,dwave_sa,coefficient_scaled_linear,0,,202.0,,0,0.005093500003567897,4600,46
CVRP,4,tiny-4-203005,203005,0,openjij_sa,coefficient_scaled_linear,0,,202.0,,0,0.01185980000445852,4600,46
CVRP,4,tiny-4-203005,203005,0,qubo_sa,penalty_scaled_geometric,1,349.0,202.0,72.77227722772277,0,0.06720679999853019,4600,46
CVRP,4,tiny-4-203005,203005,0,dwave_sa,penalty_scaled_geometric,0,,202.0,,0,0.005026999999245163,4600,46
CVRP,4,tiny-4-203005,203005,0,openjij_sa,penalty_scaled_geometric,0,,202.0,,0,0.011682600001222454,4600,46
CVRP,4,tiny-4-203005,203005,0,vrp_sa,wall_clock,1,202.0,202.0,0.0,1,0.2000664000006509,3105,
CVRP,4,tiny-4-203005,203005,0,ortools,wall_clock,1,202.0,202.0,0.0,1,0.20143530000495957,,
CVRP,4,tiny-4-203005,203005,0,exact_small,proven,1,202.0,202.0,0.0,1,0.011653399997157976,,
CVRP,4,tiny-4-203005,203005,1,qubo_sa,coefficient_scaled_linear,0,,202.0,,0,0.06439240000327118,4600,46
CVRP,4,tiny-4-203005,203005,1,dwave_sa,coefficient_scaled_linear,0,,202.0,,0,0.005045500001870096,4600,46
CVRP,4,tiny-4-203005,203005,1,openjij_sa,coefficient_scaled_linear,0,,202.0,,0,0.013176799999200739,4600,46
CVRP,4,tiny-4-203005,203005,1,qubo_sa,penalty_scaled_geometric,0,,202.0,,0,0.06923139999707928,4600,46
CVRP,4,tiny-4-203005,203005,1,dwave_sa,penalty_scaled_geometric,0,,202.0,,0,0.005064900004072115,4600,46
CVRP,4,tiny-4-203005,203005,1,openjij_sa,penalty_scaled_geometric,0,,202.0,,0,0.012292699997487944,4600,46
CVRP,4,tiny-4-203005,203005,1,vrp_sa,wall_clock,1,202.0,202.0,0.0,1,0.20002450000174576,3249,
CVRP,4,tiny-4-203005,203005,1,ortools,wall_clock,1,202.0,202.0,0.0,1,0.20146249999379506,,
CVRP,4,tiny-4-203005,203005,1,exact_small,proven,1,202.0,202.0,0.0,1,0.011653399997157976,,
CVRP,4,tiny-4-203005,203005,2,qubo_sa,coefficient_scaled_linear,0,,202.0,,0,0.07637049999902956,4600,46
CVRP,4,tiny-4-203005,203005,2,dwave_sa,coefficient_scaled_linear,0,,202.0,,0,0.005222600004344713,4600,46
CVRP,4,tiny-4-203005,203005,2,openjij_sa,coefficient_scaled_linear,0,,202.0,,0,0.012032799997541588,4600,46
CVRP,4,tiny-4-203005,203005,2,qubo_sa,penalty_scaled_geometric,0,,202.0,,0,0.06648919999861391,4600,46
CVRP,4,tiny-4-203005,203005,2,dwave_sa,penalty_scaled_geometric,0,,202.0,,0,0.004976500000339001,4600,46
CVRP,4,tiny-4-203005,203005,2,openjij_sa,penalty_scaled_geometric,0,,202.0,,0,0.01325189999624854,4600,46
CVRP,4,tiny-4-203005,203005,2,vrp_sa,wall_clock,1,202.0,202.0,0.0,1,0.2000428000028478,3223,
CVRP,4,tiny-4-203005,203005,2,ortools,wall_clock,1,202.0,202.0,0.0,1,0.20164520000253106,,
CVRP,4,tiny-4-203005,203005,2,exact_small,proven,1,202.0,202.0,0.0,1,0.011653399997157976,,
CVRP,4,tiny-4-203005,203005,3,qubo_sa,coefficient_scaled_linear,0,,202.0,,0,0.06476219999603927,4600,46
CVRP,4,tiny-4-203005,203005,3,dwave_sa,coefficient_scaled_linear,0,,202.0,,0,0.005140599998412654,4600,46
CVRP,4,tiny-4-203005,203005,3,openjij_sa,coefficient_scaled_linear,0,,202.0,,0,0.011753399994631764,4600,46
CVRP,4,tiny-4-203005,203005,3,qubo_sa,penalty_scaled_geometric,0,,202.0,,0,0.0658499999990454,4600,46
CVRP,4,tiny-4-203005,203005,3,dwave_sa,penalty_scaled_geometric,0,,202.0,,0,0.004936199999065138,4600,46
CVRP,4,tiny-4-203005,203005,3,openjij_sa,penalty_scaled_geometric,0,,202.0,,0,0.011758000000554603,4600,46
CVRP,4,tiny-4-203005,203005,3,vrp_sa,wall_clock,1,202.0,202.0,0.0,1,0.20003320000250824,3237,
CVRP,4,tiny-4-203005,203005,3,ortools,wall_clock,1,202.0,202.0,0.0,1,0.2013812999939546,,
CVRP,4,tiny-4-203005,203005,3,exact_small,proven,1,202.0,202.0,0.0,1,0.011653399997157976,,
CVRP,4,tiny-4-203005,203005,4,qubo_sa,coefficient_scaled_linear,0,,202.0,,0,0.06521250000514556,4600,46
CVRP,4,tiny-4-203005,203005,4,dwave_sa,coefficient_scaled_linear,0,,202.0,,0,0.005027699997299351,4600,46
CVRP,4,tiny-4-203005,203005,4,openjij_sa,coefficient_scaled_linear,0,,202.0,,0,0.011950899999646936,4600,46
CVRP,4,tiny-4-203005,203005,4,qubo_sa,penalty_scaled_geometric,0,,202.0,,0,0.07152830000268295,4600,46
CVRP,4,tiny-4-203005,203005,4,dwave_sa,penalty_scaled_geometric,0,,202.0,,0,0.0050461999999242835,4600,46
CVRP,4,tiny-4-203005,203005,4,openjij_sa,penalty_scaled_geometric,0,,202.0,,0,0.01177089999691816,4600,46
CVRP,4,tiny-4-203005,203005,4,vrp_sa,wall_clock,1,202.0,202.0,0.0,1,0.20009199999913108,3259,
CVRP,4,tiny-4-203005,203005,4,ortools,wall_clock,1,202.0,202.0,0.0,1,0.20068110000283923,,
CVRP,4,tiny-4-203005,203005,4,exact_small,proven,1,202.0,202.0,0.0,1,0.011653399997157976,,
CVRP,4,tiny-4-203005,203005,5,qubo_sa,coefficient_scaled_linear,0,,202.0,,0,0.06574209999962477,4600,46
CVRP,4,tiny-4-203005,203005,5,dwave_sa,coefficient_scaled_linear,0,,202.0,,0,0.004960199999914039,4600,46
CVRP,4,tiny-4-203005,203005,5,openjij_sa,coefficient_scaled_linear,0,,202.0,,0,0.011883999999554362,4600,46
CVRP,4,tiny-4-203005,203005,5,qubo_sa,penalty_scaled_geometric,0,,202.0,,0,0.06672120000439463,4600,46
CVRP,4,tiny-4-203005,203005,5,dwave_sa,penalty_scaled_geometric,0,,202.0,,0,0.005087600002298132,4600,46
CVRP,4,tiny-4-203005,203005,5,openjij_sa,penalty_scaled_geometric,0,,202.0,,0,0.011783200003264938,4600,46
CVRP,4,tiny-4-203005,203005,5,vrp_sa,wall_clock,1,202.0,202.0,0.0,1,0.20107940000161761,2978,
CVRP,4,tiny-4-203005,203005,5,ortools,wall_clock,1,202.0,202.0,0.0,1,0.2013853000025847,,
CVRP,4,tiny-4-203005,203005,5,exact_small,proven,1,202.0,202.0,0.0,1,0.011653399997157976,,
CVRP,4,tiny-4-203005,203005,6,qubo_sa,coefficient_scaled_linear,0,,202.0,,0,0.06536380000034114,4600,46
CVRP,4,tiny-4-203005,203005,6,dwave_sa,coefficient_scaled_linear,0,,202.0,,0,0.005418399996415246,4600,46
CVRP,4,tiny-4-203005,203005,6,openjij_sa,coefficient_scaled_linear,0,,202.0,,0,0.011752800004614983,4600,46
CVRP,4,tiny-4-203005,203005,6,qubo_sa,penalty_scaled_geometric,0,,202.0,,0,0.06709740000223974,4600,46
CVRP,4,tiny-4-203005,203005,6,dwave_sa,penalty_scaled_geometric,0,,202.0,,0,0.005066899997473229,4600,46
CVRP,4,tiny-4-203005,203005,6,openjij_sa,penalty_scaled_geometric,0,,202.0,,0,0.011704199998348486,4600,46
CVRP,4,tiny-4-203005,203005,6,vrp_sa,wall_clock,1,202.0,202.0,0.0,1,0.2001010999956634,3228,
CVRP,4,tiny-4-203005,203005,6,ortools,wall_clock,1,202.0,202.0,0.0,1,0.20120699999824865,,
CVRP,4,tiny-4-203005,203005,6,exact_small,proven,1,202.0,202.0,0.0,1,0.011653399997157976,,
CVRP,4,tiny-4-203005,203005,7,qubo_sa,coefficient_scaled_linear,0,,202.0,,0,0.06565649999538437,4600,46
CVRP,4,tiny-4-203005,203005,7,dwave_sa,coefficient_scaled_linear,0,,202.0,,0,0.005026500002713874,4600,46
CVRP,4,tiny-4-203005,203005,7,openjij_sa,coefficient_scaled_linear,0,,202.0,,0,0.011803000001236796,4600,46
CVRP,4,tiny-4-203005,203005,7,qubo_sa,penalty_scaled_geometric,0,,202.0,,0,0.0686003000009805,4600,46
CVRP,4,tiny-4-203005,203005,7,dwave_sa,penalty_scaled_geometric,0,,202.0,,0,0.004821599999559112,4600,46
CVRP,4,tiny-4-203005,203005,7,openjij_sa,penalty_scaled_geometric,0,,202.0,,0,0.011580500002310146,4600,46
CVRP,4,tiny-4-203005,203005,7,vrp_sa,wall_clock,1,202.0,202.0,0.0,1,0.2000331000017468,3260,
CVRP,4,tiny-4-203005,203005,7,ortools,wall_clock,1,202.0,202.0,0.0,1,0.20160150000447175,,
CVRP,4,tiny-4-203005,203005,7,exact_small,proven,1,202.0,202.0,0.0,1,0.011653399997157976,,
CVRP,4,tiny-4-203005,203005,8,qubo_sa,coefficient_scaled_linear,0,,202.0,,0,0.06435159999819007,4600,46
CVRP,4,tiny-4-203005,203005,8,dwave_sa,coefficient_scaled_linear,0,,202.0,,0,0.005095299995446112,4600,46
CVRP,4,tiny-4-203005,203005,8,openjij_sa,coefficient_scaled_linear,0,,202.0,,0,0.01233469999715453,4600,46
CVRP,4,tiny-4-203005,203005,8,qubo_sa,penalty_scaled_geometric,0,,202.0,,0,0.06886839999788208,4600,46
CVRP,4,tiny-4-203005,203005,8,dwave_sa,penalty_scaled_geometric,0,,202.0,,0,0.004904400004306808,4600,46
CVRP,4,tiny-4-203005,203005,8,openjij_sa,penalty_scaled_geometric,0,,202.0,,0,0.01190140000107931,4600,46
CVRP,4,tiny-4-203005,203005,8,vrp_sa,wall_clock,1,202.0,202.0,0.0,1,0.20005739999760408,3246,
CVRP,4,tiny-4-203005,203005,8,ortools,wall_clock,1,202.0,202.0,0.0,1,0.20136009999987436,,
CVRP,4,tiny-4-203005,203005,8,exact_small,proven,1,202.0,202.0,0.0,1,0.011653399997157976,,
CVRP,4,tiny-4-203005,203005,9,qubo_sa,coefficient_scaled_linear,0,,202.0,,0,0.06487560000095982,4600,46
CVRP,4,tiny-4-203005,203005,9,dwave_sa,coefficient_scaled_linear,0,,202.0,,0,0.005142699999851175,4600,46
CVRP,4,tiny-4-203005,203005,9,openjij_sa,coefficient_scaled_linear,0,,202.0,,0,0.011721299997589085,4600,46
CVRP,4,tiny-4-203005,203005,9,qubo_sa,penalty_scaled_geometric,0,,202.0,,0,0.08302159999584546,4600,46
CVRP,4,tiny-4-203005,203005,9,dwave_sa,penalty_scaled_geometric,0,,202.0,,0,0.005130999998073094,4600,46
CVRP,4,tiny-4-203005,203005,9,openjij_sa,penalty_scaled_geometric,0,,202.0,,0,0.011895299998286646,4600,46
CVRP,4,tiny-4-203005,203005,9,vrp_sa,wall_clock,1,202.0,202.0,0.0,1,0.20006809999904362,3244,
CVRP,4,tiny-4-203005,203005,9,ortools,wall_clock,1,202.0,202.0,0.0,1,0.20151979999354808,,
CVRP,4,tiny-4-203005,203005,9,exact_small,proven,1,202.0,202.0,0.0,1,0.011653399997157976,,
CVRP,4,tiny-4-203006,203006,0,qubo_sa,coefficient_scaled_linear,0,,291.0,,0,0.06664230000023963,4600,46
CVRP,4,tiny-4-203006,203006,0,dwave_sa,coefficient_scaled_linear,0,,291.0,,0,0.005184699999517761,4600,46
CVRP,4,tiny-4-203006,203006,0,openjij_sa,coefficient_scaled_linear,0,,291.0,,0,0.011795899998105597,4600,46
CVRP,4,tiny-4-203006,203006,0,qubo_sa,penalty_scaled_geometric,0,,291.0,,0,0.06689280000136932,4600,46
CVRP,4,tiny-4-203006,203006,0,dwave_sa,penalty_scaled_geometric,0,,291.0,,0,0.005057399997895118,4600,46
CVRP,4,tiny-4-203006,203006,0,openjij_sa,penalty_scaled_geometric,0,,291.0,,0,0.011679800001729745,4600,46
CVRP,4,tiny-4-203006,203006,0,vrp_sa,wall_clock,1,291.0,291.0,0.0,1,0.20007609999447595,5344,
CVRP,4,tiny-4-203006,203006,0,ortools,wall_clock,1,291.0,291.0,0.0,1,0.20163760000286857,,
CVRP,4,tiny-4-203006,203006,0,exact_small,proven,1,291.0,291.0,0.0,1,0.014263899996876717,,
CVRP,4,tiny-4-203006,203006,1,qubo_sa,coefficient_scaled_linear,0,,291.0,,0,0.06758820000686683,4600,46
CVRP,4,tiny-4-203006,203006,1,dwave_sa,coefficient_scaled_linear,0,,291.0,,0,0.005873200003406964,4600,46
CVRP,4,tiny-4-203006,203006,1,openjij_sa,coefficient_scaled_linear,0,,291.0,,0,0.014870300001348369,4600,46
CVRP,4,tiny-4-203006,203006,1,qubo_sa,penalty_scaled_geometric,0,,291.0,,0,0.07217680000030668,4600,46
CVRP,4,tiny-4-203006,203006,1,dwave_sa,penalty_scaled_geometric,0,,291.0,,0,0.005371900006139185,4600,46
CVRP,4,tiny-4-203006,203006,1,openjij_sa,penalty_scaled_geometric,0,,291.0,,0,0.012368999996397179,4600,46
CVRP,4,tiny-4-203006,203006,1,vrp_sa,wall_clock,1,291.0,291.0,0.0,1,0.2001098999971873,6870,
CVRP,4,tiny-4-203006,203006,1,ortools,wall_clock,1,291.0,291.0,0.0,1,0.20124500000383705,,
CVRP,4,tiny-4-203006,203006,1,exact_small,proven,1,291.0,291.0,0.0,1,0.014263899996876717,,
CVRP,4,tiny-4-203006,203006,2,qubo_sa,coefficient_scaled_linear,0,,291.0,,0,0.0675312000021222,4600,46
CVRP,4,tiny-4-203006,203006,2,dwave_sa,coefficient_scaled_linear,0,,291.0,,0,0.004978400000254624,4600,46
CVRP,4,tiny-4-203006,203006,2,openjij_sa,coefficient_scaled_linear,0,,291.0,,0,0.012297699999180622,4600,46
CVRP,4,tiny-4-203006,203006,2,qubo_sa,penalty_scaled_geometric,0,,291.0,,0,0.06754659999569412,4600,46
CVRP,4,tiny-4-203006,203006,2,dwave_sa,penalty_scaled_geometric,0,,291.0,,0,0.005212099997152109,4600,46
CVRP,4,tiny-4-203006,203006,2,openjij_sa,penalty_scaled_geometric,0,,291.0,,0,0.012029299999994691,4600,46
CVRP,4,tiny-4-203006,203006,2,vrp_sa,wall_clock,1,291.0,291.0,0.0,1,0.20005359999777284,5429,
CVRP,4,tiny-4-203006,203006,2,ortools,wall_clock,1,291.0,291.0,0.0,1,0.2014735999982804,,
CVRP,4,tiny-4-203006,203006,2,exact_small,proven,1,291.0,291.0,0.0,1,0.014263899996876717,,
CVRP,4,tiny-4-203006,203006,3,qubo_sa,coefficient_scaled_linear,0,,291.0,,0,0.06689949999417877,4600,46
CVRP,4,tiny-4-203006,203006,3,dwave_sa,coefficient_scaled_linear,0,,291.0,,0,0.005018900003051385,4600,46
CVRP,4,tiny-4-203006,203006,3,openjij_sa,coefficient_scaled_linear,0,,291.0,,0,0.01238300000113668,4600,46
CVRP,4,tiny-4-203006,203006,3,qubo_sa,penalty_scaled_geometric,0,,291.0,,0,0.08026139999856241,4600,46
CVRP,4,tiny-4-203006,203006,3,dwave_sa,penalty_scaled_geometric,0,,291.0,,0,0.00504479999653995,4600,46
CVRP,4,tiny-4-203006,203006,3,openjij_sa,penalty_scaled_geometric,0,,291.0,,0,0.011842199994134717,4600,46
CVRP,4,tiny-4-203006,203006,3,vrp_sa,wall_clock,1,291.0,291.0,0.0,1,0.2000549999938812,5524,
CVRP,4,tiny-4-203006,203006,3,ortools,wall_clock,1,291.0,291.0,0.0,1,0.20153099999879487,,
CVRP,4,tiny-4-203006,203006,3,exact_small,proven,1,291.0,291.0,0.0,1,0.014263899996876717,,
CVRP,4,tiny-4-203006,203006,4,qubo_sa,coefficient_scaled_linear,0,,291.0,,0,0.06368559999827994,4600,46
CVRP,4,tiny-4-203006,203006,4,dwave_sa,coefficient_scaled_linear,0,,291.0,,0,0.005011399996874388,4600,46
CVRP,4,tiny-4-203006,203006,4,openjij_sa,coefficient_scaled_linear,0,,291.0,,0,0.011807599999883678,4600,46
CVRP,4,tiny-4-203006,203006,4,qubo_sa,penalty_scaled_geometric,1,291.0,291.0,0.0,1,0.06544630000280449,4600,46
CVRP,4,tiny-4-203006,203006,4,dwave_sa,penalty_scaled_geometric,0,,291.0,,0,0.0049343999999109656,4600,46
CVRP,4,tiny-4-203006,203006,4,openjij_sa,penalty_scaled_geometric,0,,291.0,,0,0.012030700003379025,4600,46
CVRP,4,tiny-4-203006,203006,4,vrp_sa,wall_clock,1,291.0,291.0,0.0,1,0.20005379999929573,5413,
CVRP,4,tiny-4-203006,203006,4,ortools,wall_clock,1,291.0,291.0,0.0,1,0.20156300000235206,,
CVRP,4,tiny-4-203006,203006,4,exact_small,proven,1,291.0,291.0,0.0,1,0.014263899996876717,,
CVRP,4,tiny-4-203006,203006,5,qubo_sa,coefficient_scaled_linear,0,,291.0,,0,0.06794769999396522,4600,46
CVRP,4,tiny-4-203006,203006,5,dwave_sa,coefficient_scaled_linear,0,,291.0,,0,0.005205499997828156,4600,46
CVRP,4,tiny-4-203006,203006,5,openjij_sa,coefficient_scaled_linear,0,,291.0,,0,0.012049800003296696,4600,46
CVRP,4,tiny-4-203006,203006,5,qubo_sa,penalty_scaled_geometric,0,,291.0,,0,0.06661280000116676,4600,46
CVRP,4,tiny-4-203006,203006,5,dwave_sa,penalty_scaled_geometric,0,,291.0,,0,0.00497489999543177,4600,46
CVRP,4,tiny-4-203006,203006,5,openjij_sa,penalty_scaled_geometric,0,,291.0,,0,0.012403199994878378,4600,46
CVRP,4,tiny-4-203006,203006,5,vrp_sa,wall_clock,1,291.0,291.0,0.0,1,0.20004109999717912,5438,
CVRP,4,tiny-4-203006,203006,5,ortools,wall_clock,1,291.0,291.0,0.0,1,0.20056489999842597,,
CVRP,4,tiny-4-203006,203006,5,exact_small,proven,1,291.0,291.0,0.0,1,0.014263899996876717,,
CVRP,4,tiny-4-203006,203006,6,qubo_sa,coefficient_scaled_linear,0,,291.0,,0,0.06447239999397425,4600,46
CVRP,4,tiny-4-203006,203006,6,dwave_sa,coefficient_scaled_linear,0,,291.0,,0,0.004979800003638957,4600,46
CVRP,4,tiny-4-203006,203006,6,openjij_sa,coefficient_scaled_linear,0,,291.0,,0,0.011496400002215523,4600,46
CVRP,4,tiny-4-203006,203006,6,qubo_sa,penalty_scaled_geometric,0,,291.0,,0,0.06553999999596272,4600,46
CVRP,4,tiny-4-203006,203006,6,dwave_sa,penalty_scaled_geometric,0,,291.0,,0,0.0049996000016108155,4600,46
CVRP,4,tiny-4-203006,203006,6,openjij_sa,penalty_scaled_geometric,0,,291.0,,0,0.012128099995607045,4600,46
CVRP,4,tiny-4-203006,203006,6,vrp_sa,wall_clock,1,291.0,291.0,0.0,1,0.20005469999887282,5370,
CVRP,4,tiny-4-203006,203006,6,ortools,wall_clock,1,291.0,291.0,0.0,1,0.20154639999964274,,
CVRP,4,tiny-4-203006,203006,6,exact_small,proven,1,291.0,291.0,0.0,1,0.014263899996876717,,
CVRP,4,tiny-4-203006,203006,7,qubo_sa,coefficient_scaled_linear,0,,291.0,,0,0.06692000000475673,4600,46
CVRP,4,tiny-4-203006,203006,7,dwave_sa,coefficient_scaled_linear,0,,291.0,,0,0.005040500000177417,4600,46
CVRP,4,tiny-4-203006,203006,7,openjij_sa,coefficient_scaled_linear,0,,291.0,,0,0.011797500003012829,4600,46
CVRP,4,tiny-4-203006,203006,7,qubo_sa,penalty_scaled_geometric,0,,291.0,,0,0.06626720000349451,4600,46
CVRP,4,tiny-4-203006,203006,7,dwave_sa,penalty_scaled_geometric,0,,291.0,,0,0.004973700000846293,4600,46
CVRP,4,tiny-4-203006,203006,7,openjij_sa,penalty_scaled_geometric,0,,291.0,,0,0.01177330000064103,4600,46
CVRP,4,tiny-4-203006,203006,7,vrp_sa,wall_clock,1,291.0,291.0,0.0,1,0.20003279999946244,5210,
CVRP,4,tiny-4-203006,203006,7,ortools,wall_clock,1,291.0,291.0,0.0,1,0.2016753999996581,,
CVRP,4,tiny-4-203006,203006,7,exact_small,proven,1,291.0,291.0,0.0,1,0.014263899996876717,,
CVRP,4,tiny-4-203006,203006,8,qubo_sa,coefficient_scaled_linear,0,,291.0,,0,0.06855680000444409,4600,46
CVRP,4,tiny-4-203006,203006,8,dwave_sa,coefficient_scaled_linear,0,,291.0,,0,0.005060299998149276,4600,46
CVRP,4,tiny-4-203006,203006,8,openjij_sa,coefficient_scaled_linear,0,,291.0,,0,0.011939999996684492,4600,46
CVRP,4,tiny-4-203006,203006,8,qubo_sa,penalty_scaled_geometric,0,,291.0,,0,0.06748510000034003,4600,46
CVRP,4,tiny-4-203006,203006,8,dwave_sa,penalty_scaled_geometric,0,,291.0,,0,0.0047818000020924956,4600,46
CVRP,4,tiny-4-203006,203006,8,openjij_sa,penalty_scaled_geometric,0,,291.0,,0,0.012067300005583093,4600,46
CVRP,4,tiny-4-203006,203006,8,vrp_sa,wall_clock,1,291.0,291.0,0.0,1,0.20006629999988945,5300,
CVRP,4,tiny-4-203006,203006,8,ortools,wall_clock,1,291.0,291.0,0.0,1,0.20085159999871394,,
CVRP,4,tiny-4-203006,203006,8,exact_small,proven,1,291.0,291.0,0.0,1,0.014263899996876717,,
CVRP,4,tiny-4-203006,203006,9,qubo_sa,coefficient_scaled_linear,0,,291.0,,0,0.06612989999848651,4600,46
CVRP,4,tiny-4-203006,203006,9,dwave_sa,coefficient_scaled_linear,0,,291.0,,0,0.005072699997981545,4600,46
CVRP,4,tiny-4-203006,203006,9,openjij_sa,coefficient_scaled_linear,0,,291.0,,0,0.013089799998851959,4600,46
CVRP,4,tiny-4-203006,203006,9,qubo_sa,penalty_scaled_geometric,0,,291.0,,0,0.06687950000195997,4600,46
CVRP,4,tiny-4-203006,203006,9,dwave_sa,penalty_scaled_geometric,0,,291.0,,0,0.005567299995163921,4600,46
CVRP,4,tiny-4-203006,203006,9,openjij_sa,penalty_scaled_geometric,0,,291.0,,0,0.012045199997373857,4600,46
CVRP,4,tiny-4-203006,203006,9,vrp_sa,wall_clock,1,291.0,291.0,0.0,1,0.20004530000005616,5346,
CVRP,4,tiny-4-203006,203006,9,ortools,wall_clock,1,291.0,291.0,0.0,1,0.2014238000047044,,
CVRP,4,tiny-4-203006,203006,9,exact_small,proven,1,291.0,291.0,0.0,1,0.014263899996876717,,
CVRP,4,tiny-4-203007,203007,0,qubo_sa,coefficient_scaled_linear,0,,253.0,,0,0.06463929999881657,4600,46
CVRP,4,tiny-4-203007,203007,0,dwave_sa,coefficient_scaled_linear,0,,253.0,,0,0.00514600000315113,4600,46
CVRP,4,tiny-4-203007,203007,0,openjij_sa,coefficient_scaled_linear,0,,253.0,,0,0.011829299997771159,4600,46
CVRP,4,tiny-4-203007,203007,0,qubo_sa,penalty_scaled_geometric,0,,253.0,,0,0.0661268999974709,4600,46
CVRP,4,tiny-4-203007,203007,0,dwave_sa,penalty_scaled_geometric,0,,253.0,,0,0.004852799997024704,4600,46
CVRP,4,tiny-4-203007,203007,0,openjij_sa,penalty_scaled_geometric,0,,253.0,,0,0.011817999999038875,4600,46
CVRP,4,tiny-4-203007,203007,0,vrp_sa,wall_clock,1,253.0,253.0,0.0,1,0.20006999999895925,3264,
CVRP,4,tiny-4-203007,203007,0,ortools,wall_clock,1,253.0,253.0,0.0,1,0.20153679999930318,,
CVRP,4,tiny-4-203007,203007,0,exact_small,proven,1,253.0,253.0,0.0,1,0.013793099999020342,,
CVRP,4,tiny-4-203007,203007,1,qubo_sa,coefficient_scaled_linear,0,,253.0,,0,0.06615510000119684,4600,46
CVRP,4,tiny-4-203007,203007,1,dwave_sa,coefficient_scaled_linear,0,,253.0,,0,0.005430900004284922,4600,46
CVRP,4,tiny-4-203007,203007,1,openjij_sa,coefficient_scaled_linear,0,,253.0,,0,0.012060499997460283,4600,46
CVRP,4,tiny-4-203007,203007,1,qubo_sa,penalty_scaled_geometric,0,,253.0,,0,0.0669188000028953,4600,46
CVRP,4,tiny-4-203007,203007,1,dwave_sa,penalty_scaled_geometric,0,,253.0,,0,0.004950300004566088,4600,46
CVRP,4,tiny-4-203007,203007,1,openjij_sa,penalty_scaled_geometric,0,,253.0,,0,0.012110200004826766,4600,46
CVRP,4,tiny-4-203007,203007,1,vrp_sa,wall_clock,1,253.0,253.0,0.0,1,0.2000938999990467,2964,
CVRP,4,tiny-4-203007,203007,1,ortools,wall_clock,1,253.0,253.0,0.0,1,0.20054420000087703,,
CVRP,4,tiny-4-203007,203007,1,exact_small,proven,1,253.0,253.0,0.0,1,0.013793099999020342,,
CVRP,4,tiny-4-203007,203007,2,qubo_sa,coefficient_scaled_linear,0,,253.0,,0,0.06512440000369679,4600,46
CVRP,4,tiny-4-203007,203007,2,dwave_sa,coefficient_scaled_linear,0,,253.0,,0,0.005519900005310774,4600,46
CVRP,4,tiny-4-203007,203007,2,openjij_sa,coefficient_scaled_linear,0,,253.0,,0,0.011317199998302385,4600,46
CVRP,4,tiny-4-203007,203007,2,qubo_sa,penalty_scaled_geometric,0,,253.0,,0,0.06933510000089882,4600,46
CVRP,4,tiny-4-203007,203007,2,dwave_sa,penalty_scaled_geometric,0,,253.0,,0,0.00544159999844851,4600,46
CVRP,4,tiny-4-203007,203007,2,openjij_sa,penalty_scaled_geometric,0,,253.0,,0,0.011762899994209874,4600,46
CVRP,4,tiny-4-203007,203007,2,vrp_sa,wall_clock,1,253.0,253.0,0.0,1,0.20002540000132285,3232,
CVRP,4,tiny-4-203007,203007,2,ortools,wall_clock,1,253.0,253.0,0.0,1,0.2005667999983416,,
CVRP,4,tiny-4-203007,203007,2,exact_small,proven,1,253.0,253.0,0.0,1,0.013793099999020342,,
CVRP,4,tiny-4-203007,203007,3,qubo_sa,coefficient_scaled_linear,0,,253.0,,0,0.07014019999769516,4600,46
CVRP,4,tiny-4-203007,203007,3,dwave_sa,coefficient_scaled_linear,0,,253.0,,0,0.005137200001627207,4600,46
CVRP,4,tiny-4-203007,203007,3,openjij_sa,coefficient_scaled_linear,0,,253.0,,0,0.012345900002401322,4600,46
CVRP,4,tiny-4-203007,203007,3,qubo_sa,penalty_scaled_geometric,1,436.0,253.0,72.33201581027669,0,0.06715569999505533,4600,46
CVRP,4,tiny-4-203007,203007,3,dwave_sa,penalty_scaled_geometric,0,,253.0,,0,0.005247599998256192,4600,46
CVRP,4,tiny-4-203007,203007,3,openjij_sa,penalty_scaled_geometric,0,,253.0,,0,0.011267100002442021,4600,46
CVRP,4,tiny-4-203007,203007,3,vrp_sa,wall_clock,1,253.0,253.0,0.0,1,0.20006950000242796,2801,
CVRP,4,tiny-4-203007,203007,3,ortools,wall_clock,1,253.0,253.0,0.0,1,0.20150940000166884,,
CVRP,4,tiny-4-203007,203007,3,exact_small,proven,1,253.0,253.0,0.0,1,0.013793099999020342,,
CVRP,4,tiny-4-203007,203007,4,qubo_sa,coefficient_scaled_linear,0,,253.0,,0,0.06282869999995455,4600,46
CVRP,4,tiny-4-203007,203007,4,dwave_sa,coefficient_scaled_linear,0,,253.0,,0,0.005076599998574238,4600,46
CVRP,4,tiny-4-203007,203007,4,openjij_sa,coefficient_scaled_linear,0,,253.0,,0,0.012274199994863011,4600,46
CVRP,4,tiny-4-203007,203007,4,qubo_sa,penalty_scaled_geometric,0,,253.0,,0,0.06683639999391744,4600,46
CVRP,4,tiny-4-203007,203007,4,dwave_sa,penalty_scaled_geometric,0,,253.0,,0,0.005279500001051929,4600,46
CVRP,4,tiny-4-203007,203007,4,openjij_sa,penalty_scaled_geometric,0,,253.0,,0,0.013270200004626531,4600,46
CVRP,4,tiny-4-203007,203007,4,vrp_sa,wall_clock,1,253.0,253.0,0.0,1,0.20010259999980917,3145,
CVRP,4,tiny-4-203007,203007,4,ortools,wall_clock,1,253.0,253.0,0.0,1,0.20141660000081174,,
CVRP,4,tiny-4-203007,203007,4,exact_small,proven,1,253.0,253.0,0.0,1,0.013793099999020342,,
CVRP,4,tiny-4-203007,203007,5,qubo_sa,coefficient_scaled_linear,0,,253.0,,0,0.06625209999765502,4600,46
CVRP,4,tiny-4-203007,203007,5,dwave_sa,coefficient_scaled_linear,0,,253.0,,0,0.005175500002223998,4600,46
CVRP,4,tiny-4-203007,203007,5,openjij_sa,coefficient_scaled_linear,0,,253.0,,0,0.01268069999787258,4600,46
CVRP,4,tiny-4-203007,203007,5,qubo_sa,penalty_scaled_geometric,0,,253.0,,0,0.06881359999533743,4600,46
CVRP,4,tiny-4-203007,203007,5,dwave_sa,penalty_scaled_geometric,0,,253.0,,0,0.0054103000002214685,4600,46
CVRP,4,tiny-4-203007,203007,5,openjij_sa,penalty_scaled_geometric,0,,253.0,,0,0.012167900000349618,4600,46
CVRP,4,tiny-4-203007,203007,5,vrp_sa,wall_clock,1,253.0,253.0,0.0,1,0.20003800000267802,3206,
CVRP,4,tiny-4-203007,203007,5,ortools,wall_clock,1,253.0,253.0,0.0,1,0.20138130000123056,,
CVRP,4,tiny-4-203007,203007,5,exact_small,proven,1,253.0,253.0,0.0,1,0.013793099999020342,,
CVRP,4,tiny-4-203007,203007,6,qubo_sa,coefficient_scaled_linear,0,,253.0,,0,0.06585389999963809,4600,46
CVRP,4,tiny-4-203007,203007,6,dwave_sa,coefficient_scaled_linear,0,,253.0,,0,0.0053383000049507245,4600,46
CVRP,4,tiny-4-203007,203007,6,openjij_sa,coefficient_scaled_linear,0,,253.0,,0,0.011963500001002103,4600,46
CVRP,4,tiny-4-203007,203007,6,qubo_sa,penalty_scaled_geometric,0,,253.0,,0,0.0692951000019093,4600,46
CVRP,4,tiny-4-203007,203007,6,dwave_sa,penalty_scaled_geometric,0,,253.0,,0,0.006742600002326071,4600,46
CVRP,4,tiny-4-203007,203007,6,openjij_sa,penalty_scaled_geometric,0,,253.0,,0,0.012345600000116974,4600,46
CVRP,4,tiny-4-203007,203007,6,vrp_sa,wall_clock,1,253.0,253.0,0.0,1,0.20002519999979995,3237,
CVRP,4,tiny-4-203007,203007,6,ortools,wall_clock,1,253.0,253.0,0.0,1,0.20144450000225333,,
CVRP,4,tiny-4-203007,203007,6,exact_small,proven,1,253.0,253.0,0.0,1,0.013793099999020342,,
CVRP,4,tiny-4-203007,203007,7,qubo_sa,coefficient_scaled_linear,0,,253.0,,0,0.06413439999596449,4600,46
CVRP,4,tiny-4-203007,203007,7,dwave_sa,coefficient_scaled_linear,0,,253.0,,0,0.005052699998486787,4600,46
CVRP,4,tiny-4-203007,203007,7,openjij_sa,coefficient_scaled_linear,0,,253.0,,0,0.012385300004098099,4600,46
CVRP,4,tiny-4-203007,203007,7,qubo_sa,penalty_scaled_geometric,0,,253.0,,0,0.06862379999802215,4600,46
CVRP,4,tiny-4-203007,203007,7,dwave_sa,penalty_scaled_geometric,0,,253.0,,0,0.0049776000014389865,4600,46
CVRP,4,tiny-4-203007,203007,7,openjij_sa,penalty_scaled_geometric,0,,253.0,,0,0.011790999997174367,4600,46
CVRP,4,tiny-4-203007,203007,7,vrp_sa,wall_clock,1,253.0,253.0,0.0,1,0.20017430000007153,3515,
CVRP,4,tiny-4-203007,203007,7,ortools,wall_clock,1,253.0,253.0,0.0,1,0.20060999999986961,,
CVRP,4,tiny-4-203007,203007,7,exact_small,proven,1,253.0,253.0,0.0,1,0.013793099999020342,,
CVRP,4,tiny-4-203007,203007,8,qubo_sa,coefficient_scaled_linear,0,,253.0,,0,0.0657714000044507,4600,46
CVRP,4,tiny-4-203007,203007,8,dwave_sa,coefficient_scaled_linear,0,,253.0,,0,0.005032000000937842,4600,46
CVRP,4,tiny-4-203007,203007,8,openjij_sa,coefficient_scaled_linear,0,,253.0,,0,0.011941700002353173,4600,46
CVRP,4,tiny-4-203007,203007,8,qubo_sa,penalty_scaled_geometric,1,352.0,253.0,39.13043478260869,0,0.06714650000503752,4600,46
CVRP,4,tiny-4-203007,203007,8,dwave_sa,penalty_scaled_geometric,1,255.0,253.0,0.7905138339920903,0,0.005012000001443084,4600,46
CVRP,4,tiny-4-203007,203007,8,openjij_sa,penalty_scaled_geometric,0,,253.0,,0,0.01163980000274023,4600,46
CVRP,4,tiny-4-203007,203007,8,vrp_sa,wall_clock,1,253.0,253.0,0.0,1,0.2000735999972676,3135,
CVRP,4,tiny-4-203007,203007,8,ortools,wall_clock,1,253.0,253.0,0.0,1,0.20071150000148918,,
CVRP,4,tiny-4-203007,203007,8,exact_small,proven,1,253.0,253.0,0.0,1,0.013793099999020342,,
CVRP,4,tiny-4-203007,203007,9,qubo_sa,coefficient_scaled_linear,0,,253.0,,0,0.06556619999901159,4600,46
CVRP,4,tiny-4-203007,203007,9,dwave_sa,coefficient_scaled_linear,0,,253.0,,0,0.0050818999952753074,4600,46
CVRP,4,tiny-4-203007,203007,9,openjij_sa,coefficient_scaled_linear,0,,253.0,,0,0.011611899994022679,4600,46
CVRP,4,tiny-4-203007,203007,9,qubo_sa,penalty_scaled_geometric,0,,253.0,,0,0.06670149999990826,4600,46
CVRP,4,tiny-4-203007,203007,9,dwave_sa,penalty_scaled_geometric,0,,253.0,,0,0.005179899999347981,4600,46
CVRP,4,tiny-4-203007,203007,9,openjij_sa,penalty_scaled_geometric,0,,253.0,,0,0.011629299995547626,4600,46
CVRP,4,tiny-4-203007,203007,9,vrp_sa,wall_clock,1,253.0,253.0,0.0,1,0.20007520000217482,3301,
CVRP,4,tiny-4-203007,203007,9,ortools,wall_clock,1,253.0,253.0,0.0,1,0.20062320000579348,,
CVRP,4,tiny-4-203007,203007,9,exact_small,proven,1,253.0,253.0,0.0,1,0.013793099999020342,,
CVRP,4,tiny-4-203008,203008,0,qubo_sa,coefficient_scaled_linear,0,,155.0,,0,0.06487780000315979,4600,46
CVRP,4,tiny-4-203008,203008,0,dwave_sa,coefficient_scaled_linear,0,,155.0,,0,0.004830899997614324,4600,46
CVRP,4,tiny-4-203008,203008,0,openjij_sa,coefficient_scaled_linear,0,,155.0,,0,0.01158459999714978,4600,46
CVRP,4,tiny-4-203008,203008,0,qubo_sa,penalty_scaled_geometric,1,164.0,155.0,5.8064516129032295,0,0.06999630000063917,4600,46
CVRP,4,tiny-4-203008,203008,0,dwave_sa,penalty_scaled_geometric,0,,155.0,,0,0.00509819999570027,4600,46
CVRP,4,tiny-4-203008,203008,0,openjij_sa,penalty_scaled_geometric,0,,155.0,,0,0.011853500000142958,4600,46
CVRP,4,tiny-4-203008,203008,0,vrp_sa,wall_clock,1,155.0,155.0,0.0,1,0.2000322000021697,4897,
CVRP,4,tiny-4-203008,203008,0,ortools,wall_clock,1,155.0,155.0,0.0,1,0.20085180000023684,,
CVRP,4,tiny-4-203008,203008,0,exact_small,proven,1,155.0,155.0,0.0,1,0.011535499994351994,,
CVRP,4,tiny-4-203008,203008,1,qubo_sa,coefficient_scaled_linear,0,,155.0,,0,0.06451409999863245,4600,46
CVRP,4,tiny-4-203008,203008,1,dwave_sa,coefficient_scaled_linear,0,,155.0,,0,0.0049875999975483865,4600,46
CVRP,4,tiny-4-203008,203008,1,openjij_sa,coefficient_scaled_linear,0,,155.0,,0,0.012026600001263432,4600,46
CVRP,4,tiny-4-203008,203008,1,qubo_sa,penalty_scaled_geometric,0,,155.0,,0,0.06723429999692598,4600,46
CVRP,4,tiny-4-203008,203008,1,dwave_sa,penalty_scaled_geometric,0,,155.0,,0,0.004898999999568332,4600,46
CVRP,4,tiny-4-203008,203008,1,openjij_sa,penalty_scaled_geometric,0,,155.0,,0,0.011937000002944842,4600,46
CVRP,4,tiny-4-203008,203008,1,vrp_sa,wall_clock,1,155.0,155.0,0.0,1,0.20005200000014156,5254,
CVRP,4,tiny-4-203008,203008,1,ortools,wall_clock,1,155.0,155.0,0.0,1,0.2014634000006481,,
CVRP,4,tiny-4-203008,203008,1,exact_small,proven,1,155.0,155.0,0.0,1,0.011535499994351994,,
CVRP,4,tiny-4-203008,203008,2,qubo_sa,coefficient_scaled_linear,0,,155.0,,0,0.06609559999924386,4600,46
CVRP,4,tiny-4-203008,203008,2,dwave_sa,coefficient_scaled_linear,0,,155.0,,0,0.005123999995703343,4600,46
CVRP,4,tiny-4-203008,203008,2,openjij_sa,coefficient_scaled_linear,0,,155.0,,0,0.011856799996166956,4600,46
CVRP,4,tiny-4-203008,203008,2,qubo_sa,penalty_scaled_geometric,0,,155.0,,0,0.06628880000062054,4600,46
CVRP,4,tiny-4-203008,203008,2,dwave_sa,penalty_scaled_geometric,0,,155.0,,0,0.005758500003139488,4600,46
CVRP,4,tiny-4-203008,203008,2,openjij_sa,penalty_scaled_geometric,0,,155.0,,0,0.01329729999997653,4600,46
CVRP,4,tiny-4-203008,203008,2,vrp_sa,wall_clock,1,155.0,155.0,0.0,1,0.20007150000310503,5492,
CVRP,4,tiny-4-203008,203008,2,ortools,wall_clock,1,155.0,155.0,0.0,1,0.20148239999980433,,
CVRP,4,tiny-4-203008,203008,2,exact_small,proven,1,155.0,155.0,0.0,1,0.011535499994351994,,
CVRP,4,tiny-4-203008,203008,3,qubo_sa,coefficient_scaled_linear,0,,155.0,,0,0.06482970000070054,4600,46
CVRP,4,tiny-4-203008,203008,3,dwave_sa,coefficient_scaled_linear,0,,155.0,,0,0.005055100002209656,4600,46
CVRP,4,tiny-4-203008,203008,3,openjij_sa,coefficient_scaled_linear,0,,155.0,,0,0.012202700003399514,4600,46
CVRP,4,tiny-4-203008,203008,3,qubo_sa,penalty_scaled_geometric,0,,155.0,,0,0.06914210000104504,4600,46
CVRP,4,tiny-4-203008,203008,3,dwave_sa,penalty_scaled_geometric,0,,155.0,,0,0.005269199995382223,4600,46
CVRP,4,tiny-4-203008,203008,3,openjij_sa,penalty_scaled_geometric,0,,155.0,,0,0.012114700002712198,4600,46
CVRP,4,tiny-4-203008,203008,3,vrp_sa,wall_clock,1,155.0,155.0,0.0,1,0.20013979999930598,5399,
CVRP,4,tiny-4-203008,203008,3,ortools,wall_clock,1,155.0,155.0,0.0,1,0.20191410000552423,,
CVRP,4,tiny-4-203008,203008,3,exact_small,proven,1,155.0,155.0,0.0,1,0.011535499994351994,,
CVRP,4,tiny-4-203008,203008,4,qubo_sa,coefficient_scaled_linear,0,,155.0,,0,0.06507029999920633,4600,46
CVRP,4,tiny-4-203008,203008,4,dwave_sa,coefficient_scaled_linear,0,,155.0,,0,0.004586600000038743,4600,46
CVRP,4,tiny-4-203008,203008,4,openjij_sa,coefficient_scaled_linear,0,,155.0,,0,0.01116139999794541,4600,46
CVRP,4,tiny-4-203008,203008,4,qubo_sa,penalty_scaled_geometric,0,,155.0,,0,0.06785600000148406,4600,46
CVRP,4,tiny-4-203008,203008,4,dwave_sa,penalty_scaled_geometric,0,,155.0,,0,0.005102900002384558,4600,46
CVRP,4,tiny-4-203008,203008,4,openjij_sa,penalty_scaled_geometric,0,,155.0,,0,0.014060800000152085,4600,46
CVRP,4,tiny-4-203008,203008,4,vrp_sa,wall_clock,1,155.0,155.0,0.0,1,0.20007690000056755,5603,
CVRP,4,tiny-4-203008,203008,4,ortools,wall_clock,1,155.0,155.0,0.0,1,0.20166999999491964,,
CVRP,4,tiny-4-203008,203008,4,exact_small,proven,1,155.0,155.0,0.0,1,0.011535499994351994,,
CVRP,4,tiny-4-203008,203008,5,qubo_sa,coefficient_scaled_linear,0,,155.0,,0,0.07027980000566458,4600,46
CVRP,4,tiny-4-203008,203008,5,dwave_sa,coefficient_scaled_linear,0,,155.0,,0,0.0051184999974793755,4600,46
CVRP,4,tiny-4-203008,203008,5,openjij_sa,coefficient_scaled_linear,0,,155.0,,0,0.01193980000243755,4600,46
CVRP,4,tiny-4-203008,203008,5,qubo_sa,penalty_scaled_geometric,0,,155.0,,0,0.0666135999999824,4600,46
CVRP,4,tiny-4-203008,203008,5,dwave_sa,penalty_scaled_geometric,0,,155.0,,0,0.004827600001590326,4600,46
CVRP,4,tiny-4-203008,203008,5,openjij_sa,penalty_scaled_geometric,0,,155.0,,0,0.011643199999525677,4600,46
CVRP,4,tiny-4-203008,203008,5,vrp_sa,wall_clock,1,155.0,155.0,0.0,1,0.20004470000276342,5415,
CVRP,4,tiny-4-203008,203008,5,ortools,wall_clock,1,155.0,155.0,0.0,1,0.20051599999715108,,
CVRP,4,tiny-4-203008,203008,5,exact_small,proven,1,155.0,155.0,0.0,1,0.011535499994351994,,
CVRP,4,tiny-4-203008,203008,6,qubo_sa,coefficient_scaled_linear,0,,155.0,,0,0.06638260000181617,4600,46
CVRP,4,tiny-4-203008,203008,6,dwave_sa,coefficient_scaled_linear,0,,155.0,,0,0.005225900000368711,4600,46
CVRP,4,tiny-4-203008,203008,6,openjij_sa,coefficient_scaled_linear,0,,155.0,,0,0.011824200002592988,4600,46
CVRP,4,tiny-4-203008,203008,6,qubo_sa,penalty_scaled_geometric,0,,155.0,,0,0.06702239999867743,4600,46
CVRP,4,tiny-4-203008,203008,6,dwave_sa,penalty_scaled_geometric,1,163.0,155.0,5.161290322580636,0,0.00505640000483254,4600,46
CVRP,4,tiny-4-203008,203008,6,openjij_sa,penalty_scaled_geometric,0,,155.0,,0,0.011865500004205387,4600,46
CVRP,4,tiny-4-203008,203008,6,vrp_sa,wall_clock,1,155.0,155.0,0.0,1,0.20004039999912493,5663,
CVRP,4,tiny-4-203008,203008,6,ortools,wall_clock,1,155.0,155.0,0.0,1,0.20052489999943646,,
CVRP,4,tiny-4-203008,203008,6,exact_small,proven,1,155.0,155.0,0.0,1,0.011535499994351994,,
CVRP,4,tiny-4-203008,203008,7,qubo_sa,coefficient_scaled_linear,0,,155.0,,0,0.06610789999831468,4600,46
CVRP,4,tiny-4-203008,203008,7,dwave_sa,coefficient_scaled_linear,0,,155.0,,0,0.005044300000008661,4600,46
CVRP,4,tiny-4-203008,203008,7,openjij_sa,coefficient_scaled_linear,0,,155.0,,0,0.012067600000591483,4600,46
CVRP,4,tiny-4-203008,203008,7,qubo_sa,penalty_scaled_geometric,1,155.0,155.0,0.0,1,0.06707559999631485,4600,46
CVRP,4,tiny-4-203008,203008,7,dwave_sa,penalty_scaled_geometric,0,,155.0,,0,0.005036300004576333,4600,46
CVRP,4,tiny-4-203008,203008,7,openjij_sa,penalty_scaled_geometric,0,,155.0,,0,0.012008000005153008,4600,46
CVRP,4,tiny-4-203008,203008,7,vrp_sa,wall_clock,1,155.0,155.0,0.0,1,0.20007730000361335,5499,
CVRP,4,tiny-4-203008,203008,7,ortools,wall_clock,1,155.0,155.0,0.0,1,0.20087340000463882,,
CVRP,4,tiny-4-203008,203008,7,exact_small,proven,1,155.0,155.0,0.0,1,0.011535499994351994,,
CVRP,4,tiny-4-203008,203008,8,qubo_sa,coefficient_scaled_linear,0,,155.0,,0,0.06512769999972079,4600,46
CVRP,4,tiny-4-203008,203008,8,dwave_sa,coefficient_scaled_linear,0,,155.0,,0,0.005321199998434167,4600,46
CVRP,4,tiny-4-203008,203008,8,openjij_sa,coefficient_scaled_linear,0,,155.0,,0,0.012286999997741077,4600,46
CVRP,4,tiny-4-203008,203008,8,qubo_sa,penalty_scaled_geometric,0,,155.0,,0,0.0664180999956443,4600,46
CVRP,4,tiny-4-203008,203008,8,dwave_sa,penalty_scaled_geometric,0,,155.0,,0,0.005276500000036322,4600,46
CVRP,4,tiny-4-203008,203008,8,openjij_sa,penalty_scaled_geometric,0,,155.0,,0,0.012444300002243835,4600,46
CVRP,4,tiny-4-203008,203008,8,vrp_sa,wall_clock,1,155.0,155.0,0.0,1,0.20004470000276342,5668,
CVRP,4,tiny-4-203008,203008,8,ortools,wall_clock,1,155.0,155.0,0.0,1,0.20184290000179317,,
CVRP,4,tiny-4-203008,203008,8,exact_small,proven,1,155.0,155.0,0.0,1,0.011535499994351994,,
CVRP,4,tiny-4-203008,203008,9,qubo_sa,coefficient_scaled_linear,0,,155.0,,0,0.07050929999968503,4600,46
CVRP,4,tiny-4-203008,203008,9,dwave_sa,coefficient_scaled_linear,0,,155.0,,0,0.005403900002420414,4600,46
CVRP,4,tiny-4-203008,203008,9,openjij_sa,coefficient_scaled_linear,0,,155.0,,0,0.012642399997275788,4600,46
CVRP,4,tiny-4-203008,203008,9,qubo_sa,penalty_scaled_geometric,0,,155.0,,0,0.07096589999855496,4600,46
CVRP,4,tiny-4-203008,203008,9,dwave_sa,penalty_scaled_geometric,0,,155.0,,0,0.005073000000265893,4600,46
CVRP,4,tiny-4-203008,203008,9,openjij_sa,penalty_scaled_geometric,0,,155.0,,0,0.012806700004148297,4600,46
CVRP,4,tiny-4-203008,203008,9,vrp_sa,wall_clock,1,155.0,155.0,0.0,1,0.2000419000032707,5389,
CVRP,4,tiny-4-203008,203008,9,ortools,wall_clock,1,155.0,155.0,0.0,1,0.20173579999391222,,
CVRP,4,tiny-4-203008,203008,9,exact_small,proven,1,155.0,155.0,0.0,1,0.011535499994351994,,
CVRP,4,tiny-4-203009,203009,0,qubo_sa,coefficient_scaled_linear,0,,266.0,,0,0.06731959999888204,4600,46
CVRP,4,tiny-4-203009,203009,0,dwave_sa,coefficient_scaled_linear,0,,266.0,,0,0.00511190000543138,4600,46
CVRP,4,tiny-4-203009,203009,0,openjij_sa,coefficient_scaled_linear,0,,266.0,,0,0.011711200000718236,4600,46
CVRP,4,tiny-4-203009,203009,0,qubo_sa,penalty_scaled_geometric,1,355.0,266.0,33.458646616541344,0,0.06560100000206148,4600,46
CVRP,4,tiny-4-203009,203009,0,dwave_sa,penalty_scaled_geometric,1,297.0,266.0,11.654135338345872,0,0.005060099996626377,4600,46
CVRP,4,tiny-4-203009,203009,0,openjij_sa,penalty_scaled_geometric,0,,266.0,,0,0.012018699999316595,4600,46
CVRP,4,tiny-4-203009,203009,0,vrp_sa,wall_clock,1,266.0,266.0,0.0,1,0.20006840000132797,3213,
CVRP,4,tiny-4-203009,203009,0,ortools,wall_clock,1,266.0,266.0,0.0,1,0.20149230000242824,,
CVRP,4,tiny-4-203009,203009,0,exact_small,proven,1,266.0,266.0,0.0,1,0.016219099998124875,,
CVRP,4,tiny-4-203009,203009,1,qubo_sa,coefficient_scaled_linear,0,,266.0,,0,0.06845030000113184,4600,46
CVRP,4,tiny-4-203009,203009,1,dwave_sa,coefficient_scaled_linear,0,,266.0,,0,0.005165099995792843,4600,46
CVRP,4,tiny-4-203009,203009,1,openjij_sa,coefficient_scaled_linear,0,,266.0,,0,0.011834199998702388,4600,46
CVRP,4,tiny-4-203009,203009,1,qubo_sa,penalty_scaled_geometric,0,,266.0,,0,0.07779110000410583,4600,46
CVRP,4,tiny-4-203009,203009,1,dwave_sa,penalty_scaled_geometric,0,,266.0,,0,0.005203200002142694,4600,46
CVRP,4,tiny-4-203009,203009,1,openjij_sa,penalty_scaled_geometric,0,,266.0,,0,0.0126105999952415,4600,46
CVRP,4,tiny-4-203009,203009,1,vrp_sa,wall_clock,1,266.0,266.0,0.0,1,0.20002260000183014,3201,
CVRP,4,tiny-4-203009,203009,1,ortools,wall_clock,1,266.0,266.0,0.0,1,0.20145509999565547,,
CVRP,4,tiny-4-203009,203009,1,exact_small,proven,1,266.0,266.0,0.0,1,0.016219099998124875,,
CVRP,4,tiny-4-203009,203009,2,qubo_sa,coefficient_scaled_linear,0,,266.0,,0,0.07577269999455893,4600,46
CVRP,4,tiny-4-203009,203009,2,dwave_sa,coefficient_scaled_linear,0,,266.0,,0,0.005104399999254383,4600,46
CVRP,4,tiny-4-203009,203009,2,openjij_sa,coefficient_scaled_linear,0,,266.0,,0,0.01240440000401577,4600,46
CVRP,4,tiny-4-203009,203009,2,qubo_sa,penalty_scaled_geometric,0,,266.0,,0,0.06747840000025462,4600,46
CVRP,4,tiny-4-203009,203009,2,dwave_sa,penalty_scaled_geometric,0,,266.0,,0,0.004893199999060016,4600,46
CVRP,4,tiny-4-203009,203009,2,openjij_sa,penalty_scaled_geometric,0,,266.0,,0,0.012278300004254561,4600,46
CVRP,4,tiny-4-203009,203009,2,vrp_sa,wall_clock,1,266.0,266.0,0.0,1,0.20008830000006128,3209,
CVRP,4,tiny-4-203009,203009,2,ortools,wall_clock,1,266.0,266.0,0.0,1,0.20178689999738708,,
CVRP,4,tiny-4-203009,203009,2,exact_small,proven,1,266.0,266.0,0.0,1,0.016219099998124875,,
CVRP,4,tiny-4-203009,203009,3,qubo_sa,coefficient_scaled_linear,0,,266.0,,0,0.06661119999625953,4600,46
CVRP,4,tiny-4-203009,203009,3,dwave_sa,coefficient_scaled_linear,0,,266.0,,0,0.005003199999919161,4600,46
CVRP,4,tiny-4-203009,203009,3,openjij_sa,coefficient_scaled_linear,0,,266.0,,0,0.011963400000240654,4600,46
CVRP,4,tiny-4-203009,203009,3,qubo_sa,penalty_scaled_geometric,0,,266.0,,0,0.06669099999999162,4600,46
CVRP,4,tiny-4-203009,203009,3,dwave_sa,penalty_scaled_geometric,0,,266.0,,0,0.005025099999329541,4600,46
CVRP,4,tiny-4-203009,203009,3,openjij_sa,penalty_scaled_geometric,0,,266.0,,0,0.011720000002242159,4600,46
CVRP,4,tiny-4-203009,203009,3,vrp_sa,wall_clock,1,266.0,266.0,0.0,1,0.2000756999987061,3230,
CVRP,4,tiny-4-203009,203009,3,ortools,wall_clock,1,266.0,266.0,0.0,1,0.20086820000142325,,
CVRP,4,tiny-4-203009,203009,3,exact_small,proven,1,266.0,266.0,0.0,1,0.016219099998124875,,
CVRP,4,tiny-4-203009,203009,4,qubo_sa,coefficient_scaled_linear,0,,266.0,,0,0.06441600000107428,4600,46
CVRP,4,tiny-4-203009,203009,4,dwave_sa,coefficient_scaled_linear,0,,266.0,,0,0.0063262999974540435,4600,46
CVRP,4,tiny-4-203009,203009,4,openjij_sa,coefficient_scaled_linear,0,,266.0,,0,0.012380899999698158,4600,46
CVRP,4,tiny-4-203009,203009,4,qubo_sa,penalty_scaled_geometric,0,,266.0,,0,0.06606990000000224,4600,46
CVRP,4,tiny-4-203009,203009,4,dwave_sa,penalty_scaled_geometric,0,,266.0,,0,0.005011699999158736,4600,46
CVRP,4,tiny-4-203009,203009,4,openjij_sa,penalty_scaled_geometric,0,,266.0,,0,0.011868599998706486,4600,46
CVRP,4,tiny-4-203009,203009,4,vrp_sa,wall_clock,1,266.0,266.0,0.0,1,0.20006569999532076,3169,
CVRP,4,tiny-4-203009,203009,4,ortools,wall_clock,1,266.0,266.0,0.0,1,0.20142159999522846,,
CVRP,4,tiny-4-203009,203009,4,exact_small,proven,1,266.0,266.0,0.0,1,0.016219099998124875,,
CVRP,4,tiny-4-203009,203009,5,qubo_sa,coefficient_scaled_linear,0,,266.0,,0,0.06497980000131065,4600,46
CVRP,4,tiny-4-203009,203009,5,dwave_sa,coefficient_scaled_linear,0,,266.0,,0,0.005127999997057486,4600,46
CVRP,4,tiny-4-203009,203009,5,openjij_sa,coefficient_scaled_linear,0,,266.0,,0,0.011769100005039945,4600,46
CVRP,4,tiny-4-203009,203009,5,qubo_sa,penalty_scaled_geometric,0,,266.0,,0,0.06528010000329232,4600,46
CVRP,4,tiny-4-203009,203009,5,dwave_sa,penalty_scaled_geometric,0,,266.0,,0,0.0049486999996588565,4600,46
CVRP,4,tiny-4-203009,203009,5,openjij_sa,penalty_scaled_geometric,0,,266.0,,0,0.011537699996551964,4600,46
CVRP,4,tiny-4-203009,203009,5,vrp_sa,wall_clock,1,266.0,266.0,0.0,1,0.2000774000043748,3197,
CVRP,4,tiny-4-203009,203009,5,ortools,wall_clock,1,266.0,266.0,0.0,1,0.20144060000166064,,
CVRP,4,tiny-4-203009,203009,5,exact_small,proven,1,266.0,266.0,0.0,1,0.016219099998124875,,
CVRP,4,tiny-4-203009,203009,6,qubo_sa,coefficient_scaled_linear,0,,266.0,,0,0.06999090000317665,4600,46
CVRP,4,tiny-4-203009,203009,6,dwave_sa,coefficient_scaled_linear,0,,266.0,,0,0.005087300000013784,4600,46
CVRP,4,tiny-4-203009,203009,6,openjij_sa,coefficient_scaled_linear,0,,266.0,,0,0.011877700002514757,4600,46
CVRP,4,tiny-4-203009,203009,6,qubo_sa,penalty_scaled_geometric,0,,266.0,,0,0.06641440000385046,4600,46
CVRP,4,tiny-4-203009,203009,6,dwave_sa,penalty_scaled_geometric,1,356.0,266.0,33.83458646616542,0,0.00515599999926053,4600,46
CVRP,4,tiny-4-203009,203009,6,openjij_sa,penalty_scaled_geometric,0,,266.0,,0,0.012810200001695193,4600,46
CVRP,4,tiny-4-203009,203009,6,vrp_sa,wall_clock,1,266.0,266.0,0.0,1,0.20002269999531563,3239,
CVRP,4,tiny-4-203009,203009,6,ortools,wall_clock,1,266.0,266.0,0.0,1,0.2014753000039491,,
CVRP,4,tiny-4-203009,203009,6,exact_small,proven,1,266.0,266.0,0.0,1,0.016219099998124875,,
CVRP,4,tiny-4-203009,203009,7,qubo_sa,coefficient_scaled_linear,0,,266.0,,0,0.06484739999723388,4600,46
CVRP,4,tiny-4-203009,203009,7,dwave_sa,coefficient_scaled_linear,0,,266.0,,0,0.005006300001696218,4600,46
CVRP,4,tiny-4-203009,203009,7,openjij_sa,coefficient_scaled_linear,0,,266.0,,0,0.012042800000926945,4600,46
CVRP,4,tiny-4-203009,203009,7,qubo_sa,penalty_scaled_geometric,0,,266.0,,0,0.06747299999551615,4600,46
CVRP,4,tiny-4-203009,203009,7,dwave_sa,penalty_scaled_geometric,0,,266.0,,0,0.010741899997810833,4600,46
CVRP,4,tiny-4-203009,203009,7,openjij_sa,penalty_scaled_geometric,0,,266.0,,0,0.014741799997864291,4600,46
CVRP,4,tiny-4-203009,203009,7,vrp_sa,wall_clock,1,266.0,266.0,0.0,1,0.20006890000513522,3100,
CVRP,4,tiny-4-203009,203009,7,ortools,wall_clock,1,266.0,266.0,0.0,1,0.2018157999991672,,
CVRP,4,tiny-4-203009,203009,7,exact_small,proven,1,266.0,266.0,0.0,1,0.016219099998124875,,
CVRP,4,tiny-4-203009,203009,8,qubo_sa,coefficient_scaled_linear,0,,266.0,,0,0.06459520000498742,4600,46
CVRP,4,tiny-4-203009,203009,8,dwave_sa,coefficient_scaled_linear,0,,266.0,,0,0.005023699995945208,4600,46
CVRP,4,tiny-4-203009,203009,8,openjij_sa,coefficient_scaled_linear,0,,266.0,,0,0.012022700000670739,4600,46
CVRP,4,tiny-4-203009,203009,8,qubo_sa,penalty_scaled_geometric,1,297.0,266.0,11.654135338345872,0,0.06718060000275727,4600,46
CVRP,4,tiny-4-203009,203009,8,dwave_sa,penalty_scaled_geometric,1,365.0,266.0,37.21804511278195,0,0.0051565000030677766,4600,46
CVRP,4,tiny-4-203009,203009,8,openjij_sa,penalty_scaled_geometric,1,297.0,266.0,11.654135338345872,0,0.01208579999365611,4600,46
CVRP,4,tiny-4-203009,203009,8,vrp_sa,wall_clock,1,266.0,266.0,0.0,1,0.2000320999941323,3092,
CVRP,4,tiny-4-203009,203009,8,ortools,wall_clock,1,266.0,266.0,0.0,1,0.20048799999494804,,
CVRP,4,tiny-4-203009,203009,8,exact_small,proven,1,266.0,266.0,0.0,1,0.016219099998124875,,
CVRP,4,tiny-4-203009,203009,9,qubo_sa,coefficient_scaled_linear,0,,266.0,,0,0.019904699998733122,4600,46
CVRP,4,tiny-4-203009,203009,9,dwave_sa,coefficient_scaled_linear,0,,266.0,,0,0.002297299994097557,4600,46
CVRP,4,tiny-4-203009,203009,9,openjij_sa,coefficient_scaled_linear,0,,266.0,,0,0.004747700004372746,4600,46
CVRP,4,tiny-4-203009,203009,9,qubo_sa,penalty_scaled_geometric,0,,266.0,,0,0.017184399999678135,4600,46
CVRP,4,tiny-4-203009,203009,9,dwave_sa,penalty_scaled_geometric,0,,266.0,,0,0.0021272999947541393,4600,46
CVRP,4,tiny-4-203009,203009,9,openjij_sa,penalty_scaled_geometric,0,,266.0,,0,0.00455629999487428,4600,46
CVRP,4,tiny-4-203009,203009,9,vrp_sa,wall_clock,1,266.0,266.0,0.0,1,0.20006479999574367,4096,
CVRP,4,tiny-4-203009,203009,9,ortools,wall_clock,1,266.0,266.0,0.0,1,0.20159520000015618,,
CVRP,4,tiny-4-203009,203009,9,exact_small,proven,1,266.0,266.0,0.0,1,0.016219099998124875,,
CVRP,5,tiny-5-203000,203000,0,qubo_sa,coefficient_scaled_linear,0,,314.0,,0,0.09618600000248989,6600,66
CVRP,5,tiny-5-203000,203000,0,dwave_sa,coefficient_scaled_linear,0,,314.0,,0,0.008790300002146978,6600,66
CVRP,5,tiny-5-203000,203000,0,openjij_sa,coefficient_scaled_linear,0,,314.0,,0,0.024824600004649255,6600,66
CVRP,5,tiny-5-203000,203000,0,qubo_sa,penalty_scaled_geometric,0,,314.0,,0,0.09675089999655029,6600,66
CVRP,5,tiny-5-203000,203000,0,dwave_sa,penalty_scaled_geometric,0,,314.0,,0,0.008791699998255353,6600,66
CVRP,5,tiny-5-203000,203000,0,openjij_sa,penalty_scaled_geometric,0,,314.0,,0,0.021130300003278535,6600,66
CVRP,5,tiny-5-203000,203000,0,vrp_sa,wall_clock,1,314.0,314.0,0.0,1,0.20006120000471128,4191,
CVRP,5,tiny-5-203000,203000,0,ortools,wall_clock,1,314.0,314.0,0.0,1,0.20142560000385856,,
CVRP,5,tiny-5-203000,203000,0,exact_small,proven,1,314.0,314.0,0.0,1,0.0393571000022348,,
CVRP,5,tiny-5-203000,203000,1,qubo_sa,coefficient_scaled_linear,0,,314.0,,0,0.09912799999437993,6600,66
CVRP,5,tiny-5-203000,203000,1,dwave_sa,coefficient_scaled_linear,0,,314.0,,0,0.008537999994587153,6600,66
CVRP,5,tiny-5-203000,203000,1,openjij_sa,coefficient_scaled_linear,0,,314.0,,0,0.021402599995781202,6600,66
CVRP,5,tiny-5-203000,203000,1,qubo_sa,penalty_scaled_geometric,0,,314.0,,0,0.09902519999741344,6600,66
CVRP,5,tiny-5-203000,203000,1,dwave_sa,penalty_scaled_geometric,0,,314.0,,0,0.008478899995679967,6600,66
CVRP,5,tiny-5-203000,203000,1,openjij_sa,penalty_scaled_geometric,0,,314.0,,0,0.02134499999374384,6600,66
CVRP,5,tiny-5-203000,203000,1,vrp_sa,wall_clock,1,314.0,314.0,0.0,1,0.20016669999313308,4039,
CVRP,5,tiny-5-203000,203000,1,ortools,wall_clock,1,314.0,314.0,0.0,1,0.20154059999913443,,
CVRP,5,tiny-5-203000,203000,1,exact_small,proven,1,314.0,314.0,0.0,1,0.0393571000022348,,
CVRP,5,tiny-5-203000,203000,2,qubo_sa,coefficient_scaled_linear,0,,314.0,,0,0.09618079999927431,6600,66
CVRP,5,tiny-5-203000,203000,2,dwave_sa,coefficient_scaled_linear,0,,314.0,,0,0.009148899996944238,6600,66
CVRP,5,tiny-5-203000,203000,2,openjij_sa,coefficient_scaled_linear,0,,314.0,,0,0.021796099994389806,6600,66
CVRP,5,tiny-5-203000,203000,2,qubo_sa,penalty_scaled_geometric,0,,314.0,,0,0.10000859999854583,6600,66
CVRP,5,tiny-5-203000,203000,2,dwave_sa,penalty_scaled_geometric,0,,314.0,,0,0.00843219999660505,6600,66
CVRP,5,tiny-5-203000,203000,2,openjij_sa,penalty_scaled_geometric,0,,314.0,,0,0.02234429999953136,6600,66
CVRP,5,tiny-5-203000,203000,2,vrp_sa,wall_clock,1,314.0,314.0,0.0,1,0.2000776000058977,3739,
CVRP,5,tiny-5-203000,203000,2,ortools,wall_clock,1,314.0,314.0,0.0,1,0.20130670000071405,,
CVRP,5,tiny-5-203000,203000,2,exact_small,proven,1,314.0,314.0,0.0,1,0.0393571000022348,,
CVRP,5,tiny-5-203000,203000,3,qubo_sa,coefficient_scaled_linear,0,,314.0,,0,0.07612759999756236,6600,66
CVRP,5,tiny-5-203000,203000,3,dwave_sa,coefficient_scaled_linear,0,,314.0,,0,0.008462400001008064,6600,66
CVRP,5,tiny-5-203000,203000,3,openjij_sa,coefficient_scaled_linear,0,,314.0,,0,0.021452900000440422,6600,66
CVRP,5,tiny-5-203000,203000,3,qubo_sa,penalty_scaled_geometric,0,,314.0,,0,0.09924879999744007,6600,66
CVRP,5,tiny-5-203000,203000,3,dwave_sa,penalty_scaled_geometric,0,,314.0,,0,0.008500799995090347,6600,66
CVRP,5,tiny-5-203000,203000,3,openjij_sa,penalty_scaled_geometric,0,,314.0,,0,0.021483999997144565,6600,66
CVRP,5,tiny-5-203000,203000,3,vrp_sa,wall_clock,1,314.0,314.0,0.0,1,0.20005939999828115,4183,
CVRP,5,tiny-5-203000,203000,3,ortools,wall_clock,1,314.0,314.0,0.0,1,0.016687800001818687,,
CVRP,5,tiny-5-203000,203000,3,exact_small,proven,1,314.0,314.0,0.0,1,0.0393571000022348,,
CVRP,5,tiny-5-203000,203000,4,qubo_sa,coefficient_scaled_linear,0,,314.0,,0,0.09815709999384126,6600,66
CVRP,5,tiny-5-203000,203000,4,dwave_sa,coefficient_scaled_linear,0,,314.0,,0,0.00880739999411162,6600,66
CVRP,5,tiny-5-203000,203000,4,openjij_sa,coefficient_scaled_linear,0,,314.0,,0,0.02119680000032531,6600,66
CVRP,5,tiny-5-203000,203000,4,qubo_sa,penalty_scaled_geometric,0,,314.0,,0,0.09785589999955846,6600,66
CVRP,5,tiny-5-203000,203000,4,dwave_sa,penalty_scaled_geometric,0,,314.0,,0,0.008585599993239157,6600,66
CVRP,5,tiny-5-203000,203000,4,openjij_sa,penalty_scaled_geometric,0,,314.0,,0,0.02134900000237394,6600,66
CVRP,5,tiny-5-203000,203000,4,vrp_sa,wall_clock,0,,314.0,,0,0.0002936000018962659,,
CVRP,5,tiny-5-203000,203000,4,ortools,wall_clock,1,314.0,314.0,0.0,1,0.20184169999993173,,
CVRP,5,tiny-5-203000,203000,4,exact_small,proven,1,314.0,314.0,0.0,1,0.0393571000022348,,
CVRP,5,tiny-5-203000,203000,5,qubo_sa,coefficient_scaled_linear,0,,314.0,,0,0.09874270000000251,6600,66
CVRP,5,tiny-5-203000,203000,5,dwave_sa,coefficient_scaled_linear,0,,314.0,,0,0.009240999999747146,6600,66
CVRP,5,tiny-5-203000,203000,5,openjij_sa,coefficient_scaled_linear,0,,314.0,,0,0.021409100001619663,6600,66
CVRP,5,tiny-5-203000,203000,5,qubo_sa,penalty_scaled_geometric,0,,314.0,,0,0.09857210000336636,6600,66
CVRP,5,tiny-5-203000,203000,5,dwave_sa,penalty_scaled_geometric,0,,314.0,,0,0.00881449999724282,6600,66
CVRP,5,tiny-5-203000,203000,5,openjij_sa,penalty_scaled_geometric,0,,314.0,,0,0.021179799994570203,6600,66
CVRP,5,tiny-5-203000,203000,5,vrp_sa,wall_clock,1,314.0,314.0,0.0,1,0.20008079999388428,4211,
CVRP,5,tiny-5-203000,203000,5,ortools,wall_clock,1,314.0,314.0,0.0,1,0.2018171000017901,,
CVRP,5,tiny-5-203000,203000,5,exact_small,proven,1,314.0,314.0,0.0,1,0.0393571000022348,,
CVRP,5,tiny-5-203000,203000,6,qubo_sa,coefficient_scaled_linear,0,,314.0,,0,0.09818669999367557,6600,66
CVRP,5,tiny-5-203000,203000,6,dwave_sa,coefficient_scaled_linear,0,,314.0,,0,0.00857689999975264,6600,66
CVRP,5,tiny-5-203000,203000,6,openjij_sa,coefficient_scaled_linear,0,,314.0,,0,0.02165460000105668,6600,66
CVRP,5,tiny-5-203000,203000,6,qubo_sa,penalty_scaled_geometric,0,,314.0,,0,0.09909190000325907,6600,66
CVRP,5,tiny-5-203000,203000,6,dwave_sa,penalty_scaled_geometric,0,,314.0,,0,0.008277599998109508,6600,66
CVRP,5,tiny-5-203000,203000,6,openjij_sa,penalty_scaled_geometric,0,,314.0,,0,0.02226189999782946,6600,66
CVRP,5,tiny-5-203000,203000,6,vrp_sa,wall_clock,1,314.0,314.0,0.0,1,0.20003079999878537,4229,
CVRP,5,tiny-5-203000,203000,6,ortools,wall_clock,1,314.0,314.0,0.0,1,0.20171269999991637,,
CVRP,5,tiny-5-203000,203000,6,exact_small,proven,1,314.0,314.0,0.0,1,0.0393571000022348,,
CVRP,5,tiny-5-203000,203000,7,qubo_sa,coefficient_scaled_linear,0,,314.0,,0,0.09577349999744911,6600,66
CVRP,5,tiny-5-203000,203000,7,dwave_sa,coefficient_scaled_linear,0,,314.0,,0,0.008501899996190332,6600,66
CVRP,5,tiny-5-203000,203000,7,openjij_sa,coefficient_scaled_linear,0,,314.0,,0,0.0212692999994033,6600,66
CVRP,5,tiny-5-203000,203000,7,qubo_sa,penalty_scaled_geometric,0,,314.0,,0,0.09750470000290079,6600,66
CVRP,5,tiny-5-203000,203000,7,dwave_sa,penalty_scaled_geometric,0,,314.0,,0,0.008253699998022057,6600,66
CVRP,5,tiny-5-203000,203000,7,openjij_sa,penalty_scaled_geometric,0,,314.0,,0,0.02116830000159098,6600,66
CVRP,5,tiny-5-203000,203000,7,vrp_sa,wall_clock,1,314.0,314.0,0.0,1,0.20005540000420297,4128,
CVRP,5,tiny-5-203000,203000,7,ortools,wall_clock,1,314.0,314.0,0.0,1,0.20141829999920446,,
CVRP,5,tiny-5-203000,203000,7,exact_small,proven,1,314.0,314.0,0.0,1,0.0393571000022348,,
CVRP,5,tiny-5-203000,203000,8,qubo_sa,coefficient_scaled_linear,0,,314.0,,0,0.09791880000557285,6600,66
CVRP,5,tiny-5-203000,203000,8,dwave_sa,coefficient_scaled_linear,0,,314.0,,0,0.00858929999958491,6600,66
CVRP,5,tiny-5-203000,203000,8,openjij_sa,coefficient_scaled_linear,0,,314.0,,0,0.021464800003741402,6600,66
CVRP,5,tiny-5-203000,203000,8,qubo_sa,penalty_scaled_geometric,1,368.0,314.0,17.19745222929936,0,0.09725539999635657,6600,66
CVRP,5,tiny-5-203000,203000,8,dwave_sa,penalty_scaled_geometric,0,,314.0,,0,0.00836400000116555,6600,66
CVRP,5,tiny-5-203000,203000,8,openjij_sa,penalty_scaled_geometric,0,,314.0,,0,0.021782900003017858,6600,66
CVRP,5,tiny-5-203000,203000,8,vrp_sa,wall_clock,1,314.0,314.0,0.0,1,0.2000421999982791,3737,
CVRP,5,tiny-5-203000,203000,8,ortools,wall_clock,1,314.0,314.0,0.0,1,0.20150559999456163,,
CVRP,5,tiny-5-203000,203000,8,exact_small,proven,1,314.0,314.0,0.0,1,0.0393571000022348,,
CVRP,5,tiny-5-203000,203000,9,qubo_sa,coefficient_scaled_linear,0,,314.0,,0,0.09579710000252817,6600,66
CVRP,5,tiny-5-203000,203000,9,dwave_sa,coefficient_scaled_linear,0,,314.0,,0,0.008864000003086403,6600,66
CVRP,5,tiny-5-203000,203000,9,openjij_sa,coefficient_scaled_linear,0,,314.0,,0,0.029157099997974,6600,66
CVRP,5,tiny-5-203000,203000,9,qubo_sa,penalty_scaled_geometric,0,,314.0,,0,0.09817919999477454,6600,66
CVRP,5,tiny-5-203000,203000,9,dwave_sa,penalty_scaled_geometric,0,,314.0,,0,0.008560700000089128,6600,66
CVRP,5,tiny-5-203000,203000,9,openjij_sa,penalty_scaled_geometric,0,,314.0,,0,0.021896899997955188,6600,66
CVRP,5,tiny-5-203000,203000,9,vrp_sa,wall_clock,1,314.0,314.0,0.0,1,0.20006659999489784,4150,
CVRP,5,tiny-5-203000,203000,9,ortools,wall_clock,1,314.0,314.0,0.0,1,0.018004499994276557,,
CVRP,5,tiny-5-203000,203000,9,exact_small,proven,1,314.0,314.0,0.0,1,0.0393571000022348,,
CVRP,5,tiny-5-203001,203001,0,qubo_sa,coefficient_scaled_linear,0,,196.0,,0,0.09670309999637539,6800,68
CVRP,5,tiny-5-203001,203001,0,dwave_sa,coefficient_scaled_linear,0,,196.0,,0,0.00902680000581313,6800,68
CVRP,5,tiny-5-203001,203001,0,openjij_sa,coefficient_scaled_linear,0,,196.0,,0,0.022841500001959503,6800,68
CVRP,5,tiny-5-203001,203001,0,qubo_sa,penalty_scaled_geometric,0,,196.0,,0,0.10020550000626827,6800,68
CVRP,5,tiny-5-203001,203001,0,dwave_sa,penalty_scaled_geometric,0,,196.0,,0,0.008423799998126924,6800,68
CVRP,5,tiny-5-203001,203001,0,openjij_sa,penalty_scaled_geometric,0,,196.0,,0,0.021010199998272583,6800,68
CVRP,5,tiny-5-203001,203001,0,vrp_sa,wall_clock,1,196.0,196.0,0.0,1,0.20005039999523433,3206,
CVRP,5,tiny-5-203001,203001,0,ortools,wall_clock,1,196.0,196.0,0.0,1,0.2014876000030199,,
CVRP,5,tiny-5-203001,203001,0,exact_small,proven,1,196.0,196.0,0.0,1,0.014571100000466686,,
CVRP,5,tiny-5-203001,203001,1,qubo_sa,coefficient_scaled_linear,0,,196.0,,0,0.09787759999744594,6800,68
CVRP,5,tiny-5-203001,203001,1,dwave_sa,coefficient_scaled_linear,0,,196.0,,0,0.008977299999969546,6800,68
CVRP,5,tiny-5-203001,203001,1,openjij_sa,coefficient_scaled_linear,0,,196.0,,0,0.022716800005582627,6800,68
CVRP,5,tiny-5-203001,203001,1,qubo_sa,penalty_scaled_geometric,0,,196.0,,0,0.10209999999642605,6800,68
CVRP,5,tiny-5-203001,203001,1,dwave_sa,penalty_scaled_geometric,0,,196.0,,0,0.008314400001836475,6800,68
CVRP,5,tiny-5-203001,203001,1,openjij_sa,penalty_scaled_geometric,0,,196.0,,0,0.02302540000528097,6800,68
CVRP,5,tiny-5-203001,203001,1,vrp_sa,wall_clock,1,196.0,196.0,0.0,1,0.20003230000293115,3121,
CVRP,5,tiny-5-203001,203001,1,ortools,wall_clock,1,196.0,196.0,0.0,1,0.20058489999792073,,
CVRP,5,tiny-5-203001,203001,1,exact_small,proven,1,196.0,196.0,0.0,1,0.014571100000466686,,
CVRP,5,tiny-5-203001,203001,2,qubo_sa,coefficient_scaled_linear,0,,196.0,,0,0.09706870000081835,6800,68
CVRP,5,tiny-5-203001,203001,2,dwave_sa,coefficient_scaled_linear,0,,196.0,,0,0.008921900000132155,6800,68
CVRP,5,tiny-5-203001,203001,2,openjij_sa,coefficient_scaled_linear,0,,196.0,,0,0.022676000000501517,6800,68
CVRP,5,tiny-5-203001,203001,2,qubo_sa,penalty_scaled_geometric,0,,196.0,,0,0.1109604999946896,6800,68
CVRP,5,tiny-5-203001,203001,2,dwave_sa,penalty_scaled_geometric,0,,196.0,,0,0.009017199998197611,6800,68
CVRP,5,tiny-5-203001,203001,2,openjij_sa,penalty_scaled_geometric,0,,196.0,,0,0.023003299997071736,6800,68
CVRP,5,tiny-5-203001,203001,2,vrp_sa,wall_clock,1,196.0,196.0,0.0,1,0.20003039999573957,3050,
CVRP,5,tiny-5-203001,203001,2,ortools,wall_clock,1,196.0,196.0,0.0,1,0.20151690000056988,,
CVRP,5,tiny-5-203001,203001,2,exact_small,proven,1,196.0,196.0,0.0,1,0.014571100000466686,,
CVRP,5,tiny-5-203001,203001,3,qubo_sa,coefficient_scaled_linear,0,,196.0,,0,0.09749980000196956,6800,68
CVRP,5,tiny-5-203001,203001,3,dwave_sa,coefficient_scaled_linear,0,,196.0,,0,0.008801500000117812,6800,68
CVRP,5,tiny-5-203001,203001,3,openjij_sa,coefficient_scaled_linear,0,,196.0,,0,0.02249399999709567,6800,68
CVRP,5,tiny-5-203001,203001,3,qubo_sa,penalty_scaled_geometric,0,,196.0,,0,0.10384659999544965,6800,68
CVRP,5,tiny-5-203001,203001,3,dwave_sa,penalty_scaled_geometric,0,,196.0,,0,0.009163700000499375,6800,68
CVRP,5,tiny-5-203001,203001,3,openjij_sa,penalty_scaled_geometric,0,,196.0,,0,0.022557000003871508,6800,68
CVRP,5,tiny-5-203001,203001,3,vrp_sa,wall_clock,1,196.0,196.0,0.0,1,0.20009980000031646,3102,
CVRP,5,tiny-5-203001,203001,3,ortools,wall_clock,1,196.0,196.0,0.0,1,0.2007471999968402,,
CVRP,5,tiny-5-203001,203001,3,exact_small,proven,1,196.0,196.0,0.0,1,0.014571100000466686,,
CVRP,5,tiny-5-203001,203001,4,qubo_sa,coefficient_scaled_linear,0,,196.0,,0,0.0974586999946041,6800,68
CVRP,5,tiny-5-203001,203001,4,dwave_sa,coefficient_scaled_linear,0,,196.0,,0,0.008927599999879021,6800,68
CVRP,5,tiny-5-203001,203001,4,openjij_sa,coefficient_scaled_linear,0,,196.0,,0,0.024135800005751662,6800,68
CVRP,5,tiny-5-203001,203001,4,qubo_sa,penalty_scaled_geometric,0,,196.0,,0,0.10322010000527371,6800,68
CVRP,5,tiny-5-203001,203001,4,dwave_sa,penalty_scaled_geometric,0,,196.0,,0,0.008950499999627937,6800,68
CVRP,5,tiny-5-203001,203001,4,openjij_sa,penalty_scaled_geometric,0,,196.0,,0,0.023443700003554113,6800,68
CVRP,5,tiny-5-203001,203001,4,vrp_sa,wall_clock,1,196.0,196.0,0.0,1,0.20009620000200812,3145,
CVRP,5,tiny-5-203001,203001,4,ortools,wall_clock,1,196.0,196.0,0.0,1,0.20061680000071647,,
CVRP,5,tiny-5-203001,203001,4,exact_small,proven,1,196.0,196.0,0.0,1,0.014571100000466686,,
CVRP,5,tiny-5-203001,203001,5,qubo_sa,coefficient_scaled_linear,0,,196.0,,0,0.09826410000096075,6800,68
CVRP,5,tiny-5-203001,203001,5,dwave_sa,coefficient_scaled_linear,0,,196.0,,0,0.008882500005711336,6800,68
CVRP,5,tiny-5-203001,203001,5,openjij_sa,coefficient_scaled_linear,0,,196.0,,0,0.0226394999990589,6800,68
CVRP,5,tiny-5-203001,203001,5,qubo_sa,penalty_scaled_geometric,0,,196.0,,0,0.1017548000017996,6800,68
CVRP,5,tiny-5-203001,203001,5,dwave_sa,penalty_scaled_geometric,0,,196.0,,0,0.008657200000016019,6800,68
CVRP,5,tiny-5-203001,203001,5,openjij_sa,penalty_scaled_geometric,0,,196.0,,0,0.022707799995259847,6800,68
CVRP,5,tiny-5-203001,203001,5,vrp_sa,wall_clock,1,196.0,196.0,0.0,1,0.20024640000337968,3105,
CVRP,5,tiny-5-203001,203001,5,ortools,wall_clock,1,196.0,196.0,0.0,1,0.2014645000017481,,
CVRP,5,tiny-5-203001,203001,5,exact_small,proven,1,196.0,196.0,0.0,1,0.014571100000466686,,
CVRP,5,tiny-5-203001,203001,6,qubo_sa,coefficient_scaled_linear,0,,196.0,,0,0.10017759999755071,6800,68
CVRP,5,tiny-5-203001,203001,6,dwave_sa,coefficient_scaled_linear,0,,196.0,,0,0.008571200000005774,6800,68
CVRP,5,tiny-5-203001,203001,6,openjij_sa,coefficient_scaled_linear,0,,196.0,,0,0.02287880000221776,6800,68
CVRP,5,tiny-5-203001,203001,6,qubo_sa,penalty_scaled_geometric,0,,196.0,,0,0.10256249999656575,6800,68
CVRP,5,tiny-5-203001,203001,6,dwave_sa,penalty_scaled_geometric,0,,196.0,,0,0.008728199994948227,6800,68
CVRP,5,tiny-5-203001,203001,6,openjij_sa,penalty_scaled_geometric,0,,196.0,,0,0.022478500002762303,6800,68
CVRP,5,tiny-5-203001,203001,6,vrp_sa,wall_clock,1,196.0,196.0,0.0,1,0.2000625000000582,3135,
CVRP,5,tiny-5-203001,203001,6,ortools,wall_clock,1,196.0,196.0,0.0,1,0.20059200000105193,,
CVRP,5,tiny-5-203001,203001,6,exact_small,proven,1,196.0,196.0,0.0,1,0.014571100000466686,,
CVRP,5,tiny-5-203001,203001,7,qubo_sa,coefficient_scaled_linear,0,,196.0,,0,0.09672999999747844,6800,68
CVRP,5,tiny-5-203001,203001,7,dwave_sa,coefficient_scaled_linear,0,,196.0,,0,0.008970599999884143,6800,68
CVRP,5,tiny-5-203001,203001,7,openjij_sa,coefficient_scaled_linear,0,,196.0,,0,0.022144900001876522,6800,68
CVRP,5,tiny-5-203001,203001,7,qubo_sa,penalty_scaled_geometric,0,,196.0,,0,0.10405170000012731,6800,68
CVRP,5,tiny-5-203001,203001,7,dwave_sa,penalty_scaled_geometric,0,,196.0,,0,0.008874600003764499,6800,68
CVRP,5,tiny-5-203001,203001,7,openjij_sa,penalty_scaled_geometric,0,,196.0,,0,0.02382400000351481,6800,68
CVRP,5,tiny-5-203001,203001,7,vrp_sa,wall_clock,1,196.0,196.0,0.0,1,0.2000551999954041,3107,
CVRP,5,tiny-5-203001,203001,7,ortools,wall_clock,1,196.0,196.0,0.0,1,0.20074420000310056,,
CVRP,5,tiny-5-203001,203001,7,exact_small,proven,1,196.0,196.0,0.0,1,0.014571100000466686,,
CVRP,5,tiny-5-203001,203001,8,qubo_sa,coefficient_scaled_linear,0,,196.0,,0,0.10992479999549687,6800,68
CVRP,5,tiny-5-203001,203001,8,dwave_sa,coefficient_scaled_linear,0,,196.0,,0,0.008874999999534339,6800,68
CVRP,5,tiny-5-203001,203001,8,openjij_sa,coefficient_scaled_linear,0,,196.0,,0,0.022652200001175515,6800,68
CVRP,5,tiny-5-203001,203001,8,qubo_sa,penalty_scaled_geometric,0,,196.0,,0,0.10030420000111917,6800,68
CVRP,5,tiny-5-203001,203001,8,dwave_sa,penalty_scaled_geometric,0,,196.0,,0,0.008787700004177168,6800,68
CVRP,5,tiny-5-203001,203001,8,openjij_sa,penalty_scaled_geometric,0,,196.0,,0,0.02295560000493424,6800,68
CVRP,5,tiny-5-203001,203001,8,vrp_sa,wall_clock,1,196.0,196.0,0.0,1,0.2001042999982019,3109,
CVRP,5,tiny-5-203001,203001,8,ortools,wall_clock,1,196.0,196.0,0.0,1,0.20072130000335164,,
CVRP,5,tiny-5-203001,203001,8,exact_small,proven,1,196.0,196.0,0.0,1,0.014571100000466686,,
CVRP,5,tiny-5-203001,203001,9,qubo_sa,coefficient_scaled_linear,0,,196.0,,0,0.09493989999464247,6800,68
CVRP,5,tiny-5-203001,203001,9,dwave_sa,coefficient_scaled_linear,0,,196.0,,0,0.009826900000916794,6800,68
CVRP,5,tiny-5-203001,203001,9,openjij_sa,coefficient_scaled_linear,0,,196.0,,0,0.02408070000092266,6800,68
CVRP,5,tiny-5-203001,203001,9,qubo_sa,penalty_scaled_geometric,0,,196.0,,0,0.09227549999923212,6800,68
CVRP,5,tiny-5-203001,203001,9,dwave_sa,penalty_scaled_geometric,0,,196.0,,0,0.004364600004919339,6800,68
CVRP,5,tiny-5-203001,203001,9,openjij_sa,penalty_scaled_geometric,0,,196.0,,0,0.00918640000600135,6800,68
CVRP,5,tiny-5-203001,203001,9,vrp_sa,wall_clock,1,196.0,196.0,0.0,1,0.20004250000056345,3943,
CVRP,5,tiny-5-203001,203001,9,ortools,wall_clock,1,196.0,196.0,0.0,1,0.2008475000038743,,
CVRP,5,tiny-5-203001,203001,9,exact_small,proven,1,196.0,196.0,0.0,1,0.014571100000466686,,
CVRP,5,tiny-5-203002,203002,0,qubo_sa,coefficient_scaled_linear,0,,239.0,,0,0.09657760000118287,6600,66
CVRP,5,tiny-5-203002,203002,0,dwave_sa,coefficient_scaled_linear,0,,239.0,,0,0.008566199998313095,6600,66
CVRP,5,tiny-5-203002,203002,0,openjij_sa,coefficient_scaled_linear,0,,239.0,,0,0.021263899994664825,6600,66
CVRP,5,tiny-5-203002,203002,0,qubo_sa,penalty_scaled_geometric,0,,239.0,,0,0.09907870000461116,6600,66
CVRP,5,tiny-5-203002,203002,0,dwave_sa,penalty_scaled_geometric,0,,239.0,,0,0.008592799997131806,6600,66
CVRP,5,tiny-5-203002,203002,0,openjij_sa,penalty_scaled_geometric,0,,239.0,,0,0.02065740000398364,6600,66
CVRP,5,tiny-5-203002,203002,0,vrp_sa,wall_clock,1,239.0,239.0,0.0,1,0.200032699998701,4083,
CVRP,5,tiny-5-203002,203002,0,ortools,wall_clock,1,239.0,239.0,0.0,1,0.20076419999531936,,
CVRP,5,tiny-5-203002,203002,0,exact_small,proven,1,239.0,239.0,0.0,1,0.03392349999921862,,
CVRP,5,tiny-5-203002,203002,1,qubo_sa,coefficient_scaled_linear,0,,239.0,,0,0.09510720000253059,6600,66
CVRP,5,tiny-5-203002,203002,1,dwave_sa,coefficient_scaled_linear,0,,239.0,,0,0.008859199995640665,6600,66
CVRP,5,tiny-5-203002,203002,1,openjij_sa,coefficient_scaled_linear,0,,239.0,,0,0.020861299999523908,6600,66
CVRP,5,tiny-5-203002,203002,1,qubo_sa,penalty_scaled_geometric,0,,239.0,,0,0.09785570000531152,6600,66
CVRP,5,tiny-5-203002,203002,1,dwave_sa,penalty_scaled_geometric,0,,239.0,,0,0.008700899998075329,6600,66
CVRP,5,tiny-5-203002,203002,1,openjij_sa,penalty_scaled_geometric,0,,239.0,,0,0.02224980000028154,6600,66
CVRP,5,tiny-5-203002,203002,1,vrp_sa,wall_clock,1,239.0,239.0,0.0,1,0.200026100006653,3931,
CVRP,5,tiny-5-203002,203002,1,ortools,wall_clock,1,239.0,239.0,0.0,1,0.20130340000469005,,
CVRP,5,tiny-5-203002,203002,1,exact_small,proven,1,239.0,239.0,0.0,1,0.03392349999921862,,
CVRP,5,tiny-5-203002,203002,2,qubo_sa,coefficient_scaled_linear,0,,239.0,,0,0.096346900005301,6600,66
CVRP,5,tiny-5-203002,203002,2,dwave_sa,coefficient_scaled_linear,0,,239.0,,0,0.0087853000004543,6600,66
CVRP,5,tiny-5-203002,203002,2,openjij_sa,coefficient_scaled_linear,0,,239.0,,0,0.02154750000045169,6600,66
CVRP,5,tiny-5-203002,203002,2,qubo_sa,penalty_scaled_geometric,0,,239.0,,0,0.09716620000108378,6600,66
CVRP,5,tiny-5-203002,203002,2,dwave_sa,penalty_scaled_geometric,0,,239.0,,0,0.008617200001026504,6600,66
CVRP,5,tiny-5-203002,203002,2,openjij_sa,penalty_scaled_geometric,0,,239.0,,0,0.021731399996497203,6600,66
CVRP,5,tiny-5-203002,203002,2,vrp_sa,wall_clock,1,239.0,239.0,0.0,1,0.20007489999989048,3892,
CVRP,5,tiny-5-203002,203002,2,ortools,wall_clock,1,239.0,239.0,0.0,1,0.20166089999838732,,
CVRP,5,tiny-5-203002,203002,2,exact_small,proven,1,239.0,239.0,0.0,1,0.03392349999921862,,
CVRP,5,tiny-5-203002,203002,3,qubo_sa,coefficient_scaled_linear,0,,239.0,,0,0.0943392999979551,6600,66
CVRP,5,tiny-5-203002,203002,3,dwave_sa,coefficient_scaled_linear,0,,239.0,,0,0.008473699999740347,6600,66
CVRP,5,tiny-5-203002,203002,3,openjij_sa,coefficient_scaled_linear,0,,239.0,,0,0.021749799998360686,6600,66
CVRP,5,tiny-5-203002,203002,3,qubo_sa,penalty_scaled_geometric,0,,239.0,,0,0.09568149999540765,6600,66
CVRP,5,tiny-5-203002,203002,3,dwave_sa,penalty_scaled_geometric,0,,239.0,,0,0.008432599999650847,6600,66
CVRP,5,tiny-5-203002,203002,3,openjij_sa,penalty_scaled_geometric,0,,239.0,,0,0.021839000000909436,6600,66
CVRP,5,tiny-5-203002,203002,3,vrp_sa,wall_clock,1,239.0,239.0,0.0,1,0.20006370000191964,3875,
CVRP,5,tiny-5-203002,203002,3,ortools,wall_clock,1,239.0,239.0,0.0,1,0.20071000000461936,,
CVRP,5,tiny-5-203002,203002,3,exact_small,proven,1,239.0,239.0,0.0,1,0.03392349999921862,,
CVRP,5,tiny-5-203002,203002,4,qubo_sa,coefficient_scaled_linear,0,,239.0,,0,0.09632199999759905,6600,66
CVRP,5,tiny-5-203002,203002,4,dwave_sa,coefficient_scaled_linear,0,,239.0,,0,0.008480900003632996,6600,66
CVRP,5,tiny-5-203002,203002,4,openjij_sa,coefficient_scaled_linear,0,,239.0,,0,0.026204299996607006,6600,66
CVRP,5,tiny-5-203002,203002,4,qubo_sa,penalty_scaled_geometric,0,,239.0,,0,0.10310960000060732,6600,66
CVRP,5,tiny-5-203002,203002,4,dwave_sa,penalty_scaled_geometric,0,,239.0,,0,0.008489499996358063,6600,66
CVRP,5,tiny-5-203002,203002,4,openjij_sa,penalty_scaled_geometric,0,,239.0,,0,0.023485599995183293,6600,66
CVRP,5,tiny-5-203002,203002,4,vrp_sa,wall_clock,1,239.0,239.0,0.0,1,0.20008599999709986,3902,
CVRP,5,tiny-5-203002,203002,4,ortools,wall_clock,1,239.0,239.0,0.0,1,0.20192089999909513,,
CVRP,5,tiny-5-203002,203002,4,exact_small,proven,1,239.0,239.0,0.0,1,0.03392349999921862,,
CVRP,5,tiny-5-203002,203002,5,qubo_sa,coefficient_scaled_linear,0,,239.0,,0,0.09564629999658791,6600,66
CVRP,5,tiny-5-203002,203002,5,dwave_sa,coefficient_scaled_linear,0,,239.0,,0,0.008693100004165899,6600,66
CVRP,5,tiny-5-203002,203002,5,openjij_sa,coefficient_scaled_linear,0,,239.0,,0,0.021190799998294096,6600,66
CVRP,5,tiny-5-203002,203002,5,qubo_sa,penalty_scaled_geometric,0,,239.0,,0,0.09757410000020172,6600,66
CVRP,5,tiny-5-203002,203002,5,dwave_sa,penalty_scaled_geometric,0,,239.0,,0,0.008233900000050198,6600,66
CVRP,5,tiny-5-203002,203002,5,openjij_sa,penalty_scaled_geometric,0,,239.0,,0,0.021619899998768233,6600,66
CVRP,5,tiny-5-203002,203002,5,vrp_sa,wall_clock,1,239.0,239.0,0.0,1,0.20007349999650614,3945,
CVRP,5,tiny-5-203002,203002,5,ortools,wall_clock,1,239.0,239.0,0.0,1,0.20203999999648659,,
CVRP,5,tiny-5-203002,203002,5,exact_small,proven,1,239.0,239.0,0.0,1,0.03392349999921862,,
CVRP,5,tiny-5-203002,203002,6,qubo_sa,coefficient_scaled_linear,0,,239.0,,0,0.0984796999982791,6600,66
CVRP,5,tiny-5-203002,203002,6,dwave_sa,coefficient_scaled_linear,0,,239.0,,0,0.008625900001788978,6600,66
CVRP,5,tiny-5-203002,203002,6,openjij_sa,coefficient_scaled_linear,0,,239.0,,0,0.021239900001091883,6600,66
CVRP,5,tiny-5-203002,203002,6,qubo_sa,penalty_scaled_geometric,0,,239.0,,0,0.10043250000308035,6600,66
CVRP,5,tiny-5-203002,203002,6,dwave_sa,penalty_scaled_geometric,0,,239.0,,0,0.008336000006238464,6600,66
CVRP,5,tiny-5-203002,203002,6,openjij_sa,penalty_scaled_geometric,0,,239.0,,0,0.02108079999743495,6600,66
CVRP,5,tiny-5-203002,203002,6,vrp_sa,wall_clock,1,239.0,239.0,0.0,1,0.2000588000009884,4627,
CVRP,5,tiny-5-203002,203002,6,ortools,wall_clock,1,239.0,239.0,0.0,1,0.20147210000141058,,
CVRP,5,tiny-5-203002,203002,6,exact_small,proven,1,239.0,239.0,0.0,1,0.03392349999921862,,
CVRP,5,tiny-5-203002,203002,7,qubo_sa,coefficient_scaled_linear,0,,239.0,,0,0.09633949999988545,6600,66
CVRP,5,tiny-5-203002,203002,7,dwave_sa,coefficient_scaled_linear,0,,239.0,,0,0.009393699998327065,6600,66
CVRP,5,tiny-5-203002,203002,7,openjij_sa,coefficient_scaled_linear,0,,239.0,,0,0.022681000002194196,6600,66
CVRP,5,tiny-5-203002,203002,7,qubo_sa,penalty_scaled_geometric,0,,239.0,,0,0.11703380000108154,6600,66
CVRP,5,tiny-5-203002,203002,7,dwave_sa,penalty_scaled_geometric,0,,239.0,,0,0.008561099995858967,6600,66
CVRP,5,tiny-5-203002,203002,7,openjij_sa,penalty_scaled_geometric,0,,239.0,,0,0.021420599994598888,6600,66
CVRP,5,tiny-5-203002,203002,7,vrp_sa,wall_clock,1,239.0,239.0,0.0,1,0.20010829999955604,3984,
CVRP,5,tiny-5-203002,203002,7,ortools,wall_clock,1,239.0,239.0,0.0,1,0.20060109999758424,,
CVRP,5,tiny-5-203002,203002,7,exact_small,proven,1,239.0,239.0,0.0,1,0.03392349999921862,,
CVRP,5,tiny-5-203002,203002,8,qubo_sa,coefficient_scaled_linear,0,,239.0,,0,0.09575079999922309,6600,66
CVRP,5,tiny-5-203002,203002,8,dwave_sa,coefficient_scaled_linear,0,,239.0,,0,0.008588099997723475,6600,66
CVRP,5,tiny-5-203002,203002,8,openjij_sa,coefficient_scaled_linear,0,,239.0,,0,0.02127860000473447,6600,66
CVRP,5,tiny-5-203002,203002,8,qubo_sa,penalty_scaled_geometric,0,,239.0,,0,0.10100750000128755,6600,66
CVRP,5,tiny-5-203002,203002,8,dwave_sa,penalty_scaled_geometric,0,,239.0,,0,0.008274700005131308,6600,66
CVRP,5,tiny-5-203002,203002,8,openjij_sa,penalty_scaled_geometric,0,,239.0,,0,0.02069669999764301,6600,66
CVRP,5,tiny-5-203002,203002,8,vrp_sa,wall_clock,1,239.0,239.0,0.0,1,0.20003449999785516,4045,
CVRP,5,tiny-5-203002,203002,8,ortools,wall_clock,1,239.0,239.0,0.0,1,0.20142889999988256,,
CVRP,5,tiny-5-203002,203002,8,exact_small,proven,1,239.0,239.0,0.0,1,0.03392349999921862,,
CVRP,5,tiny-5-203002,203002,9,qubo_sa,coefficient_scaled_linear,0,,239.0,,0,0.09660889999940991,6600,66
CVRP,5,tiny-5-203002,203002,9,dwave_sa,coefficient_scaled_linear,0,,239.0,,0,0.00859150000178488,6600,66
CVRP,5,tiny-5-203002,203002,9,openjij_sa,coefficient_scaled_linear,0,,239.0,,0,0.021336599995265715,6600,66
CVRP,5,tiny-5-203002,203002,9,qubo_sa,penalty_scaled_geometric,0,,239.0,,0,0.09576349999406375,6600,66
CVRP,5,tiny-5-203002,203002,9,dwave_sa,penalty_scaled_geometric,0,,239.0,,0,0.007968500001879875,6600,66
CVRP,5,tiny-5-203002,203002,9,openjij_sa,penalty_scaled_geometric,0,,239.0,,0,0.020736499995109625,6600,66
CVRP,5,tiny-5-203002,203002,9,vrp_sa,wall_clock,1,239.0,239.0,0.0,1,0.20003780000115512,3712,
CVRP,5,tiny-5-203002,203002,9,ortools,wall_clock,1,239.0,239.0,0.0,1,0.20138990000123158,,
CVRP,5,tiny-5-203002,203002,9,exact_small,proven,1,239.0,239.0,0.0,1,0.03392349999921862,,
CVRP,5,tiny-5-203003,203003,0,qubo_sa,coefficient_scaled_linear,0,,250.0,,0,0.09753160000400385,6800,68
CVRP,5,tiny-5-203003,203003,0,dwave_sa,coefficient_scaled_linear,0,,250.0,,0,0.009408600002643652,6800,68
CVRP,5,tiny-5-203003,203003,0,openjij_sa,coefficient_scaled_linear,0,,250.0,,0,0.02413689999957569,6800,68
CVRP,5,tiny-5-203003,203003,0,qubo_sa,penalty_scaled_geometric,0,,250.0,,0,0.09958349999942584,6800,68
CVRP,5,tiny-5-203003,203003,0,dwave_sa,penalty_scaled_geometric,0,,250.0,,0,0.00891599999886239,6800,68
CVRP,5,tiny-5-203003,203003,0,openjij_sa,penalty_scaled_geometric,0,,250.0,,0,0.02241459999640938,6800,68
CVRP,5,tiny-5-203003,203003,0,vrp_sa,wall_clock,1,250.0,250.0,0.0,1,0.2000594000055571,3197,
CVRP,5,tiny-5-203003,203003,0,ortools,wall_clock,1,250.0,250.0,0.0,1,0.20147260000521783,,
CVRP,5,tiny-5-203003,203003,0,exact_small,proven,1,250.0,250.0,0.0,1,0.013405099998635706,,
CVRP,5,tiny-5-203003,203003,1,qubo_sa,coefficient_scaled_linear,0,,250.0,,0,0.09987570000521373,6800,68
CVRP,5,tiny-5-203003,203003,1,dwave_sa,coefficient_scaled_linear,0,,250.0,,0,0.008956899997428991,6800,68
CVRP,5,tiny-5-203003,203003,1,openjij_sa,coefficient_scaled_linear,0,,250.0,,0,0.022867500003485475,6800,68
CVRP,5,tiny-5-203003,203003,1,qubo_sa,penalty_scaled_geometric,0,,250.0,,0,0.1022575000024517,6800,68
CVRP,5,tiny-5-203003,203003,1,dwave_sa,penalty_scaled_geometric,0,,250.0,,0,0.00928619999467628,6800,68
CVRP,5,tiny-5-203003,203003,1,openjij_sa,penalty_scaled_geometric,0,,250.0,,0,0.025515100001939572,6800,68
CVRP,5,tiny-5-203003,203003,1,vrp_sa,wall_clock,1,250.0,250.0,0.0,1,0.20008380000217585,3180,
CVRP,5,tiny-5-203003,203003,1,ortools,wall_clock,1,250.0,250.0,0.0,1,0.2005386999953771,,
CVRP,5,tiny-5-203003,203003,1,exact_small,proven,1,250.0,250.0,0.0,1,0.013405099998635706,,
CVRP,5,tiny-5-203003,203003,2,qubo_sa,coefficient_scaled_linear,0,,250.0,,0,0.1002264999988256,6800,68
CVRP,5,tiny-5-203003,203003,2,dwave_sa,coefficient_scaled_linear,0,,250.0,,0,0.008881000001565553,6800,68
CVRP,5,tiny-5-203003,203003,2,openjij_sa,coefficient_scaled_linear,0,,250.0,,0,0.02229510000324808,6800,68
CVRP,5,tiny-5-203003,203003,2,qubo_sa,penalty_scaled_geometric,0,,250.0,,0,0.10225500000524335,6800,68
CVRP,5,tiny-5-203003,203003,2,dwave_sa,penalty_scaled_geometric,0,,250.0,,0,0.00841779999609571,6800,68
CVRP,5,tiny-5-203003,203003,2,openjij_sa,penalty_scaled_geometric,0,,250.0,,0,0.022696799998811912,6800,68
CVRP,5,tiny-5-203003,203003,2,vrp_sa,wall_clock,1,250.0,250.0,0.0,1,0.2000841000044602,3051,
CVRP,5,tiny-5-203003,203003,2,ortools,wall_clock,1,250.0,250.0,0.0,1,0.20177459999831626,,
CVRP,5,tiny-5-203003,203003,2,exact_small,proven,1,250.0,250.0,0.0,1,0.013405099998635706,,
CVRP,5,tiny-5-203003,203003,3,qubo_sa,coefficient_scaled_linear,0,,250.0,,0,0.09651120000489755,6800,68
CVRP,5,tiny-5-203003,203003,3,dwave_sa,coefficient_scaled_linear,0,,250.0,,0,0.00893730000098003,6800,68
CVRP,5,tiny-5-203003,203003,3,openjij_sa,coefficient_scaled_linear,0,,250.0,,0,0.024108799996611197,6800,68
CVRP,5,tiny-5-203003,203003,3,qubo_sa,penalty_scaled_geometric,0,,250.0,,0,0.10454849999950966,6800,68
CVRP,5,tiny-5-203003,203003,3,dwave_sa,penalty_scaled_geometric,0,,250.0,,0,0.008162099999026395,6800,68
CVRP,5,tiny-5-203003,203003,3,openjij_sa,penalty_scaled_geometric,0,,250.0,,0,0.022003899997798726,6800,68
CVRP,5,tiny-5-203003,203003,3,vrp_sa,wall_clock,1,250.0,250.0,0.0,1,0.20005919999675825,3271,
CVRP,5,tiny-5-203003,203003,3,ortools,wall_clock,1,250.0,250.0,0.0,1,0.20172280000406317,,
CVRP,5,tiny-5-203003,203003,3,exact_small,proven,1,250.0,250.0,0.0,1,0.013405099998635706,,
CVRP,5,tiny-5-203003,203003,4,qubo_sa,coefficient_scaled_linear,0,,250.0,,0,0.08560909999505384,6800,68
CVRP,5,tiny-5-203003,203003,4,dwave_sa,coefficient_scaled_linear,0,,250.0,,0,0.004185799996776041,6800,68
CVRP,5,tiny-5-203003,203003,4,openjij_sa,coefficient_scaled_linear,0,,250.0,,0,0.01254999999946449,6800,68
CVRP,5,tiny-5-203003,203003,4,qubo_sa,penalty_scaled_geometric,0,,250.0,,0,0.10286300000007031,6800,68
CVRP,5,tiny-5-203003,203003,4,dwave_sa,penalty_scaled_geometric,0,,250.0,,0,0.00862599999527447,6800,68
CVRP,5,tiny-5-203003,203003,4,openjij_sa,penalty_scaled_geometric,0,,250.0,,0,0.02265859999897657,6800,68
CVRP,5,tiny-5-203003,203003,4,vrp_sa,wall_clock,1,250.0,250.0,0.0,1,0.20003490000090096,3133,
CVRP,5,tiny-5-203003,203003,4,ortools,wall_clock,1,250.0,250.0,0.0,1,0.20076709999557352,,
CVRP,5,tiny-5-203003,203003,4,exact_small,proven,1,250.0,250.0,0.0,1,0.013405099998635706,,
CVRP,5,tiny-5-203003,203003,5,qubo_sa,coefficient_scaled_linear,0,,250.0,,0,0.09965340000053402,6800,68
CVRP,5,tiny-5-203003,203003,5,dwave_sa,coefficient_scaled_linear,0,,250.0,,0,0.008895099999790546,6800,68
CVRP,5,tiny-5-203003,203003,5,openjij_sa,coefficient_scaled_linear,0,,250.0,,0,0.0227939000033075,6800,68
CVRP,5,tiny-5-203003,203003,5,qubo_sa,penalty_scaled_geometric,0,,250.0,,0,0.10295030000270344,6800,68
CVRP,5,tiny-5-203003,203003,5,dwave_sa,penalty_scaled_geometric,0,,250.0,,0,0.00971150000259513,6800,68
CVRP,5,tiny-5-203003,203003,5,openjij_sa,penalty_scaled_geometric,0,,250.0,,0,0.02287149999756366,6800,68
CVRP,5,tiny-5-203003,203003,5,vrp_sa,wall_clock,1,250.0,250.0,0.0,1,0.20005859999946551,3091,
CVRP,5,tiny-5-203003,203003,5,ortools,wall_clock,1,250.0,250.0,0.0,1,0.20147029999498045,,
CVRP,5,tiny-5-203003,203003,5,exact_small,proven,1,250.0,250.0,0.0,1,0.013405099998635706,,
CVRP,5,tiny-5-203003,203003,6,qubo_sa,coefficient_scaled_linear,0,,250.0,,0,0.09822589999384945,6800,68
CVRP,5,tiny-5-203003,203003,6,dwave_sa,coefficient_scaled_linear,0,,250.0,,0,0.01187740000023041,6800,68
CVRP,5,tiny-5-203003,203003,6,openjij_sa,coefficient_scaled_linear,0,,250.0,,0,0.022725100003299303,6800,68
CVRP,5,tiny-5-203003,203003,6,qubo_sa,penalty_scaled_geometric,0,,250.0,,0,0.1036037000012584,6800,68
CVRP,5,tiny-5-203003,203003,6,dwave_sa,penalty_scaled_geometric,0,,250.0,,0,0.009383799995703157,6800,68
CVRP,5,tiny-5-203003,203003,6,openjij_sa,penalty_scaled_geometric,0,,250.0,,0,0.021692200003599282,6800,68
CVRP,5,tiny-5-203003,203003,6,vrp_sa,wall_clock,1,250.0,250.0,0.0,1,0.20005120000132592,3159,
CVRP,5,tiny-5-203003,203003,6,ortools,wall_clock,1,250.0,250.0,0.0,1,0.2015938999975333,,
CVRP,5,tiny-5-203003,203003,6,exact_small,proven,1,250.0,250.0,0.0,1,0.013405099998635706,,
CVRP,5,tiny-5-203003,203003,7,qubo_sa,coefficient_scaled_linear,0,,250.0,,0,0.09889539999858243,6800,68
CVRP,5,tiny-5-203003,203003,7,dwave_sa,coefficient_scaled_linear,0,,250.0,,0,0.009030700006405823,6800,68
CVRP,5,tiny-5-203003,203003,7,openjij_sa,coefficient_scaled_linear,0,,250.0,,0,0.022306200000457466,6800,68
CVRP,5,tiny-5-203003,203003,7,qubo_sa,penalty_scaled_geometric,0,,250.0,,0,0.10128700000495883,6800,68
CVRP,5,tiny-5-203003,203003,7,dwave_sa,penalty_scaled_geometric,0,,250.0,,0,0.0088404000052833,6800,68
CVRP,5,tiny-5-203003,203003,7,openjij_sa,penalty_scaled_geometric,0,,250.0,,0,0.022161000000778586,6800,68
CVRP,5,tiny-5-203003,203003,7,vrp_sa,wall_clock,1,250.0,250.0,0.0,1,0.2000486999968416,3329,
CVRP,5,tiny-5-203003,203003,7,ortools,wall_clock,1,250.0,250.0,0.0,1,0.20048160000442294,,
CVRP,5,tiny-5-203003,203003,7,exact_small,proven,1,250.0,250.0,0.0,1,0.013405099998635706,,
CVRP,5,tiny-5-203003,203003,8,qubo_sa,coefficient_scaled_linear,0,,250.0,,0,0.09780669999599922,6800,68
CVRP,5,tiny-5-203003,203003,8,dwave_sa,coefficient_scaled_linear,0,,250.0,,0,0.008895300001313444,6800,68
CVRP,5,tiny-5-203003,203003,8,openjij_sa,coefficient_scaled_linear,0,,250.0,,0,0.023539300003903918,6800,68
CVRP,5,tiny-5-203003,203003,8,qubo_sa,penalty_scaled_geometric,0,,250.0,,0,0.10080480000033276,6800,68
CVRP,5,tiny-5-203003,203003,8,dwave_sa,penalty_scaled_geometric,0,,250.0,,0,0.008694000003742985,6800,68
CVRP,5,tiny-5-203003,203003,8,openjij_sa,penalty_scaled_geometric,0,,250.0,,0,0.022144999995362014,6800,68
CVRP,5,tiny-5-203003,203003,8,vrp_sa,wall_clock,1,250.0,250.0,0.0,1,0.2000876000020071,2956,
CVRP,5,tiny-5-203003,203003,8,ortools,wall_clock,1,250.0,250.0,0.0,1,0.20066709999809973,,
CVRP,5,tiny-5-203003,203003,8,exact_small,proven,1,250.0,250.0,0.0,1,0.013405099998635706,,
CVRP,5,tiny-5-203003,203003,9,qubo_sa,coefficient_scaled_linear,0,,250.0,,0,0.09669600000052014,6800,68
CVRP,5,tiny-5-203003,203003,9,dwave_sa,coefficient_scaled_linear,0,,250.0,,0,0.007939900002384093,6800,68
CVRP,5,tiny-5-203003,203003,9,openjij_sa,coefficient_scaled_linear,0,,250.0,,0,0.022521499995491467,6800,68
CVRP,5,tiny-5-203003,203003,9,qubo_sa,penalty_scaled_geometric,0,,250.0,,0,0.10037049999664305,6800,68
CVRP,5,tiny-5-203003,203003,9,dwave_sa,penalty_scaled_geometric,0,,250.0,,0,0.008989199995994568,6800,68
CVRP,5,tiny-5-203003,203003,9,openjij_sa,penalty_scaled_geometric,0,,250.0,,0,0.023233400002936833,6800,68
CVRP,5,tiny-5-203003,203003,9,vrp_sa,wall_clock,1,250.0,250.0,0.0,1,0.20008509999752278,3207,
CVRP,5,tiny-5-203003,203003,9,ortools,wall_clock,1,250.0,250.0,0.0,1,0.20203100000071572,,
CVRP,5,tiny-5-203003,203003,9,exact_small,proven,1,250.0,250.0,0.0,1,0.013405099998635706,,
CVRP,5,tiny-5-203004,203004,0,qubo_sa,coefficient_scaled_linear,0,,365.0,,0,0.1011584000007133,6600,66
CVRP,5,tiny-5-203004,203004,0,dwave_sa,coefficient_scaled_linear,0,,365.0,,0,0.008994800002255943,6600,66
CVRP,5,tiny-5-203004,203004,0,openjij_sa,coefficient_scaled_linear,0,,365.0,,0,0.022367799996573012,6600,66
CVRP,5,tiny-5-203004,203004,0,qubo_sa,penalty_scaled_geometric,0,,365.0,,0,0.09609369999816408,6600,66
CVRP,5,tiny-5-203004,203004,0,dwave_sa,penalty_scaled_geometric,0,,365.0,,0,0.008597399995778687,6600,66
CVRP,5,tiny-5-203004,203004,0,openjij_sa,penalty_scaled_geometric,0,,365.0,,0,0.02135380000254372,6600,66
CVRP,5,tiny-5-203004,203004,0,vrp_sa,wall_clock,1,365.0,365.0,0.0,1,0.20004049999988638,4061,
CVRP,5,tiny-5-203004,203004,0,ortools,wall_clock,1,365.0,365.0,0.0,1,0.2009775999977137,,
CVRP,5,tiny-5-203004,203004,0,exact_small,proven,1,365.0,365.0,0.0,1,0.028510100004496053,,
CVRP,5,tiny-5-203004,203004,1,qubo_sa,coefficient_scaled_linear,0,,365.0,,0,0.039267100000870414,6600,66
CVRP,5,tiny-5-203004,203004,1,dwave_sa,coefficient_scaled_linear,0,,365.0,,0,0.003729799995198846,6600,66
CVRP,5,tiny-5-203004,203004,1,openjij_sa,coefficient_scaled_linear,0,,365.0,,0,0.008351699994818773,6600,66
CVRP,5,tiny-5-203004,203004,1,qubo_sa,penalty_scaled_geometric,0,,365.0,,0,0.024704499999643303,6600,66
CVRP,5,tiny-5-203004,203004,1,dwave_sa,penalty_scaled_geometric,0,,365.0,,0,0.003431800003454555,6600,66
CVRP,5,tiny-5-203004,203004,1,openjij_sa,penalty_scaled_geometric,0,,365.0,,0,0.0174468999975943,6600,66
CVRP,5,tiny-5-203004,203004,1,vrp_sa,wall_clock,1,365.0,365.0,0.0,1,0.20009379999828525,3891,
CVRP,5,tiny-5-203004,203004,1,ortools,wall_clock,1,365.0,365.0,0.0,1,0.2028351000044495,,
CVRP,5,tiny-5-203004,203004,1,exact_small,proven,1,365.0,365.0,0.0,1,0.028510100004496053,,
CVRP,5,tiny-5-203004,203004,2,qubo_sa,coefficient_scaled_linear,0,,365.0,,0,0.09532869999384275,6600,66
CVRP,5,tiny-5-203004,203004,2,dwave_sa,coefficient_scaled_linear,0,,365.0,,0,0.008879900000465568,6600,66
CVRP,5,tiny-5-203004,203004,2,openjij_sa,coefficient_scaled_linear,0,,365.0,,0,0.020954200001142453,6600,66
CVRP,5,tiny-5-203004,203004,2,qubo_sa,penalty_scaled_geometric,0,,365.0,,0,0.06398139999510022,6600,66
CVRP,5,tiny-5-203004,203004,2,dwave_sa,penalty_scaled_geometric,0,,365.0,,0,0.00849039999593515,6600,66
CVRP,5,tiny-5-203004,203004,2,openjij_sa,penalty_scaled_geometric,0,,365.0,,0,0.022509800000989344,6600,66
CVRP,5,tiny-5-203004,203004,2,vrp_sa,wall_clock,1,365.0,365.0,0.0,1,0.20004709999921033,3999,
CVRP,5,tiny-5-203004,203004,2,ortools,wall_clock,1,365.0,365.0,0.0,1,0.20091949999914505,,
CVRP,5,tiny-5-203004,203004,2,exact_small,proven,1,365.0,365.0,0.0,1,0.028510100004496053,,
CVRP,5,tiny-5-203004,203004,3,qubo_sa,coefficient_scaled_linear,0,,365.0,,0,0.09721770000032848,6600,66
CVRP,5,tiny-5-203004,203004,3,dwave_sa,coefficient_scaled_linear,0,,365.0,,0,0.00848950000363402,6600,66
CVRP,5,tiny-5-203004,203004,3,openjij_sa,coefficient_scaled_linear,0,,365.0,,0,0.02151340000273194,6600,66
CVRP,5,tiny-5-203004,203004,3,qubo_sa,penalty_scaled_geometric,0,,365.0,,0,0.09959450000314973,6600,66
CVRP,5,tiny-5-203004,203004,3,dwave_sa,penalty_scaled_geometric,0,,365.0,,0,0.008343299996340647,6600,66
CVRP,5,tiny-5-203004,203004,3,openjij_sa,penalty_scaled_geometric,1,492.0,365.0,34.794520547945204,0,0.022570499997527804,6600,66
CVRP,5,tiny-5-203004,203004,3,vrp_sa,wall_clock,1,365.0,365.0,0.0,1,0.2000795999992988,3960,
CVRP,5,tiny-5-203004,203004,3,ortools,wall_clock,1,365.0,365.0,0.0,1,0.2019561999986763,,
CVRP,5,tiny-5-203004,203004,3,exact_small,proven,1,365.0,365.0,0.0,1,0.028510100004496053,,
CVRP,5,tiny-5-203004,203004,4,qubo_sa,coefficient_scaled_linear,0,,365.0,,0,0.09511259999999311,6600,66
CVRP,5,tiny-5-203004,203004,4,dwave_sa,coefficient_scaled_linear,0,,365.0,,0,0.008895899998606183,6600,66
CVRP,5,tiny-5-203004,203004,4,openjij_sa,coefficient_scaled_linear,0,,365.0,,0,0.02127860000473447,6600,66
CVRP,5,tiny-5-203004,203004,4,qubo_sa,penalty_scaled_geometric,0,,365.0,,0,0.09979359999852022,6600,66
CVRP,5,tiny-5-203004,203004,4,dwave_sa,penalty_scaled_geometric,0,,365.0,,0,0.008468899999570567,6600,66
CVRP,5,tiny-5-203004,203004,4,openjij_sa,penalty_scaled_geometric,0,,365.0,,0,0.021839399996679276,6600,66
CVRP,5,tiny-5-203004,203004,4,vrp_sa,wall_clock,1,365.0,365.0,0.0,1,0.20005160000437172,3860,
CVRP,5,tiny-5-203004,203004,4,ortools,wall_clock,1,365.0,365.0,0.0,1,0.20171129999653203,,
CVRP,5,tiny-5-203004,203004,4,exact_small,proven,1,365.0,365.0,0.0,1,0.028510100004496053,,
CVRP,5,tiny-5-203004,203004,5,qubo_sa,coefficient_scaled_linear,0,,365.0,,0,0.09669529999519,6600,66
CVRP,5,tiny-5-203004,203004,5,dwave_sa,coefficient_scaled_linear,0,,365.0,,0,0.008562800001527648,6600,66
CVRP,5,tiny-5-203004,203004,5,openjij_sa,coefficient_scaled_linear,0,,365.0,,0,0.021077500001410954,6600,66
CVRP,5,tiny-5-203004,203004,5,qubo_sa,penalty_scaled_geometric,0,,365.0,,0,0.09807430000364548,6600,66
CVRP,5,tiny-5-203004,203004,5,dwave_sa,penalty_scaled_geometric,0,,365.0,,0,0.008458800002699718,6600,66
CVRP,5,tiny-5-203004,203004,5,openjij_sa,penalty_scaled_geometric,0,,365.0,,0,0.022416399995563552,6600,66
CVRP,5,tiny-5-203004,203004,5,vrp_sa,wall_clock,1,365.0,365.0,0.0,1,0.20005089999904158,3983,
CVRP,5,tiny-5-203004,203004,5,ortools,wall_clock,1,365.0,365.0,0.0,1,0.20153649999701884,,
CVRP,5,tiny-5-203004,203004,5,exact_small,proven,1,365.0,365.0,0.0,1,0.028510100004496053,,
CVRP,5,tiny-5-203004,203004,6,qubo_sa,coefficient_scaled_linear,0,,365.0,,0,0.08674400000018068,6600,66
CVRP,5,tiny-5-203004,203004,6,dwave_sa,coefficient_scaled_linear,0,,365.0,,0,0.007191100005002227,6600,66
CVRP,5,tiny-5-203004,203004,6,openjij_sa,coefficient_scaled_linear,0,,365.0,,0,0.021408900000096764,6600,66
CVRP,5,tiny-5-203004,203004,6,qubo_sa,penalty_scaled_geometric,0,,365.0,,0,0.10155529999610735,6600,66
CVRP,5,tiny-5-203004,203004,6,dwave_sa,penalty_scaled_geometric,0,,365.0,,0,0.008544400006940123,6600,66
CVRP,5,tiny-5-203004,203004,6,openjij_sa,penalty_scaled_geometric,0,,365.0,,0,0.021183600001677405,6600,66
CVRP,5,tiny-5-203004,203004,6,vrp_sa,wall_clock,1,365.0,365.0,0.0,1,0.20006490000378108,4002,
CVRP,5,tiny-5-203004,203004,6,ortools,wall_clock,1,365.0,365.0,0.0,1,0.20228040000074543,,
CVRP,5,tiny-5-203004,203004,6,exact_small,proven,1,365.0,365.0,0.0,1,0.028510100004496053,,
CVRP,5,tiny-5-203004,203004,7,qubo_sa,coefficient_scaled_linear,0,,365.0,,0,0.10767399999895133,6600,66
CVRP,5,tiny-5-203004,203004,7,dwave_sa,coefficient_scaled_linear,0,,365.0,,0,0.008536300003470387,6600,66
CVRP,5,tiny-5-203004,203004,7,openjij_sa,coefficient_scaled_linear,0,,365.0,,0,0.022584800004551653,6600,66
CVRP,5,tiny-5-203004,203004,7,qubo_sa,penalty_scaled_geometric,0,,365.0,,0,0.09793139999965206,6600,66
CVRP,5,tiny-5-203004,203004,7,dwave_sa,penalty_scaled_geometric,0,,365.0,,0,0.008943599998019636,6600,66
CVRP,5,tiny-5-203004,203004,7,openjij_sa,penalty_scaled_geometric,0,,365.0,,0,0.023337500002526212,6600,66
CVRP,5,tiny-5-203004,203004,7,vrp_sa,wall_clock,1,365.0,365.0,0.0,1,0.20006670000293525,3716,
CVRP,5,tiny-5-203004,203004,7,ortools,wall_clock,1,365.0,365.0,0.0,1,0.20148299999709707,,
CVRP,5,tiny-5-203004,203004,7,exact_small,proven,1,365.0,365.0,0.0,1,0.028510100004496053,,
CVRP,5,tiny-5-203004,203004,8,qubo_sa,coefficient_scaled_linear,0,,365.0,,0,0.09740730000339681,6600,66
CVRP,5,tiny-5-203004,203004,8,dwave_sa,coefficient_scaled_linear,0,,365.0,,0,0.008954600001743529,6600,66
CVRP,5,tiny-5-203004,203004,8,openjij_sa,coefficient_scaled_linear,0,,365.0,,0,0.021468600003572647,6600,66
CVRP,5,tiny-5-203004,203004,8,qubo_sa,penalty_scaled_geometric,0,,365.0,,0,0.09916810000140686,6600,66
CVRP,5,tiny-5-203004,203004,8,dwave_sa,penalty_scaled_geometric,0,,365.0,,0,0.008385099994484335,6600,66
CVRP,5,tiny-5-203004,203004,8,openjij_sa,penalty_scaled_geometric,0,,365.0,,0,0.021097199998621363,6600,66
CVRP,5,tiny-5-203004,203004,8,vrp_sa,wall_clock,1,365.0,365.0,0.0,1,0.2000322000021697,3906,
CVRP,5,tiny-5-203004,203004,8,ortools,wall_clock,1,365.0,365.0,0.0,1,0.20173720000457251,,
CVRP,5,tiny-5-203004,203004,8,exact_small,proven,1,365.0,365.0,0.0,1,0.028510100004496053,,
CVRP,5,tiny-5-203004,203004,9,qubo_sa,coefficient_scaled_linear,0,,365.0,,0,0.1063376000020071,6600,66
CVRP,5,tiny-5-203004,203004,9,dwave_sa,coefficient_scaled_linear,0,,365.0,,0,0.008541200004401617,6600,66
CVRP,5,tiny-5-203004,203004,9,openjij_sa,coefficient_scaled_linear,0,,365.0,,0,0.0231768999947235,6600,66
CVRP,5,tiny-5-203004,203004,9,qubo_sa,penalty_scaled_geometric,0,,365.0,,0,0.10022829999797978,6600,66
CVRP,5,tiny-5-203004,203004,9,dwave_sa,penalty_scaled_geometric,0,,365.0,,0,0.010306500000297092,6600,66
CVRP,5,tiny-5-203004,203004,9,openjij_sa,penalty_scaled_geometric,0,,365.0,,0,0.024437499996565748,6600,66
CVRP,5,tiny-5-203004,203004,9,vrp_sa,wall_clock,1,365.0,365.0,0.0,1,0.20003550000546966,5696,
CVRP,5,tiny-5-203004,203004,9,ortools,wall_clock,1,365.0,365.0,0.0,1,0.2014156000004732,,
CVRP,5,tiny-5-203004,203004,9,exact_small,proven,1,365.0,365.0,0.0,1,0.028510100004496053,,
CVRP,5,tiny-5-203005,203005,0,qubo_sa,coefficient_scaled_linear,0,,230.0,,0,0.0961336999971536,6800,68
CVRP,5,tiny-5-203005,203005,0,dwave_sa,coefficient_scaled_linear,0,,230.0,,0,0.008909099997254089,6800,68
CVRP,5,tiny-5-203005,203005,0,openjij_sa,coefficient_scaled_linear,0,,230.0,,0,0.022792699994170107,6800,68
CVRP,5,tiny-5-203005,203005,0,qubo_sa,penalty_scaled_geometric,0,,230.0,,0,0.10198890000174288,6800,68
CVRP,5,tiny-5-203005,203005,0,dwave_sa,penalty_scaled_geometric,0,,230.0,,0,0.008687100002134684,6800,68
CVRP,5,tiny-5-203005,203005,0,openjij_sa,penalty_scaled_geometric,0,,230.0,,0,0.022049999999580905,6800,68
CVRP,5,tiny-5-203005,203005,0,vrp_sa,wall_clock,1,230.0,230.0,0.0,1,0.20007970000006026,3081,
CVRP,5,tiny-5-203005,203005,0,ortools,wall_clock,1,230.0,230.0,0.0,1,0.20064780000393512,,
CVRP,5,tiny-5-203005,203005,0,exact_small,proven,1,230.0,230.0,0.0,1,0.018660699999600183,,
CVRP,5,tiny-5-203005,203005,1,qubo_sa,coefficient_scaled_linear,0,,230.0,,0,0.09864430000016,6800,68
CVRP,5,tiny-5-203005,203005,1,dwave_sa,coefficient_scaled_linear,0,,230.0,,0,0.009335199996712618,6800,68
CVRP,5,tiny-5-203005,203005,1,openjij_sa,coefficient_scaled_linear,0,,230.0,,0,0.02280280000559287,6800,68
CVRP,5,tiny-5-203005,203005,1,qubo_sa,penalty_scaled_geometric,0,,230.0,,0,0.10402980000071693,6800,68
CVRP,5,tiny-5-203005,203005,1,dwave_sa,penalty_scaled_geometric,0,,230.0,,0,0.008989500005554873,6800,68
CVRP,5,tiny-5-203005,203005,1,openjij_sa,penalty_scaled_geometric,0,,230.0,,0,0.02275720000034198,6800,68
CVRP,5,tiny-5-203005,203005,1,vrp_sa,wall_clock,1,230.0,230.0,0.0,1,0.2000458999973489,3126,
CVRP,5,tiny-5-203005,203005,1,ortools,wall_clock,1,230.0,230.0,0.0,1,0.20160849999956554,,
CVRP,5,tiny-5-203005,203005,1,exact_small,proven,1,230.0,230.0,0.0,1,0.018660699999600183,,
CVRP,5,tiny-5-203005,203005,2,qubo_sa,coefficient_scaled_linear,0,,230.0,,0,0.11355139999795938,6800,68
CVRP,5,tiny-5-203005,203005,2,dwave_sa,coefficient_scaled_linear,0,,230.0,,0,0.009964799995941576,6800,68
CVRP,5,tiny-5-203005,203005,2,openjij_sa,coefficient_scaled_linear,0,,230.0,,0,0.023328900002525188,6800,68
CVRP,5,tiny-5-203005,203005,2,qubo_sa,penalty_scaled_geometric,0,,230.0,,0,0.1013747000033618,6800,68
CVRP,5,tiny-5-203005,203005,2,dwave_sa,penalty_scaled_geometric,0,,230.0,,0,0.008883699993020855,6800,68
CVRP,5,tiny-5-203005,203005,2,openjij_sa,penalty_scaled_geometric,0,,230.0,,0,0.03069099999993341,6800,68
CVRP,5,tiny-5-203005,203005,2,vrp_sa,wall_clock,1,230.0,230.0,0.0,1,0.20004739999421872,3096,
CVRP,5,tiny-5-203005,203005,2,ortools,wall_clock,1,230.0,230.0,0.0,1,0.20138040000165347,,
CVRP,5,tiny-5-203005,203005,2,exact_small,proven,1,230.0,230.0,0.0,1,0.018660699999600183,,
CVRP,5,tiny-5-203005,203005,3,qubo_sa,coefficient_scaled_linear,0,,230.0,,0,0.0988842000006116,6800,68
CVRP,5,tiny-5-203005,203005,3,dwave_sa,coefficient_scaled_linear,0,,230.0,,0,0.00908999999955995,6800,68
CVRP,5,tiny-5-203005,203005,3,openjij_sa,coefficient_scaled_linear,0,,230.0,,0,0.02340909999475116,6800,68
CVRP,5,tiny-5-203005,203005,3,qubo_sa,penalty_scaled_geometric,0,,230.0,,0,0.09982329999911599,6800,68
CVRP,5,tiny-5-203005,203005,3,dwave_sa,penalty_scaled_geometric,0,,230.0,,0,0.008679899998242036,6800,68
CVRP,5,tiny-5-203005,203005,3,openjij_sa,penalty_scaled_geometric,0,,230.0,,0,0.022047099999326747,6800,68
CVRP,5,tiny-5-203005,203005,3,vrp_sa,wall_clock,1,230.0,230.0,0.0,1,0.2000499999994645,3132,
CVRP,5,tiny-5-203005,203005,3,ortools,wall_clock,1,230.0,230.0,0.0,1,0.2014922000016668,,
CVRP,5,tiny-5-203005,203005,3,exact_small,proven,1,230.0,230.0,0.0,1,0.018660699999600183,,
CVRP,5,tiny-5-203005,203005,4,qubo_sa,coefficient_scaled_linear,0,,230.0,,0,0.09799660000135191,6800,68
CVRP,5,tiny-5-203005,203005,4,dwave_sa,coefficient_scaled_linear,0,,230.0,,0,0.008894300000974908,6800,68
CVRP,5,tiny-5-203005,203005,4,openjij_sa,coefficient_scaled_linear,0,,230.0,,0,0.022413099999539554,6800,68
CVRP,5,tiny-5-203005,203005,4,qubo_sa,penalty_scaled_geometric,0,,230.0,,0,0.10221050000109244,6800,68
CVRP,5,tiny-5-203005,203005,4,dwave_sa,penalty_scaled_geometric,0,,230.0,,0,0.008698799996636808,6800,68
CVRP,5,tiny-5-203005,203005,4,openjij_sa,penalty_scaled_geometric,0,,230.0,,0,0.022407299999031238,6800,68
CVRP,5,tiny-5-203005,203005,4,vrp_sa,wall_clock,1,230.0,230.0,0.0,1,0.20007489999989048,3057,
CVRP,5,tiny-5-203005,203005,4,ortools,wall_clock,1,230.0,230.0,0.0,1,0.2008328000010806,,
CVRP,5,tiny-5-203005,203005,4,exact_small,proven,1,230.0,230.0,0.0,1,0.018660699999600183,,
CVRP,5,tiny-5-203005,203005,5,qubo_sa,coefficient_scaled_linear,0,,230.0,,0,0.10158239999873331,6800,68
CVRP,5,tiny-5-203005,203005,5,dwave_sa,coefficient_scaled_linear,0,,230.0,,0,0.010118600002897438,6800,68
CVRP,5,tiny-5-203005,203005,5,openjij_sa,coefficient_scaled_linear,0,,230.0,,0,0.02302369999961229,6800,68
CVRP,5,tiny-5-203005,203005,5,qubo_sa,penalty_scaled_geometric,0,,230.0,,0,0.07522540000354638,6800,68
CVRP,5,tiny-5-203005,203005,5,dwave_sa,penalty_scaled_geometric,0,,230.0,,0,0.009246599998732563,6800,68
CVRP,5,tiny-5-203005,203005,5,openjij_sa,penalty_scaled_geometric,0,,230.0,,0,0.024497900005371775,6800,68
CVRP,5,tiny-5-203005,203005,5,vrp_sa,wall_clock,1,230.0,230.0,0.0,1,0.20003710000310093,3118,
CVRP,5,tiny-5-203005,203005,5,ortools,wall_clock,1,230.0,230.0,0.0,1,0.2017626000015298,,
CVRP,5,tiny-5-203005,203005,5,exact_small,proven,1,230.0,230.0,0.0,1,0.018660699999600183,,
CVRP,5,tiny-5-203005,203005,6,qubo_sa,coefficient_scaled_linear,0,,230.0,,0,0.09769129999767756,6800,68
CVRP,5,tiny-5-203005,203005,6,dwave_sa,coefficient_scaled_linear,0,,230.0,,0,0.009054800000740215,6800,68
CVRP,5,tiny-5-203005,203005,6,openjij_sa,coefficient_scaled_linear,0,,230.0,,0,0.022831800000858493,6800,68
CVRP,5,tiny-5-203005,203005,6,qubo_sa,penalty_scaled_geometric,0,,230.0,,0,0.10256570000638021,6800,68
CVRP,5,tiny-5-203005,203005,6,dwave_sa,penalty_scaled_geometric,0,,230.0,,0,0.00917930000287015,6800,68
CVRP,5,tiny-5-203005,203005,6,openjij_sa,penalty_scaled_geometric,0,,230.0,,0,0.022520800004713237,6800,68
CVRP,5,tiny-5-203005,203005,6,vrp_sa,wall_clock,1,230.0,230.0,0.0,1,0.20010069999989355,3159,
CVRP,5,tiny-5-203005,203005,6,ortools,wall_clock,1,230.0,230.0,0.0,1,0.20141180000064196,,
CVRP,5,tiny-5-203005,203005,6,exact_small,proven,1,230.0,230.0,0.0,1,0.018660699999600183,,
CVRP,5,tiny-5-203005,203005,7,qubo_sa,coefficient_scaled_linear,0,,230.0,,0,0.10058230000140611,6800,68
CVRP,5,tiny-5-203005,203005,7,dwave_sa,coefficient_scaled_linear,0,,230.0,,0,0.008875799998349976,6800,68
CVRP,5,tiny-5-203005,203005,7,openjij_sa,coefficient_scaled_linear,0,,230.0,,0,0.022639599999820348,6800,68
CVRP,5,tiny-5-203005,203005,7,qubo_sa,penalty_scaled_geometric,0,,230.0,,0,0.10397020000527846,6800,68
CVRP,5,tiny-5-203005,203005,7,dwave_sa,penalty_scaled_geometric,0,,230.0,,0,0.009014899995236192,6800,68
CVRP,5,tiny-5-203005,203005,7,openjij_sa,penalty_scaled_geometric,0,,230.0,,0,0.022415999999793712,6800,68
CVRP,5,tiny-5-203005,203005,7,vrp_sa,wall_clock,1,230.0,230.0,0.0,1,0.20007279999845196,3113,
CVRP,5,tiny-5-203005,203005,7,ortools,wall_clock,1,230.0,230.0,0.0,1,0.20073389999743085,,
CVRP,5,tiny-5-203005,203005,7,exact_small,proven,1,230.0,230.0,0.0,1,0.018660699999600183,,
CVRP,5,tiny-5-203005,203005,8,qubo_sa,coefficient_scaled_linear,0,,230.0,,0,0.09876670000085142,6800,68
CVRP,5,tiny-5-203005,203005,8,dwave_sa,coefficient_scaled_linear,0,,230.0,,0,0.00897160000022268,6800,68
CVRP,5,tiny-5-203005,203005,8,openjij_sa,coefficient_scaled_linear,0,,230.0,,0,0.02335990000574384,6800,68
CVRP,5,tiny-5-203005,203005,8,qubo_sa,penalty_scaled_geometric,0,,230.0,,0,0.10474879999674158,6800,68
CVRP,5,tiny-5-203005,203005,8,dwave_sa,penalty_scaled_geometric,0,,230.0,,0,0.00888219999615103,6800,68
CVRP,5,tiny-5-203005,203005,8,openjij_sa,penalty_scaled_geometric,0,,230.0,,0,0.02238729999953648,6800,68
CVRP,5,tiny-5-203005,203005,8,vrp_sa,wall_clock,1,230.0,230.0,0.0,1,0.2000419000032707,3141,
CVRP,5,tiny-5-203005,203005,8,ortools,wall_clock,1,230.0,230.0,0.0,1,0.2014361999972607,,
CVRP,5,tiny-5-203005,203005,8,exact_small,proven,1,230.0,230.0,0.0,1,0.018660699999600183,,
CVRP,5,tiny-5-203005,203005,9,qubo_sa,coefficient_scaled_linear,0,,230.0,,0,0.09773659999336815,6800,68
CVRP,5,tiny-5-203005,203005,9,dwave_sa,coefficient_scaled_linear,0,,230.0,,0,0.008982799998193514,6800,68
CVRP,5,tiny-5-203005,203005,9,openjij_sa,coefficient_scaled_linear,0,,230.0,,0,0.02272649999940768,6800,68
CVRP,5,tiny-5-203005,203005,9,qubo_sa,penalty_scaled_geometric,0,,230.0,,0,0.10184080000180984,6800,68
CVRP,5,tiny-5-203005,203005,9,dwave_sa,penalty_scaled_geometric,0,,230.0,,0,0.008886399999028072,6800,68
CVRP,5,tiny-5-203005,203005,9,openjij_sa,penalty_scaled_geometric,0,,230.0,,0,0.02211389999865787,6800,68
CVRP,5,tiny-5-203005,203005,9,vrp_sa,wall_clock,1,230.0,230.0,0.0,1,0.2000465000019176,3120,
CVRP,5,tiny-5-203005,203005,9,ortools,wall_clock,1,230.0,230.0,0.0,1,0.20138640000368468,,
CVRP,5,tiny-5-203005,203005,9,exact_small,proven,1,230.0,230.0,0.0,1,0.018660699999600183,,
CVRP,5,tiny-5-203006,203006,0,qubo_sa,coefficient_scaled_linear,0,,296.0,,0,0.09888919999502832,6600,66
CVRP,5,tiny-5-203006,203006,0,dwave_sa,coefficient_scaled_linear,0,,296.0,,0,0.00846820000151638,6600,66
CVRP,5,tiny-5-203006,203006,0,openjij_sa,coefficient_scaled_linear,0,,296.0,,0,0.022781200001190882,6600,66
CVRP,5,tiny-5-203006,203006,0,qubo_sa,penalty_scaled_geometric,0,,296.0,,0,0.09815099999832455,6600,66
CVRP,5,tiny-5-203006,203006,0,dwave_sa,penalty_scaled_geometric,0,,296.0,,0,0.008362799999304116,6600,66
CVRP,5,tiny-5-203006,203006,0,openjij_sa,penalty_scaled_geometric,0,,296.0,,0,0.02193680000345921,6600,66
CVRP,5,tiny-5-203006,203006,0,vrp_sa,wall_clock,1,296.0,296.0,0.0,1,0.20005289999971865,4013,
CVRP,5,tiny-5-203006,203006,0,ortools,wall_clock,1,296.0,296.0,0.0,1,0.20154180000099586,,
CVRP,5,tiny-5-203006,203006,0,exact_small,proven,1,296.0,296.0,0.0,1,0.021232099999906495,,
CVRP,5,tiny-5-203006,203006,1,qubo_sa,coefficient_scaled_linear,0,,296.0,,0,0.09633889999531675,6600,66
CVRP,5,tiny-5-203006,203006,1,dwave_sa,coefficient_scaled_linear,0,,296.0,,0,0.008950899995397776,6600,66
CVRP,5,tiny-5-203006,203006,1,openjij_sa,coefficient_scaled_linear,0,,296.0,,0,0.021316999998816755,6600,66
CVRP,5,tiny-5-203006,203006,1,qubo_sa,penalty_scaled_geometric,0,,296.0,,0,0.11447810000390746,6600,66
CVRP,5,tiny-5-203006,203006,1,dwave_sa,penalty_scaled_geometric,0,,296.0,,0,0.008811200001218822,6600,66
CVRP,5,tiny-5-203006,203006,1,openjij_sa,penalty_scaled_geometric,0,,296.0,,0,0.023421300000336487,6600,66
CVRP,5,tiny-5-203006,203006,1,vrp_sa,wall_clock,1,296.0,296.0,0.0,1,0.2000285000030999,3994,
CVRP,5,tiny-5-203006,203006,1,ortools,wall_clock,1,296.0,296.0,0.0,1,0.2005286999992677,,
CVRP,5,tiny-5-203006,203006,1,exact_small,proven,1,296.0,296.0,0.0,1,0.021232099999906495,,
CVRP,5,tiny-5-203006,203006,2,qubo_sa,coefficient_scaled_linear,0,,296.0,,0,0.09660339999390999,6600,66
CVRP,5,tiny-5-203006,203006,2,dwave_sa,coefficient_scaled_linear,0,,296.0,,0,0.00824329999886686,6600,66
CVRP,5,tiny-5-203006,203006,2,openjij_sa,coefficient_scaled_linear,0,,296.0,,0,0.021294000005582348,6600,66
CVRP,5,tiny-5-203006,203006,2,qubo_sa,penalty_scaled_geometric,0,,296.0,,0,0.09727259999635862,6600,66
CVRP,5,tiny-5-203006,203006,2,dwave_sa,penalty_scaled_geometric,0,,296.0,,0,0.008406500004639383,6600,66
CVRP,5,tiny-5-203006,203006,2,openjij_sa,penalty_scaled_geometric,0,,296.0,,0,0.021618899998429697,6600,66
CVRP,5,tiny-5-203006,203006,2,vrp_sa,wall_clock,1,296.0,296.0,0.0,1,0.20005939999828115,3937,
CVRP,5,tiny-5-203006,203006,2,ortools,wall_clock,1,296.0,296.0,0.0,1,0.20148860000335844,,
CVRP,5,tiny-5-203006,203006,2,exact_small,proven,1,296.0,296.0,0.0,1,0.021232099999906495,,
CVRP,5,tiny-5-203006,203006,3,qubo_sa,coefficient_scaled_linear,0,,296.0,,0,0.09790230000362499,6600,66
CVRP,5,tiny-5-203006,203006,3,dwave_sa,coefficient_scaled_linear,0,,296.0,,0,0.008639100000436883,6600,66
CVRP,5,tiny-5-203006,203006,3,openjij_sa,coefficient_scaled_linear,0,,296.0,,0,0.021382400002039503,6600,66
CVRP,5,tiny-5-203006,203006,3,qubo_sa,penalty_scaled_geometric,0,,296.0,,0,0.0994215999962762,6600,66
CVRP,5,tiny-5-203006,203006,3,dwave_sa,penalty_scaled_geometric,0,,296.0,,0,0.008386099994822871,6600,66
CVRP,5,tiny-5-203006,203006,3,openjij_sa,penalty_scaled_geometric,0,,296.0,,0,0.021103400002175476,6600,66
CVRP,5,tiny-5-203006,203006,3,vrp_sa,wall_clock,1,296.0,296.0,0.0,1,0.20007489999989048,4040,
CVRP,5,tiny-5-203006,203006,3,ortools,wall_clock,1,296.0,296.0,0.0,1,0.20165429999906337,,
CVRP,5,tiny-5-203006,203006,3,exact_small,proven,1,296.0,296.0,0.0,1,0.021232099999906495,,
CVRP,5,tiny-5-203006,203006,4,qubo_sa,coefficient_scaled_linear,0,,296.0,,0,0.09612280000146711,6600,66
CVRP,5,tiny-5-203006,203006,4,dwave_sa,coefficient_scaled_linear,0,,296.0,,0,0.008425799998803996,6600,66
CVRP,5,tiny-5-203006,203006,4,openjij_sa,coefficient_scaled_linear,0,,296.0,,0,0.022005900005751755,6600,66
CVRP,5,tiny-5-203006,203006,4,qubo_sa,penalty_scaled_geometric,0,,296.0,,0,0.1075182999993558,6600,66
CVRP,5,tiny-5-203006,203006,4,dwave_sa,penalty_scaled_geometric,0,,296.0,,0,0.010927600000286475,6600,66
CVRP,5,tiny-5-203006,203006,4,openjij_sa,penalty_scaled_geometric,0,,296.0,,0,0.024732899997616187,6600,66
CVRP,5,tiny-5-203006,203006,4,vrp_sa,wall_clock,1,296.0,296.0,0.0,1,0.20009969999955501,4008,
CVRP,5,tiny-5-203006,203006,4,ortools,wall_clock,1,296.0,296.0,0.0,1,0.20077429999946617,,
CVRP,5,tiny-5-203006,203006,4,exact_small,proven,1,296.0,296.0,0.0,1,0.021232099999906495,,
CVRP,5,tiny-5-203006,203006,5,qubo_sa,coefficient_scaled_linear,0,,296.0,,0,0.09711529999913182,6600,66
CVRP,5,tiny-5-203006,203006,5,dwave_sa,coefficient_scaled_linear,0,,296.0,,0,0.00853359999746317,6600,66
CVRP,5,tiny-5-203006,203006,5,openjij_sa,coefficient_scaled_linear,0,,296.0,,0,0.021444800004246645,6600,66
CVRP,5,tiny-5-203006,203006,5,qubo_sa,penalty_scaled_geometric,0,,296.0,,0,0.09812230000534328,6600,66
CVRP,5,tiny-5-203006,203006,5,dwave_sa,penalty_scaled_geometric,0,,296.0,,0,0.008434600000327919,6600,66
CVRP,5,tiny-5-203006,203006,5,openjij_sa,penalty_scaled_geometric,0,,296.0,,0,0.021677899996575434,6600,66
CVRP,5,tiny-5-203006,203006,5,vrp_sa,wall_clock,0,,296.0,,0,0.00030590000096708536,,
CVRP,5,tiny-5-203006,203006,5,ortools,wall_clock,1,296.0,296.0,0.0,1,0.20151649999752408,,
CVRP,5,tiny-5-203006,203006,5,exact_small,proven,1,296.0,296.0,0.0,1,0.021232099999906495,,
CVRP,5,tiny-5-203006,203006,6,qubo_sa,coefficient_scaled_linear,0,,296.0,,0,0.09827000000223052,6600,66
CVRP,5,tiny-5-203006,203006,6,dwave_sa,coefficient_scaled_linear,0,,296.0,,0,0.009220100000675302,6600,66
CVRP,5,tiny-5-203006,203006,6,openjij_sa,coefficient_scaled_linear,0,,296.0,,0,0.021317300001101103,6600,66
CVRP,5,tiny-5-203006,203006,6,qubo_sa,penalty_scaled_geometric,0,,296.0,,0,0.09812809999857564,6600,66
CVRP,5,tiny-5-203006,203006,6,dwave_sa,penalty_scaled_geometric,0,,296.0,,0,0.008286000003863592,6600,66
CVRP,5,tiny-5-203006,203006,6,openjij_sa,penalty_scaled_geometric,0,,296.0,,0,0.021889999996346887,6600,66
CVRP,5,tiny-5-203006,203006,6,vrp_sa,wall_clock,1,296.0,296.0,0.0,1,0.20009140000183834,3949,
CVRP,5,tiny-5-203006,203006,6,ortools,wall_clock,1,296.0,296.0,0.0,1,0.20167819999915082,,
CVRP,5,tiny-5-203006,203006,6,exact_small,proven,1,296.0,296.0,0.0,1,0.021232099999906495,,
CVRP,5,tiny-5-203006,203006,7,qubo_sa,coefficient_scaled_linear,0,,296.0,,0,0.09660200000507757,6600,66
CVRP,5,tiny-5-203006,203006,7,dwave_sa,coefficient_scaled_linear,0,,296.0,,0,0.008417500001087319,6600,66
CVRP,5,tiny-5-203006,203006,7,openjij_sa,coefficient_scaled_linear,0,,296.0,,0,0.021318600003723986,6600,66
CVRP,5,tiny-5-203006,203006,7,qubo_sa,penalty_scaled_geometric,1,425.0,296.0,43.581081081081074,0,0.0985417999982019,6600,66
CVRP,5,tiny-5-203006,203006,7,dwave_sa,penalty_scaled_geometric,0,,296.0,,0,0.008341900000232272,6600,66
CVRP,5,tiny-5-203006,203006,7,openjij_sa,penalty_scaled_geometric,0,,296.0,,0,0.021539699999266304,6600,66
CVRP,5,tiny-5-203006,203006,7,vrp_sa,wall_clock,1,296.0,296.0,0.0,1,0.2000430999978562,4021,
CVRP,5,tiny-5-203006,203006,7,ortools,wall_clock,1,296.0,296.0,0.0,1,0.20171909999771742,,
CVRP,5,tiny-5-203006,203006,7,exact_small,proven,1,296.0,296.0,0.0,1,0.021232099999906495,,
CVRP,5,tiny-5-203006,203006,8,qubo_sa,coefficient_scaled_linear,0,,296.0,,0,0.09753869999985909,6600,66
CVRP,5,tiny-5-203006,203006,8,dwave_sa,coefficient_scaled_linear,0,,296.0,,0,0.008522800002538133,6600,66
CVRP,5,tiny-5-203006,203006,8,openjij_sa,coefficient_scaled_linear,0,,296.0,,0,0.021345000001019798,6600,66
CVRP,5,tiny-5-203006,203006,8,qubo_sa,penalty_scaled_geometric,0,,296.0,,0,0.09855999999854248,6600,66
CVRP,5,tiny-5-203006,203006,8,dwave_sa,penalty_scaled_geometric,0,,296.0,,0,0.008413199997448828,6600,66
CVRP,5,tiny-5-203006,203006,8,openjij_sa,penalty_scaled_geometric,0,,296.0,,0,0.021225399999821093,6600,66
CVRP,5,tiny-5-203006,203006,8,vrp_sa,wall_clock,1,296.0,296.0,0.0,1,0.20006540000031237,4057,
CVRP,5,tiny-5-203006,203006,8,ortools,wall_clock,1,296.0,296.0,0.0,1,0.20168839999678312,,
CVRP,5,tiny-5-203006,203006,8,exact_small,proven,1,296.0,296.0,0.0,1,0.021232099999906495,,
CVRP,5,tiny-5-203006,203006,9,qubo_sa,coefficient_scaled_linear,0,,296.0,,0,0.0993358999985503,6600,66
CVRP,5,tiny-5-203006,203006,9,dwave_sa,coefficient_scaled_linear,0,,296.0,,0,0.00852409999788506,6600,66
CVRP,5,tiny-5-203006,203006,9,openjij_sa,coefficient_scaled_linear,0,,296.0,,0,0.02170559999649413,6600,66
CVRP,5,tiny-5-203006,203006,9,qubo_sa,penalty_scaled_geometric,0,,296.0,,0,0.09756619999825489,6600,66
CVRP,5,tiny-5-203006,203006,9,dwave_sa,penalty_scaled_geometric,0,,296.0,,0,0.008561299997381866,6600,66
CVRP,5,tiny-5-203006,203006,9,openjij_sa,penalty_scaled_geometric,0,,296.0,,0,0.02123310000024503,6600,66
CVRP,5,tiny-5-203006,203006,9,vrp_sa,wall_clock,0,,296.0,,0,0.0002950999987660907,,
CVRP,5,tiny-5-203006,203006,9,ortools,wall_clock,1,296.0,296.0,0.0,1,0.20142499999928987,,
CVRP,5,tiny-5-203006,203006,9,exact_small,proven,1,296.0,296.0,0.0,1,0.021232099999906495,,
CVRP,5,tiny-5-203007,203007,0,qubo_sa,coefficient_scaled_linear,0,,252.0,,0,0.09539260000019567,6600,66
CVRP,5,tiny-5-203007,203007,0,dwave_sa,coefficient_scaled_linear,0,,252.0,,0,0.008549499994842336,6600,66
CVRP,5,tiny-5-203007,203007,0,openjij_sa,coefficient_scaled_linear,0,,252.0,,0,0.02171200000157114,6600,66
CVRP,5,tiny-5-203007,203007,0,qubo_sa,penalty_scaled_geometric,0,,252.0,,0,0.09779949999938253,6600,66
CVRP,5,tiny-5-203007,203007,0,dwave_sa,penalty_scaled_geometric,0,,252.0,,0,0.008254899999883492,6600,66
CVRP,5,tiny-5-203007,203007,0,openjij_sa,penalty_scaled_geometric,1,442.0,252.0,75.39682539682539,0,0.02150900000560796,6600,66
CVRP,5,tiny-5-203007,203007,0,vrp_sa,wall_clock,1,252.0,252.0,0.0,1,0.20010349999938626,2927,
CVRP,5,tiny-5-203007,203007,0,ortools,wall_clock,1,252.0,252.0,0.0,1,0.20165009999618633,,
CVRP,5,tiny-5-203007,203007,0,exact_small,proven,1,252.0,252.0,0.0,1,0.023586999996041413,,
CVRP,5,tiny-5-203007,203007,1,qubo_sa,coefficient_scaled_linear,0,,252.0,,0,0.09661069999856409,6600,66
CVRP,5,tiny-5-203007,203007,1,dwave_sa,coefficient_scaled_linear,0,,252.0,,0,0.015125699996133335,6600,66
CVRP,5,tiny-5-203007,203007,1,openjij_sa,coefficient_scaled_linear,0,,252.0,,0,0.03344959999958519,6600,66
CVRP,5,tiny-5-203007,203007,1,qubo_sa,penalty_scaled_geometric,0,,252.0,,0,0.1006446000028518,6600,66
CVRP,5,tiny-5-203007,203007,1,dwave_sa,penalty_scaled_geometric,0,,252.0,,0,0.008442500002274755,6600,66
CVRP,5,tiny-5-203007,203007,1,openjij_sa,penalty_scaled_geometric,0,,252.0,,0,0.021919999999227002,6600,66
CVRP,5,tiny-5-203007,203007,1,vrp_sa,wall_clock,1,252.0,252.0,0.0,1,0.20004579999658745,3119,
CVRP,5,tiny-5-203007,203007,1,ortools,wall_clock,1,252.0,252.0,0.0,1,0.20145429999683984,,
CVRP,5,tiny-5-203007,203007,1,exact_small,proven,1,252.0,252.0,0.0,1,0.023586999996041413,,
CVRP,5,tiny-5-203007,203007,2,qubo_sa,coefficient_scaled_linear,0,,252.0,,0,0.0970962999999756,6600,66
CVRP,5,tiny-5-203007,203007,2,dwave_sa,coefficient_scaled_linear,0,,252.0,,0,0.008791400003246963,6600,66
CVRP,5,tiny-5-203007,203007,2,openjij_sa,coefficient_scaled_linear,0,,252.0,,0,0.0219714999984717,6600,66
CVRP,5,tiny-5-203007,203007,2,qubo_sa,penalty_scaled_geometric,0,,252.0,,0,0.1010999999998603,6600,66
CVRP,5,tiny-5-203007,203007,2,dwave_sa,penalty_scaled_geometric,0,,252.0,,0,0.008599500004493166,6600,66
CVRP,5,tiny-5-203007,203007,2,openjij_sa,penalty_scaled_geometric,0,,252.0,,0,0.022028200000931975,6600,66
CVRP,5,tiny-5-203007,203007,2,vrp_sa,wall_clock,1,252.0,252.0,0.0,1,0.20008039999811444,3065,
CVRP,5,tiny-5-203007,203007,2,ortools,wall_clock,1,252.0,252.0,0.0,1,0.2014065000039409,,
CVRP,5,tiny-5-203007,203007,2,exact_small,proven,1,252.0,252.0,0.0,1,0.023586999996041413,,
CVRP,5,tiny-5-203007,203007,3,qubo_sa,coefficient_scaled_linear,0,,252.0,,0,0.09598439999535913,6600,66
CVRP,5,tiny-5-203007,203007,3,dwave_sa,coefficient_scaled_linear,0,,252.0,,0,0.00891820000106236,6600,66
CVRP,5,tiny-5-203007,203007,3,openjij_sa,coefficient_scaled_linear,0,,252.0,,0,0.021763700002338737,6600,66
CVRP,5,tiny-5-203007,203007,3,qubo_sa,penalty_scaled_geometric,0,,252.0,,0,0.09948179999628337,6600,66
CVRP,5,tiny-5-203007,203007,3,dwave_sa,penalty_scaled_geometric,0,,252.0,,0,0.008384599997953046,6600,66
CVRP,5,tiny-5-203007,203007,3,openjij_sa,penalty_scaled_geometric,0,,252.0,,0,0.021527700002479833,6600,66
CVRP,5,tiny-5-203007,203007,3,vrp_sa,wall_clock,1,252.0,252.0,0.0,1,0.2000502000009874,3104,
CVRP,5,tiny-5-203007,203007,3,ortools,wall_clock,1,252.0,252.0,0.0,1,0.2006182000041008,,
CVRP,5,tiny-5-203007,203007,3,exact_small,proven,1,252.0,252.0,0.0,1,0.023586999996041413,,
CVRP,5,tiny-5-203007,203007,4,qubo_sa,coefficient_scaled_linear,0,,252.0,,0,0.09589509999932488,6600,66
CVRP,5,tiny-5-203007,203007,4,dwave_sa,coefficient_scaled_linear,0,,252.0,,0,0.008746499996050261,6600,66
CVRP,5,tiny-5-203007,203007,4,openjij_sa,coefficient_scaled_linear,0,,252.0,,0,0.02185759999701986,6600,66
CVRP,5,tiny-5-203007,203007,4,qubo_sa,penalty_scaled_geometric,0,,252.0,,0,0.10323529999732273,6600,66
CVRP,5,tiny-5-203007,203007,4,dwave_sa,penalty_scaled_geometric,0,,252.0,,0,0.008507799997460097,6600,66
CVRP,5,tiny-5-203007,203007,4,openjij_sa,penalty_scaled_geometric,0,,252.0,,0,0.021705199993448332,6600,66
CVRP,5,tiny-5-203007,203007,4,vrp_sa,wall_clock,1,252.0,252.0,0.0,1,0.2000837000014144,2779,
CVRP,5,tiny-5-203007,203007,4,ortools,wall_clock,1,252.0,252.0,0.0,1,0.20171129999653203,,
CVRP,5,tiny-5-203007,203007,4,exact_small,proven,1,252.0,252.0,0.0,1,0.023586999996041413,,
CVRP,5,tiny-5-203007,203007,5,qubo_sa,coefficient_scaled_linear,0,,252.0,,0,0.09591709999949671,6600,66
CVRP,5,tiny-5-203007,203007,5,dwave_sa,coefficient_scaled_linear,0,,252.0,,0,0.008636200000182725,6600,66
CVRP,5,tiny-5-203007,203007,5,openjij_sa,coefficient_scaled_linear,0,,252.0,,0,0.021546600000874605,6600,66
CVRP,5,tiny-5-203007,203007,5,qubo_sa,penalty_scaled_geometric,0,,252.0,,0,0.09672210000280757,6600,66
CVRP,5,tiny-5-203007,203007,5,dwave_sa,penalty_scaled_geometric,0,,252.0,,0,0.008611600002041087,6600,66
CVRP,5,tiny-5-203007,203007,5,openjij_sa,penalty_scaled_geometric,0,,252.0,,0,0.021256899999571033,6600,66
CVRP,5,tiny-5-203007,203007,5,vrp_sa,wall_clock,1,252.0,252.0,0.0,1,0.20003539999743225,3099,
CVRP,5,tiny-5-203007,203007,5,ortools,wall_clock,1,252.0,252.0,0.0,1,0.20147580000048038,,
CVRP,5,tiny-5-203007,203007,5,exact_small,proven,1,252.0,252.0,0.0,1,0.023586999996041413,,
CVRP,5,tiny-5-203007,203007,6,qubo_sa,coefficient_scaled_linear,0,,252.0,,0,0.09810019999713404,6600,66
CVRP,5,tiny-5-203007,203007,6,dwave_sa,coefficient_scaled_linear,0,,252.0,,0,0.008537800000340212,6600,66
CVRP,5,tiny-5-203007,203007,6,openjij_sa,coefficient_scaled_linear,0,,252.0,,0,0.022536800002853852,6600,66
CVRP,5,tiny-5-203007,203007,6,qubo_sa,penalty_scaled_geometric,0,,252.0,,0,0.0988361999989138,6600,66
CVRP,5,tiny-5-203007,203007,6,dwave_sa,penalty_scaled_geometric,0,,252.0,,0,0.008708300003490876,6600,66
CVRP,5,tiny-5-203007,203007,6,openjij_sa,penalty_scaled_geometric,0,,252.0,,0,0.020866699996986426,6600,66
CVRP,5,tiny-5-203007,203007,6,vrp_sa,wall_clock,1,252.0,252.0,0.0,1,0.20004790000530193,3083,
CVRP,5,tiny-5-203007,203007,6,ortools,wall_clock,1,252.0,252.0,0.0,1,0.20095620000211056,,
CVRP,5,tiny-5-203007,203007,6,exact_small,proven,1,252.0,252.0,0.0,1,0.023586999996041413,,
CVRP,5,tiny-5-203007,203007,7,qubo_sa,coefficient_scaled_linear,0,,252.0,,0,0.09874490000220248,6600,66
CVRP,5,tiny-5-203007,203007,7,dwave_sa,coefficient_scaled_linear,0,,252.0,,0,0.008664200002385769,6600,66
CVRP,5,tiny-5-203007,203007,7,openjij_sa,coefficient_scaled_linear,0,,252.0,,0,0.0215091999998549,6600,66
CVRP,5,tiny-5-203007,203007,7,qubo_sa,penalty_scaled_geometric,0,,252.0,,0,0.10739109999849461,6600,66
CVRP,5,tiny-5-203007,203007,7,dwave_sa,penalty_scaled_geometric,0,,252.0,,0,0.01223549999849638,6600,66
CVRP,5,tiny-5-203007,203007,7,openjij_sa,penalty_scaled_geometric,0,,252.0,,0,0.0264619000008679,6600,66
CVRP,5,tiny-5-203007,203007,7,vrp_sa,wall_clock,1,252.0,252.0,0.0,1,0.20003979999455623,3113,
CVRP,5,tiny-5-203007,203007,7,ortools,wall_clock,1,252.0,252.0,0.0,1,0.20126629999867873,,
CVRP,5,tiny-5-203007,203007,7,exact_small,proven,1,252.0,252.0,0.0,1,0.023586999996041413,,
CVRP,5,tiny-5-203007,203007,8,qubo_sa,coefficient_scaled_linear,0,,252.0,,0,0.10017489999881946,6600,66
CVRP,5,tiny-5-203007,203007,8,dwave_sa,coefficient_scaled_linear,0,,252.0,,0,0.008602999994764104,6600,66
CVRP,5,tiny-5-203007,203007,8,openjij_sa,coefficient_scaled_linear,0,,252.0,,0,0.022284599996055476,6600,66
CVRP,5,tiny-5-203007,203007,8,qubo_sa,penalty_scaled_geometric,0,,252.0,,0,0.09888350000255741,6600,66
CVRP,5,tiny-5-203007,203007,8,dwave_sa,penalty_scaled_geometric,0,,252.0,,0,0.008505899997544475,6600,66
CVRP,5,tiny-5-203007,203007,8,openjij_sa,penalty_scaled_geometric,0,,252.0,,0,0.021849400000064634,6600,66
CVRP,5,tiny-5-203007,203007,8,vrp_sa,wall_clock,1,252.0,252.0,0.0,1,0.2000860999978613,3029,
CVRP,5,tiny-5-203007,203007,8,ortools,wall_clock,1,252.0,252.0,0.0,1,0.20142029999988154,,
CVRP,5,tiny-5-203007,203007,8,exact_small,proven,1,252.0,252.0,0.0,1,0.023586999996041413,,
CVRP,5,tiny-5-203007,203007,9,qubo_sa,coefficient_scaled_linear,0,,252.0,,0,0.0957057000050554,6600,66
CVRP,5,tiny-5-203007,203007,9,dwave_sa,coefficient_scaled_linear,0,,252.0,,0,0.00867149999976391,6600,66
CVRP,5,tiny-5-203007,203007,9,openjij_sa,coefficient_scaled_linear,0,,252.0,,0,0.02221129999816185,6600,66
CVRP,5,tiny-5-203007,203007,9,qubo_sa,penalty_scaled_geometric,0,,252.0,,0,0.10031539999909,6600,66
CVRP,5,tiny-5-203007,203007,9,dwave_sa,penalty_scaled_geometric,0,,252.0,,0,0.008603399997809902,6600,66
CVRP,5,tiny-5-203007,203007,9,openjij_sa,penalty_scaled_geometric,1,326.0,252.0,29.36507936507937,0,0.021355500000936445,6600,66
CVRP,5,tiny-5-203007,203007,9,vrp_sa,wall_clock,1,252.0,252.0,0.0,1,0.20006789999752073,3070,
CVRP,5,tiny-5-203007,203007,9,ortools,wall_clock,1,252.0,252.0,0.0,1,0.2005330000029062,,
CVRP,5,tiny-5-203007,203007,9,exact_small,proven,1,252.0,252.0,0.0,1,0.023586999996041413,,
CVRP,5,tiny-5-203008,203008,0,qubo_sa,coefficient_scaled_linear,0,,192.0,,0,0.09757800000079442,6600,66
CVRP,5,tiny-5-203008,203008,0,dwave_sa,coefficient_scaled_linear,0,,192.0,,0,0.00897160000022268,6600,66
CVRP,5,tiny-5-203008,203008,0,openjij_sa,coefficient_scaled_linear,0,,192.0,,0,0.022790300004999153,6600,66
CVRP,5,tiny-5-203008,203008,0,qubo_sa,penalty_scaled_geometric,0,,192.0,,0,0.10002710000117077,6600,66
CVRP,5,tiny-5-203008,203008,0,dwave_sa,penalty_scaled_geometric,0,,192.0,,0,0.00841490000311751,6600,66
CVRP,5,tiny-5-203008,203008,0,openjij_sa,penalty_scaled_geometric,0,,192.0,,0,0.0319344999952591,6600,66
CVRP,5,tiny-5-203008,203008,0,vrp_sa,wall_clock,1,192.0,192.0,0.0,1,0.20009640000353102,4054,
CVRP,5,tiny-5-203008,203008,0,ortools,wall_clock,1,192.0,192.0,0.0,1,0.20140239999454934,,
CVRP,5,tiny-5-203008,203008,0,exact_small,proven,1,192.0,192.0,0.0,1,0.018677499996556435,,
CVRP,5,tiny-5-203008,203008,1,qubo_sa,coefficient_scaled_linear,0,,192.0,,0,0.05629939999926137,6600,66
CVRP,5,tiny-5-203008,203008,1,dwave_sa,coefficient_scaled_linear,0,,192.0,,0,0.008803299999271985,6600,66
CVRP,5,tiny-5-203008,203008,1,openjij_sa,coefficient_scaled_linear,0,,192.0,,0,0.02287400000204798,6600,66
CVRP,5,tiny-5-203008,203008,1,qubo_sa,penalty_scaled_geometric,0,,192.0,,0,0.09797099999559578,6600,66
CVRP,5,tiny-5-203008,203008,1,dwave_sa,penalty_scaled_geometric,0,,192.0,,0,0.008373399999982212,6600,66
CVRP,5,tiny-5-203008,203008,1,openjij_sa,penalty_scaled_geometric,0,,192.0,,0,0.02141000000119675,6600,66
CVRP,5,tiny-5-203008,203008,1,vrp_sa,wall_clock,1,192.0,192.0,0.0,1,0.2000659000041196,3992,
CVRP,5,tiny-5-203008,203008,1,ortools,wall_clock,1,192.0,192.0,0.0,1,0.2015218000015011,,
CVRP,5,tiny-5-203008,203008,1,exact_small,proven,1,192.0,192.0,0.0,1,0.018677499996556435,,
CVRP,5,tiny-5-203008,203008,2,qubo_sa,coefficient_scaled_linear,0,,192.0,,0,0.09658720000152243,6600,66
CVRP,5,tiny-5-203008,203008,2,dwave_sa,coefficient_scaled_linear,0,,192.0,,0,0.00841769999533426,6600,66
CVRP,5,tiny-5-203008,203008,2,openjij_sa,coefficient_scaled_linear,0,,192.0,,0,0.021489200000360142,6600,66
CVRP,5,tiny-5-203008,203008,2,qubo_sa,penalty_scaled_geometric,0,,192.0,,0,0.09763859999657143,6600,66
CVRP,5,tiny-5-203008,203008,2,dwave_sa,penalty_scaled_geometric,0,,192.0,,0,0.008222800002840813,6600,66
CVRP,5,tiny-5-203008,203008,2,openjij_sa,penalty_scaled_geometric,0,,192.0,,0,0.02163829999335576,6600,66
CVRP,5,tiny-5-203008,203008,2,vrp_sa,wall_clock,1,192.0,192.0,0.0,1,0.20006099999591243,3977,
CVRP,5,tiny-5-203008,203008,2,ortools,wall_clock,1,192.0,192.0,0.0,1,0.20148940000217408,,
CVRP,5,tiny-5-203008,203008,2,exact_small,proven,1,192.0,192.0,0.0,1,0.018677499996556435,,
CVRP,5,tiny-5-203008,203008,3,qubo_sa,coefficient_scaled_linear,0,,192.0,,0,0.09651619999931427,6600,66
CVRP,5,tiny-5-203008,203008,3,dwave_sa,coefficient_scaled_linear,0,,192.0,,0,0.00844150000193622,6600,66
CVRP,5,tiny-5-203008,203008,3,openjij_sa,coefficient_scaled_linear,0,,192.0,,0,0.021366900000430178,6600,66
CVRP,5,tiny-5-203008,203008,3,qubo_sa,penalty_scaled_geometric,0,,192.0,,0,0.0973325000013574,6600,66
CVRP,5,tiny-5-203008,203008,3,dwave_sa,penalty_scaled_geometric,0,,192.0,,0,0.008410900001763366,6600,66
CVRP,5,tiny-5-203008,203008,3,openjij_sa,penalty_scaled_geometric,0,,192.0,,0,0.021486300000105985,6600,66
CVRP,5,tiny-5-203008,203008,3,vrp_sa,wall_clock,1,192.0,192.0,0.0,1,0.20004270000208635,3610,
CVRP,5,tiny-5-203008,203008,3,ortools,wall_clock,1,192.0,192.0,0.0,1,0.20146199999726377,,
CVRP,5,tiny-5-203008,203008,3,exact_small,proven,1,192.0,192.0,0.0,1,0.018677499996556435,,
CVRP,5,tiny-5-203008,203008,4,qubo_sa,coefficient_scaled_linear,0,,192.0,,0,0.09496470000158297,6600,66
CVRP,5,tiny-5-203008,203008,4,dwave_sa,coefficient_scaled_linear,0,,192.0,,0,0.00835930000175722,6600,66
CVRP,5,tiny-5-203008,203008,4,openjij_sa,coefficient_scaled_linear,0,,192.0,,0,0.021344100001442712,6600,66
CVRP,5,tiny-5-203008,203008,4,qubo_sa,penalty_scaled_geometric,0,,192.0,,0,0.09877219999907538,6600,66
CVRP,5,tiny-5-203008,203008,4,dwave_sa,penalty_scaled_geometric,0,,192.0,,0,0.008384000000660308,6600,66
CVRP,5,tiny-5-203008,203008,4,openjij_sa,penalty_scaled_geometric,0,,192.0,,0,0.02167860000190558,6600,66
CVRP,5,tiny-5-203008,203008,4,vrp_sa,wall_clock,1,192.0,192.0,0.0,1,0.200069499995152,3943,
CVRP,5,tiny-5-203008,203008,4,ortools,wall_clock,1,192.0,192.0,0.0,1,0.2005018999989261,,
CVRP,5,tiny-5-203008,203008,4,exact_small,proven,1,192.0,192.0,0.0,1,0.018677499996556435,,
CVRP,5,tiny-5-203008,203008,5,qubo_sa,coefficient_scaled_linear,0,,192.0,,0,0.09629039999708766,6600,66
CVRP,5,tiny-5-203008,203008,5,dwave_sa,coefficient_scaled_linear,0,,192.0,,0,0.008666000001539942,6600,66
CVRP,5,tiny-5-203008,203008,5,openjij_sa,coefficient_scaled_linear,0,,192.0,,0,0.022158800005854573,6600,66
CVRP,5,tiny-5-203008,203008,5,qubo_sa,penalty_scaled_geometric,0,,192.0,,0,0.10011369999847375,6600,66
CVRP,5,tiny-5-203008,203008,5,dwave_sa,penalty_scaled_geometric,0,,192.0,,0,0.008214999994379468,6600,66
CVRP,5,tiny-5-203008,203008,5,openjij_sa,penalty_scaled_geometric,0,,192.0,,0,0.021135999995749444,6600,66
CVRP,5,tiny-5-203008,203008,5,vrp_sa,wall_clock,1,192.0,192.0,0.0,1,0.20022619999508606,3983,
CVRP,5,tiny-5-203008,203008,5,ortools,wall_clock,1,192.0,192.0,0.0,1,0.2004910999967251,,
CVRP,5,tiny-5-203008,203008,5,exact_small,proven,1,192.0,192.0,0.0,1,0.018677499996556435,,
CVRP,5,tiny-5-203008,203008,6,qubo_sa,coefficient_scaled_linear,0,,192.0,,0,0.09758790000341833,6600,66
CVRP,5,tiny-5-203008,203008,6,dwave_sa,coefficient_scaled_linear,0,,192.0,,0,0.008448100001260173,6600,66
CVRP,5,tiny-5-203008,203008,6,openjij_sa,coefficient_scaled_linear,0,,192.0,,0,0.021490200000698678,6600,66
CVRP,5,tiny-5-203008,203008,6,qubo_sa,penalty_scaled_geometric,0,,192.0,,0,0.09912729999632575,6600,66
CVRP,5,tiny-5-203008,203008,6,dwave_sa,penalty_scaled_geometric,0,,192.0,,0,0.008819899994705338,6600,66
CVRP,5,tiny-5-203008,203008,6,openjij_sa,penalty_scaled_geometric,0,,192.0,,0,0.02150460000120802,6600,66
CVRP,5,tiny-5-203008,203008,6,vrp_sa,wall_clock,1,192.0,192.0,0.0,1,0.20082230000116397,3591,
CVRP,5,tiny-5-203008,203008,6,ortools,wall_clock,1,192.0,192.0,0.0,1,0.20180570000229636,,
CVRP,5,tiny-5-203008,203008,6,exact_small,proven,1,192.0,192.0,0.0,1,0.018677499996556435,,
CVRP,5,tiny-5-203008,203008,7,qubo_sa,coefficient_scaled_linear,0,,192.0,,0,0.0968907999995281,6600,66
CVRP,5,tiny-5-203008,203008,7,dwave_sa,coefficient_scaled_linear,0,,192.0,,0,0.008435000003373716,6600,66
CVRP,5,tiny-5-203008,203008,7,openjij_sa,coefficient_scaled_linear,0,,192.0,,0,0.02158939999935683,6600,66
CVRP,5,tiny-5-203008,203008,7,qubo_sa,penalty_scaled_geometric,0,,192.0,,0,0.09752200000366429,6600,66
CVRP,5,tiny-5-203008,203008,7,dwave_sa,penalty_scaled_geometric,0,,192.0,,0,0.008450799999991432,6600,66
CVRP,5,tiny-5-203008,203008,7,openjij_sa,penalty_scaled_geometric,0,,192.0,,0,0.021543900002143346,6600,66
CVRP,5,tiny-5-203008,203008,7,vrp_sa,wall_clock,1,192.0,192.0,0.0,1,0.20010249999904772,3990,
CVRP,5,tiny-5-203008,203008,7,ortools,wall_clock,1,192.0,192.0,0.0,1,0.2018651999969734,,
CVRP,5,tiny-5-203008,203008,7,exact_small,proven,1,192.0,192.0,0.0,1,0.018677499996556435,,
CVRP,5,tiny-5-203008,203008,8,qubo_sa,coefficient_scaled_linear,0,,192.0,,0,0.09934220000286587,6600,66
CVRP,5,tiny-5-203008,203008,8,dwave_sa,coefficient_scaled_linear,0,,192.0,,0,0.008462400001008064,6600,66
CVRP,5,tiny-5-203008,203008,8,openjij_sa,coefficient_scaled_linear,0,,192.0,,0,0.021461999996972736,6600,66
CVRP,5,tiny-5-203008,203008,8,qubo_sa,penalty_scaled_geometric,0,,192.0,,0,0.09931700000015553,6600,66
CVRP,5,tiny-5-203008,203008,8,dwave_sa,penalty_scaled_geometric,0,,192.0,,0,0.008502200005750638,6600,66
CVRP,5,tiny-5-203008,203008,8,openjij_sa,penalty_scaled_geometric,0,,192.0,,0,0.0222042999957921,6600,66
CVRP,5,tiny-5-203008,203008,8,vrp_sa,wall_clock,1,192.0,192.0,0.0,1,0.20003620000352385,3976,
CVRP,5,tiny-5-203008,203008,8,ortools,wall_clock,1,192.0,192.0,0.0,1,0.200597299997753,,
CVRP,5,tiny-5-203008,203008,8,exact_small,proven,1,192.0,192.0,0.0,1,0.018677499996556435,,
CVRP,5,tiny-5-203008,203008,9,qubo_sa,coefficient_scaled_linear,0,,192.0,,0,0.09546090000367258,6600,66
CVRP,5,tiny-5-203008,203008,9,dwave_sa,coefficient_scaled_linear,0,,192.0,,0,0.008600799999840092,6600,66
CVRP,5,tiny-5-203008,203008,9,openjij_sa,coefficient_scaled_linear,0,,192.0,,0,0.021305099995515775,6600,66
CVRP,5,tiny-5-203008,203008,9,qubo_sa,penalty_scaled_geometric,0,,192.0,,0,0.10126889999810373,6600,66
CVRP,5,tiny-5-203008,203008,9,dwave_sa,penalty_scaled_geometric,0,,192.0,,0,0.008624099995358847,6600,66
CVRP,5,tiny-5-203008,203008,9,openjij_sa,penalty_scaled_geometric,0,,192.0,,0,0.02176529999997001,6600,66
CVRP,5,tiny-5-203008,203008,9,vrp_sa,wall_clock,1,192.0,192.0,0.0,1,0.20005420000234153,3941,
CVRP,5,tiny-5-203008,203008,9,ortools,wall_clock,1,192.0,192.0,0.0,1,0.20146810000005644,,
CVRP,5,tiny-5-203008,203008,9,exact_small,proven,1,192.0,192.0,0.0,1,0.018677499996556435,,
CVRP,5,tiny-5-203009,203009,0,qubo_sa,coefficient_scaled_linear,0,,300.0,,0,0.09706500000174856,6800,68
CVRP,5,tiny-5-203009,203009,0,dwave_sa,coefficient_scaled_linear,0,,300.0,,0,0.009201400003803428,6800,68
CVRP,5,tiny-5-203009,203009,0,openjij_sa,coefficient_scaled_linear,0,,300.0,,0,0.022737500003131572,6800,68
CVRP,5,tiny-5-203009,203009,0,qubo_sa,penalty_scaled_geometric,0,,300.0,,0,0.10107380000408739,6800,68
CVRP,5,tiny-5-203009,203009,0,dwave_sa,penalty_scaled_geometric,0,,300.0,,0,0.008770199994614813,6800,68
CVRP,5,tiny-5-203009,203009,0,openjij_sa,penalty_scaled_geometric,0,,300.0,,0,0.022849399996630382,6800,68
CVRP,5,tiny-5-203009,203009,0,vrp_sa,wall_clock,1,300.0,300.0,0.0,1,0.2000248999975156,4124,
CVRP,5,tiny-5-203009,203009,0,ortools,wall_clock,1,300.0,300.0,0.0,1,0.20141480000165757,,
CVRP,5,tiny-5-203009,203009,0,exact_small,proven,1,300.0,300.0,0.0,1,0.013522500004910398,,
CVRP,5,tiny-5-203009,203009,1,qubo_sa,coefficient_scaled_linear,0,,300.0,,0,0.0987301999994088,6800,68
CVRP,5,tiny-5-203009,203009,1,dwave_sa,coefficient_scaled_linear,0,,300.0,,0,0.009220299994922243,6800,68
CVRP,5,tiny-5-203009,203009,1,openjij_sa,coefficient_scaled_linear,0,,300.0,,0,0.02258589999837568,6800,68
CVRP,5,tiny-5-203009,203009,1,qubo_sa,penalty_scaled_geometric,0,,300.0,,0,0.1016620000009425,6800,68
CVRP,5,tiny-5-203009,203009,1,dwave_sa,penalty_scaled_geometric,0,,300.0,,0,0.009741399997437838,6800,68
CVRP,5,tiny-5-203009,203009,1,openjij_sa,penalty_scaled_geometric,0,,300.0,,0,0.022490400006063282,6800,68
CVRP,5,tiny-5-203009,203009,1,vrp_sa,wall_clock,1,300.0,300.0,0.0,1,0.20008769999549259,2636,
CVRP,5,tiny-5-203009,203009,1,ortools,wall_clock,1,300.0,300.0,0.0,1,0.20164159999694675,,
CVRP,5,tiny-5-203009,203009,1,exact_small,proven,1,300.0,300.0,0.0,1,0.013522500004910398,,
CVRP,5,tiny-5-203009,203009,2,qubo_sa,coefficient_scaled_linear,0,,300.0,,0,0.09717770000133896,6800,68
CVRP,5,tiny-5-203009,203009,2,dwave_sa,coefficient_scaled_linear,0,,300.0,,0,0.008990000002086163,6800,68
CVRP,5,tiny-5-203009,203009,2,openjij_sa,coefficient_scaled_linear,0,,300.0,,0,0.022320300005958416,6800,68
CVRP,5,tiny-5-203009,203009,2,qubo_sa,penalty_scaled_geometric,0,,300.0,,0,0.09993309999845224,6800,68
CVRP,5,tiny-5-203009,203009,2,dwave_sa,penalty_scaled_geometric,0,,300.0,,0,0.008747200001380406,6800,68
CVRP,5,tiny-5-203009,203009,2,openjij_sa,penalty_scaled_geometric,0,,300.0,,0,0.02362360000552144,6800,68
CVRP,5,tiny-5-203009,203009,2,vrp_sa,wall_clock,1,300.0,300.0,0.0,1,0.20003580000047805,3045,
CVRP,5,tiny-5-203009,203009,2,ortools,wall_clock,1,300.0,300.0,0.0,1,0.20138890000089305,,
CVRP,5,tiny-5-203009,203009,2,exact_small,proven,1,300.0,300.0,0.0,1,0.013522500004910398,,
CVRP,5,tiny-5-203009,203009,3,qubo_sa,coefficient_scaled_linear,0,,300.0,,0,0.0974421999999322,6800,68
CVRP,5,tiny-5-203009,203009,3,dwave_sa,coefficient_scaled_linear,0,,300.0,,0,0.008968000001914334,6800,68
CVRP,5,tiny-5-203009,203009,3,openjij_sa,coefficient_scaled_linear,0,,300.0,,0,0.02395700000488432,6800,68
CVRP,5,tiny-5-203009,203009,3,qubo_sa,penalty_scaled_geometric,0,,300.0,,0,0.10375639999983832,6800,68
CVRP,5,tiny-5-203009,203009,3,dwave_sa,penalty_scaled_geometric,0,,300.0,,0,0.008814400003757328,6800,68
CVRP,5,tiny-5-203009,203009,3,openjij_sa,penalty_scaled_geometric,0,,300.0,,0,0.02222559999790974,6800,68
CVRP,5,tiny-5-203009,203009,3,vrp_sa,wall_clock,1,300.0,300.0,0.0,1,0.20003020000149263,3070,
CVRP,5,tiny-5-203009,203009,3,ortools,wall_clock,1,300.0,300.0,0.0,1,0.20147910000378033,,
CVRP,5,tiny-5-203009,203009,3,exact_small,proven,1,300.0,300.0,0.0,1,0.013522500004910398,,
CVRP,5,tiny-5-203009,203009,4,qubo_sa,coefficient_scaled_linear,0,,300.0,,0,0.09904720000486122,6800,68
CVRP,5,tiny-5-203009,203009,4,dwave_sa,coefficient_scaled_linear,0,,300.0,,0,0.009408199999597855,6800,68
CVRP,5,tiny-5-203009,203009,4,openjij_sa,coefficient_scaled_linear,0,,300.0,,0,0.024249599999166094,6800,68
CVRP,5,tiny-5-203009,203009,4,qubo_sa,penalty_scaled_geometric,0,,300.0,,0,0.11496210000041174,6800,68
CVRP,5,tiny-5-203009,203009,4,dwave_sa,penalty_scaled_geometric,0,,300.0,,0,0.008907000003091525,6800,68
CVRP,5,tiny-5-203009,203009,4,openjij_sa,penalty_scaled_geometric,0,,300.0,,0,0.022495500001241453,6800,68
CVRP,5,tiny-5-203009,203009,4,vrp_sa,wall_clock,1,300.0,300.0,0.0,1,0.2000728999992134,3118,
CVRP,5,tiny-5-203009,203009,4,ortools,wall_clock,1,300.0,300.0,0.0,1,0.2016793000002508,,
CVRP,5,tiny-5-203009,203009,4,exact_small,proven,1,300.0,300.0,0.0,1,0.013522500004910398,,
CVRP,5,tiny-5-203009,203009,5,qubo_sa,coefficient_scaled_linear,0,,300.0,,0,0.049753299994335975,6800,68
CVRP,5,tiny-5-203009,203009,5,dwave_sa,coefficient_scaled_linear,0,,300.0,,0,0.003916099994967226,6800,68
CVRP,5,tiny-5-203009,203009,5,openjij_sa,coefficient_scaled_linear,0,,300.0,,0,0.008955400000559166,6800,68
CVRP,5,tiny-5-203009,203009,5,qubo_sa,penalty_scaled_geometric,0,,300.0,,0,0.05918979999842122,6800,68
CVRP,5,tiny-5-203009,203009,5,dwave_sa,penalty_scaled_geometric,0,,300.0,,0,0.009044300000823569,6800,68
CVRP,5,tiny-5-203009,203009,5,openjij_sa,penalty_scaled_geometric,0,,300.0,,0,0.022871799999848008,6800,68
CVRP,5,tiny-5-203009,203009,5,vrp_sa,wall_clock,1,300.0,300.0,0.0,1,0.20005130000208737,3111,
CVRP,5,tiny-5-203009,203009,5,ortools,wall_clock,1,300.0,300.0,0.0,1,0.20112959999823943,,
CVRP,5,tiny-5-203009,203009,5,exact_small,proven,1,300.0,300.0,0.0,1,0.013522500004910398,,
CVRP,5,tiny-5-203009,203009,6,qubo_sa,coefficient_scaled_linear,0,,300.0,,0,0.11098399999900721,6800,68
CVRP,5,tiny-5-203009,203009,6,dwave_sa,coefficient_scaled_linear,0,,300.0,,0,0.008987200002593454,6800,68
CVRP,5,tiny-5-203009,203009,6,openjij_sa,coefficient_scaled_linear,0,,300.0,,0,0.02278130000195233,6800,68
CVRP,5,tiny-5-203009,203009,6,qubo_sa,penalty_scaled_geometric,0,,300.0,,0,0.10110960000019986,6800,68
CVRP,5,tiny-5-203009,203009,6,dwave_sa,penalty_scaled_geometric,0,,300.0,,0,0.00872920000256272,6800,68
CVRP,5,tiny-5-203009,203009,6,openjij_sa,penalty_scaled_geometric,0,,300.0,,0,0.022693200000503566,6800,68
CVRP,5,tiny-5-203009,203009,6,vrp_sa,wall_clock,1,300.0,300.0,0.0,1,0.2000255000020843,3117,
CVRP,5,tiny-5-203009,203009,6,ortools,wall_clock,1,300.0,300.0,0.0,1,0.20064800000545802,,
CVRP,5,tiny-5-203009,203009,6,exact_small,proven,1,300.0,300.0,0.0,1,0.013522500004910398,,
CVRP,5,tiny-5-203009,203009,7,qubo_sa,coefficient_scaled_linear,0,,300.0,,0,0.10026700000162236,6800,68
CVRP,5,tiny-5-203009,203009,7,dwave_sa,coefficient_scaled_linear,0,,300.0,,0,0.008990200003609061,6800,68
CVRP,5,tiny-5-203009,203009,7,openjij_sa,coefficient_scaled_linear,0,,300.0,,0,0.022402599999622907,6800,68
CVRP,5,tiny-5-203009,203009,7,qubo_sa,penalty_scaled_geometric,0,,300.0,,0,0.10250129999622004,6800,68
CVRP,5,tiny-5-203009,203009,7,dwave_sa,penalty_scaled_geometric,0,,300.0,,0,0.008840599999530241,6800,68
CVRP,5,tiny-5-203009,203009,7,openjij_sa,penalty_scaled_geometric,0,,300.0,,0,0.05968120000034105,6800,68
CVRP,5,tiny-5-203009,203009,7,vrp_sa,wall_clock,1,300.0,300.0,0.0,1,0.2000110000008135,9957,
CVRP,5,tiny-5-203009,203009,7,ortools,wall_clock,1,300.0,300.0,0.0,1,0.20120899999892572,,
CVRP,5,tiny-5-203009,203009,7,exact_small,proven,1,300.0,300.0,0.0,1,0.013522500004910398,,
CVRP,5,tiny-5-203009,203009,8,qubo_sa,coefficient_scaled_linear,0,,300.0,,0,0.09993670000403654,6800,68
CVRP,5,tiny-5-203009,203009,8,dwave_sa,coefficient_scaled_linear,0,,300.0,,0,0.009867400003713556,6800,68
CVRP,5,tiny-5-203009,203009,8,openjij_sa,coefficient_scaled_linear,0,,300.0,,0,0.022535600000992417,6800,68
CVRP,5,tiny-5-203009,203009,8,qubo_sa,penalty_scaled_geometric,0,,300.0,,0,0.09975940000003902,6800,68
CVRP,5,tiny-5-203009,203009,8,dwave_sa,penalty_scaled_geometric,0,,300.0,,0,0.011245200003031641,6800,68
CVRP,5,tiny-5-203009,203009,8,openjij_sa,penalty_scaled_geometric,0,,300.0,,0,0.02296379999461351,6800,68
CVRP,5,tiny-5-203009,203009,8,vrp_sa,wall_clock,1,300.0,300.0,0.0,1,0.200031599997601,3119,
CVRP,5,tiny-5-203009,203009,8,ortools,wall_clock,1,300.0,300.0,0.0,1,0.2031146000008448,,
CVRP,5,tiny-5-203009,203009,8,exact_small,proven,1,300.0,300.0,0.0,1,0.013522500004910398,,
CVRP,5,tiny-5-203009,203009,9,qubo_sa,coefficient_scaled_linear,0,,300.0,,0,0.1155365000013262,6800,68
CVRP,5,tiny-5-203009,203009,9,dwave_sa,coefficient_scaled_linear,0,,300.0,,0,0.009073200002603699,6800,68
CVRP,5,tiny-5-203009,203009,9,openjij_sa,coefficient_scaled_linear,0,,300.0,,0,0.02226130000053672,6800,68
CVRP,5,tiny-5-203009,203009,9,qubo_sa,penalty_scaled_geometric,0,,300.0,,0,0.10148330000083661,6800,68
CVRP,5,tiny-5-203009,203009,9,dwave_sa,penalty_scaled_geometric,0,,300.0,,0,0.009003099999972619,6800,68
CVRP,5,tiny-5-203009,203009,9,openjij_sa,penalty_scaled_geometric,0,,300.0,,0,0.022248000001127366,6800,68
CVRP,5,tiny-5-203009,203009,9,vrp_sa,wall_clock,1,300.0,300.0,0.0,1,0.20006909999938216,3152,
CVRP,5,tiny-5-203009,203009,9,ortools,wall_clock,1,300.0,300.0,0.0,1,0.20134279999911087,,
CVRP,5,tiny-5-203009,203009,9,exact_small,proven,1,300.0,300.0,0.0,1,0.013522500004910398,,
CVRP,6,tiny-6-203000,203000,0,qubo_sa,coefficient_scaled_linear,0,,299.0,,0,0.13524840000172844,9000,90
CVRP,6,tiny-6-203000,203000,0,dwave_sa,coefficient_scaled_linear,0,,299.0,,0,0.014472299997578375,9000,90
CVRP,6,tiny-6-203000,203000,0,openjij_sa,coefficient_scaled_linear,0,,299.0,,0,0.03771190000406932,9000,90
CVRP,6,tiny-6-203000,203000,0,qubo_sa,penalty_scaled_geometric,0,,299.0,,0,0.13882409999496303,9000,90
CVRP,6,tiny-6-203000,203000,0,dwave_sa,penalty_scaled_geometric,0,,299.0,,0,0.01428009999654023,9000,90
CVRP,6,tiny-6-203000,203000,0,openjij_sa,penalty_scaled_geometric,0,,299.0,,0,0.03764870000304654,9000,90
CVRP,6,tiny-6-203000,203000,0,vrp_sa,wall_clock,0,,299.0,,0,0.0003319000024930574,,
CVRP,6,tiny-6-203000,203000,0,ortools,wall_clock,1,299.0,299.0,0.0,1,0.20187010000518057,,
CVRP,6,tiny-6-203000,203000,0,exact_small,proven,1,299.0,299.0,0.0,1,0.024442200003250036,,
CVRP,6,tiny-6-203000,203000,1,qubo_sa,coefficient_scaled_linear,0,,299.0,,0,0.13642979999713134,9000,90
CVRP,6,tiny-6-203000,203000,1,dwave_sa,coefficient_scaled_linear,0,,299.0,,0,0.015171199993346818,9000,90
CVRP,6,tiny-6-203000,203000,1,openjij_sa,coefficient_scaled_linear,0,,299.0,,0,0.0379155000046012,9000,90
CVRP,6,tiny-6-203000,203000,1,qubo_sa,penalty_scaled_geometric,0,,299.0,,0,0.13794780000171158,9000,90
CVRP,6,tiny-6-203000,203000,1,dwave_sa,penalty_scaled_geometric,0,,299.0,,0,0.014501600002404302,9000,90
CVRP,6,tiny-6-203000,203000,1,openjij_sa,penalty_scaled_geometric,0,,299.0,,0,0.03799490000528749,9000,90
CVRP,6,tiny-6-203000,203000,1,vrp_sa,wall_clock,1,299.0,299.0,0.0,1,0.2000804999988759,3211,
CVRP,6,tiny-6-203000,203000,1,ortools,wall_clock,1,299.0,299.0,0.0,1,0.20092619999923045,,
CVRP,6,tiny-6-203000,203000,1,exact_small,proven,1,299.0,299.0,0.0,1,0.024442200003250036,,
CVRP,6,tiny-6-203000,203000,2,qubo_sa,coefficient_scaled_linear,0,,299.0,,0,0.14758350000192877,9000,90
CVRP,6,tiny-6-203000,203000,2,dwave_sa,coefficient_scaled_linear,0,,299.0,,0,0.014211599998816382,9000,90
CVRP,6,tiny-6-203000,203000,2,openjij_sa,coefficient_scaled_linear,0,,299.0,,0,0.03899459999956889,9000,90
CVRP,6,tiny-6-203000,203000,2,qubo_sa,penalty_scaled_geometric,0,,299.0,,0,0.13673530000232859,9000,90
CVRP,6,tiny-6-203000,203000,2,dwave_sa,penalty_scaled_geometric,0,,299.0,,0,0.013921800004027318,9000,90
CVRP,6,tiny-6-203000,203000,2,openjij_sa,penalty_scaled_geometric,0,,299.0,,0,0.0374186000044574,9000,90
CVRP,6,tiny-6-203000,203000,2,vrp_sa,wall_clock,0,,299.0,,0,0.0003327999947941862,,
CVRP,6,tiny-6-203000,203000,2,ortools,wall_clock,1,299.0,299.0,0.0,1,0.20152380000217818,,
CVRP,6,tiny-6-203000,203000,2,exact_small,proven,1,299.0,299.0,0.0,1,0.024442200003250036,,
CVRP,6,tiny-6-203000,203000,3,qubo_sa,coefficient_scaled_linear,0,,299.0,,0,0.13583569999900647,9000,90
CVRP,6,tiny-6-203000,203000,3,dwave_sa,coefficient_scaled_linear,0,,299.0,,0,0.01764749999711057,9000,90
CVRP,6,tiny-6-203000,203000,3,openjij_sa,coefficient_scaled_linear,0,,299.0,,0,0.03699659999983851,9000,90
CVRP,6,tiny-6-203000,203000,3,qubo_sa,penalty_scaled_geometric,0,,299.0,,0,0.13804520000121556,9000,90
CVRP,6,tiny-6-203000,203000,3,dwave_sa,penalty_scaled_geometric,0,,299.0,,0,0.014109399999142624,9000,90
CVRP,6,tiny-6-203000,203000,3,openjij_sa,penalty_scaled_geometric,0,,299.0,,0,0.03698889999941457,9000,90
CVRP,6,tiny-6-203000,203000,3,vrp_sa,wall_clock,0,,299.0,,0,0.00031990000570658594,,
CVRP,6,tiny-6-203000,203000,3,ortools,wall_clock,1,299.0,299.0,0.0,1,0.20062529999995604,,
CVRP,6,tiny-6-203000,203000,3,exact_small,proven,1,299.0,299.0,0.0,1,0.024442200003250036,,
CVRP,6,tiny-6-203000,203000,4,qubo_sa,coefficient_scaled_linear,0,,299.0,,0,0.1352065000028233,9000,90
CVRP,6,tiny-6-203000,203000,4,dwave_sa,coefficient_scaled_linear,0,,299.0,,0,0.014111199998296797,9000,90
CVRP,6,tiny-6-203000,203000,4,openjij_sa,coefficient_scaled_linear,0,,299.0,,0,0.03835320000507636,9000,90
CVRP,6,tiny-6-203000,203000,4,qubo_sa,penalty_scaled_geometric,0,,299.0,,0,0.1377504999982193,9000,90
CVRP,6,tiny-6-203000,203000,4,dwave_sa,penalty_scaled_geometric,0,,299.0,,0,0.015065899999171961,9000,90
CVRP,6,tiny-6-203000,203000,4,openjij_sa,penalty_scaled_geometric,0,,299.0,,0,0.036741399999300484,9000,90
CVRP,6,tiny-6-203000,203000,4,vrp_sa,wall_clock,0,,299.0,,0,0.0003394999948795885,,
CVRP,6,tiny-6-203000,203000,4,ortools,wall_clock,1,299.0,299.0,0.0,1,0.20050659999833442,,
CVRP,6,tiny-6-203000,203000,4,exact_small,proven,1,299.0,299.0,0.0,1,0.024442200003250036,,
CVRP,6,tiny-6-203000,203000,5,qubo_sa,coefficient_scaled_linear,0,,299.0,,0,0.13505540000187466,9000,90
CVRP,6,tiny-6-203000,203000,5,dwave_sa,coefficient_scaled_linear,0,,299.0,,0,0.01441500000510132,9000,90
CVRP,6,tiny-6-203000,203000,5,openjij_sa,coefficient_scaled_linear,0,,299.0,,0,0.03733759999886388,9000,90
CVRP,6,tiny-6-203000,203000,5,qubo_sa,penalty_scaled_geometric,0,,299.0,,0,0.1564702000032412,9000,90
CVRP,6,tiny-6-203000,203000,5,dwave_sa,penalty_scaled_geometric,0,,299.0,,0,0.013981700001750141,9000,90
CVRP,6,tiny-6-203000,203000,5,openjij_sa,penalty_scaled_geometric,0,,299.0,,0,0.03821610000159126,9000,90
CVRP,6,tiny-6-203000,203000,5,vrp_sa,wall_clock,1,299.0,299.0,0.0,1,0.20011759999761125,3202,
CVRP,6,tiny-6-203000,203000,5,ortools,wall_clock,1,299.0,299.0,0.0,1,0.20143789999565342,,
CVRP,6,tiny-6-203000,203000,5,exact_small,proven,1,299.0,299.0,0.0,1,0.024442200003250036,,
CVRP,6,tiny-6-203000,203000,6,qubo_sa,coefficient_scaled_linear,0,,299.0,,0,0.1350003999978071,9000,90
CVRP,6,tiny-6-203000,203000,6,dwave_sa,coefficient_scaled_linear,0,,299.0,,0,0.014519999996991828,9000,90
CVRP,6,tiny-6-203000,203000,6,openjij_sa,coefficient_scaled_linear,0,,299.0,,0,0.03735080000478774,9000,90
CVRP,6,tiny-6-203000,203000,6,qubo_sa,penalty_scaled_geometric,0,,299.0,,0,0.13759310000023106,9000,90
CVRP,6,tiny-6-203000,203000,6,dwave_sa,penalty_scaled_geometric,0,,299.0,,0,0.014193499999237247,9000,90
CVRP,6,tiny-6-203000,203000,6,openjij_sa,penalty_scaled_geometric,0,,299.0,,0,0.03700060000119265,9000,90
CVRP,6,tiny-6-203000,203000,6,vrp_sa,wall_clock,0,,299.0,,0,0.00033209999673999846,,
CVRP,6,tiny-6-203000,203000,6,ortools,wall_clock,1,299.0,299.0,0.0,1,0.20054370000434574,,
CVRP,6,tiny-6-203000,203000,6,exact_small,proven,1,299.0,299.0,0.0,1,0.024442200003250036,,
CVRP,6,tiny-6-203000,203000,7,qubo_sa,coefficient_scaled_linear,0,,299.0,,0,0.13672930000029737,9000,90
CVRP,6,tiny-6-203000,203000,7,dwave_sa,coefficient_scaled_linear,0,,299.0,,0,0.01380770000105258,9000,90
CVRP,6,tiny-6-203000,203000,7,openjij_sa,coefficient_scaled_linear,0,,299.0,,0,0.037982499998179264,9000,90
CVRP,6,tiny-6-203000,203000,7,qubo_sa,penalty_scaled_geometric,0,,299.0,,0,0.1372823999990942,9000,90
CVRP,6,tiny-6-203000,203000,7,dwave_sa,penalty_scaled_geometric,0,,299.0,,0,0.014055599996936508,9000,90
CVRP,6,tiny-6-203000,203000,7,openjij_sa,penalty_scaled_geometric,0,,299.0,,0,0.0375378999960958,9000,90
CVRP,6,tiny-6-203000,203000,7,vrp_sa,wall_clock,0,,299.0,,0,0.00033570000232430175,,
CVRP,6,tiny-6-203000,203000,7,ortools,wall_clock,1,299.0,299.0,0.0,1,0.20161219999863533,,
CVRP,6,tiny-6-203000,203000,7,exact_small,proven,1,299.0,299.0,0.0,1,0.024442200003250036,,
CVRP,6,tiny-6-203000,203000,8,qubo_sa,coefficient_scaled_linear,0,,299.0,,0,0.13613810000242665,9000,90
CVRP,6,tiny-6-203000,203000,8,dwave_sa,coefficient_scaled_linear,0,,299.0,,0,0.013762499998847488,9000,90
CVRP,6,tiny-6-203000,203000,8,openjij_sa,coefficient_scaled_linear,0,,299.0,,0,0.03756979999889154,9000,90
CVRP,6,tiny-6-203000,203000,8,qubo_sa,penalty_scaled_geometric,0,,299.0,,0,0.1356688000014401,9000,90
CVRP,6,tiny-6-203000,203000,8,dwave_sa,penalty_scaled_geometric,0,,299.0,,0,0.013958700001239777,9000,90
CVRP,6,tiny-6-203000,203000,8,openjij_sa,penalty_scaled_geometric,0,,299.0,,0,0.03765179999754764,9000,90
CVRP,6,tiny-6-203000,203000,8,vrp_sa,wall_clock,1,299.0,299.0,0.0,1,0.20005849999870406,2980,
CVRP,6,tiny-6-203000,203000,8,ortools,wall_clock,1,299.0,299.0,0.0,1,0.2015213999984553,,
CVRP,6,tiny-6-203000,203000,8,exact_small,proven,1,299.0,299.0,0.0,1,0.024442200003250036,,
CVRP,6,tiny-6-203000,203000,9,qubo_sa,coefficient_scaled_linear,0,,299.0,,0,0.13533689999894705,9000,90
CVRP,6,tiny-6-203000,203000,9,dwave_sa,coefficient_scaled_linear,0,,299.0,,0,0.01401810000243131,9000,90
CVRP,6,tiny-6-203000,203000,9,openjij_sa,coefficient_scaled_linear,0,,299.0,,0,0.03972260000591632,9000,90
CVRP,6,tiny-6-203000,203000,9,qubo_sa,penalty_scaled_geometric,0,,299.0,,0,0.13658510000095703,9000,90
CVRP,6,tiny-6-203000,203000,9,dwave_sa,penalty_scaled_geometric,0,,299.0,,0,0.013896000004024245,9000,90
CVRP,6,tiny-6-203000,203000,9,openjij_sa,penalty_scaled_geometric,0,,299.0,,0,0.03710249999858206,9000,90
CVRP,6,tiny-6-203000,203000,9,vrp_sa,wall_clock,0,,299.0,,0,0.0003279999946244061,,
CVRP,6,tiny-6-203000,203000,9,ortools,wall_clock,1,299.0,299.0,0.0,1,0.20105799999873852,,
CVRP,6,tiny-6-203000,203000,9,exact_small,proven,1,299.0,299.0,0.0,1,0.024442200003250036,,
CVRP,6,tiny-6-203001,203001,0,qubo_sa,coefficient_scaled_linear,0,,228.0,,0,0.13247509999928297,9200,92
CVRP,6,tiny-6-203001,203001,0,dwave_sa,coefficient_scaled_linear,0,,228.0,,0,0.014708700000483077,9200,92
CVRP,6,tiny-6-203001,203001,0,openjij_sa,coefficient_scaled_linear,0,,228.0,,0,0.039823300001444295,9200,92
CVRP,6,tiny-6-203001,203001,0,qubo_sa,penalty_scaled_geometric,0,,228.0,,0,0.14790509999875212,9200,92
CVRP,6,tiny-6-203001,203001,0,dwave_sa,penalty_scaled_geometric,0,,228.0,,0,0.014740999999048654,9200,92
CVRP,6,tiny-6-203001,203001,0,openjij_sa,penalty_scaled_geometric,0,,228.0,,0,0.04310319999785861,9200,92
CVRP,6,tiny-6-203001,203001,0,vrp_sa,wall_clock,1,228.0,228.0,0.0,1,0.20007970000006026,3042,
CVRP,6,tiny-6-203001,203001,0,ortools,wall_clock,1,228.0,228.0,0.0,1,0.20150660000217613,,
CVRP,6,tiny-6-203001,203001,0,exact_small,proven,1,228.0,228.0,0.0,1,0.020145499998761807,,
CVRP,6,tiny-6-203001,203001,1,qubo_sa,coefficient_scaled_linear,0,,228.0,,0,0.1372715000034077,9200,92
CVRP,6,tiny-6-203001,203001,1,dwave_sa,coefficient_scaled_linear,0,,228.0,,0,0.016492900002049282,9200,92
CVRP,6,tiny-6-203001,203001,1,openjij_sa,coefficient_scaled_linear,0,,228.0,,0,0.04002690000197617,9200,92
CVRP,6,tiny-6-203001,203001,1,qubo_sa,penalty_scaled_geometric,0,,228.0,,0,0.1415266000039992,9200,92
CVRP,6,tiny-6-203001,203001,1,dwave_sa,penalty_scaled_geometric,0,,228.0,,0,0.014890700003888924,9200,92
CVRP,6,tiny-6-203001,203001,1,openjij_sa,penalty_scaled_geometric,0,,228.0,,0,0.04060580000077607,9200,92
CVRP,6,tiny-6-203001,203001,1,vrp_sa,wall_clock,1,228.0,228.0,0.0,1,0.20003049999650102,3103,
CVRP,6,tiny-6-203001,203001,1,ortools,wall_clock,1,228.0,228.0,0.0,1,0.20164699999440927,,
CVRP,6,tiny-6-203001,203001,1,exact_small,proven,1,228.0,228.0,0.0,1,0.020145499998761807,,
CVRP,6,tiny-6-203001,203001,2,qubo_sa,coefficient_scaled_linear,0,,228.0,,0,0.13648310000280617,9200,92
CVRP,6,tiny-6-203001,203001,2,dwave_sa,coefficient_scaled_linear,0,,228.0,,0,0.014790400004130788,9200,92
CVRP,6,tiny-6-203001,203001,2,openjij_sa,coefficient_scaled_linear,0,,228.0,,0,0.03907700000127079,9200,92
CVRP,6,tiny-6-203001,203001,2,qubo_sa,penalty_scaled_geometric,0,,228.0,,0,0.14086980000138283,9200,92
CVRP,6,tiny-6-203001,203001,2,dwave_sa,penalty_scaled_geometric,0,,228.0,,0,0.014897300003212877,9200,92
CVRP,6,tiny-6-203001,203001,2,openjij_sa,penalty_scaled_geometric,0,,228.0,,0,0.04155439999885857,9200,92
CVRP,6,tiny-6-203001,203001,2,vrp_sa,wall_clock,1,228.0,228.0,0.0,1,0.20004679999692598,3017,
CVRP,6,tiny-6-203001,203001,2,ortools,wall_clock,1,228.0,228.0,0.0,1,0.20146170000225538,,
CVRP,6,tiny-6-203001,203001,2,exact_small,proven,1,228.0,228.0,0.0,1,0.020145499998761807,,
CVRP,6,tiny-6-203001,203001,3,qubo_sa,coefficient_scaled_linear,0,,228.0,,0,0.1372692000004463,9200,92
CVRP,6,tiny-6-203001,203001,3,dwave_sa,coefficient_scaled_linear,0,,228.0,,0,0.01482640000176616,9200,92
CVRP,6,tiny-6-203001,203001,3,openjij_sa,coefficient_scaled_linear,0,,228.0,,0,0.03407829999923706,9200,92
CVRP,6,tiny-6-203001,203001,3,qubo_sa,penalty_scaled_geometric,0,,228.0,,0,0.11616470000444679,9200,92
CVRP,6,tiny-6-203001,203001,3,dwave_sa,penalty_scaled_geometric,0,,228.0,,0,0.015059199999086559,9200,92
CVRP,6,tiny-6-203001,203001,3,openjij_sa,penalty_scaled_geometric,0,,228.0,,0,0.038940699996601325,9200,92
CVRP,6,tiny-6-203001,203001,3,vrp_sa,wall_clock,1,228.0,228.0,0.0,1,0.20006389999616658,3053,
CVRP,6,tiny-6-203001,203001,3,ortools,wall_clock,1,228.0,228.0,0.0,1,0.20300430000497727,,
CVRP,6,tiny-6-203001,203001,3,exact_small,proven,1,228.0,228.0,0.0,1,0.020145499998761807,,
CVRP,6,tiny-6-203001,203001,4,qubo_sa,coefficient_scaled_linear,0,,228.0,,0,0.1405873000039719,9200,92
CVRP,6,tiny-6-203001,203001,4,dwave_sa,coefficient_scaled_linear,0,,228.0,,0,0.015188799996394664,9200,92
CVRP,6,tiny-6-203001,203001,4,openjij_sa,coefficient_scaled_linear,0,,228.0,,0,0.04333739999856334,9200,92
CVRP,6,tiny-6-203001,203001,4,qubo_sa,penalty_scaled_geometric,0,,228.0,,0,0.13954730000114068,9200,92
CVRP,6,tiny-6-203001,203001,4,dwave_sa,penalty_scaled_geometric,0,,228.0,,0,0.015151700004935265,9200,92
CVRP,6,tiny-6-203001,203001,4,openjij_sa,penalty_scaled_geometric,0,,228.0,,0,0.06210380000266014,9200,92
CVRP,6,tiny-6-203001,203001,4,vrp_sa,wall_clock,1,228.0,228.0,0.0,1,0.20004049999988638,3015,
CVRP,6,tiny-6-203001,203001,4,ortools,wall_clock,1,228.0,228.0,0.0,1,0.20140859999810345,,
CVRP,6,tiny-6-203001,203001,4,exact_small,proven,1,228.0,228.0,0.0,1,0.020145499998761807,,
CVRP,6,tiny-6-203001,203001,5,qubo_sa,coefficient_scaled_linear,0,,228.0,,0,0.14043300000048475,9200,92
CVRP,6,tiny-6-203001,203001,5,dwave_sa,coefficient_scaled_linear,0,,228.0,,0,0.014521099998091813,9200,92
CVRP,6,tiny-6-203001,203001,5,openjij_sa,coefficient_scaled_linear,0,,228.0,,0,0.03912970000237692,9200,92
CVRP,6,tiny-6-203001,203001,5,qubo_sa,penalty_scaled_geometric,0,,228.0,,0,0.05743549999897368,9200,92
CVRP,6,tiny-6-203001,203001,5,dwave_sa,penalty_scaled_geometric,0,,228.0,,0,0.013511799996194895,9200,92
CVRP,6,tiny-6-203001,203001,5,openjij_sa,penalty_scaled_geometric,0,,228.0,,0,0.03860519999579992,9200,92
CVRP,6,tiny-6-203001,203001,5,vrp_sa,wall_clock,1,228.0,228.0,0.0,1,0.20006499999726657,3040,
CVRP,6,tiny-6-203001,203001,5,ortools,wall_clock,1,228.0,228.0,0.0,1,0.2003707999974722,,
CVRP,6,tiny-6-203001,203001,5,exact_small,proven,1,228.0,228.0,0.0,1,0.020145499998761807,,
CVRP,6,tiny-6-203001,203001,6,qubo_sa,coefficient_scaled_linear,0,,228.0,,0,0.035833400004776195,9200,92
CVRP,6,tiny-6-203001,203001,6,dwave_sa,coefficient_scaled_linear,0,,228.0,,0,0.00637280000228202,9200,92
CVRP,6,tiny-6-203001,203001,6,openjij_sa,coefficient_scaled_linear,0,,228.0,,0,0.014815499998803716,9200,92
CVRP,6,tiny-6-203001,203001,6,qubo_sa,penalty_scaled_geometric,0,,228.0,,0,0.03762290000304347,9200,92
CVRP,6,tiny-6-203001,203001,6,dwave_sa,penalty_scaled_geometric,0,,228.0,,0,0.0060171000004629605,9200,92
CVRP,6,tiny-6-203001,203001,6,openjij_sa,penalty_scaled_geometric,0,,228.0,,0,0.014534699999785516,9200,92
CVRP,6,tiny-6-203001,203001,6,vrp_sa,wall_clock,1,228.0,228.0,0.0,1,0.2000311999945552,9791,
CVRP,6,tiny-6-203001,203001,6,ortools,wall_clock,1,228.0,228.0,0.0,1,0.20105440000043018,,
CVRP,6,tiny-6-203001,203001,6,exact_small,proven,1,228.0,228.0,0.0,1,0.020145499998761807,,
CVRP,6,tiny-6-203001,203001,7,qubo_sa,coefficient_scaled_linear,0,,228.0,,0,0.1339402000012342,9200,92
CVRP,6,tiny-6-203001,203001,7,dwave_sa,coefficient_scaled_linear,0,,228.0,,0,0.015299499995307997,9200,92
CVRP,6,tiny-6-203001,203001,7,openjij_sa,coefficient_scaled_linear,0,,228.0,,0,0.03905540000414476,9200,92
CVRP,6,tiny-6-203001,203001,7,qubo_sa,penalty_scaled_geometric,0,,228.0,,0,0.13872180000180379,9200,92
CVRP,6,tiny-6-203001,203001,7,dwave_sa,penalty_scaled_geometric,0,,228.0,,0,0.014431299998250324,9200,92
CVRP,6,tiny-6-203001,203001,7,openjij_sa,penalty_scaled_geometric,0,,228.0,,0,0.039564300001075026,9200,92
CVRP,6,tiny-6-203001,203001,7,vrp_sa,wall_clock,1,228.0,228.0,0.0,1,0.20005229999514995,3057,
CVRP,6,tiny-6-203001,203001,7,ortools,wall_clock,1,228.0,228.0,0.0,1,0.2004873999976553,,
CVRP,6,tiny-6-203001,203001,7,exact_small,proven,1,228.0,228.0,0.0,1,0.020145499998761807,,
CVRP,6,tiny-6-203001,203001,8,qubo_sa,coefficient_scaled_linear,0,,228.0,,0,0.1362243000039598,9200,92
CVRP,6,tiny-6-203001,203001,8,dwave_sa,coefficient_scaled_linear,0,,228.0,,0,0.014757799996004906,9200,92
CVRP,6,tiny-6-203001,203001,8,openjij_sa,coefficient_scaled_linear,0,,228.0,,0,0.039107399999920744,9200,92
CVRP,6,tiny-6-203001,203001,8,qubo_sa,penalty_scaled_geometric,0,,228.0,,0,0.1405540000050678,9200,92
CVRP,6,tiny-6-203001,203001,8,dwave_sa,penalty_scaled_geometric,0,,228.0,,0,0.014793299997108988,9200,92
CVRP,6,tiny-6-203001,203001,8,openjij_sa,penalty_scaled_geometric,0,,228.0,,0,0.03939410000020871,9200,92
CVRP,6,tiny-6-203001,203001,8,vrp_sa,wall_clock,1,228.0,228.0,0.0,1,0.2000841000044602,3039,
CVRP,6,tiny-6-203001,203001,8,ortools,wall_clock,1,228.0,228.0,0.0,1,0.20149900000251364,,
CVRP,6,tiny-6-203001,203001,8,exact_small,proven,1,228.0,228.0,0.0,1,0.020145499998761807,,
CVRP,6,tiny-6-203001,203001,9,qubo_sa,coefficient_scaled_linear,0,,228.0,,0,0.0964760999995633,9200,92
CVRP,6,tiny-6-203001,203001,9,dwave_sa,coefficient_scaled_linear,0,,228.0,,0,0.014743500003532972,9200,92
CVRP,6,tiny-6-203001,203001,9,openjij_sa,coefficient_scaled_linear,0,,228.0,,0,0.03914280000026338,9200,92
CVRP,6,tiny-6-203001,203001,9,qubo_sa,penalty_scaled_geometric,0,,228.0,,0,0.14025430000037886,9200,92
CVRP,6,tiny-6-203001,203001,9,dwave_sa,penalty_scaled_geometric,0,,228.0,,0,0.014350800003740005,9200,92
CVRP,6,tiny-6-203001,203001,9,openjij_sa,penalty_scaled_geometric,0,,228.0,,0,0.04314100000192411,9200,92
CVRP,6,tiny-6-203001,203001,9,vrp_sa,wall_clock,1,228.0,228.0,0.0,1,0.2000687999970978,2825,
CVRP,6,tiny-6-203001,203001,9,ortools,wall_clock,1,228.0,228.0,0.0,1,0.2015769000063301,,
CVRP,6,tiny-6-203001,203001,9,exact_small,proven,1,228.0,228.0,0.0,1,0.020145499998761807,,
CVRP,6,tiny-6-203002,203002,0,qubo_sa,coefficient_scaled_linear,0,,254.0,,0,0.135411600000225,9000,90
CVRP,6,tiny-6-203002,203002,0,dwave_sa,coefficient_scaled_linear,0,,254.0,,0,0.01425339999696007,9000,90
CVRP,6,tiny-6-203002,203002,0,openjij_sa,coefficient_scaled_linear,0,,254.0,,0,0.03844240000034915,9000,90
CVRP,6,tiny-6-203002,203002,0,qubo_sa,penalty_scaled_geometric,0,,254.0,,0,0.1403463999959058,9000,90
CVRP,6,tiny-6-203002,203002,0,dwave_sa,penalty_scaled_geometric,0,,254.0,,0,0.014020200003869832,9000,90
CVRP,6,tiny-6-203002,203002,0,openjij_sa,penalty_scaled_geometric,0,,254.0,,0,0.0375698000061675,9000,90
CVRP,6,tiny-6-203002,203002,0,vrp_sa,wall_clock,1,254.0,254.0,0.0,1,0.20006819999980507,3092,
CVRP,6,tiny-6-203002,203002,0,ortools,wall_clock,1,254.0,254.0,0.0,1,0.20201760000054492,,
CVRP,6,tiny-6-203002,203002,0,exact_small,proven,1,254.0,254.0,0.0,1,0.03342430000338936,,
CVRP,6,tiny-6-203002,203002,1,qubo_sa,coefficient_scaled_linear,0,,254.0,,0,0.13784990000567632,9000,90
CVRP,6,tiny-6-203002,203002,1,dwave_sa,coefficient_scaled_linear,0,,254.0,,0,0.014730700000654906,9000,90
CVRP,6,tiny-6-203002,203002,1,openjij_sa,coefficient_scaled_linear,0,,254.0,,0,0.03785319999587955,9000,90
CVRP,6,tiny-6-203002,203002,1,qubo_sa,penalty_scaled_geometric,0,,254.0,,0,0.13534480000089388,9000,90
CVRP,6,tiny-6-203002,203002,1,dwave_sa,penalty_scaled_geometric,0,,254.0,,0,0.014046299998881295,9000,90
CVRP,6,tiny-6-203002,203002,1,openjij_sa,penalty_scaled_geometric,0,,254.0,,0,0.037491100003535394,9000,90
CVRP,6,tiny-6-203002,203002,1,vrp_sa,wall_clock,1,254.0,254.0,0.0,1,0.20004109999717912,3110,
CVRP,6,tiny-6-203002,203002,1,ortools,wall_clock,1,254.0,254.0,0.0,1,0.2014255000030971,,
CVRP,6,tiny-6-203002,203002,1,exact_small,proven,1,254.0,254.0,0.0,1,0.03342430000338936,,
CVRP,6,tiny-6-203002,203002,2,qubo_sa,coefficient_scaled_linear,0,,254.0,,0,0.13989269999729004,9000,90
CVRP,6,tiny-6-203002,203002,2,dwave_sa,coefficient_scaled_linear,0,,254.0,,0,0.013784900002065115,9000,90
CVRP,6,tiny-6-203002,203002,2,openjij_sa,coefficient_scaled_linear,0,,254.0,,0,0.0367954000030295,9000,90
CVRP,6,tiny-6-203002,203002,2,qubo_sa,penalty_scaled_geometric,0,,254.0,,0,0.13648209999519167,9000,90
CVRP,6,tiny-6-203002,203002,2,dwave_sa,penalty_scaled_geometric,1,406.0,254.0,59.84251968503938,0,0.013950600005045999,9000,90
CVRP,6,tiny-6-203002,203002,2,openjij_sa,penalty_scaled_geometric,0,,254.0,,0,0.03685640000185231,9000,90
CVRP,6,tiny-6-203002,203002,2,vrp_sa,wall_clock,1,254.0,254.0,0.0,1,0.20004110000445507,3120,
CVRP,6,tiny-6-203002,203002,2,ortools,wall_clock,1,254.0,254.0,0.0,1,0.20054489999893121,,
CVRP,6,tiny-6-203002,203002,2,exact_small,proven,1,254.0,254.0,0.0,1,0.03342430000338936,,
CVRP,6,tiny-6-203002,203002,3,qubo_sa,coefficient_scaled_linear,0,,254.0,,0,0.135118500002136,9000,90
CVRP,6,tiny-6-203002,203002,3,dwave_sa,coefficient_scaled_linear,0,,254.0,,0,0.013816400001815055,9000,90
CVRP,6,tiny-6-203002,203002,3,openjij_sa,coefficient_scaled_linear,0,,254.0,,0,0.03722299999935785,9000,90
CVRP,6,tiny-6-203002,203002,3,qubo_sa,penalty_scaled_geometric,0,,254.0,,0,0.1386874000017997,9000,90
CVRP,6,tiny-6-203002,203002,3,dwave_sa,penalty_scaled_geometric,0,,254.0,,0,0.014904100004059728,9000,90
CVRP,6,tiny-6-203002,203002,3,openjij_sa,penalty_scaled_geometric,0,,254.0,,0,0.03697929999907501,9000,90
CVRP,6,tiny-6-203002,203002,3,vrp_sa,wall_clock,1,254.0,254.0,0.0,1,0.20008180000149878,3069,
CVRP,6,tiny-6-203002,203002,3,ortools,wall_clock,1,254.0,254.0,0.0,1,0.2013740999973379,,
CVRP,6,tiny-6-203002,203002,3,exact_small,proven,1,254.0,254.0,0.0,1,0.03342430000338936,,
CVRP,6,tiny-6-203002,203002,4,qubo_sa,coefficient_scaled_linear,0,,254.0,,0,0.10597970000526402,9000,90
CVRP,6,tiny-6-203002,203002,4,dwave_sa,coefficient_scaled_linear,0,,254.0,,0,0.005911399995966349,9000,90
CVRP,6,tiny-6-203002,203002,4,openjij_sa,coefficient_scaled_linear,0,,254.0,,0,0.014231700006348547,9000,90
CVRP,6,tiny-6-203002,203002,4,qubo_sa,penalty_scaled_geometric,0,,254.0,,0,0.0418229999995674,9000,90
CVRP,6,tiny-6-203002,203002,4,dwave_sa,penalty_scaled_geometric,0,,254.0,,0,0.0139846000020043,9000,90
CVRP,6,tiny-6-203002,203002,4,openjij_sa,penalty_scaled_geometric,0,,254.0,,0,0.03768790000322042,9000,90
CVRP,6,tiny-6-203002,203002,4,vrp_sa,wall_clock,1,254.0,254.0,0.0,1,0.20009230000141542,3092,
CVRP,6,tiny-6-203002,203002,4,ortools,wall_clock,1,254.0,254.0,0.0,1,0.20084079999651294,,
CVRP,6,tiny-6-203002,203002,4,exact_small,proven,1,254.0,254.0,0.0,1,0.03342430000338936,,
CVRP,6,tiny-6-203002,203002,5,qubo_sa,coefficient_scaled_linear,0,,254.0,,0,0.14546559999871533,9000,90
CVRP,6,tiny-6-203002,203002,5,dwave_sa,coefficient_scaled_linear,0,,254.0,,0,0.014454500000283588,9000,90
CVRP,6,tiny-6-203002,203002,5,openjij_sa,coefficient_scaled_linear,0,,254.0,,0,0.036954000002879184,9000,90
CVRP,6,tiny-6-203002,203002,5,qubo_sa,penalty_scaled_geometric,0,,254.0,,0,0.1384332000016002,9000,90
CVRP,6,tiny-6-203002,203002,5,dwave_sa,penalty_scaled_geometric,0,,254.0,,0,0.014251000000513159,9000,90
CVRP,6,tiny-6-203002,203002,5,openjij_sa,penalty_scaled_geometric,0,,254.0,,0,0.03768879999552155,9000,90
CVRP,6,tiny-6-203002,203002,5,vrp_sa,wall_clock,1,254.0,254.0,0.0,1,0.20003300000098534,3083,
CVRP,6,tiny-6-203002,203002,5,ortools,wall_clock,1,254.0,254.0,0.0,1,0.20145210000191582,,
CVRP,6,tiny-6-203002,203002,5,exact_small,proven,1,254.0,254.0,0.0,1,0.03342430000338936,,
CVRP,6,tiny-6-203002,203002,6,qubo_sa,coefficient_scaled_linear,0,,254.0,,0,0.13546199999836972,9000,90
CVRP,6,tiny-6-203002,203002,6,dwave_sa,coefficient_scaled_linear,0,,254.0,,0,0.016125499998452142,9000,90
CVRP,6,tiny-6-203002,203002,6,openjij_sa,coefficient_scaled_linear,0,,254.0,,0,0.03768710000440478,9000,90
CVRP,6,tiny-6-203002,203002,6,qubo_sa,penalty_scaled_geometric,0,,254.0,,0,0.13953729999775533,9000,90
CVRP,6,tiny-6-203002,203002,6,dwave_sa,penalty_scaled_geometric,0,,254.0,,0,0.01403079999727197,9000,90
CVRP,6,tiny-6-203002,203002,6,openjij_sa,penalty_scaled_geometric,0,,254.0,,0,0.037883299999521114,9000,90
CVRP,6,tiny-6-203002,203002,6,vrp_sa,wall_clock,1,254.0,254.0,0.0,1,0.20005269999819575,3063,
CVRP,6,tiny-6-203002,203002,6,ortools,wall_clock,1,254.0,254.0,0.0,1,0.20058079999580514,,
CVRP,6,tiny-6-203002,203002,6,exact_small,proven,1,254.0,254.0,0.0,1,0.03342430000338936,,
CVRP,6,tiny-6-203002,203002,7,qubo_sa,coefficient_scaled_linear,0,,254.0,,0,0.13605269999970915,9000,90
CVRP,6,tiny-6-203002,203002,7,dwave_sa,coefficient_scaled_linear,0,,254.0,,0,0.014159899998048786,9000,90
CVRP,6,tiny-6-203002,203002,7,openjij_sa,coefficient_scaled_linear,0,,254.0,,0,0.03707900000154041,9000,90
CVRP,6,tiny-6-203002,203002,7,qubo_sa,penalty_scaled_geometric,0,,254.0,,0,0.14137129999289755,9000,90
CVRP,6,tiny-6-203002,203002,7,dwave_sa,penalty_scaled_geometric,0,,254.0,,0,0.014071800003875978,9000,90
CVRP,6,tiny-6-203002,203002,7,openjij_sa,penalty_scaled_geometric,0,,254.0,,0,0.037941399998089764,9000,90
CVRP,6,tiny-6-203002,203002,7,vrp_sa,wall_clock,1,254.0,254.0,0.0,1,0.20007669999904465,2925,
CVRP,6,tiny-6-203002,203002,7,ortools,wall_clock,1,254.0,254.0,0.0,1,0.20153879999998026,,
CVRP,6,tiny-6-203002,203002,7,exact_small,proven,1,254.0,254.0,0.0,1,0.03342430000338936,,
CVRP,6,tiny-6-203002,203002,8,qubo_sa,coefficient_scaled_linear,0,,254.0,,0,0.1359491999974125,9000,90
CVRP,6,tiny-6-203002,203002,8,dwave_sa,coefficient_scaled_linear,0,,254.0,,0,0.014105199996265583,9000,90
CVRP,6,tiny-6-203002,203002,8,openjij_sa,coefficient_scaled_linear,0,,254.0,,0,0.037897300004260615,9000,90
CVRP,6,tiny-6-203002,203002,8,qubo_sa,penalty_scaled_geometric,0,,254.0,,0,0.13891960000182735,9000,90
CVRP,6,tiny-6-203002,203002,8,dwave_sa,penalty_scaled_geometric,0,,254.0,,0,0.013855400000466034,9000,90
CVRP,6,tiny-6-203002,203002,8,openjij_sa,penalty_scaled_geometric,0,,254.0,,0,0.03722130000096513,9000,90
CVRP,6,tiny-6-203002,203002,8,vrp_sa,wall_clock,1,254.0,254.0,0.0,1,0.20006219999777386,3105,
CVRP,6,tiny-6-203002,203002,8,ortools,wall_clock,1,254.0,254.0,0.0,1,0.20180080000136513,,
CVRP,6,tiny-6-203002,203002,8,exact_small,proven,1,254.0,254.0,0.0,1,0.03342430000338936,,
CVRP,6,tiny-6-203002,203002,9,qubo_sa,coefficient_scaled_linear,0,,254.0,,0,0.13582419999875128,9000,90
CVRP,6,tiny-6-203002,203002,9,dwave_sa,coefficient_scaled_linear,0,,254.0,,0,0.014092299999902025,9000,90
CVRP,6,tiny-6-203002,203002,9,openjij_sa,coefficient_scaled_linear,0,,254.0,,0,0.03788859999622218,9000,90
CVRP,6,tiny-6-203002,203002,9,qubo_sa,penalty_scaled_geometric,1,405.0,254.0,59.4488188976378,0,0.1379016999999294,9000,90
CVRP,6,tiny-6-203002,203002,9,dwave_sa,penalty_scaled_geometric,0,,254.0,,0,0.014077200001338497,9000,90
CVRP,6,tiny-6-203002,203002,9,openjij_sa,penalty_scaled_geometric,0,,254.0,,0,0.03700640000170097,9000,90
CVRP,6,tiny-6-203002,203002,9,vrp_sa,wall_clock,1,254.0,254.0,0.0,1,0.20005780000064988,3064,
CVRP,6,tiny-6-203002,203002,9,ortools,wall_clock,1,254.0,254.0,0.0,1,0.2005319000018062,,
CVRP,6,tiny-6-203002,203002,9,exact_small,proven,1,254.0,254.0,0.0,1,0.03342430000338936,,
CVRP,6,tiny-6-203003,203003,0,qubo_sa,coefficient_scaled_linear,0,,257.0,,0,0.13396089999878313,9200,92
CVRP,6,tiny-6-203003,203003,0,dwave_sa,coefficient_scaled_linear,0,,257.0,,0,0.018067899996822234,9200,92
CVRP,6,tiny-6-203003,203003,0,openjij_sa,coefficient_scaled_linear,0,,257.0,,0,0.054250600005616434,9200,92
CVRP,6,tiny-6-203003,203003,0,qubo_sa,penalty_scaled_geometric,0,,257.0,,0,0.14069590000144672,9200,92
CVRP,6,tiny-6-203003,203003,0,dwave_sa,penalty_scaled_geometric,0,,257.0,,0,0.014571700005035382,9200,92
CVRP,6,tiny-6-203003,203003,0,openjij_sa,penalty_scaled_geometric,0,,257.0,,0,0.03969430000142893,9200,92
CVRP,6,tiny-6-203003,203003,0,vrp_sa,wall_clock,1,257.0,257.0,0.0,1,0.20004189999599475,3199,
CVRP,6,tiny-6-203003,203003,0,ortools,wall_clock,1,257.0,257.0,0.0,1,0.2019646999979159,,
CVRP,6,tiny-6-203003,203003,0,exact_small,proven,1,257.0,257.0,0.0,1,0.0196148999966681,,
CVRP,6,tiny-6-203003,203003,1,qubo_sa,coefficient_scaled_linear,0,,257.0,,0,0.13636460000270745,9200,92
CVRP,6,tiny-6-203003,203003,1,dwave_sa,coefficient_scaled_linear,0,,257.0,,0,0.015040400001453236,9200,92
CVRP,6,tiny-6-203003,203003,1,openjij_sa,coefficient_scaled_linear,0,,257.0,,0,0.039963499999430496,9200,92
CVRP,6,tiny-6-203003,203003,1,qubo_sa,penalty_scaled_geometric,0,,257.0,,0,0.14401399999769637,9200,92
CVRP,6,tiny-6-203003,203003,1,dwave_sa,penalty_scaled_geometric,0,,257.0,,0,0.01482189999660477,9200,92
CVRP,6,tiny-6-203003,203003,1,openjij_sa,penalty_scaled_geometric,0,,257.0,,0,0.03892890000133775,9200,92
CVRP,6,tiny-6-203003,203003,1,vrp_sa,wall_clock,1,257.0,257.0,0.0,1,0.2000761000017519,3149,
CVRP,6,tiny-6-203003,203003,1,ortools,wall_clock,1,257.0,257.0,0.0,1,0.2007277000011527,,
CVRP,6,tiny-6-203003,203003,1,exact_small,proven,1,257.0,257.0,0.0,1,0.0196148999966681,,
CVRP,6,tiny-6-203003,203003,2,qubo_sa,coefficient_scaled_linear,0,,257.0,,0,0.13744620000215946,9200,92
CVRP,6,tiny-6-203003,203003,2,dwave_sa,coefficient_scaled_linear,0,,257.0,,0,0.01495460000296589,9200,92
CVRP,6,tiny-6-203003,203003,2,openjij_sa,coefficient_scaled_linear,0,,257.0,,0,0.038843499998620246,9200,92
CVRP,6,tiny-6-203003,203003,2,qubo_sa,penalty_scaled_geometric,0,,257.0,,0,0.14030149999598507,9200,92
CVRP,6,tiny-6-203003,203003,2,dwave_sa,penalty_scaled_geometric,0,,257.0,,0,0.015225499999360181,9200,92
CVRP,6,tiny-6-203003,203003,2,openjij_sa,penalty_scaled_geometric,0,,257.0,,0,0.038802699993539136,9200,92
CVRP,6,tiny-6-203003,203003,2,vrp_sa,wall_clock,1,257.0,257.0,0.0,1,0.2011387000020477,3145,
CVRP,6,tiny-6-203003,203003,2,ortools,wall_clock,1,257.0,257.0,0.0,1,0.20173020000220276,,
CVRP,6,tiny-6-203003,203003,2,exact_small,proven,1,257.0,257.0,0.0,1,0.0196148999966681,,
CVRP,6,tiny-6-203003,203003,3,qubo_sa,coefficient_scaled_linear,0,,257.0,,0,0.13674490000266815,9200,92
CVRP,6,tiny-6-203003,203003,3,dwave_sa,coefficient_scaled_linear,0,,257.0,,0,0.01482860000396613,9200,92
CVRP,6,tiny-6-203003,203003,3,openjij_sa,coefficient_scaled_linear,0,,257.0,,0,0.03960269999515731,9200,92
CVRP,6,tiny-6-203003,203003,3,qubo_sa,penalty_scaled_geometric,0,,257.0,,0,0.13906780000252184,9200,92
CVRP,6,tiny-6-203003,203003,3,dwave_sa,penalty_scaled_geometric,0,,257.0,,0,0.015278200000466313,9200,92
CVRP,6,tiny-6-203003,203003,3,openjij_sa,penalty_scaled_geometric,0,,257.0,,0,0.0395317000002251,9200,92
CVRP,6,tiny-6-203003,203003,3,vrp_sa,wall_clock,1,257.0,257.0,0.0,1,0.20003929999802494,3266,
CVRP,6,tiny-6-203003,203003,3,ortools,wall_clock,1,257.0,257.0,0.0,1,0.20107329999882495,,
CVRP,6,tiny-6-203003,203003,3,exact_small,proven,1,257.0,257.0,0.0,1,0.0196148999966681,,
CVRP,6,tiny-6-203003,203003,4,qubo_sa,coefficient_scaled_linear,0,,257.0,,0,0.13465430000360357,9200,92
CVRP,6,tiny-6-203003,203003,4,dwave_sa,coefficient_scaled_linear,0,,257.0,,0,0.014895400003297254,9200,92
CVRP,6,tiny-6-203003,203003,4,openjij_sa,coefficient_scaled_linear,0,,257.0,,0,0.040179000003263354,9200,92
CVRP,6,tiny-6-203003,203003,4,qubo_sa,penalty_scaled_geometric,0,,257.0,,0,0.14175719999911962,9200,92
CVRP,6,tiny-6-203003,203003,4,dwave_sa,penalty_scaled_geometric,0,,257.0,,0,0.015198200002487283,9200,92
CVRP,6,tiny-6-203003,203003,4,openjij_sa,penalty_scaled_geometric,0,,257.0,,0,0.03898829999525333,9200,92
CVRP,6,tiny-6-203003,203003,4,vrp_sa,wall_clock,1,257.0,257.0,0.0,1,0.20008080000116024,3166,
CVRP,6,tiny-6-203003,203003,4,ortools,wall_clock,1,257.0,257.0,0.0,1,0.2015259000036167,,
CVRP,6,tiny-6-203003,203003,4,exact_small,proven,1,257.0,257.0,0.0,1,0.0196148999966681,,
CVRP,6,tiny-6-203003,203003,5,qubo_sa,coefficient_scaled_linear,0,,257.0,,0,0.13710939999873517,9200,92
CVRP,6,tiny-6-203003,203003,5,dwave_sa,coefficient_scaled_linear,0,,257.0,,0,0.0149842999962857,9200,92
CVRP,6,tiny-6-203003,203003,5,openjij_sa,coefficient_scaled_linear,0,,257.0,,0,0.038947500004724134,9200,92
CVRP,6,tiny-6-203003,203003,5,qubo_sa,penalty_scaled_geometric,0,,257.0,,0,0.15520559999276884,9200,92
CVRP,6,tiny-6-203003,203003,5,dwave_sa,penalty_scaled_geometric,0,,257.0,,0,0.014450299997406546,9200,92
CVRP,6,tiny-6-203003,203003,5,openjij_sa,penalty_scaled_geometric,0,,257.0,,0,0.03884029999608174,9200,92
CVRP,6,tiny-6-203003,203003,5,vrp_sa,wall_clock,1,257.0,257.0,0.0,1,0.20003580000047805,3146,
CVRP,6,tiny-6-203003,203003,5,ortools,wall_clock,1,257.0,257.0,0.0,1,0.20081100000243168,,
CVRP,6,tiny-6-203003,203003,5,exact_small,proven,1,257.0,257.0,0.0,1,0.0196148999966681,,
CVRP,6,tiny-6-203003,203003,6,qubo_sa,coefficient_scaled_linear,0,,257.0,,0,0.14431450000120094,9200,92
CVRP,6,tiny-6-203003,203003,6,dwave_sa,coefficient_scaled_linear,0,,257.0,,0,0.028312000002188142,9200,92
CVRP,6,tiny-6-203003,203003,6,openjij_sa,coefficient_scaled_linear,0,,257.0,,0,0.04975369999738177,9200,92
CVRP,6,tiny-6-203003,203003,6,qubo_sa,penalty_scaled_geometric,0,,257.0,,0,0.10974509999505244,9200,92
CVRP,6,tiny-6-203003,203003,6,dwave_sa,penalty_scaled_geometric,0,,257.0,,0,0.007991199992829934,9200,92
CVRP,6,tiny-6-203003,203003,6,openjij_sa,penalty_scaled_geometric,0,,257.0,,0,0.040515499997127336,9200,92
CVRP,6,tiny-6-203003,203003,6,vrp_sa,wall_clock,1,257.0,257.0,0.0,1,0.20008249999955297,3018,
CVRP,6,tiny-6-203003,203003,6,ortools,wall_clock,1,257.0,257.0,0.0,1,0.20144879999861587,,
CVRP,6,tiny-6-203003,203003,6,exact_small,proven,1,257.0,257.0,0.0,1,0.0196148999966681,,
CVRP,6,tiny-6-203003,203003,7,qubo_sa,coefficient_scaled_linear,0,,257.0,,0,0.13686119999329094,9200,92
CVRP,6,tiny-6-203003,203003,7,dwave_sa,coefficient_scaled_linear,0,,257.0,,0,0.015249699994456023,9200,92
CVRP,6,tiny-6-203003,203003,7,openjij_sa,coefficient_scaled_linear,0,,257.0,,0,0.039150700002210215,9200,92
CVRP,6,tiny-6-203003,203003,7,qubo_sa,penalty_scaled_geometric,0,,257.0,,0,0.14060130000143545,9200,92
CVRP,6,tiny-6-203003,203003,7,dwave_sa,penalty_scaled_geometric,0,,257.0,,0,0.01476159999583615,9200,92
CVRP,6,tiny-6-203003,203003,7,openjij_sa,penalty_scaled_geometric,0,,257.0,,0,0.03851299999951152,9200,92
CVRP,6,tiny-6-203003,203003,7,vrp_sa,wall_clock,1,257.0,257.0,0.0,1,0.20006869999633636,3194,
CVRP,6,tiny-6-203003,203003,7,ortools,wall_clock,1,257.0,257.0,0.0,1,0.20050840000476455,,
CVRP,6,tiny-6-203003,203003,7,exact_small,proven,1,257.0,257.0,0.0,1,0.0196148999966681,,
CVRP,6,tiny-6-203003,203003,8,qubo_sa,coefficient_scaled_linear,0,,257.0,,0,0.13373379999393364,9200,92
CVRP,6,tiny-6-203003,203003,8,dwave_sa,coefficient_scaled_linear,0,,257.0,,0,0.015028499998152256,9200,92
CVRP,6,tiny-6-203003,203003,8,openjij_sa,coefficient_scaled_linear,0,,257.0,,0,0.03892179999820655,9200,92
CVRP,6,tiny-6-203003,203003,8,qubo_sa,penalty_scaled_geometric,0,,257.0,,0,0.13984549999440787,9200,92
CVRP,6,tiny-6-203003,203003,8,dwave_sa,penalty_scaled_geometric,0,,257.0,,0,0.0147757000013371,9200,92
CVRP,6,tiny-6-203003,203003,8,openjij_sa,penalty_scaled_geometric,0,,257.0,,0,0.03905080000549788,9200,92
CVRP,6,tiny-6-203003,203003,8,vrp_sa,wall_clock,1,257.0,257.0,0.0,1,0.20009209999989253,3200,
CVRP,6,tiny-6-203003,203003,8,ortools,wall_clock,1,257.0,257.0,0.0,1,0.20055100000172388,,
CVRP,6,tiny-6-203003,203003,8,exact_small,proven,1,257.0,257.0,0.0,1,0.0196148999966681,,
CVRP,6,tiny-6-203003,203003,9,qubo_sa,coefficient_scaled_linear,0,,257.0,,0,0.13559450000320794,9200,92
CVRP,6,tiny-6-203003,203003,9,dwave_sa,coefficient_scaled_linear,0,,257.0,,0,0.015349200002674479,9200,92
CVRP,6,tiny-6-203003,203003,9,openjij_sa,coefficient_scaled_linear,0,,257.0,,0,0.03916800000297371,9200,92
CVRP,6,tiny-6-203003,203003,9,qubo_sa,penalty_scaled_geometric,0,,257.0,,0,0.1397889999934705,9200,92
CVRP,6,tiny-6-203003,203003,9,dwave_sa,penalty_scaled_geometric,0,,257.0,,0,0.014506899999105372,9200,92
CVRP,6,tiny-6-203003,203003,9,openjij_sa,penalty_scaled_geometric,0,,257.0,,0,0.03922940000484232,9200,92
CVRP,6,tiny-6-203003,203003,9,vrp_sa,wall_clock,1,257.0,257.0,0.0,1,0.20009679999930086,3249,
CVRP,6,tiny-6-203003,203003,9,ortools,wall_clock,1,257.0,257.0,0.0,1,0.20185599999967963,,
CVRP,6,tiny-6-203003,203003,9,exact_small,proven,1,257.0,257.0,0.0,1,0.0196148999966681,,
CVRP,6,tiny-6-203004,203004,0,qubo_sa,coefficient_scaled_linear,0,,366.0,,0,0.13324690000445116,9000,90
CVRP,6,tiny-6-203004,203004,0,dwave_sa,coefficient_scaled_linear,0,,366.0,,0,0.014303899995866232,9000,90
CVRP,6,tiny-6-203004,203004,0,openjij_sa,coefficient_scaled_linear,0,,366.0,,0,0.037274599999364,9000,90
CVRP,6,tiny-6-203004,203004,0,qubo_sa,penalty_scaled_geometric,0,,366.0,,0,0.1401419000030728,9000,90
CVRP,6,tiny-6-203004,203004,0,dwave_sa,penalty_scaled_geometric,0,,366.0,,0,0.014837099995929748,9000,90
CVRP,6,tiny-6-203004,203004,0,openjij_sa,penalty_scaled_geometric,0,,366.0,,0,0.04717540000274312,9000,90
CVRP,6,tiny-6-203004,203004,0,vrp_sa,wall_clock,1,366.0,366.0,0.0,1,0.20005479999963427,2882,
CVRP,6,tiny-6-203004,203004,0,ortools,wall_clock,1,366.0,366.0,0.0,1,0.20057790000282694,,
CVRP,6,tiny-6-203004,203004,0,exact_small,proven,1,366.0,366.0,0.0,1,0.026214599995000754,,
CVRP,6,tiny-6-203004,203004,1,qubo_sa,coefficient_scaled_linear,0,,366.0,,0,0.13772359999711625,9000,90
CVRP,6,tiny-6-203004,203004,1,dwave_sa,coefficient_scaled_linear,0,,366.0,,0,0.01415419999830192,9000,90
CVRP,6,tiny-6-203004,203004,1,openjij_sa,coefficient_scaled_linear,0,,366.0,,0,0.037909699996816926,9000,90
CVRP,6,tiny-6-203004,203004,1,qubo_sa,penalty_scaled_geometric,0,,366.0,,0,0.13972990000183927,9000,90
CVRP,6,tiny-6-203004,203004,1,dwave_sa,penalty_scaled_geometric,0,,366.0,,0,0.014628899996750988,9000,90
CVRP,6,tiny-6-203004,203004,1,openjij_sa,penalty_scaled_geometric,0,,366.0,,0,0.037529699999140576,9000,90
CVRP,6,tiny-6-203004,203004,1,vrp_sa,wall_clock,1,366.0,366.0,0.0,1,0.2000329000002239,3036,
CVRP,6,tiny-6-203004,203004,1,ortools,wall_clock,1,366.0,366.0,0.0,1,0.20161430000007385,,
CVRP,6,tiny-6-203004,203004,1,exact_small,proven,1,366.0,366.0,0.0,1,0.026214599995000754,,
CVRP,6,tiny-6-203004,203004,2,qubo_sa,coefficient_scaled_linear,0,,366.0,,0,0.13501290000567678,9000,90
CVRP,6,tiny-6-203004,203004,2,dwave_sa,coefficient_scaled_linear,0,,366.0,,0,0.014287899997725617,9000,90
CVRP,6,tiny-6-203004,203004,2,openjij_sa,coefficient_scaled_linear,0,,366.0,,0,0.037716599996201694,9000,90
CVRP,6,tiny-6-203004,203004,2,qubo_sa,penalty_scaled_geometric,0,,366.0,,0,0.13694830000167713,9000,90
CVRP,6,tiny-6-203004,203004,2,dwave_sa,penalty_scaled_geometric,0,,366.0,,0,0.01405489999888232,9000,90
CVRP,6,tiny-6-203004,203004,2,openjij_sa,penalty_scaled_geometric,0,,366.0,,0,0.03769509999983711,9000,90
CVRP,6,tiny-6-203004,203004,2,vrp_sa,wall_clock,1,366.0,366.0,0.0,1,0.200052100000903,3098,
CVRP,6,tiny-6-203004,203004,2,ortools,wall_clock,1,366.0,366.0,0.0,1,0.20148630000039702,,
CVRP,6,tiny-6-203004,203004,2,exact_small,proven,1,366.0,366.0,0.0,1,0.026214599995000754,,
CVRP,6,tiny-6-203004,203004,3,qubo_sa,coefficient_scaled_linear,0,,366.0,,0,0.1508103000014671,9000,90
CVRP,6,tiny-6-203004,203004,3,dwave_sa,coefficient_scaled_linear,0,,366.0,,0,0.014156199998978991,9000,90
CVRP,6,tiny-6-203004,203004,3,openjij_sa,coefficient_scaled_linear,0,,366.0,,0,0.03725289999420056,9000,90
CVRP,6,tiny-6-203004,203004,3,qubo_sa,penalty_scaled_geometric,0,,366.0,,0,0.13908079999964684,9000,90
CVRP,6,tiny-6-203004,203004,3,dwave_sa,penalty_scaled_geometric,1,419.0,366.0,14.480874316939897,0,0.014968099996622186,9000,90
CVRP,6,tiny-6-203004,203004,3,openjij_sa,penalty_scaled_geometric,0,,366.0,,0,0.03738159999920754,9000,90
CVRP,6,tiny-6-203004,203004,3,vrp_sa,wall_clock,1,366.0,366.0,0.0,1,0.20007929999701446,3088,
CVRP,6,tiny-6-203004,203004,3,ortools,wall_clock,1,366.0,366.0,0.0,1,0.200570200002403,,
CVRP,6,tiny-6-203004,203004,3,exact_small,proven,1,366.0,366.0,0.0,1,0.026214599995000754,,
CVRP,6,tiny-6-203004,203004,4,qubo_sa,coefficient_scaled_linear,0,,366.0,,0,0.1363056000045617,9000,90
CVRP,6,tiny-6-203004,203004,4,dwave_sa,coefficient_scaled_linear,0,,366.0,,0,0.014341699999931734,9000,90
CVRP,6,tiny-6-203004,203004,4,openjij_sa,coefficient_scaled_linear,0,,366.0,,0,0.03921200000331737,9000,90
CVRP,6,tiny-6-203004,203004,4,qubo_sa,penalty_scaled_geometric,0,,366.0,,0,0.1401564000043436,9000,90
CVRP,6,tiny-6-203004,203004,4,dwave_sa,penalty_scaled_geometric,0,,366.0,,0,0.014145499997539446,9000,90
CVRP,6,tiny-6-203004,203004,4,openjij_sa,penalty_scaled_geometric,0,,366.0,,0,0.03705149999586865,9000,90
CVRP,6,tiny-6-203004,203004,4,vrp_sa,wall_clock,1,366.0,366.0,0.0,1,0.20003729999734787,3147,
CVRP,6,tiny-6-203004,203004,4,ortools,wall_clock,1,366.0,366.0,0.0,1,0.20049680000374792,,
CVRP,6,tiny-6-203004,203004,4,exact_small,proven,1,366.0,366.0,0.0,1,0.026214599995000754,,
CVRP,6,tiny-6-203004,203004,5,qubo_sa,coefficient_scaled_linear,0,,366.0,,0,0.13642889999755425,9000,90
CVRP,6,tiny-6-203004,203004,5,dwave_sa,coefficient_scaled_linear,0,,366.0,,0,0.014912600003299303,9000,90
CVRP,6,tiny-6-203004,203004,5,openjij_sa,coefficient_scaled_linear,0,,366.0,,0,0.03794039999775123,9000,90
CVRP,6,tiny-6-203004,203004,5,qubo_sa,penalty_scaled_geometric,0,,366.0,,0,0.13697590000083437,9000,90
CVRP,6,tiny-6-203004,203004,5,dwave_sa,penalty_scaled_geometric,0,,366.0,,0,0.014128000002529006,9000,90
CVRP,6,tiny-6-203004,203004,5,openjij_sa,penalty_scaled_geometric,0,,366.0,,0,0.037674600003811065,9000,90
CVRP,6,tiny-6-203004,203004,5,vrp_sa,wall_clock,1,366.0,366.0,0.0,1,0.2000523000024259,3060,
CVRP,6,tiny-6-203004,203004,5,ortools,wall_clock,1,366.0,366.0,0.0,1,0.20059760000003735,,
CVRP,6,tiny-6-203004,203004,5,exact_small,proven,1,366.0,366.0,0.0,1,0.026214599995000754,,
CVRP,6,tiny-6-203004,203004,6,qubo_sa,coefficient_scaled_linear,0,,366.0,,0,0.13408569999592146,9000,90
CVRP,6,tiny-6-203004,203004,6,dwave_sa,coefficient_scaled_linear,0,,366.0,,0,0.014420599996810779,9000,90
CVRP,6,tiny-6-203004,203004,6,openjij_sa,coefficient_scaled_linear,0,,366.0,,0,0.03707820000272477,9000,90
CVRP,6,tiny-6-203004,203004,6,qubo_sa,penalty_scaled_geometric,0,,366.0,,0,0.13743289999547414,9000,90
CVRP,6,tiny-6-203004,203004,6,dwave_sa,penalty_scaled_geometric,0,,366.0,,0,0.014050300000235438,9000,90
CVRP,6,tiny-6-203004,203004,6,openjij_sa,penalty_scaled_geometric,0,,366.0,,0,0.0381238999980269,9000,90
CVRP,6,tiny-6-203004,203004,6,vrp_sa,wall_clock,1,366.0,366.0,0.0,1,0.20007730000361335,3102,
CVRP,6,tiny-6-203004,203004,6,ortools,wall_clock,1,366.0,366.0,0.0,1,0.20049859999562614,,
CVRP,6,tiny-6-203004,203004,6,exact_small,proven,1,366.0,366.0,0.0,1,0.026214599995000754,,
CVRP,6,tiny-6-203004,203004,7,qubo_sa,coefficient_scaled_linear,0,,366.0,,0,0.1354155000008177,9000,90
CVRP,6,tiny-6-203004,203004,7,dwave_sa,coefficient_scaled_linear,0,,366.0,,0,0.014185100000759121,9000,90
CVRP,6,tiny-6-203004,203004,7,openjij_sa,coefficient_scaled_linear,0,,366.0,,0,0.0378774999990128,9000,90
CVRP,6,tiny-6-203004,203004,7,qubo_sa,penalty_scaled_geometric,0,,366.0,,0,0.13819449999573408,9000,90
CVRP,6,tiny-6-203004,203004,7,dwave_sa,penalty_scaled_geometric,0,,366.0,,0,0.014044399998965673,9000,90
CVRP,6,tiny-6-203004,203004,7,openjij_sa,penalty_scaled_geometric,0,,366.0,,0,0.03773129999899538,9000,90
CVRP,6,tiny-6-203004,203004,7,vrp_sa,wall_clock,1,366.0,366.0,0.0,1,0.20007469999836758,3029,
CVRP,6,tiny-6-203004,203004,7,ortools,wall_clock,1,366.0,366.0,0.0,1,0.2005298000003677,,
CVRP,6,tiny-6-203004,203004,7,exact_small,proven,1,366.0,366.0,0.0,1,0.026214599995000754,,
CVRP,6,tiny-6-203004,203004,8,qubo_sa,coefficient_scaled_linear,0,,366.0,,0,0.13572930000373162,9000,90
CVRP,6,tiny-6-203004,203004,8,dwave_sa,coefficient_scaled_linear,0,,366.0,,0,0.0142070000001695,9000,90
CVRP,6,tiny-6-203004,203004,8,openjij_sa,coefficient_scaled_linear,0,,366.0,,0,0.03734709999844199,9000,90
CVRP,6,tiny-6-203004,203004,8,qubo_sa,penalty_scaled_geometric,0,,366.0,,0,0.15189229999668896,9000,90
CVRP,6,tiny-6-203004,203004,8,dwave_sa,penalty_scaled_geometric,0,,366.0,,0,0.014000199997099116,9000,90
CVRP,6,tiny-6-203004,203004,8,openjij_sa,penalty_scaled_geometric,0,,366.0,,0,0.0375454000022728,9000,90
CVRP,6,tiny-6-203004,203004,8,vrp_sa,wall_clock,1,366.0,366.0,0.0,1,0.20003620000352385,3050,
CVRP,6,tiny-6-203004,203004,8,ortools,wall_clock,1,366.0,366.0,0.0,1,0.20061549999809358,,
CVRP,6,tiny-6-203004,203004,8,exact_small,proven,1,366.0,366.0,0.0,1,0.026214599995000754,,
CVRP,6,tiny-6-203004,203004,9,qubo_sa,coefficient_scaled_linear,0,,366.0,,0,0.1360528000004706,9000,90
CVRP,6,tiny-6-203004,203004,9,dwave_sa,coefficient_scaled_linear,0,,366.0,,0,0.014253800000005867,9000,90
CVRP,6,tiny-6-203004,203004,9,openjij_sa,coefficient_scaled_linear,0,,366.0,,0,0.036997399998654146,9000,90
CVRP,6,tiny-6-203004,203004,9,qubo_sa,penalty_scaled_geometric,0,,366.0,,0,0.14054700000269804,9000,90
CVRP,6,tiny-6-203004,203004,9,dwave_sa,penalty_scaled_geometric,0,,366.0,,0,0.014335799998661969,9000,90
CVRP,6,tiny-6-203004,203004,9,openjij_sa,penalty_scaled_geometric,0,,366.0,,0,0.037904500000877306,9000,90
CVRP,6,tiny-6-203004,203004,9,vrp_sa,wall_clock,1,366.0,366.0,0.0,1,0.20006160000048112,3081,
CVRP,6,tiny-6-203004,203004,9,ortools,wall_clock,1,366.0,366.0,0.0,1,0.20051059999968857,,
CVRP,6,tiny-6-203004,203004,9,exact_small,proven,1,366.0,366.0,0.0,1,0.026214599995000754,,
CVRP,6,tiny-6-203005,203005,0,qubo_sa,coefficient_scaled_linear,0,,266.0,,0,0.13628959999914514,9200,92
CVRP,6,tiny-6-203005,203005,0,dwave_sa,coefficient_scaled_linear,0,,266.0,,0,0.014714199998707045,9200,92
CVRP,6,tiny-6-203005,203005,0,openjij_sa,coefficient_scaled_linear,0,,266.0,,0,0.021547699994698633,9200,92
CVRP,6,tiny-6-203005,203005,0,qubo_sa,penalty_scaled_geometric,0,,266.0,,0,0.04628709999815328,9200,92
CVRP,6,tiny-6-203005,203005,0,dwave_sa,penalty_scaled_geometric,0,,266.0,,0,0.01453830000536982,9200,92
CVRP,6,tiny-6-203005,203005,0,openjij_sa,penalty_scaled_geometric,0,,266.0,,0,0.03875040000275476,9200,92
CVRP,6,tiny-6-203005,203005,0,vrp_sa,wall_clock,1,266.0,266.0,0.0,1,0.20007830000395188,3021,
CVRP,6,tiny-6-203005,203005,0,ortools,wall_clock,1,266.0,266.0,0.0,1,0.20145899999624817,,
CVRP,6,tiny-6-203005,203005,0,exact_small,proven,1,266.0,266.0,0.0,1,0.022509899994474836,,
CVRP,6,tiny-6-203005,203005,1,qubo_sa,coefficient_scaled_linear,0,,266.0,,0,0.15142329999798676,9200,92
CVRP,6,tiny-6-203005,203005,1,dwave_sa,coefficient_scaled_linear,0,,266.0,,0,0.014805400001932867,9200,92
CVRP,6,tiny-6-203005,203005,1,openjij_sa,coefficient_scaled_linear,0,,266.0,,0,0.039738799998303875,9200,92
CVRP,6,tiny-6-203005,203005,1,qubo_sa,penalty_scaled_geometric,0,,266.0,,0,0.1405730999977095,9200,92
CVRP,6,tiny-6-203005,203005,1,dwave_sa,penalty_scaled_geometric,0,,266.0,,0,0.014343299997563008,9200,92
CVRP,6,tiny-6-203005,203005,1,openjij_sa,penalty_scaled_geometric,0,,266.0,,0,0.038928200003283564,9200,92
CVRP,6,tiny-6-203005,203005,1,vrp_sa,wall_clock,1,266.0,266.0,0.0,1,0.20007780000014463,3054,
CVRP,6,tiny-6-203005,203005,1,ortools,wall_clock,1,266.0,266.0,0.0,1,0.20059500000206754,,
CVRP,6,tiny-6-203005,203005,1,exact_small,proven,1,266.0,266.0,0.0,1,0.022509899994474836,,
CVRP,6,tiny-6-203005,203005,2,qubo_sa,coefficient_scaled_linear,0,,266.0,,0,0.1364698000033968,9200,92
CVRP,6,tiny-6-203005,203005,2,dwave_sa,coefficient_scaled_linear,0,,266.0,,0,0.014820999997027684,9200,92
CVRP,6,tiny-6-203005,203005,2,openjij_sa,coefficient_scaled_linear,0,,266.0,,0,0.03877759999886621,9200,92
CVRP,6,tiny-6-203005,203005,2,qubo_sa,penalty_scaled_geometric,0,,266.0,,0,0.14093490000232123,9200,92
CVRP,6,tiny-6-203005,203005,2,dwave_sa,penalty_scaled_geometric,0,,266.0,,0,0.014636299994890578,9200,92
CVRP,6,tiny-6-203005,203005,2,openjij_sa,penalty_scaled_geometric,0,,266.0,,0,0.039167700000689365,9200,92
CVRP,6,tiny-6-203005,203005,2,vrp_sa,wall_clock,1,266.0,266.0,0.0,1,0.20002779999776976,3056,
CVRP,6,tiny-6-203005,203005,2,ortools,wall_clock,1,266.0,266.0,0.0,1,0.20150640000065323,,
CVRP,6,tiny-6-203005,203005,2,exact_small,proven,1,266.0,266.0,0.0,1,0.022509899994474836,,
CVRP,6,tiny-6-203005,203005,3,qubo_sa,coefficient_scaled_linear,0,,266.0,,0,0.13649650000297697,9200,92
CVRP,6,tiny-6-203005,203005,3,dwave_sa,coefficient_scaled_linear,0,,266.0,,0,0.014791500005230773,9200,92
CVRP,6,tiny-6-203005,203005,3,openjij_sa,coefficient_scaled_linear,0,,266.0,,0,0.04639609999867389,9200,92
CVRP,6,tiny-6-203005,203005,3,qubo_sa,penalty_scaled_geometric,0,,266.0,,0,0.14115389999642503,9200,92
CVRP,6,tiny-6-203005,203005,3,dwave_sa,penalty_scaled_geometric,0,,266.0,,0,0.01490889999695355,9200,92
CVRP,6,tiny-6-203005,203005,3,openjij_sa,penalty_scaled_geometric,0,,266.0,,0,0.03870009999809554,9200,92
CVRP,6,tiny-6-203005,203005,3,vrp_sa,wall_clock,1,266.0,266.0,0.0,1,0.20004429999971762,2851,
CVRP,6,tiny-6-203005,203005,3,ortools,wall_clock,1,266.0,266.0,0.0,1,0.20178730000043288,,
CVRP,6,tiny-6-203005,203005,3,exact_small,proven,1,266.0,266.0,0.0,1,0.022509899994474836,,
CVRP,6,tiny-6-203005,203005,4,qubo_sa,coefficient_scaled_linear,0,,266.0,,0,0.1353653000041959,9200,92
CVRP,6,tiny-6-203005,203005,4,dwave_sa,coefficient_scaled_linear,0,,266.0,,0,0.0147826000029454,9200,92
CVRP,6,tiny-6-203005,203005,4,openjij_sa,coefficient_scaled_linear,0,,266.0,,0,0.039221200000611134,9200,92
CVRP,6,tiny-6-203005,203005,4,qubo_sa,penalty_scaled_geometric,0,,266.0,,0,0.13974949999828823,9200,92
CVRP,6,tiny-6-203005,203005,4,dwave_sa,penalty_scaled_geometric,0,,266.0,,0,0.015063699996971991,9200,92
CVRP,6,tiny-6-203005,203005,4,openjij_sa,penalty_scaled_geometric,0,,266.0,,0,0.03886839999904623,9200,92
CVRP,6,tiny-6-203005,203005,4,vrp_sa,wall_clock,1,266.0,266.0,0.0,1,0.20004960000369465,3085,
CVRP,6,tiny-6-203005,203005,4,ortools,wall_clock,1,266.0,266.0,0.0,1,0.20165780000388622,,
CVRP,6,tiny-6-203005,203005,4,exact_small,proven,1,266.0,266.0,0.0,1,0.022509899994474836,,
CVRP,6,tiny-6-203005,203005,5,qubo_sa,coefficient_scaled_linear,0,,266.0,,0,0.13615840000420576,9200,92
CVRP,6,tiny-6-203005,203005,5,dwave_sa,coefficient_scaled_linear,0,,266.0,,0,0.015197399996395689,9200,92
CVRP,6,tiny-6-203005,203005,5,openjij_sa,coefficient_scaled_linear,0,,266.0,,0,0.03967980000015814,9200,92
CVRP,6,tiny-6-203005,203005,5,qubo_sa,penalty_scaled_geometric,0,,266.0,,0,0.1409036000040942,9200,92
CVRP,6,tiny-6-203005,203005,5,dwave_sa,penalty_scaled_geometric,0,,266.0,,0,0.014472200004092883,9200,92
CVRP,6,tiny-6-203005,203005,5,openjij_sa,penalty_scaled_geometric,0,,266.0,,0,0.040411699999822304,9200,92
CVRP,6,tiny-6-203005,203005,5,vrp_sa,wall_clock,1,266.0,266.0,0.0,1,0.20007040000200504,3090,
CVRP,6,tiny-6-203005,203005,5,ortools,wall_clock,1,266.0,266.0,0.0,1,0.20154360000015004,,
CVRP,6,tiny-6-203005,203005,5,exact_small,proven,1,266.0,266.0,0.0,1,0.022509899994474836,,
CVRP,6,tiny-6-203005,203005,6,qubo_sa,coefficient_scaled_linear,0,,266.0,,0,0.1362656999990577,9200,92
CVRP,6,tiny-6-203005,203005,6,dwave_sa,coefficient_scaled_linear,0,,266.0,,0,0.01454869999724906,9200,92
CVRP,6,tiny-6-203005,203005,6,openjij_sa,coefficient_scaled_linear,0,,266.0,,0,0.057666900000185706,9200,92
CVRP,6,tiny-6-203005,203005,6,qubo_sa,penalty_scaled_geometric,0,,266.0,,0,0.1409161000046879,9200,92
CVRP,6,tiny-6-203005,203005,6,dwave_sa,penalty_scaled_geometric,0,,266.0,,0,0.014697400001750793,9200,92
CVRP,6,tiny-6-203005,203005,6,openjij_sa,penalty_scaled_geometric,0,,266.0,,0,0.03939100000570761,9200,92
CVRP,6,tiny-6-203005,203005,6,vrp_sa,wall_clock,1,266.0,266.0,0.0,1,0.20007479999912903,3088,
CVRP,6,tiny-6-203005,203005,6,ortools,wall_clock,1,266.0,266.0,0.0,1,0.20139969999581808,,
CVRP,6,tiny-6-203005,203005,6,exact_small,proven,1,266.0,266.0,0.0,1,0.022509899994474836,,
CVRP,6,tiny-6-203005,203005,7,qubo_sa,coefficient_scaled_linear,0,,266.0,,0,0.13757140000234358,9200,92
CVRP,6,tiny-6-203005,203005,7,dwave_sa,coefficient_scaled_linear,0,,266.0,,0,0.014797800002270378,9200,92
CVRP,6,tiny-6-203005,203005,7,openjij_sa,coefficient_scaled_linear,0,,266.0,,0,0.03941109999868786,9200,92
CVRP,6,tiny-6-203005,203005,7,qubo_sa,penalty_scaled_geometric,0,,266.0,,0,0.13995830000203568,9200,92
CVRP,6,tiny-6-203005,203005,7,dwave_sa,penalty_scaled_geometric,0,,266.0,,0,0.015193899998848792,9200,92
CVRP,6,tiny-6-203005,203005,7,openjij_sa,penalty_scaled_geometric,0,,266.0,,0,0.03934480000316398,9200,92
CVRP,6,tiny-6-203005,203005,7,vrp_sa,wall_clock,1,266.0,266.0,0.0,1,0.2000562999965041,3063,
CVRP,6,tiny-6-203005,203005,7,ortools,wall_clock,1,266.0,266.0,0.0,1,0.20191499999782536,,
CVRP,6,tiny-6-203005,203005,7,exact_small,proven,1,266.0,266.0,0.0,1,0.022509899994474836,,
CVRP,6,tiny-6-203005,203005,8,qubo_sa,coefficient_scaled_linear,0,,266.0,,0,0.1368679000006523,9200,92
CVRP,6,tiny-6-203005,203005,8,dwave_sa,coefficient_scaled_linear,0,,266.0,,0,0.014912700004060753,9200,92
CVRP,6,tiny-6-203005,203005,8,openjij_sa,coefficient_scaled_linear,0,,266.0,,0,0.038852999998198356,9200,92
CVRP,6,tiny-6-203005,203005,8,qubo_sa,penalty_scaled_geometric,0,,266.0,,0,0.1418755000049714,9200,92
CVRP,6,tiny-6-203005,203005,8,dwave_sa,penalty_scaled_geometric,0,,266.0,,0,0.01457980000122916,9200,92
CVRP,6,tiny-6-203005,203005,8,openjij_sa,penalty_scaled_geometric,0,,266.0,,0,0.04025990000081947,9200,92
CVRP,6,tiny-6-203005,203005,8,vrp_sa,wall_clock,1,266.0,266.0,0.0,1,0.2000329000002239,3028,
CVRP,6,tiny-6-203005,203005,8,ortools,wall_clock,1,266.0,266.0,0.0,1,0.20140440000250237,,
CVRP,6,tiny-6-203005,203005,8,exact_small,proven,1,266.0,266.0,0.0,1,0.022509899994474836,,
CVRP,6,tiny-6-203005,203005,9,qubo_sa,coefficient_scaled_linear,0,,266.0,,0,0.13533179999649292,9200,92
CVRP,6,tiny-6-203005,203005,9,dwave_sa,coefficient_scaled_linear,0,,266.0,,0,0.01490199999534525,9200,92
CVRP,6,tiny-6-203005,203005,9,openjij_sa,coefficient_scaled_linear,0,,266.0,,0,0.043246799999906216,9200,92
CVRP,6,tiny-6-203005,203005,9,qubo_sa,penalty_scaled_geometric,0,,266.0,,0,0.14460229999531293,9200,92
CVRP,6,tiny-6-203005,203005,9,dwave_sa,penalty_scaled_geometric,0,,266.0,,0,0.014626899996073917,9200,92
CVRP,6,tiny-6-203005,203005,9,openjij_sa,penalty_scaled_geometric,0,,266.0,,0,0.0627429000014672,9200,92
CVRP,6,tiny-6-203005,203005,9,vrp_sa,wall_clock,1,266.0,266.0,0.0,1,0.20009550000395393,3053,
CVRP,6,tiny-6-203005,203005,9,ortools,wall_clock,1,266.0,266.0,0.0,1,0.2014883000010741,,
CVRP,6,tiny-6-203005,203005,9,exact_small,proven,1,266.0,266.0,0.0,1,0.022509899994474836,,
CVRP,6,tiny-6-203006,203006,0,qubo_sa,coefficient_scaled_linear,0,,328.0,,0,0.1371117000016966,9000,90
CVRP,6,tiny-6-203006,203006,0,dwave_sa,coefficient_scaled_linear,0,,328.0,,0,0.014074699996854179,9000,90
CVRP,6,tiny-6-203006,203006,0,openjij_sa,coefficient_scaled_linear,0,,328.0,,0,0.03748189999896567,9000,90
CVRP,6,tiny-6-203006,203006,0,qubo_sa,penalty_scaled_geometric,0,,328.0,,0,0.13914319999457803,9000,90
CVRP,6,tiny-6-203006,203006,0,dwave_sa,penalty_scaled_geometric,0,,328.0,,0,0.013983500000904314,9000,90
CVRP,6,tiny-6-203006,203006,0,openjij_sa,penalty_scaled_geometric,1,457.0,328.0,39.329268292682926,0,0.03841120000288356,9000,90
CVRP,6,tiny-6-203006,203006,0,vrp_sa,wall_clock,0,,328.0,,0,0.00035319999733474106,,
CVRP,6,tiny-6-203006,203006,0,ortools,wall_clock,1,328.0,328.0,0.0,1,0.20139449999987846,,
CVRP,6,tiny-6-203006,203006,0,exact_small,proven,1,328.0,328.0,0.0,1,0.029088300005241763,,
CVRP,6,tiny-6-203006,203006,1,qubo_sa,coefficient_scaled_linear,0,,328.0,,0,0.13615479999862146,9000,90
CVRP,6,tiny-6-203006,203006,1,dwave_sa,coefficient_scaled_linear,0,,328.0,,0,0.014565099998435471,9000,90
CVRP,6,tiny-6-203006,203006,1,openjij_sa,coefficient_scaled_linear,0,,328.0,,0,0.03776010000001406,9000,90
CVRP,6,tiny-6-203006,203006,1,qubo_sa,penalty_scaled_geometric,0,,328.0,,0,0.1399680000031367,9000,90
CVRP,6,tiny-6-203006,203006,1,dwave_sa,penalty_scaled_geometric,1,422.0,328.0,28.65853658536586,0,0.014336200001707766,9000,90
CVRP,6,tiny-6-203006,203006,1,openjij_sa,penalty_scaled_geometric,0,,328.0,,0,0.03740320000360953,9000,90
CVRP,6,tiny-6-203006,203006,1,vrp_sa,wall_clock,1,383.0,328.0,16.768292682926834,0,0.20005890000174986,3766,
CVRP,6,tiny-6-203006,203006,1,ortools,wall_clock,1,328.0,328.0,0.0,1,0.20142489999852842,,
CVRP,6,tiny-6-203006,203006,1,exact_small,proven,1,328.0,328.0,0.0,1,0.029088300005241763,,
CVRP,6,tiny-6-203006,203006,2,qubo_sa,coefficient_scaled_linear,0,,328.0,,0,0.13380409999808762,9000,90
CVRP,6,tiny-6-203006,203006,2,dwave_sa,coefficient_scaled_linear,0,,328.0,,0,0.014191000002028886,9000,90
CVRP,6,tiny-6-203006,203006,2,openjij_sa,coefficient_scaled_linear,0,,328.0,,0,0.037517799995839596,9000,90
CVRP,6,tiny-6-203006,203006,2,qubo_sa,penalty_scaled_geometric,0,,328.0,,0,0.1387830000021495,9000,90
CVRP,6,tiny-6-203006,203006,2,dwave_sa,penalty_scaled_geometric,0,,328.0,,0,0.01589609999791719,9000,90
CVRP,6,tiny-6-203006,203006,2,openjij_sa,penalty_scaled_geometric,0,,328.0,,0,0.03998739999951795,9000,90
CVRP,6,tiny-6-203006,203006,2,vrp_sa,wall_clock,1,383.0,328.0,16.768292682926834,0,0.20004429999971762,3980,
CVRP,6,tiny-6-203006,203006,2,ortools,wall_clock,1,328.0,328.0,0.0,1,0.20154470000125002,,
CVRP,6,tiny-6-203006,203006,2,exact_small,proven,1,328.0,328.0,0.0,1,0.029088300005241763,,
CVRP,6,tiny-6-203006,203006,3,qubo_sa,coefficient_scaled_linear,0,,328.0,,0,0.13677820000157226,9000,90
CVRP,6,tiny-6-203006,203006,3,dwave_sa,coefficient_scaled_linear,0,,328.0,,0,0.01425129999552155,9000,90
CVRP,6,tiny-6-203006,203006,3,openjij_sa,coefficient_scaled_linear,0,,328.0,,0,0.03712220000306843,9000,90
CVRP,6,tiny-6-203006,203006,3,qubo_sa,penalty_scaled_geometric,0,,328.0,,0,0.13641479999932926,9000,90
CVRP,6,tiny-6-203006,203006,3,dwave_sa,penalty_scaled_geometric,0,,328.0,,0,0.014077100000577047,9000,90
CVRP,6,tiny-6-203006,203006,3,openjij_sa,penalty_scaled_geometric,0,,328.0,,0,0.03746230000251671,9000,90
CVRP,6,tiny-6-203006,203006,3,vrp_sa,wall_clock,1,328.0,328.0,0.0,1,0.2000396000003093,3195,
CVRP,6,tiny-6-203006,203006,3,ortools,wall_clock,1,328.0,328.0,0.0,1,0.20188479999342235,,
CVRP,6,tiny-6-203006,203006,3,exact_small,proven,1,328.0,328.0,0.0,1,0.029088300005241763,,
CVRP,6,tiny-6-203006,203006,4,qubo_sa,coefficient_scaled_linear,0,,328.0,,0,0.1504348000016762,9000,90
CVRP,6,tiny-6-203006,203006,4,dwave_sa,coefficient_scaled_linear,0,,328.0,,0,0.020045800003572367,9000,90
CVRP,6,tiny-6-203006,203006,4,openjij_sa,coefficient_scaled_linear,0,,328.0,,0,0.04123720000643516,9000,90
CVRP,6,tiny-6-203006,203006,4,qubo_sa,penalty_scaled_geometric,0,,328.0,,0,0.13922289999754867,9000,90
CVRP,6,tiny-6-203006,203006,4,dwave_sa,penalty_scaled_geometric,0,,328.0,,0,0.014118499995674938,9000,90
CVRP,6,tiny-6-203006,203006,4,openjij_sa,penalty_scaled_geometric,0,,328.0,,0,0.03716059999715071,9000,90
CVRP,6,tiny-6-203006,203006,4,vrp_sa,wall_clock,1,328.0,328.0,0.0,1,0.200093299994478,3222,
CVRP,6,tiny-6-203006,203006,4,ortools,wall_clock,1,328.0,328.0,0.0,1,0.20155749999685213,,
CVRP,6,tiny-6-203006,203006,4,exact_small,proven,1,328.0,328.0,0.0,1,0.029088300005241763,,
CVRP,6,tiny-6-203006,203006,5,qubo_sa,coefficient_scaled_linear,0,,328.0,,0,0.13582709999900544,9000,90
CVRP,6,tiny-6-203006,203006,5,dwave_sa,coefficient_scaled_linear,0,,328.0,,0,0.014199399993231054,9000,90
CVRP,6,tiny-6-203006,203006,5,openjij_sa,coefficient_scaled_linear,0,,328.0,,0,0.03816039999946952,9000,90
CVRP,6,tiny-6-203006,203006,5,qubo_sa,penalty_scaled_geometric,0,,328.0,,0,0.13805759999377187,9000,90
CVRP,6,tiny-6-203006,203006,5,dwave_sa,penalty_scaled_geometric,0,,328.0,,0,0.013927699998021126,9000,90
CVRP,6,tiny-6-203006,203006,5,openjij_sa,penalty_scaled_geometric,0,,328.0,,0,0.037672899998142384,9000,90
CVRP,6,tiny-6-203006,203006,5,vrp_sa,wall_clock,1,328.0,328.0,0.0,1,0.200110500001756,3226,
CVRP,6,tiny-6-203006,203006,5,ortools,wall_clock,1,328.0,328.0,0.0,1,0.20187019999866607,,
CVRP,6,tiny-6-203006,203006,5,exact_small,proven,1,328.0,328.0,0.0,1,0.029088300005241763,,
CVRP,6,tiny-6-203006,203006,6,qubo_sa,coefficient_scaled_linear,0,,328.0,,0,0.1416215999997803,9000,90
CVRP,6,tiny-6-203006,203006,6,dwave_sa,coefficient_scaled_linear,0,,328.0,,0,0.014162699997541495,9000,90
CVRP,6,tiny-6-203006,203006,6,openjij_sa,coefficient_scaled_linear,0,,328.0,,0,0.037408999996841885,9000,90
CVRP,6,tiny-6-203006,203006,6,qubo_sa,penalty_scaled_geometric,0,,328.0,,0,0.13861760000145296,9000,90
CVRP,6,tiny-6-203006,203006,6,dwave_sa,penalty_scaled_geometric,0,,328.0,,0,0.014477999997325242,9000,90
CVRP,6,tiny-6-203006,203006,6,openjij_sa,penalty_scaled_geometric,0,,328.0,,0,0.03779020000365563,9000,90
CVRP,6,tiny-6-203006,203006,6,vrp_sa,wall_clock,1,328.0,328.0,0.0,1,0.2000257999970927,5810,
CVRP,6,tiny-6-203006,203006,6,ortools,wall_clock,1,328.0,328.0,0.0,1,0.20158119999541668,,
CVRP,6,tiny-6-203006,203006,6,exact_small,proven,1,328.0,328.0,0.0,1,0.029088300005241763,,
CVRP,6,tiny-6-203006,203006,7,qubo_sa,coefficient_scaled_linear,0,,328.0,,0,0.11660670000128448,9000,90
CVRP,6,tiny-6-203006,203006,7,dwave_sa,coefficient_scaled_linear,0,,328.0,,0,0.006953199997951742,9000,90
CVRP,6,tiny-6-203006,203006,7,openjij_sa,coefficient_scaled_linear,0,,328.0,,0,0.014325199997983873,9000,90
CVRP,6,tiny-6-203006,203006,7,qubo_sa,penalty_scaled_geometric,0,,328.0,,0,0.14660770000045886,9000,90
CVRP,6,tiny-6-203006,203006,7,dwave_sa,penalty_scaled_geometric,0,,328.0,,0,0.014025299999048002,9000,90
CVRP,6,tiny-6-203006,203006,7,openjij_sa,penalty_scaled_geometric,0,,328.0,,0,0.037222699997073505,9000,90
CVRP,6,tiny-6-203006,203006,7,vrp_sa,wall_clock,1,328.0,328.0,0.0,1,0.20008660000166856,3252,
CVRP,6,tiny-6-203006,203006,7,ortools,wall_clock,1,328.0,328.0,0.0,1,0.20148759999574395,,
CVRP,6,tiny-6-203006,203006,7,exact_small,proven,1,328.0,328.0,0.0,1,0.029088300005241763,,
CVRP,6,tiny-6-203006,203006,8,qubo_sa,coefficient_scaled_linear,0,,328.0,,0,0.13516539999545785,9000,90
CVRP,6,tiny-6-203006,203006,8,dwave_sa,coefficient_scaled_linear,0,,328.0,,0,0.01416109999991022,9000,90
CVRP,6,tiny-6-203006,203006,8,openjij_sa,coefficient_scaled_linear,0,,328.0,,0,0.03781439999875147,9000,90
CVRP,6,tiny-6-203006,203006,8,qubo_sa,penalty_scaled_geometric,0,,328.0,,0,0.1386186000017915,9000,90
CVRP,6,tiny-6-203006,203006,8,dwave_sa,penalty_scaled_geometric,0,,328.0,,0,0.014290699997218326,9000,90
CVRP,6,tiny-6-203006,203006,8,openjij_sa,penalty_scaled_geometric,0,,328.0,,0,0.038233999999647494,9000,90
CVRP,6,tiny-6-203006,203006,8,vrp_sa,wall_clock,0,,328.0,,0,0.00038279999716905877,,
CVRP,6,tiny-6-203006,203006,8,ortools,wall_clock,1,328.0,328.0,0.0,1,0.20211709999421146,,
CVRP,6,tiny-6-203006,203006,8,exact_small,proven,1,328.0,328.0,0.0,1,0.029088300005241763,,
CVRP,6,tiny-6-203006,203006,9,qubo_sa,coefficient_scaled_linear,0,,328.0,,0,0.13555839999753516,9000,90
CVRP,6,tiny-6-203006,203006,9,dwave_sa,coefficient_scaled_linear,0,,328.0,,0,0.014233100002456922,9000,90
CVRP,6,tiny-6-203006,203006,9,openjij_sa,coefficient_scaled_linear,0,,328.0,,0,0.03735150000284193,9000,90
CVRP,6,tiny-6-203006,203006,9,qubo_sa,penalty_scaled_geometric,0,,328.0,,0,0.13821140000072774,9000,90
CVRP,6,tiny-6-203006,203006,9,dwave_sa,penalty_scaled_geometric,0,,328.0,,0,0.014018800000485498,9000,90
CVRP,6,tiny-6-203006,203006,9,openjij_sa,penalty_scaled_geometric,0,,328.0,,0,0.03892179999820655,9000,90
CVRP,6,tiny-6-203006,203006,9,vrp_sa,wall_clock,1,383.0,328.0,16.768292682926834,0,0.2011211999997613,3951,
CVRP,6,tiny-6-203006,203006,9,ortools,wall_clock,1,328.0,328.0,0.0,1,0.2005152000056114,,
CVRP,6,tiny-6-203006,203006,9,exact_small,proven,1,328.0,328.0,0.0,1,0.029088300005241763,,
CVRP,6,tiny-6-203007,203007,0,qubo_sa,coefficient_scaled_linear,0,,270.0,,0,0.13670109999657143,9200,92
CVRP,6,tiny-6-203007,203007,0,dwave_sa,coefficient_scaled_linear,0,,270.0,,0,0.015135599998757243,9200,92
CVRP,6,tiny-6-203007,203007,0,openjij_sa,coefficient_scaled_linear,0,,270.0,,0,0.039177799997560214,9200,92
CVRP,6,tiny-6-203007,203007,0,qubo_sa,penalty_scaled_geometric,0,,270.0,,0,0.14034250000258908,9200,92
CVRP,6,tiny-6-203007,203007,0,dwave_sa,penalty_scaled_geometric,0,,270.0,,0,0.014685399997688364,9200,92
CVRP,6,tiny-6-203007,203007,0,openjij_sa,penalty_scaled_geometric,0,,270.0,,0,0.03620460000092862,9200,92
CVRP,6,tiny-6-203007,203007,0,vrp_sa,wall_clock,1,270.0,270.0,0.0,1,0.20007730000361335,3106,
CVRP,6,tiny-6-203007,203007,0,ortools,wall_clock,1,270.0,270.0,0.0,1,0.2016457000063383,,
CVRP,6,tiny-6-203007,203007,0,exact_small,proven,1,270.0,270.0,0.0,1,0.03323790000285953,,
CVRP,6,tiny-6-203007,203007,1,qubo_sa,coefficient_scaled_linear,0,,270.0,,0,0.1379949999973178,9200,92
CVRP,6,tiny-6-203007,203007,1,dwave_sa,coefficient_scaled_linear,0,,270.0,,0,0.014786200001253746,9200,92
CVRP,6,tiny-6-203007,203007,1,openjij_sa,coefficient_scaled_linear,0,,270.0,,0,0.04018789999827277,9200,92
CVRP,6,tiny-6-203007,203007,1,qubo_sa,penalty_scaled_geometric,0,,270.0,,0,0.14231470000231639,9200,92
CVRP,6,tiny-6-203007,203007,1,dwave_sa,penalty_scaled_geometric,0,,270.0,,0,0.014701699998113327,9200,92
CVRP,6,tiny-6-203007,203007,1,openjij_sa,penalty_scaled_geometric,0,,270.0,,0,0.03976839999813819,9200,92
CVRP,6,tiny-6-203007,203007,1,vrp_sa,wall_clock,1,270.0,270.0,0.0,1,0.20007369999802904,2862,
CVRP,6,tiny-6-203007,203007,1,ortools,wall_clock,1,270.0,270.0,0.0,1,0.20062960000359453,,
CVRP,6,tiny-6-203007,203007,1,exact_small,proven,1,270.0,270.0,0.0,1,0.03323790000285953,,
CVRP,6,tiny-6-203007,203007,2,qubo_sa,coefficient_scaled_linear,0,,270.0,,0,0.13580779999756487,9200,92
CVRP,6,tiny-6-203007,203007,2,dwave_sa,coefficient_scaled_linear,0,,270.0,,0,0.014480999998340849,9200,92
CVRP,6,tiny-6-203007,203007,2,openjij_sa,coefficient_scaled_linear,0,,270.0,,0,0.038874800004123244,9200,92
CVRP,6,tiny-6-203007,203007,2,qubo_sa,penalty_scaled_geometric,0,,270.0,,0,0.15806800000427756,9200,92
CVRP,6,tiny-6-203007,203007,2,dwave_sa,penalty_scaled_geometric,0,,270.0,,0,0.015064100000017788,9200,92
CVRP,6,tiny-6-203007,203007,2,openjij_sa,penalty_scaled_geometric,0,,270.0,,0,0.037563300000329036,9200,92
CVRP,6,tiny-6-203007,203007,2,vrp_sa,wall_clock,1,270.0,270.0,0.0,1,0.2000772000028519,3045,
CVRP,6,tiny-6-203007,203007,2,ortools,wall_clock,1,270.0,270.0,0.0,1,0.20066640000004554,,
CVRP,6,tiny-6-203007,203007,2,exact_small,proven,1,270.0,270.0,0.0,1,0.03323790000285953,,
CVRP,6,tiny-6-203007,203007,3,qubo_sa,coefficient_scaled_linear,0,,270.0,,0,0.1347401000020909,9200,92
CVRP,6,tiny-6-203007,203007,3,dwave_sa,coefficient_scaled_linear,0,,270.0,,0,0.014881299997796305,9200,92
CVRP,6,tiny-6-203007,203007,3,openjij_sa,coefficient_scaled_linear,0,,270.0,,0,0.03839169999992009,9200,92
CVRP,6,tiny-6-203007,203007,3,qubo_sa,penalty_scaled_geometric,0,,270.0,,0,0.13871199999994133,9200,92
CVRP,6,tiny-6-203007,203007,3,dwave_sa,penalty_scaled_geometric,0,,270.0,,0,0.014899900001182687,9200,92
CVRP,6,tiny-6-203007,203007,3,openjij_sa,penalty_scaled_geometric,0,,270.0,,0,0.0548828000028152,9200,92
CVRP,6,tiny-6-203007,203007,3,vrp_sa,wall_clock,1,270.0,270.0,0.0,1,0.20534000000043306,2931,
CVRP,6,tiny-6-203007,203007,3,ortools,wall_clock,1,270.0,270.0,0.0,1,0.20110070000373526,,
CVRP,6,tiny-6-203007,203007,3,exact_small,proven,1,270.0,270.0,0.0,1,0.03323790000285953,,
CVRP,6,tiny-6-203007,203007,4,qubo_sa,coefficient_scaled_linear,0,,270.0,,0,0.13286610000068322,9200,92
CVRP,6,tiny-6-203007,203007,4,dwave_sa,coefficient_scaled_linear,0,,270.0,,0,0.01516829999309266,9200,92
CVRP,6,tiny-6-203007,203007,4,openjij_sa,coefficient_scaled_linear,0,,270.0,,0,0.03991709999536397,9200,92
CVRP,6,tiny-6-203007,203007,4,qubo_sa,penalty_scaled_geometric,0,,270.0,,0,0.13844950000202516,9200,92
CVRP,6,tiny-6-203007,203007,4,dwave_sa,penalty_scaled_geometric,0,,270.0,,0,0.014694500001496635,9200,92
CVRP,6,tiny-6-203007,203007,4,openjij_sa,penalty_scaled_geometric,1,491.0,270.0,81.85185185185185,0,0.041660099996079225,9200,92
CVRP,6,tiny-6-203007,203007,4,vrp_sa,wall_clock,1,270.0,270.0,0.0,1,0.20009769999887794,2987,
CVRP,6,tiny-6-203007,203007,4,ortools,wall_clock,1,270.0,270.0,0.0,1,0.20054760000493843,,
CVRP,6,tiny-6-203007,203007,4,exact_small,proven,1,270.0,270.0,0.0,1,0.03323790000285953,,
CVRP,6,tiny-6-203007,203007,5,qubo_sa,coefficient_scaled_linear,0,,270.0,,0,0.13901690000056988,9200,92
CVRP,6,tiny-6-203007,203007,5,dwave_sa,coefficient_scaled_linear,0,,270.0,,0,0.01498419999552425,9200,92
CVRP,6,tiny-6-203007,203007,5,openjij_sa,coefficient_scaled_linear,0,,270.0,,0,0.04078250000020489,9200,92
CVRP,6,tiny-6-203007,203007,5,qubo_sa,penalty_scaled_geometric,0,,270.0,,0,0.14303379999910248,9200,92
CVRP,6,tiny-6-203007,203007,5,dwave_sa,penalty_scaled_geometric,0,,270.0,,0,0.014951599994674325,9200,92
CVRP,6,tiny-6-203007,203007,5,openjij_sa,penalty_scaled_geometric,1,490.0,270.0,81.4814814814815,0,0.04037110000354005,9200,92
CVRP,6,tiny-6-203007,203007,5,vrp_sa,wall_clock,1,270.0,270.0,0.0,1,0.2000525000039488,3132,
CVRP,6,tiny-6-203007,203007,5,ortools,wall_clock,1,270.0,270.0,0.0,1,0.20146740000200225,,
CVRP,6,tiny-6-203007,203007,5,exact_small,proven,1,270.0,270.0,0.0,1,0.03323790000285953,,
CVRP,6,tiny-6-203007,203007,6,qubo_sa,coefficient_scaled_linear,0,,270.0,,0,0.13180399999691872,9200,92
CVRP,6,tiny-6-203007,203007,6,dwave_sa,coefficient_scaled_linear,0,,270.0,,0,0.01582810000400059,9200,92
CVRP,6,tiny-6-203007,203007,6,openjij_sa,coefficient_scaled_linear,0,,270.0,,0,0.04005529999994906,9200,92
CVRP,6,tiny-6-203007,203007,6,qubo_sa,penalty_scaled_geometric,0,,270.0,,0,0.1425468000015826,9200,92
CVRP,6,tiny-6-203007,203007,6,dwave_sa,penalty_scaled_geometric,0,,270.0,,0,0.014995099998486694,9200,92
CVRP,6,tiny-6-203007,203007,6,openjij_sa,penalty_scaled_geometric,0,,270.0,,0,0.04026750000048196,9200,92
CVRP,6,tiny-6-203007,203007,6,vrp_sa,wall_clock,1,270.0,270.0,0.0,1,0.2000707000042894,3028,
CVRP,6,tiny-6-203007,203007,6,ortools,wall_clock,1,270.0,270.0,0.0,1,0.20069929999590386,,
CVRP,6,tiny-6-203007,203007,6,exact_small,proven,1,270.0,270.0,0.0,1,0.03323790000285953,,
CVRP,6,tiny-6-203007,203007,7,qubo_sa,coefficient_scaled_linear,0,,270.0,,0,0.1334867000041413,9200,92
CVRP,6,tiny-6-203007,203007,7,dwave_sa,coefficient_scaled_linear,0,,270.0,,0,0.014667700001155026,9200,92
CVRP,6,tiny-6-203007,203007,7,openjij_sa,coefficient_scaled_linear,0,,270.0,,0,0.03657740000198828,9200,92
CVRP,6,tiny-6-203007,203007,7,qubo_sa,penalty_scaled_geometric,0,,270.0,,0,0.1399332000000868,9200,92
CVRP,6,tiny-6-203007,203007,7,dwave_sa,penalty_scaled_geometric,0,,270.0,,0,0.01568970000516856,9200,92
CVRP,6,tiny-6-203007,203007,7,openjij_sa,penalty_scaled_geometric,0,,270.0,,0,0.04010660000494681,9200,92
CVRP,6,tiny-6-203007,203007,7,vrp_sa,wall_clock,1,270.0,270.0,0.0,1,0.2000502000009874,3059,
CVRP,6,tiny-6-203007,203007,7,ortools,wall_clock,1,270.0,270.0,0.0,1,0.20158709999668645,,
CVRP,6,tiny-6-203007,203007,7,exact_small,proven,1,270.0,270.0,0.0,1,0.03323790000285953,,
CVRP,6,tiny-6-203007,203007,8,qubo_sa,coefficient_scaled_linear,0,,270.0,,0,0.1381935000026715,9200,92
CVRP,6,tiny-6-203007,203007,8,dwave_sa,coefficient_scaled_linear,0,,270.0,,0,0.01553050000075018,9200,92
CVRP,6,tiny-6-203007,203007,8,openjij_sa,coefficient_scaled_linear,0,,270.0,,0,0.03999810000095749,9200,92
CVRP,6,tiny-6-203007,203007,8,qubo_sa,penalty_scaled_geometric,0,,270.0,,0,0.05641979999927571,9200,92
CVRP,6,tiny-6-203007,203007,8,dwave_sa,penalty_scaled_geometric,0,,270.0,,0,0.007868900000175927,9200,92
CVRP,6,tiny-6-203007,203007,8,openjij_sa,penalty_scaled_geometric,0,,270.0,,0,0.014525600003253203,9200,92
CVRP,6,tiny-6-203007,203007,8,vrp_sa,wall_clock,1,270.0,270.0,0.0,1,0.20005680000031134,3406,
CVRP,6,tiny-6-203007,203007,8,ortools,wall_clock,1,270.0,270.0,0.0,1,0.20051339999918127,,
CVRP,6,tiny-6-203007,203007,8,exact_small,proven,1,270.0,270.0,0.0,1,0.03323790000285953,,
CVRP,6,tiny-6-203007,203007,9,qubo_sa,coefficient_scaled_linear,0,,270.0,,0,0.1366280999936862,9200,92
CVRP,6,tiny-6-203007,203007,9,dwave_sa,coefficient_scaled_linear,0,,270.0,,0,0.014944499998819083,9200,92
CVRP,6,tiny-6-203007,203007,9,openjij_sa,coefficient_scaled_linear,0,,270.0,,0,0.03949540000030538,9200,92
CVRP,6,tiny-6-203007,203007,9,qubo_sa,penalty_scaled_geometric,0,,270.0,,0,0.14457089999632444,9200,92
CVRP,6,tiny-6-203007,203007,9,dwave_sa,penalty_scaled_geometric,0,,270.0,,0,0.015209999997750856,9200,92
CVRP,6,tiny-6-203007,203007,9,openjij_sa,penalty_scaled_geometric,0,,270.0,,0,0.03930640000180574,9200,92
CVRP,6,tiny-6-203007,203007,9,vrp_sa,wall_clock,1,270.0,270.0,0.0,1,0.20006239999929676,3054,
CVRP,6,tiny-6-203007,203007,9,ortools,wall_clock,1,270.0,270.0,0.0,1,0.20149619999574497,,
CVRP,6,tiny-6-203007,203007,9,exact_small,proven,1,270.0,270.0,0.0,1,0.03323790000285953,,
CVRP,6,tiny-6-203008,203008,0,qubo_sa,coefficient_scaled_linear,0,,220.0,,0,0.15399279999837745,9200,92
CVRP,6,tiny-6-203008,203008,0,dwave_sa,coefficient_scaled_linear,0,,220.0,,0,0.01679370000056224,9200,92
CVRP,6,tiny-6-203008,203008,0,openjij_sa,coefficient_scaled_linear,0,,220.0,,0,0.039138699998147786,9200,92
CVRP,6,tiny-6-203008,203008,0,qubo_sa,penalty_scaled_geometric,0,,220.0,,0,0.14242550000199117,9200,92
CVRP,6,tiny-6-203008,203008,0,dwave_sa,penalty_scaled_geometric,0,,220.0,,0,0.01579440000205068,9200,92
CVRP,6,tiny-6-203008,203008,0,openjij_sa,penalty_scaled_geometric,0,,220.0,,0,0.03986449999501929,9200,92
CVRP,6,tiny-6-203008,203008,0,vrp_sa,wall_clock,1,220.0,220.0,0.0,1,0.2000345999986166,3034,
CVRP,6,tiny-6-203008,203008,0,ortools,wall_clock,1,220.0,220.0,0.0,1,0.20052810000197496,,
CVRP,6,tiny-6-203008,203008,0,exact_small,proven,1,220.0,220.0,0.0,1,0.032257899998512585,,
CVRP,6,tiny-6-203008,203008,1,qubo_sa,coefficient_scaled_linear,0,,220.0,,0,0.13913079999474576,9200,92
CVRP,6,tiny-6-203008,203008,1,dwave_sa,coefficient_scaled_linear,0,,220.0,,0,0.015207099997496698,9200,92
CVRP,6,tiny-6-203008,203008,1,openjij_sa,coefficient_scaled_linear,0,,220.0,,0,0.04054729999916162,9200,92
CVRP,6,tiny-6-203008,203008,1,qubo_sa,penalty_scaled_geometric,0,,220.0,,0,0.1411484999989625,9200,92
CVRP,6,tiny-6-203008,203008,1,dwave_sa,penalty_scaled_geometric,0,,220.0,,0,0.014583099997253157,9200,92
CVRP,6,tiny-6-203008,203008,1,openjij_sa,penalty_scaled_geometric,0,,220.0,,0,0.03938159999961499,9200,92
CVRP,6,tiny-6-203008,203008,1,vrp_sa,wall_clock,1,220.0,220.0,0.0,1,0.20004830000107177,2831,
CVRP,6,tiny-6-203008,203008,1,ortools,wall_clock,1,220.0,220.0,0.0,1,0.20054469999740832,,
CVRP,6,tiny-6-203008,203008,1,exact_small,proven,1,220.0,220.0,0.0,1,0.032257899998512585,,
CVRP,6,tiny-6-203008,203008,2,qubo_sa,coefficient_scaled_linear,0,,220.0,,0,0.13909579999744892,9200,92
CVRP,6,tiny-6-203008,203008,2,dwave_sa,coefficient_scaled_linear,0,,220.0,,0,0.014629299999796785,9200,92
CVRP,6,tiny-6-203008,203008,2,openjij_sa,coefficient_scaled_linear,0,,220.0,,0,0.03838030000042636,9200,92
CVRP,6,tiny-6-203008,203008,2,qubo_sa,penalty_scaled_geometric,0,,220.0,,0,0.14162609999766573,9200,92
CVRP,6,tiny-6-203008,203008,2,dwave_sa,penalty_scaled_geometric,0,,220.0,,0,0.013964199999463744,9200,92
CVRP,6,tiny-6-203008,203008,2,openjij_sa,penalty_scaled_geometric,0,,220.0,,0,0.03882309999607969,9200,92
CVRP,6,tiny-6-203008,203008,2,vrp_sa,wall_clock,1,220.0,220.0,0.0,1,0.20008680000319146,2731,
CVRP,6,tiny-6-203008,203008,2,ortools,wall_clock,1,220.0,220.0,0.0,1,0.2018575999973109,,
CVRP,6,tiny-6-203008,203008,2,exact_small,proven,1,220.0,220.0,0.0,1,0.032257899998512585,,
CVRP,6,tiny-6-203008,203008,3,qubo_sa,coefficient_scaled_linear,0,,220.0,,0,0.13787560000491794,9200,92
CVRP,6,tiny-6-203008,203008,3,dwave_sa,coefficient_scaled_linear,0,,220.0,,0,0.014645200004451908,9200,92
CVRP,6,tiny-6-203008,203008,3,openjij_sa,coefficient_scaled_linear,0,,220.0,,0,0.03908200000296347,9200,92
CVRP,6,tiny-6-203008,203008,3,qubo_sa,penalty_scaled_geometric,0,,220.0,,0,0.1421076000042376,9200,92
CVRP,6,tiny-6-203008,203008,3,dwave_sa,penalty_scaled_geometric,0,,220.0,,0,0.01390739999624202,9200,92
CVRP,6,tiny-6-203008,203008,3,openjij_sa,penalty_scaled_geometric,0,,220.0,,0,0.0390211999983876,9200,92
CVRP,6,tiny-6-203008,203008,3,vrp_sa,wall_clock,1,220.0,220.0,0.0,1,0.20011239999439567,3025,
CVRP,6,tiny-6-203008,203008,3,ortools,wall_clock,1,220.0,220.0,0.0,1,0.2005113000050187,,
CVRP,6,tiny-6-203008,203008,3,exact_small,proven,1,220.0,220.0,0.0,1,0.032257899998512585,,
CVRP,6,tiny-6-203008,203008,4,qubo_sa,coefficient_scaled_linear,0,,220.0,,0,0.13911650000227382,9200,92
CVRP,6,tiny-6-203008,203008,4,dwave_sa,coefficient_scaled_linear,0,,220.0,,0,0.015005100001872052,9200,92
CVRP,6,tiny-6-203008,203008,4,openjij_sa,coefficient_scaled_linear,0,,220.0,,0,0.0397198999999091,9200,92
CVRP,6,tiny-6-203008,203008,4,qubo_sa,penalty_scaled_geometric,0,,220.0,,0,0.14060569999855943,9200,92
CVRP,6,tiny-6-203008,203008,4,dwave_sa,penalty_scaled_geometric,0,,220.0,,0,0.01504459999705432,9200,92
CVRP,6,tiny-6-203008,203008,4,openjij_sa,penalty_scaled_geometric,0,,220.0,,0,0.04013219999615103,9200,92
CVRP,6,tiny-6-203008,203008,4,vrp_sa,wall_clock,1,220.0,220.0,0.0,1,0.20009589999972377,3007,
CVRP,6,tiny-6-203008,203008,4,ortools,wall_clock,1,220.0,220.0,0.0,1,0.20150589999684598,,
CVRP,6,tiny-6-203008,203008,4,exact_small,proven,1,220.0,220.0,0.0,1,0.032257899998512585,,
CVRP,6,tiny-6-203008,203008,5,qubo_sa,coefficient_scaled_linear,0,,220.0,,0,0.13529090000520227,9200,92
CVRP,6,tiny-6-203008,203008,5,dwave_sa,coefficient_scaled_linear,0,,220.0,,0,0.014741300001333002,9200,92
CVRP,6,tiny-6-203008,203008,5,openjij_sa,coefficient_scaled_linear,0,,220.0,,0,0.04734930000267923,9200,92
CVRP,6,tiny-6-203008,203008,5,qubo_sa,penalty_scaled_geometric,0,,220.0,,0,0.14943599999969592,9200,92
CVRP,6,tiny-6-203008,203008,5,dwave_sa,penalty_scaled_geometric,0,,220.0,,0,0.01449559999309713,9200,92
CVRP,6,tiny-6-203008,203008,5,openjij_sa,penalty_scaled_geometric,0,,220.0,,0,0.03968660000100499,9200,92
CVRP,6,tiny-6-203008,203008,5,vrp_sa,wall_clock,1,220.0,220.0,0.0,1,0.20003739999810932,3013,
CVRP,6,tiny-6-203008,203008,5,ortools,wall_clock,1,220.0,220.0,0.0,1,0.2009835999997449,,
CVRP,6,tiny-6-203008,203008,5,exact_small,proven,1,220.0,220.0,0.0,1,0.032257899998512585,,
CVRP,6,tiny-6-203008,203008,6,qubo_sa,coefficient_scaled_linear,0,,220.0,,0,0.13719949999358505,9200,92
CVRP,6,tiny-6-203008,203008,6,dwave_sa,coefficient_scaled_linear,0,,220.0,,0,0.014653199999884237,9200,92
CVRP,6,tiny-6-203008,203008,6,openjij_sa,coefficient_scaled_linear,0,,220.0,,0,0.038908700000320096,9200,92
CVRP,6,tiny-6-203008,203008,6,qubo_sa,penalty_scaled_geometric,0,,220.0,,0,0.15299640000012005,9200,92
CVRP,6,tiny-6-203008,203008,6,dwave_sa,penalty_scaled_geometric,0,,220.0,,0,0.01508010000543436,9200,92
CVRP,6,tiny-6-203008,203008,6,openjij_sa,penalty_scaled_geometric,0,,220.0,,0,0.03942580000148155,9200,92
CVRP,6,tiny-6-203008,203008,6,vrp_sa,wall_clock,1,220.0,220.0,0.0,1,0.20003970000107074,3023,
CVRP,6,tiny-6-203008,203008,6,ortools,wall_clock,1,220.0,220.0,0.0,1,0.20112979999976233,,
CVRP,6,tiny-6-203008,203008,6,exact_small,proven,1,220.0,220.0,0.0,1,0.032257899998512585,,
CVRP,6,tiny-6-203008,203008,7,qubo_sa,coefficient_scaled_linear,0,,220.0,,0,0.13850400000228547,9200,92
CVRP,6,tiny-6-203008,203008,7,dwave_sa,coefficient_scaled_linear,0,,220.0,,0,0.014535599999362603,9200,92
CVRP,6,tiny-6-203008,203008,7,openjij_sa,coefficient_scaled_linear,0,,220.0,,0,0.039356599998427555,9200,92
CVRP,6,tiny-6-203008,203008,7,qubo_sa,penalty_scaled_geometric,0,,220.0,,0,0.14217099999950733,9200,92
CVRP,6,tiny-6-203008,203008,7,dwave_sa,penalty_scaled_geometric,0,,220.0,,0,0.014365800001542084,9200,92
CVRP,6,tiny-6-203008,203008,7,openjij_sa,penalty_scaled_geometric,0,,220.0,,0,0.03909810000186553,9200,92
CVRP,6,tiny-6-203008,203008,7,vrp_sa,wall_clock,1,220.0,220.0,0.0,1,0.20005910000327276,3010,
CVRP,6,tiny-6-203008,203008,7,ortools,wall_clock,1,220.0,220.0,0.0,1,0.20072300000174437,,
CVRP,6,tiny-6-203008,203008,7,exact_small,proven,1,220.0,220.0,0.0,1,0.032257899998512585,,
CVRP,6,tiny-6-203008,203008,8,qubo_sa,coefficient_scaled_linear,0,,220.0,,0,0.14418859999568667,9200,92
CVRP,6,tiny-6-203008,203008,8,dwave_sa,coefficient_scaled_linear,0,,220.0,,0,0.014547599996149074,9200,92
CVRP,6,tiny-6-203008,203008,8,openjij_sa,coefficient_scaled_linear,0,,220.0,,0,0.04207490000408143,9200,92
CVRP,6,tiny-6-203008,203008,8,qubo_sa,penalty_scaled_geometric,0,,220.0,,0,0.140378399999463,9200,92
CVRP,6,tiny-6-203008,203008,8,dwave_sa,penalty_scaled_geometric,0,,220.0,,0,0.01443009999638889,9200,92
CVRP,6,tiny-6-203008,203008,8,openjij_sa,penalty_scaled_geometric,0,,220.0,,0,0.03885129999980563,9200,92
CVRP,6,tiny-6-203008,203008,8,vrp_sa,wall_clock,0,,220.0,,0,0.0003572999994503334,,
CVRP,6,tiny-6-203008,203008,8,ortools,wall_clock,1,220.0,220.0,0.0,1,0.20165399999677902,,
CVRP,6,tiny-6-203008,203008,8,exact_small,proven,1,220.0,220.0,0.0,1,0.032257899998512585,,
CVRP,6,tiny-6-203008,203008,9,qubo_sa,coefficient_scaled_linear,0,,220.0,,0,0.13784060000034515,9200,92
CVRP,6,tiny-6-203008,203008,9,dwave_sa,coefficient_scaled_linear,0,,220.0,,0,0.015006500005256385,9200,92
CVRP,6,tiny-6-203008,203008,9,openjij_sa,coefficient_scaled_linear,0,,220.0,,0,0.03894089999812422,9200,92
CVRP,6,tiny-6-203008,203008,9,qubo_sa,penalty_scaled_geometric,0,,220.0,,0,0.1427996999991592,9200,92
CVRP,6,tiny-6-203008,203008,9,dwave_sa,penalty_scaled_geometric,0,,220.0,,0,0.014440999999351334,9200,92
CVRP,6,tiny-6-203008,203008,9,openjij_sa,penalty_scaled_geometric,0,,220.0,,0,0.039448399998946115,9200,92
CVRP,6,tiny-6-203008,203008,9,vrp_sa,wall_clock,1,220.0,220.0,0.0,1,0.20010699999693315,3045,
CVRP,6,tiny-6-203008,203008,9,ortools,wall_clock,1,220.0,220.0,0.0,1,0.20149819999642204,,
CVRP,6,tiny-6-203008,203008,9,exact_small,proven,1,220.0,220.0,0.0,1,0.032257899998512585,,
CVRP,6,tiny-6-203009,203009,0,qubo_sa,coefficient_scaled_linear,0,,309.0,,0,0.1340727999995579,9200,92
CVRP,6,tiny-6-203009,203009,0,dwave_sa,coefficient_scaled_linear,0,,309.0,,0,0.015233299993269611,9200,92
CVRP,6,tiny-6-203009,203009,0,openjij_sa,coefficient_scaled_linear,0,,309.0,,0,0.03911309999966761,9200,92
CVRP,6,tiny-6-203009,203009,0,qubo_sa,penalty_scaled_geometric,0,,309.0,,0,0.14125390000117477,9200,92
CVRP,6,tiny-6-203009,203009,0,dwave_sa,penalty_scaled_geometric,0,,309.0,,0,0.014500100005534478,9200,92
CVRP,6,tiny-6-203009,203009,0,openjij_sa,penalty_scaled_geometric,0,,309.0,,0,0.03918369999882998,9200,92
CVRP,6,tiny-6-203009,203009,0,vrp_sa,wall_clock,1,309.0,309.0,0.0,1,0.20009009999921545,2578,
CVRP,6,tiny-6-203009,203009,0,ortools,wall_clock,1,309.0,309.0,0.0,1,0.20142459999624407,,
CVRP,6,tiny-6-203009,203009,0,exact_small,proven,1,309.0,309.0,0.0,1,0.01847950000228593,,
CVRP,6,tiny-6-203009,203009,1,qubo_sa,coefficient_scaled_linear,0,,309.0,,0,0.13361840000288794,9200,92
CVRP,6,tiny-6-203009,203009,1,dwave_sa,coefficient_scaled_linear,0,,309.0,,0,0.014861499999824446,9200,92
CVRP,6,tiny-6-203009,203009,1,openjij_sa,coefficient_scaled_linear,0,,309.0,,0,0.03907419999450212,9200,92
CVRP,6,tiny-6-203009,203009,1,qubo_sa,penalty_scaled_geometric,0,,309.0,,0,0.15694359999906737,9200,92
CVRP,6,tiny-6-203009,203009,1,dwave_sa,penalty_scaled_geometric,0,,309.0,,0,0.014807500003371388,9200,92
CVRP,6,tiny-6-203009,203009,1,openjij_sa,penalty_scaled_geometric,0,,309.0,,0,0.03845810000348138,9200,92
CVRP,6,tiny-6-203009,203009,1,vrp_sa,wall_clock,1,309.0,309.0,0.0,1,0.2000382999976864,2844,
CVRP,6,tiny-6-203009,203009,1,ortools,wall_clock,1,309.0,309.0,0.0,1,0.20153830000344897,,
CVRP,6,tiny-6-203009,203009,1,exact_small,proven,1,309.0,309.0,0.0,1,0.01847950000228593,,
CVRP,6,tiny-6-203009,203009,2,qubo_sa,coefficient_scaled_linear,0,,309.0,,0,0.1361237999954028,9200,92
CVRP,6,tiny-6-203009,203009,2,dwave_sa,coefficient_scaled_linear,0,,309.0,,0,0.01539799999591196,9200,92
CVRP,6,tiny-6-203009,203009,2,openjij_sa,coefficient_scaled_linear,0,,309.0,,0,0.03896779999922728,9200,92
CVRP,6,tiny-6-203009,203009,2,qubo_sa,penalty_scaled_geometric,0,,309.0,,0,0.1407476999956998,9200,92
CVRP,6,tiny-6-203009,203009,2,dwave_sa,penalty_scaled_geometric,0,,309.0,,0,0.014651099998445716,9200,92
CVRP,6,tiny-6-203009,203009,2,openjij_sa,penalty_scaled_geometric,0,,309.0,,0,0.038547900003322866,9200,92
CVRP,6,tiny-6-203009,203009,2,vrp_sa,wall_clock,1,309.0,309.0,0.0,1,0.20006529999955092,3046,
CVRP,6,tiny-6-203009,203009,2,ortools,wall_clock,1,309.0,309.0,0.0,1,0.20148690000496572,,
CVRP,6,tiny-6-203009,203009,2,exact_small,proven,1,309.0,309.0,0.0,1,0.01847950000228593,,
CVRP,6,tiny-6-203009,203009,3,qubo_sa,coefficient_scaled_linear,0,,309.0,,0,0.13651029999891762,9200,92
CVRP,6,tiny-6-203009,203009,3,dwave_sa,coefficient_scaled_linear,0,,309.0,,0,0.022549099994648714,9200,92
CVRP,6,tiny-6-203009,203009,3,openjij_sa,coefficient_scaled_linear,0,,309.0,,0,0.047882400001981296,9200,92
CVRP,6,tiny-6-203009,203009,3,qubo_sa,penalty_scaled_geometric,0,,309.0,,0,0.13845779999974184,9200,92
CVRP,6,tiny-6-203009,203009,3,dwave_sa,penalty_scaled_geometric,0,,309.0,,0,0.014853699998639058,9200,92
CVRP,6,tiny-6-203009,203009,3,openjij_sa,penalty_scaled_geometric,0,,309.0,,0,0.0392883999957121,9200,92
CVRP,6,tiny-6-203009,203009,3,vrp_sa,wall_clock,1,309.0,309.0,0.0,1,0.20005070000479463,3075,
CVRP,6,tiny-6-203009,203009,3,ortools,wall_clock,1,309.0,309.0,0.0,1,0.2015562000015052,,
CVRP,6,tiny-6-203009,203009,3,exact_small,proven,1,309.0,309.0,0.0,1,0.01847950000228593,,
CVRP,6,tiny-6-203009,203009,4,qubo_sa,coefficient_scaled_linear,0,,309.0,,0,0.13704339999821968,9200,92
CVRP,6,tiny-6-203009,203009,4,dwave_sa,coefficient_scaled_linear,0,,309.0,,0,0.015359400000306778,9200,92
CVRP,6,tiny-6-203009,203009,4,openjij_sa,coefficient_scaled_linear,0,,309.0,,0,0.03884029999608174,9200,92
CVRP,6,tiny-6-203009,203009,4,qubo_sa,penalty_scaled_geometric,0,,309.0,,0,0.14110980000259588,9200,92
CVRP,6,tiny-6-203009,203009,4,dwave_sa,penalty_scaled_geometric,0,,309.0,,0,0.015227800002321601,9200,92
CVRP,6,tiny-6-203009,203009,4,openjij_sa,penalty_scaled_geometric,0,,309.0,,0,0.039114899998821784,9200,92
CVRP,6,tiny-6-203009,203009,4,vrp_sa,wall_clock,1,309.0,309.0,0.0,1,0.20005769999988843,3051,
CVRP,6,tiny-6-203009,203009,4,ortools,wall_clock,1,309.0,309.0,0.0,1,0.20074839999870164,,
CVRP,6,tiny-6-203009,203009,4,exact_small,proven,1,309.0,309.0,0.0,1,0.01847950000228593,,
CVRP,6,tiny-6-203009,203009,5,qubo_sa,coefficient_scaled_linear,0,,309.0,,0,0.13674960000207648,9200,92
CVRP,6,tiny-6-203009,203009,5,dwave_sa,coefficient_scaled_linear,0,,309.0,,0,0.015108600004168693,9200,92
CVRP,6,tiny-6-203009,203009,5,openjij_sa,coefficient_scaled_linear,0,,309.0,,0,0.03961920000438113,9200,92
CVRP,6,tiny-6-203009,203009,5,qubo_sa,penalty_scaled_geometric,0,,309.0,,0,0.1410433999990346,9200,92
CVRP,6,tiny-6-203009,203009,5,dwave_sa,penalty_scaled_geometric,0,,309.0,,0,0.015102499994100071,9200,92
CVRP,6,tiny-6-203009,203009,5,openjij_sa,penalty_scaled_geometric,0,,309.0,,0,0.03870710000046529,9200,92
CVRP,6,tiny-6-203009,203009,5,vrp_sa,wall_clock,1,309.0,309.0,0.0,1,0.20006100000318838,3029,
CVRP,6,tiny-6-203009,203009,5,ortools,wall_clock,1,309.0,309.0,0.0,1,0.2014361000037752,,
CVRP,6,tiny-6-203009,203009,5,exact_small,proven,1,309.0,309.0,0.0,1,0.01847950000228593,,
CVRP,6,tiny-6-203009,203009,6,qubo_sa,coefficient_scaled_linear,0,,309.0,,0,0.135004999996454,9200,92
CVRP,6,tiny-6-203009,203009,6,dwave_sa,coefficient_scaled_linear,0,,309.0,,0,0.015645999999833293,9200,92
CVRP,6,tiny-6-203009,203009,6,openjij_sa,coefficient_scaled_linear,0,,309.0,,0,0.040203500000643544,9200,92
CVRP,6,tiny-6-203009,203009,6,qubo_sa,penalty_scaled_geometric,0,,309.0,,0,0.14031879999674857,9200,92
CVRP,6,tiny-6-203009,203009,6,dwave_sa,penalty_scaled_geometric,0,,309.0,,0,0.014715200006321538,9200,92
CVRP,6,tiny-6-203009,203009,6,openjij_sa,penalty_scaled_geometric,0,,309.0,,0,0.038403399994422216,9200,92
CVRP,6,tiny-6-203009,203009,6,vrp_sa,wall_clock,1,309.0,309.0,0.0,1,0.20008429999870714,3077,
CVRP,6,tiny-6-203009,203009,6,ortools,wall_clock,1,309.0,309.0,0.0,1,0.20159269999567186,,
CVRP,6,tiny-6-203009,203009,6,exact_small,proven,1,309.0,309.0,0.0,1,0.01847950000228593,,
CVRP,6,tiny-6-203009,203009,7,qubo_sa,coefficient_scaled_linear,0,,309.0,,0,0.13449730000138516,9200,92
CVRP,6,tiny-6-203009,203009,7,dwave_sa,coefficient_scaled_linear,0,,309.0,,0,0.015379399999801535,9200,92
CVRP,6,tiny-6-203009,203009,7,openjij_sa,coefficient_scaled_linear,0,,309.0,,0,0.038860100001329556,9200,92
CVRP,6,tiny-6-203009,203009,7,qubo_sa,penalty_scaled_geometric,0,,309.0,,0,0.14053850000345847,9200,92
CVRP,6,tiny-6-203009,203009,7,dwave_sa,penalty_scaled_geometric,0,,309.0,,0,0.014598599998862483,9200,92
CVRP,6,tiny-6-203009,203009,7,openjij_sa,penalty_scaled_geometric,0,,309.0,,0,0.03972690000227885,9200,92
CVRP,6,tiny-6-203009,203009,7,vrp_sa,wall_clock,1,309.0,309.0,0.0,1,0.2000765000047977,3027,
CVRP,6,tiny-6-203009,203009,7,ortools,wall_clock,1,309.0,309.0,0.0,1,0.20146869999734918,,
CVRP,6,tiny-6-203009,203009,7,exact_small,proven,1,309.0,309.0,0.0,1,0.01847950000228593,,
CVRP,6,tiny-6-203009,203009,8,qubo_sa,coefficient_scaled_linear,0,,309.0,,0,0.13563390000490472,9200,92
CVRP,6,tiny-6-203009,203009,8,dwave_sa,coefficient_scaled_linear,0,,309.0,,0,0.014728300004207995,9200,92
CVRP,6,tiny-6-203009,203009,8,openjij_sa,coefficient_scaled_linear,0,,309.0,,0,0.04609949999576202,9200,92
CVRP,6,tiny-6-203009,203009,8,qubo_sa,penalty_scaled_geometric,0,,309.0,,0,0.16193709999788553,9200,92
CVRP,6,tiny-6-203009,203009,8,dwave_sa,penalty_scaled_geometric,0,,309.0,,0,0.015781699999934062,9200,92
CVRP,6,tiny-6-203009,203009,8,openjij_sa,penalty_scaled_geometric,0,,309.0,,0,0.03861160000087693,9200,92
CVRP,6,tiny-6-203009,203009,8,vrp_sa,wall_clock,1,309.0,309.0,0.0,1,0.20007110000005923,3007,
CVRP,6,tiny-6-203009,203009,8,ortools,wall_clock,1,309.0,309.0,0.0,1,0.20178219999797875,,
CVRP,6,tiny-6-203009,203009,8,exact_small,proven,1,309.0,309.0,0.0,1,0.01847950000228593,,
CVRP,6,tiny-6-203009,203009,9,qubo_sa,coefficient_scaled_linear,0,,309.0,,0,0.09713680000277236,9200,92
CVRP,6,tiny-6-203009,203009,9,dwave_sa,coefficient_scaled_linear,0,,309.0,,0,0.014888300000166055,9200,92
CVRP,6,tiny-6-203009,203009,9,openjij_sa,coefficient_scaled_linear,0,,309.0,,0,0.039944199997989926,9200,92
CVRP,6,tiny-6-203009,203009,9,qubo_sa,penalty_scaled_geometric,0,,309.0,,0,0.14187590000074124,9200,92
CVRP,6,tiny-6-203009,203009,9,dwave_sa,penalty_scaled_geometric,0,,309.0,,0,0.0159157999951276,9200,92
CVRP,6,tiny-6-203009,203009,9,openjij_sa,penalty_scaled_geometric,0,,309.0,,0,0.03897200000210432,9200,92
CVRP,6,tiny-6-203009,203009,9,vrp_sa,wall_clock,1,309.0,309.0,0.0,1,0.20010290000209352,3059,
CVRP,6,tiny-6-203009,203009,9,ortools,wall_clock,1,309.0,309.0,0.0,1,0.20158810000430094,,
CVRP,6,tiny-6-203009,203009,9,exact_small,proven,1,309.0,309.0,0.0,1,0.01847950000228593,,
