instance,size,instance_seed,solver_seed,solver,budget_mode,num_sweeps,num_reads,qubo_variables,attempt_budget,attempts_per_city,attempts,runtime_seconds,objective,feasible,proven_optimum,gap_percent,wall_time_limit_seconds,python,cpu,system
uniform2d_n6_instance202600,6,202600,0,two_opt,iterations,100,1,36,3600,600,3600,0.01735880000069301,2.460038605727571,True,2.460038605727571,0.0,,3.14.4,"Intel64 Family 6 Model 186 Stepping 3, GenuineIntel",Windows-11-10.0.26200-SP0
uniform2d_n6_instance202600,6,202600,0,qubo_sa,iterations,100,1,36,3600,600,3600,0.013471100000060687,2.460038605727571,True,2.460038605727571,0.0,,3.14.4,"Intel64 Family 6 Model 186 Stepping 3, GenuineIntel",Windows-11-10.0.26200-SP0
uniform2d_n6_instance202600,6,202600,0,qubo_sa_swap,iterations,100,1,36,3600,600,3600,0.025151699999696575,2.460038605727571,True,2.460038605727571,0.0,,3.14.4,"Intel64 Family 6 Model 186 Stepping 3, GenuineIntel",Windows-11-10.0.26200-SP0
uniform2d_n6_instance202600,6,202600,1,two_opt,iterations,100,1,36,3600,600,3600,0.03224159999990661,2.460038605727571,True,2.460038605727571,0.0,,3.14.4,"Intel64 Family 6 Model 186 Stepping 3, GenuineIntel",Windows-11-10.0.26200-SP0
uniform2d_n6_instance202600,6,202600,1,qubo_sa,iterations,100,1,36,3600,600,3600,0.03213140000025305,2.485805858475395,True,2.460038605727571,1.0474328609246797,,3.14.4,"Intel64 Family 6 Model 186 Stepping 3, GenuineIntel",Windows-11-10.0.26200-SP0
uniform2d_n6_instance202600,6,202600,1,qubo_sa_swap,iterations,100,1,36,3600,600,3600,0.0449441000000661,2.460038605727571,True,2.460038605727571,0.0,,3.14.4,"Intel64 Family 6 Model 186 Stepping 3, GenuineIntel",Windows-11-10.0.26200-SP0
uniform2d_n6_instance202600,6,202600,2,two_opt,iterations,100,1,36,3600,600,3600,0.036726199999975506,2.460038605727571,True,2.460038605727571,0.0,,3.14.4,"Intel64 Family 6 Model 186 Stepping 3, GenuineIntel",Windows-11-10.0.26200-SP0
uniform2d_n6_instance202600,6,202600,2,qubo_sa,iterations,100,1,36,3600,600,3600,0.016569600000366336,2.460038605727571,True,2.460038605727571,0.0,,3.14.4,"Intel64 Family 6 Model 186 Stepping 3, GenuineIntel",Windows-11-10.0.26200-SP0
uniform2d_n6_instance202600,6,202600,2,qubo_sa_swap,iterations,100,1,36,3600,600,3600,0.04317249999985506,2.460038605727571,True,2.460038605727571,0.0,,3.14.4,"Intel64 Family 6 Model 186 Stepping 3, GenuineIntel",Windows-11-10.0.26200-SP0
uniform2d_n6_instance202600,6,202600,3,two_opt,iterations,100,1,36,3600,600,3600,0.022098800000094343,2.460038605727571,True,2.460038605727571,0.0,,3.14.4,"Intel64 Family 6 Model 186 Stepping 3, GenuineIntel",Windows-11-10.0.26200-SP0
uniform2d_n6_instance202600,6,202600,3,qubo_sa,iterations,100,1,36,3600,600,3600,0.01945660000001226,2.593676421711141,True,2.460038605727571,5.432346292144707,,3.14.4,"Intel64 Family 6 Model 186 Stepping 3, GenuineIntel",Windows-11-10.0.26200-SP0
uniform2d_n6_instance202600,6,202600,3,qubo_sa_swap,iterations,100,1,36,3600,600,3600,0.02748740000060934,2.460038605727571,True,2.460038605727571,0.0,,3.14.4,"Intel64 Family 6 Model 186 Stepping 3, GenuineIntel",Windows-11-10.0.26200-SP0
uniform2d_n6_instance202600,6,202600,4,two_opt,iterations,100,1,36,3600,600,3600,0.024564100000134204,2.460038605727571,True,2.460038605727571,0.0,,3.14.4,"Intel64 Family 6 Model 186 Stepping 3, GenuineIntel",Windows-11-10.0.26200-SP0
uniform2d_n6_instance202600,6,202600,4,qubo_sa,iterations,100,1,36,3600,600,3600,0.013784000000669039,2.460038605727571,True,2.460038605727571,0.0,,3.14.4,"Intel64 Family 6 Model 186 Stepping 3, GenuineIntel",Windows-11-10.0.26200-SP0
uniform2d_n6_instance202600,6,202600,4,qubo_sa_swap,iterations,100,1,36,3600,600,3600,0.024243700000624813,2.460038605727571,True,2.460038605727571,0.0,,3.14.4,"Intel64 Family 6 Model 186 Stepping 3, GenuineIntel",Windows-11-10.0.26200-SP0
uniform2d_n6_instance202600,6,202600,5,two_opt,iterations,100,1,36,3600,600,3600,0.020988999999644875,2.460038605727571,True,2.460038605727571,0.0,,3.14.4,"Intel64 Family 6 Model 186 Stepping 3, GenuineIntel",Windows-11-10.0.26200-SP0
uniform2d_n6_instance202600,6,202600,5,qubo_sa,iterations,100,1,36,3600,600,3600,0.014221399999769346,2.460038605727571,True,2.460038605727571,0.0,,3.14.4,"Intel64 Family 6 Model 186 Stepping 3, GenuineIntel",Windows-11-10.0.26200-SP0
uniform2d_n6_instance202600,6,202600,5,qubo_sa_swap,iterations,100,1,36,3600,600,3600,0.0286391999998159,2.460038605727571,True,2.460038605727571,0.0,,3.14.4,"Intel64 Family 6 Model 186 Stepping 3, GenuineIntel",Windows-11-10.0.26200-SP0
uniform2d_n6_instance202600,6,202600,6,two_opt,iterations,100,1,36,3600,600,3600,0.03240860000005341,2.460038605727571,True,2.460038605727571,0.0,,3.14.4,"Intel64 Family 6 Model 186 Stepping 3, GenuineIntel",Windows-11-10.0.26200-SP0
uniform2d_n6_instance202600,6,202600,6,qubo_sa,iterations,100,1,36,3600,600,3600,0.019707399999788322,2.4739010926375444,True,2.460038605727571,0.563506884717091,,3.14.4,"Intel64 Family 6 Model 186 Stepping 3, GenuineIntel",Windows-11-10.0.26200-SP0
uniform2d_n6_instance202600,6,202600,6,qubo_sa_swap,iterations,100,1,36,3600,600,3600,0.029315899999346584,2.460038605727571,True,2.460038605727571,0.0,,3.14.4,"Intel64 Family 6 Model 186 Stepping 3, GenuineIntel",Windows-11-10.0.26200-SP0
uniform2d_n6_instance202600,6,202600,7,two_opt,iterations,100,1,36,3600,600,3600,0.03362910000032571,2.460038605727571,True,2.460038605727571,0.0,,3.14.4,"Intel64 Family 6 Model 186 Stepping 3, GenuineIntel",Windows-11-10.0.26200-SP0
uniform2d_n6_instance202600,6,202600,7,qubo_sa,iterations,100,1,36,3600,600,3600,0.01673529999970924,2.473901092637544,True,2.460038605727571,0.5635068847170688,,3.14.4,"Intel64 Family 6 Model 186 Stepping 3, GenuineIntel",Windows-11-10.0.26200-SP0
uniform2d_n6_instance202600,6,202600,7,qubo_sa_swap,iterations,100,1,36,3600,600,3600,0.02984050000031857,2.460038605727571,True,2.460038605727571,0.0,,3.14.4,"Intel64 Family 6 Model 186 Stepping 3, GenuineIntel",Windows-11-10.0.26200-SP0
uniform2d_n6_instance202600,6,202600,8,two_opt,iterations,100,1,36,3600,600,3600,0.0190204000000449,2.460038605727571,True,2.460038605727571,0.0,,3.14.4,"Intel64 Family 6 Model 186 Stepping 3, GenuineIntel",Windows-11-10.0.26200-SP0
uniform2d_n6_instance202600,6,202600,8,qubo_sa,iterations,100,1,36,3600,600,3600,0.02646459999959916,2.4858058584753944,True,2.460038605727571,1.0474328609246575,,3.14.4,"Intel64 Family 6 Model 186 Stepping 3, GenuineIntel",Windows-11-10.0.26200-SP0
uniform2d_n6_instance202600,6,202600,8,qubo_sa_swap,iterations,100,1,36,3600,600,3600,0.07326939999984461,2.460038605727571,True,2.460038605727571,0.0,,3.14.4,"Intel64 Family 6 Model 186 Stepping 3, GenuineIntel",Windows-11-10.0.26200-SP0
uniform2d_n6_instance202600,6,202600,9,two_opt,iterations,100,1,36,3600,600,3600,0.04393860000072891,2.460038605727571,True,2.460038605727571,0.0,,3.14.4,"Intel64 Family 6 Model 186 Stepping 3, GenuineIntel",Windows-11-10.0.26200-SP0
uniform2d_n6_instance202600,6,202600,9,qubo_sa,iterations,100,1,36,3600,600,3600,0.025302000000010594,2.5819963278523383,True,2.460038605727571,4.957553179889929,,3.14.4,"Intel64 Family 6 Model 186 Stepping 3, GenuineIntel",Windows-11-10.0.26200-SP0
uniform2d_n6_instance202600,6,202600,9,qubo_sa_swap,iterations,100,1,36,3600,600,3600,0.023800899999514513,2.460038605727571,True,2.460038605727571,0.0,,3.14.4,"Intel64 Family 6 Model 186 Stepping 3, GenuineIntel",Windows-11-10.0.26200-SP0
uniform2d_n6_instance202601,6,202601,0,two_opt,iterations,100,1,36,3600,600,3600,0.02120199999990291,1.5538039117081577,True,1.5538039117081577,0.0,,3.14.4,"Intel64 Family 6 Model 186 Stepping 3, GenuineIntel",Windows-11-10.0.26200-SP0
uniform2d_n6_instance202601,6,202601,0,qubo_sa,iterations,100,1,36,3600,600,3600,0.013225900000179536,1.824465155264054,True,1.5538039117081577,17.41926645417875,,3.14.4,"Intel64 Family 6 Model 186 Stepping 3, GenuineIntel",Windows-11-10.0.26200-SP0
uniform2d_n6_instance202601,6,202601,0,qubo_sa_swap,iterations,100,1,36,3600,600,3600,0.023270900000170514,1.5538039117081577,True,1.5538039117081577,0.0,,3.14.4,"Intel64 Family 6 Model 186 Stepping 3, GenuineIntel",Windows-11-10.0.26200-SP0
uniform2d_n6_instance202601,6,202601,1,two_opt,iterations,100,1,36,3600,600,3600,0.022519899999679183,1.5538039117081577,True,1.5538039117081577,0.0,,3.14.4,"Intel64 Family 6 Model 186 Stepping 3, GenuineIntel",Windows-11-10.0.26200-SP0
uniform2d_n6_instance202601,6,202601,1,qubo_sa,iterations,100,1,36,3600,600,3600,0.015014599999631173,1.5538039117081577,True,1.5538039117081577,0.0,,3.14.4,"Intel64 Family 6 Model 186 Stepping 3, GenuineIntel",Windows-11-10.0.26200-SP0
uniform2d_n6_instance202601,6,202601,1,qubo_sa_swap,iterations,100,1,36,3600,600,3600,0.023043300000608724,1.5538039117081577,True,1.5538039117081577,0.0,,3.14.4,"Intel64 Family 6 Model 186 Stepping 3, GenuineIntel",Windows-11-10.0.26200-SP0
uniform2d_n6_instance202601,6,202601,2,two_opt,iterations,100,1,36,3600,600,3600,0.01865799999995943,1.5538039117081577,True,1.5538039117081577,0.0,,3.14.4,"Intel64 Family 6 Model 186 Stepping 3, GenuineIntel",Windows-11-10.0.26200-SP0
uniform2d_n6_instance202601,6,202601,2,qubo_sa,iterations,100,1,36,3600,600,3600,0.014468700000179524,1.5538039117081577,True,1.5538039117081577,0.0,,3.14.4,"Intel64 Family 6 Model 186 Stepping 3, GenuineIntel",Windows-11-10.0.26200-SP0
uniform2d_n6_instance202601,6,202601,2,qubo_sa_swap,iterations,100,1,36,3600,600,3600,0.02988530000038736,1.5538039117081577,True,1.5538039117081577,0.0,,3.14.4,"Intel64 Family 6 Model 186 Stepping 3, GenuineIntel",Windows-11-10.0.26200-SP0
uniform2d_n6_instance202601,6,202601,3,two_opt,iterations,100,1,36,3600,600,3600,0.025120700000115903,1.5538039117081577,True,1.5538039117081577,0.0,,3.14.4,"Intel64 Family 6 Model 186 Stepping 3, GenuineIntel",Windows-11-10.0.26200-SP0
uniform2d_n6_instance202601,6,202601,3,qubo_sa,iterations,100,1,36,3600,600,3600,0.018654099999366736,1.6800796300303134,True,1.5538039117081577,8.126876073013346,,3.14.4,"Intel64 Family 6 Model 186 Stepping 3, GenuineIntel",Windows-11-10.0.26200-SP0
uniform2d_n6_instance202601,6,202601,3,qubo_sa_swap,iterations,100,1,36,3600,600,3600,0.022948400000132096,1.5538039117081577,True,1.5538039117081577,0.0,,3.14.4,"Intel64 Family 6 Model 186 Stepping 3, GenuineIntel",Windows-11-10.0.26200-SP0
uniform2d_n6_instance202601,6,202601,4,two_opt,iterations,100,1,36,3600,600,3600,0.019220600000153354,1.5538039117081577,True,1.5538039117081577,0.0,,3.14.4,"Intel64 Family 6 Model 186 Stepping 3, GenuineIntel",Windows-11-10.0.26200-SP0
uniform2d_n6_instance202601,6,202601,4,qubo_sa,iterations,100,1,36,3600,600,3600,0.013342599999305094,1.553803911708158,True,1.5538039117081577,2.220446049250313e-14,,3.14.4,"Intel64 Family 6 Model 186 Stepping 3, GenuineIntel",Windows-11-10.0.26200-SP0
uniform2d_n6_instance202601,6,202601,4,qubo_sa_swap,iterations,100,1,36,3600,600,3600,0.024368399999730173,1.5538039117081577,True,1.5538039117081577,0.0,,3.14.4,"Intel64 Family 6 Model 186 Stepping 3, GenuineIntel",Windows-11-10.0.26200-SP0
uniform2d_n6_instance202601,6,202601,5,two_opt,iterations,100,1,36,3600,600,3600,0.038771900000028836,1.5538039117081577,True,1.5538039117081577,0.0,,3.14.4,"Intel64 Family 6 Model 186 Stepping 3, GenuineIntel",Windows-11-10.0.26200-SP0
uniform2d_n6_instance202601,6,202601,5,qubo_sa,iterations,100,1,36,3600,600,3600,0.0143936999993457,1.5538039117081577,True,1.5538039117081577,0.0,,3.14.4,"Intel64 Family 6 Model 186 Stepping 3, GenuineIntel",Windows-11-10.0.26200-SP0
uniform2d_n6_instance202601,6,202601,5,qubo_sa_swap,iterations,100,1,36,3600,600,3600,0.02670049999960611,1.5538039117081577,True,1.5538039117081577,0.0,,3.14.4,"Intel64 Family 6 Model 186 Stepping 3, GenuineIntel",Windows-11-10.0.26200-SP0
uniform2d_n6_instance202601,6,202601,6,two_opt,iterations,100,1,36,3600,600,3600,0.055444900000111375,1.5538039117081577,True,1.5538039117081577,0.0,,3.14.4,"Intel64 Family 6 Model 186 Stepping 3, GenuineIntel",Windows-11-10.0.26200-SP0
uniform2d_n6_instance202601,6,202601,6,qubo_sa,iterations,100,1,36,3600,600,3600,0.015033799999400799,1.8227696769811572,True,1.5538039117081577,17.31014854875188,,3.14.4,"Intel64 Family 6 Model 186 Stepping 3, GenuineIntel",Windows-11-10.0.26200-SP0
uniform2d_n6_instance202601,6,202601,6,qubo_sa_swap,iterations,100,1,36,3600,600,3600,0.028694099999484024,1.5538039117081577,True,1.5538039117081577,0.0,,3.14.4,"Intel64 Family 6 Model 186 Stepping 3, GenuineIntel",Windows-11-10.0.26200-SP0
uniform2d_n6_instance202601,6,202601,7,two_opt,iterations,100,1,36,3600,600,3600,0.1008494999996401,1.5538039117081577,True,1.5538039117081577,0.0,,3.14.4,"Intel64 Family 6 Model 186 Stepping 3, GenuineIntel",Windows-11-10.0.26200-SP0
uniform2d_n6_instance202601,6,202601,7,qubo_sa,iterations,100,1,36,3600,600,3600,0.026699899999584886,1.6800796300303131,True,1.5538039117081577,8.126876073013323,,3.14.4,"Intel64 Family 6 Model 186 Stepping 3, GenuineIntel",Windows-11-10.0.26200-SP0
uniform2d_n6_instance202601,6,202601,7,qubo_sa_swap,iterations,100,1,36,3600,600,3600,0.026556100000561855,1.5538039117081577,True,1.5538039117081577,0.0,,3.14.4,"Intel64 Family 6 Model 186 Stepping 3, GenuineIntel",Windows-11-10.0.26200-SP0
uniform2d_n6_instance202601,6,202601,8,two_opt,iterations,100,1,36,3600,600,3600,0.02428349999991042,1.5538039117081577,True,1.5538039117081577,0.0,,3.14.4,"Intel64 Family 6 Model 186 Stepping 3, GenuineIntel",Windows-11-10.0.26200-SP0
uniform2d_n6_instance202601,6,202601,8,qubo_sa,iterations,100,1,36,3600,600,3600,0.01608570000007603,1.7032428799244874,True,1.5538039117081577,9.617620800815562,,3.14.4,"Intel64 Family 6 Model 186 Stepping 3, GenuineIntel",Windows-11-10.0.26200-SP0
uniform2d_n6_instance202601,6,202601,8,qubo_sa_swap,iterations,100,1,36,3600,600,3600,0.022051699999792618,1.5538039117081577,True,1.5538039117081577,0.0,,3.14.4,"Intel64 Family 6 Model 186 Stepping 3, GenuineIntel",Windows-11-10.0.26200-SP0
uniform2d_n6_instance202601,6,202601,9,two_opt,iterations,100,1,36,3600,600,3600,0.02082339999924443,1.5538039117081577,True,1.5538039117081577,0.0,,3.14.4,"Intel64 Family 6 Model 186 Stepping 3, GenuineIntel",Windows-11-10.0.26200-SP0
uniform2d_n6_instance202601,6,202601,9,qubo_sa,iterations,100,1,36,3600,600,3600,0.027690499999152962,1.6800796300303134,True,1.5538039117081577,8.126876073013346,,3.14.4,"Intel64 Family 6 Model 186 Stepping 3, GenuineIntel",Windows-11-10.0.26200-SP0
uniform2d_n6_instance202601,6,202601,9,qubo_sa_swap,iterations,100,1,36,3600,600,3600,0.022313700000268,1.5538039117081577,True,1.5538039117081577,0.0,,3.14.4,"Intel64 Family 6 Model 186 Stepping 3, GenuineIntel",Windows-11-10.0.26200-SP0
uniform2d_n6_instance202602,6,202602,0,two_opt,iterations,100,1,36,3600,600,3600,0.017616799999814248,1.5254677299784958,True,1.5254677299784958,0.0,,3.14.4,"Intel64 Family 6 Model 186 Stepping 3, GenuineIntel",Windows-11-10.0.26200-SP0
uniform2d_n6_instance202602,6,202602,0,qubo_sa,iterations,100,1,36,3600,600,3600,0.01325749999978143,1.5467019049009676,True,1.5254677299784958,1.391977981911885,,3.14.4,"Intel64 Family 6 Model 186 Stepping 3, GenuineIntel",Windows-11-10.0.26200-SP0
uniform2d_n6_instance202602,6,202602,0,qubo_sa_swap,iterations,100,1,36,3600,600,3600,0.04187530000035622,1.5254677299784958,True,1.5254677299784958,0.0,,3.14.4,"Intel64 Family 6 Model 186 Stepping 3, GenuineIntel",Windows-11-10.0.26200-SP0
uniform2d_n6_instance202602,6,202602,1,two_opt,iterations,100,1,36,3600,600,3600,0.018052600000373786,1.5254677299784958,True,1.5254677299784958,0.0,,3.14.4,"Intel64 Family 6 Model 186 Stepping 3, GenuineIntel",Windows-11-10.0.26200-SP0
uniform2d_n6_instance202602,6,202602,1,qubo_sa,iterations,100,1,36,3600,600,3600,0.012993000000278698,1.5292164602634744,True,1.5254677299784958,0.2457430079515044,,3.14.4,"Intel64 Family 6 Model 186 Stepping 3, GenuineIntel",Windows-11-10.0.26200-SP0
uniform2d_n6_instance202602,6,202602,1,qubo_sa_swap,iterations,100,1,36,3600,600,3600,0.023275099999409576,1.5254677299784958,True,1.5254677299784958,0.0,,3.14.4,"Intel64 Family 6 Model 186 Stepping 3, GenuineIntel",Windows-11-10.0.26200-SP0
uniform2d_n6_instance202602,6,202602,2,two_opt,iterations,100,1,36,3600,600,3600,0.03170539999973698,1.5254677299784958,True,1.5254677299784958,0.0,,3.14.4,"Intel64 Family 6 Model 186 Stepping 3, GenuineIntel",Windows-11-10.0.26200-SP0
uniform2d_n6_instance202602,6,202602,2,qubo_sa,iterations,100,1,36,3600,600,3600,0.022955399999773363,1.542953174615989,True,1.5254677299784958,1.1462349739604027,,3.14.4,"Intel64 Family 6 Model 186 Stepping 3, GenuineIntel",Windows-11-10.0.26200-SP0
uniform2d_n6_instance202602,6,202602,2,qubo_sa_swap,iterations,100,1,36,3600,600,3600,0.0283610000005865,1.5254677299784958,True,1.5254677299784958,0.0,,3.14.4,"Intel64 Family 6 Model 186 Stepping 3, GenuineIntel",Windows-11-10.0.26200-SP0
uniform2d_n6_instance202602,6,202602,3,two_opt,iterations,100,1,36,3600,600,3600,0.02115510000021459,1.5254677299784958,True,1.5254677299784958,0.0,,3.14.4,"Intel64 Family 6 Model 186 Stepping 3, GenuineIntel",Windows-11-10.0.26200-SP0
uniform2d_n6_instance202602,6,202602,3,qubo_sa,iterations,100,1,36,3600,600,3600,0.01474809999945137,1.525467729978496,True,1.5254677299784958,2.220446049250313e-14,,3.14.4,"Intel64 Family 6 Model 186 Stepping 3, GenuineIntel",Windows-11-10.0.26200-SP0
uniform2d_n6_instance202602,6,202602,3,qubo_sa_swap,iterations,100,1,36,3600,600,3600,0.023666099999900325,1.5254677299784958,True,1.5254677299784958,0.0,,3.14.4,"Intel64 Family 6 Model 186 Stepping 3, GenuineIntel",Windows-11-10.0.26200-SP0
uniform2d_n6_instance202602,6,202602,4,two_opt,iterations,100,1,36,3600,600,3600,0.020860600000560225,1.5254677299784958,True,1.5254677299784958,0.0,,3.14.4,"Intel64 Family 6 Model 186 Stepping 3, GenuineIntel",Windows-11-10.0.26200-SP0
uniform2d_n6_instance202602,6,202602,4,qubo_sa,iterations,100,1,36,3600,600,3600,0.014666899999610905,1.5467019049009676,True,1.5254677299784958,1.391977981911885,,3.14.4,"Intel64 Family 6 Model 186 Stepping 3, GenuineIntel",Windows-11-10.0.26200-SP0
uniform2d_n6_instance202602,6,202602,4,qubo_sa_swap,iterations,100,1,36,3600,600,3600,0.02339490000031219,1.525467729978496,True,1.5254677299784958,2.220446049250313e-14,,3.14.4,"Intel64 Family 6 Model 186 Stepping 3, GenuineIntel",Windows-11-10.0.26200-SP0
uniform2d_n6_instance202602,6,202602,5,two_opt,iterations,100,1,36,3600,600,3600,0.017296299999543407,1.5254677299784958,True,1.5254677299784958,0.0,,3.14.4,"Intel64 Family 6 Model 186 Stepping 3, GenuineIntel",Windows-11-10.0.26200-SP0
uniform2d_n6_instance202602,6,202602,5,qubo_sa,iterations,100,1,36,3600,600,3600,0.017199599999912607,1.5292164602634746,True,1.5254677299784958,0.2457430079515044,,3.14.4,"Intel64 Family 6 Model 186 Stepping 3, GenuineIntel",Windows-11-10.0.26200-SP0
uniform2d_n6_instance202602,6,202602,5,qubo_sa_swap,iterations,100,1,36,3600,600,3600,0.02231260000007751,1.5254677299784958,True,1.5254677299784958,0.0,,3.14.4,"Intel64 Family 6 Model 186 Stepping 3, GenuineIntel",Windows-11-10.0.26200-SP0
uniform2d_n6_instance202602,6,202602,6,two_opt,iterations,100,1,36,3600,600,3600,0.018731799999841314,1.5254677299784958,True,1.5254677299784958,0.0,,3.14.4,"Intel64 Family 6 Model 186 Stepping 3, GenuineIntel",Windows-11-10.0.26200-SP0
uniform2d_n6_instance202602,6,202602,6,qubo_sa,iterations,100,1,36,3600,600,3600,0.014504800000395335,1.5292164602634746,True,1.5254677299784958,0.2457430079515044,,3.14.4,"Intel64 Family 6 Model 186 Stepping 3, GenuineIntel",Windows-11-10.0.26200-SP0
uniform2d_n6_instance202602,6,202602,6,qubo_sa_swap,iterations,100,1,36,3600,600,3600,0.02798030000030849,1.525467729978496,True,1.5254677299784958,2.220446049250313e-14,,3.14.4,"Intel64 Family 6 Model 186 Stepping 3, GenuineIntel",Windows-11-10.0.26200-SP0
uniform2d_n6_instance202602,6,202602,7,two_opt,iterations,100,1,36,3600,600,3600,0.020784299999832,1.5254677299784958,True,1.5254677299784958,0.0,,3.14.4,"Intel64 Family 6 Model 186 Stepping 3, GenuineIntel",Windows-11-10.0.26200-SP0
uniform2d_n6_instance202602,6,202602,7,qubo_sa,iterations,100,1,36,3600,600,3600,0.012222600000313832,1.5292164602634744,True,1.5254677299784958,0.2457430079515044,,3.14.4,"Intel64 Family 6 Model 186 Stepping 3, GenuineIntel",Windows-11-10.0.26200-SP0
uniform2d_n6_instance202602,6,202602,7,qubo_sa_swap,iterations,100,1,36,3600,600,3600,0.024714899999707995,1.525467729978496,True,1.5254677299784958,2.220446049250313e-14,,3.14.4,"Intel64 Family 6 Model 186 Stepping 3, GenuineIntel",Windows-11-10.0.26200-SP0
uniform2d_n6_instance202602,6,202602,8,two_opt,iterations,100,1,36,3600,600,3600,0.01895819999936066,1.5254677299784958,True,1.5254677299784958,0.0,,3.14.4,"Intel64 Family 6 Model 186 Stepping 3, GenuineIntel",Windows-11-10.0.26200-SP0
uniform2d_n6_instance202602,6,202602,8,qubo_sa,iterations,100,1,36,3600,600,3600,0.014218399999663234,1.5467019049009676,True,1.5254677299784958,1.391977981911885,,3.14.4,"Intel64 Family 6 Model 186 Stepping 3, GenuineIntel",Windows-11-10.0.26200-SP0
uniform2d_n6_instance202602,6,202602,8,qubo_sa_swap,iterations,100,1,36,3600,600,3600,0.025637100000494684,1.5254677299784958,True,1.5254677299784958,0.0,,3.14.4,"Intel64 Family 6 Model 186 Stepping 3, GenuineIntel",Windows-11-10.0.26200-SP0
uniform2d_n6_instance202602,6,202602,9,two_opt,iterations,100,1,36,3600,600,3600,0.016981400000076974,1.5254677299784958,True,1.5254677299784958,0.0,,3.14.4,"Intel64 Family 6 Model 186 Stepping 3, GenuineIntel",Windows-11-10.0.26200-SP0
uniform2d_n6_instance202602,6,202602,9,qubo_sa,iterations,100,1,36,3600,600,3600,0.013114099999256723,1.5467019049009674,True,1.5254677299784958,1.391977981911885,,3.14.4,"Intel64 Family 6 Model 186 Stepping 3, GenuineIntel",Windows-11-10.0.26200-SP0
uniform2d_n6_instance202602,6,202602,9,qubo_sa_swap,iterations,100,1,36,3600,600,3600,0.021339699999771256,1.5254677299784958,True,1.5254677299784958,0.0,,3.14.4,"Intel64 Family 6 Model 186 Stepping 3, GenuineIntel",Windows-11-10.0.26200-SP0
uniform2d_n6_instance202603,6,202603,0,two_opt,iterations,100,1,36,3600,600,3600,0.019648200000119687,2.70230418472371,True,2.70230418472371,0.0,,3.14.4,"Intel64 Family 6 Model 186 Stepping 3, GenuineIntel",Windows-11-10.0.26200-SP0
uniform2d_n6_instance202603,6,202603,0,qubo_sa,iterations,100,1,36,3600,600,3600,0.012491500000578526,3.043227915678036,True,2.70230418472371,12.616038301002108,,3.14.4,"Intel64 Family 6 Model 186 Stepping 3, GenuineIntel",Windows-11-10.0.26200-SP0
uniform2d_n6_instance202603,6,202603,0,qubo_sa_swap,iterations,100,1,36,3600,600,3600,0.02372819999982312,2.7023041847237104,True,2.70230418472371,2.220446049250313e-14,,3.14.4,"Intel64 Family 6 Model 186 Stepping 3, GenuineIntel",Windows-11-10.0.26200-SP0
uniform2d_n6_instance202603,6,202603,1,two_opt,iterations,100,1,36,3600,600,3600,0.022910800000317977,2.70230418472371,True,2.70230418472371,0.0,,3.14.4,"Intel64 Family 6 Model 186 Stepping 3, GenuineIntel",Windows-11-10.0.26200-SP0
uniform2d_n6_instance202603,6,202603,1,qubo_sa,iterations,100,1,36,3600,600,3600,0.020170300000245334,2.70230418472371,True,2.70230418472371,0.0,,3.14.4,"Intel64 Family 6 Model 186 Stepping 3, GenuineIntel",Windows-11-10.0.26200-SP0
uniform2d_n6_instance202603,6,202603,1,qubo_sa_swap,iterations,100,1,36,3600,600,3600,0.02618979999988369,2.7023041847237104,True,2.70230418472371,2.220446049250313e-14,,3.14.4,"Intel64 Family 6 Model 186 Stepping 3, GenuineIntel",Windows-11-10.0.26200-SP0
uniform2d_n6_instance202603,6,202603,2,two_opt,iterations,100,1,36,3600,600,3600,0.017917600000146194,2.70230418472371,True,2.70230418472371,0.0,,3.14.4,"Intel64 Family 6 Model 186 Stepping 3, GenuineIntel",Windows-11-10.0.26200-SP0
uniform2d_n6_instance202603,6,202603,2,qubo_sa,iterations,100,1,36,3600,600,3600,0.014696700000058627,2.7023041847237104,True,2.70230418472371,2.220446049250313e-14,,3.14.4,"Intel64 Family 6 Model 186 Stepping 3, GenuineIntel",Windows-11-10.0.26200-SP0
uniform2d_n6_instance202603,6,202603,2,qubo_sa_swap,iterations,100,1,36,3600,600,3600,0.023347199999989243,2.7023041847237104,True,2.70230418472371,2.220446049250313e-14,,3.14.4,"Intel64 Family 6 Model 186 Stepping 3, GenuineIntel",Windows-11-10.0.26200-SP0
uniform2d_n6_instance202603,6,202603,3,two_opt,iterations,100,1,36,3600,600,3600,0.021427200000289304,2.70230418472371,True,2.70230418472371,0.0,,3.14.4,"Intel64 Family 6 Model 186 Stepping 3, GenuineIntel",Windows-11-10.0.26200-SP0
uniform2d_n6_instance202603,6,202603,3,qubo_sa,iterations,100,1,36,3600,600,3600,0.013940099999672384,2.70230418472371,True,2.70230418472371,0.0,,3.14.4,"Intel64 Family 6 Model 186 Stepping 3, GenuineIntel",Windows-11-10.0.26200-SP0
uniform2d_n6_instance202603,6,202603,3,qubo_sa_swap,iterations,100,1,36,3600,600,3600,0.025858599999992293,2.70230418472371,True,2.70230418472371,0.0,,3.14.4,"Intel64 Family 6 Model 186 Stepping 3, GenuineIntel",Windows-11-10.0.26200-SP0
uniform2d_n6_instance202603,6,202603,4,two_opt,iterations,100,1,36,3600,600,3600,0.017344699999739532,2.70230418472371,True,2.70230418472371,0.0,,3.14.4,"Intel64 Family 6 Model 186 Stepping 3, GenuineIntel",Windows-11-10.0.26200-SP0
uniform2d_n6_instance202603,6,202603,4,qubo_sa,iterations,100,1,36,3600,600,3600,0.0131667000005109,2.7151711911416805,True,2.70230418472371,0.476149446487506,,3.14.4,"Intel64 Family 6 Model 186 Stepping 3, GenuineIntel",Windows-11-10.0.26200-SP0
uniform2d_n6_instance202603,6,202603,4,qubo_sa_swap,iterations,100,1,36,3600,600,3600,0.022781900000154565,2.7023041847237104,True,2.70230418472371,2.220446049250313e-14,,3.14.4,"Intel64 Family 6 Model 186 Stepping 3, GenuineIntel",Windows-11-10.0.26200-SP0
uniform2d_n6_instance202603,6,202603,5,two_opt,iterations,100,1,36,3600,600,3600,0.0179097999998703,2.70230418472371,True,2.70230418472371,0.0,,3.14.4,"Intel64 Family 6 Model 186 Stepping 3, GenuineIntel",Windows-11-10.0.26200-SP0
uniform2d_n6_instance202603,6,202603,5,qubo_sa,iterations,100,1,36,3600,600,3600,0.04721609999978682,2.7023041847237104,True,2.70230418472371,2.220446049250313e-14,,3.14.4,"Intel64 Family 6 Model 186 Stepping 3, GenuineIntel",Windows-11-10.0.26200-SP0
uniform2d_n6_instance202603,6,202603,5,qubo_sa_swap,iterations,100,1,36,3600,600,3600,0.07558619999963412,2.7023041847237104,True,2.70230418472371,2.220446049250313e-14,,3.14.4,"Intel64 Family 6 Model 186 Stepping 3, GenuineIntel",Windows-11-10.0.26200-SP0
uniform2d_n6_instance202603,6,202603,6,two_opt,iterations,100,1,36,3600,600,3600,0.03994870000042283,2.70230418472371,True,2.70230418472371,0.0,,3.14.4,"Intel64 Family 6 Model 186 Stepping 3, GenuineIntel",Windows-11-10.0.26200-SP0
uniform2d_n6_instance202603,6,202603,6,qubo_sa,iterations,100,1,36,3600,600,3600,0.056202400000074704,2.70230418472371,True,2.70230418472371,0.0,,3.14.4,"Intel64 Family 6 Model 186 Stepping 3, GenuineIntel",Windows-11-10.0.26200-SP0
uniform2d_n6_instance202603,6,202603,6,qubo_sa_swap,iterations,100,1,36,3600,600,3600,0.07794249999915337,2.7023041847237104,True,2.70230418472371,2.220446049250313e-14,,3.14.4,"Intel64 Family 6 Model 186 Stepping 3, GenuineIntel",Windows-11-10.0.26200-SP0
uniform2d_n6_instance202603,6,202603,7,two_opt,iterations,100,1,36,3600,600,3600,0.03843200000028446,2.70230418472371,True,2.70230418472371,0.0,,3.14.4,"Intel64 Family 6 Model 186 Stepping 3, GenuineIntel",Windows-11-10.0.26200-SP0
uniform2d_n6_instance202603,6,202603,7,qubo_sa,iterations,100,1,36,3600,600,3600,0.04948260000037408,2.7023041847237104,True,2.70230418472371,2.220446049250313e-14,,3.14.4,"Intel64 Family 6 Model 186 Stepping 3, GenuineIntel",Windows-11-10.0.26200-SP0
uniform2d_n6_instance202603,6,202603,7,qubo_sa_swap,iterations,100,1,36,3600,600,3600,0.07118549999995594,2.70230418472371,True,2.70230418472371,0.0,,3.14.4,"Intel64 Family 6 Model 186 Stepping 3, GenuineIntel",Windows-11-10.0.26200-SP0
uniform2d_n6_instance202603,6,202603,8,two_opt,iterations,100,1,36,3600,600,3600,0.03831160000027012,2.70230418472371,True,2.70230418472371,0.0,,3.14.4,"Intel64 Family 6 Model 186 Stepping 3, GenuineIntel",Windows-11-10.0.26200-SP0
uniform2d_n6_instance202603,6,202603,8,qubo_sa,iterations,100,1,36,3600,600,3600,0.05060389999925974,2.7023041847237104,True,2.70230418472371,2.220446049250313e-14,,3.14.4,"Intel64 Family 6 Model 186 Stepping 3, GenuineIntel",Windows-11-10.0.26200-SP0
uniform2d_n6_instance202603,6,202603,8,qubo_sa_swap,iterations,100,1,36,3600,600,3600,0.0699481999999989,2.7023041847237104,True,2.70230418472371,2.220446049250313e-14,,3.14.4,"Intel64 Family 6 Model 186 Stepping 3, GenuineIntel",Windows-11-10.0.26200-SP0
uniform2d_n6_instance202603,6,202603,9,two_opt,iterations,100,1,36,3600,600,3600,0.03895889999967039,2.70230418472371,True,2.70230418472371,0.0,,3.14.4,"Intel64 Family 6 Model 186 Stepping 3, GenuineIntel",Windows-11-10.0.26200-SP0
uniform2d_n6_instance202603,6,202603,9,qubo_sa,iterations,100,1,36,3600,600,3600,0.052169900000080816,2.715171191141681,True,2.70230418472371,0.4761494464875282,,3.14.4,"Intel64 Family 6 Model 186 Stepping 3, GenuineIntel",Windows-11-10.0.26200-SP0
uniform2d_n6_instance202603,6,202603,9,qubo_sa_swap,iterations,100,1,36,3600,600,3600,0.06896599999981845,2.7023041847237104,True,2.70230418472371,2.220446049250313e-14,,3.14.4,"Intel64 Family 6 Model 186 Stepping 3, GenuineIntel",Windows-11-10.0.26200-SP0
uniform2d_n6_instance202604,6,202604,0,two_opt,iterations,100,1,36,3600,600,3600,0.04006870000011986,1.6966530590115023,True,1.6966530590115025,0.0,,3.14.4,"Intel64 Family 6 Model 186 Stepping 3, GenuineIntel",Windows-11-10.0.26200-SP0
uniform2d_n6_instance202604,6,202604,0,qubo_sa,iterations,100,1,36,3600,600,3600,0.049646299999949406,1.818318798796702,True,1.6966530590115025,7.1709262620894165,,3.14.4,"Intel64 Family 6 Model 186 Stepping 3, GenuineIntel",Windows-11-10.0.26200-SP0
uniform2d_n6_instance202604,6,202604,0,qubo_sa_swap,iterations,100,1,36,3600,600,3600,0.07096000000001368,1.6966530590115025,True,1.6966530590115025,0.0,,3.14.4,"Intel64 Family 6 Model 186 Stepping 3, GenuineIntel",Windows-11-10.0.26200-SP0
uniform2d_n6_instance202604,6,202604,1,two_opt,iterations,100,1,36,3600,600,3600,0.051589599999715574,1.6966530590115023,True,1.6966530590115025,0.0,,3.14.4,"Intel64 Family 6 Model 186 Stepping 3, GenuineIntel",Windows-11-10.0.26200-SP0
uniform2d_n6_instance202604,6,202604,1,qubo_sa,iterations,100,1,36,3600,600,3600,0.050811199999770906,1.852745313685782,True,1.6966530590115025,9.200010210998677,,3.14.4,"Intel64 Family 6 Model 186 Stepping 3, GenuineIntel",Windows-11-10.0.26200-SP0
uniform2d_n6_instance202604,6,202604,1,qubo_sa_swap,iterations,100,1,36,3600,600,3600,0.07108299999981682,1.6966530590115025,True,1.6966530590115025,0.0,,3.14.4,"Intel64 Family 6 Model 186 Stepping 3, GenuineIntel",Windows-11-10.0.26200-SP0
uniform2d_n6_instance202604,6,202604,2,two_opt,iterations,100,1,36,3600,600,3600,0.04015739999977086,1.6966530590115023,True,1.6966530590115025,0.0,,3.14.4,"Intel64 Family 6 Model 186 Stepping 3, GenuineIntel",Windows-11-10.0.26200-SP0
uniform2d_n6_instance202604,6,202604,2,qubo_sa,iterations,100,1,36,3600,600,3600,0.05602019999969343,1.6966530590115023,True,1.6966530590115025,0.0,,3.14.4,"Intel64 Family 6 Model 186 Stepping 3, GenuineIntel",Windows-11-10.0.26200-SP0
uniform2d_n6_instance202604,6,202604,2,qubo_sa_swap,iterations,100,1,36,3600,600,3600,0.07572330000039074,1.6966530590115025,True,1.6966530590115025,0.0,,3.14.4,"Intel64 Family 6 Model 186 Stepping 3, GenuineIntel",Windows-11-10.0.26200-SP0
uniform2d_n6_instance202604,6,202604,3,two_opt,iterations,100,1,36,3600,600,3600,0.04103500000019267,1.6966530590115023,True,1.6966530590115025,0.0,,3.14.4,"Intel64 Family 6 Model 186 Stepping 3, GenuineIntel",Windows-11-10.0.26200-SP0
uniform2d_n6_instance202604,6,202604,3,qubo_sa,iterations,100,1,36,3600,600,3600,0.05046109999966575,1.6966530590115023,True,1.6966530590115025,0.0,,3.14.4,"Intel64 Family 6 Model 186 Stepping 3, GenuineIntel",Windows-11-10.0.26200-SP0
uniform2d_n6_instance202604,6,202604,3,qubo_sa_swap,iterations,100,1,36,3600,600,3600,0.07306090000020049,1.6966530590115025,True,1.6966530590115025,0.0,,3.14.4,"Intel64 Family 6 Model 186 Stepping 3, GenuineIntel",Windows-11-10.0.26200-SP0
uniform2d_n6_instance202604,6,202604,4,two_opt,iterations,100,1,36,3600,600,3600,0.040883100000428385,1.6966530590115023,True,1.6966530590115025,0.0,,3.14.4,"Intel64 Family 6 Model 186 Stepping 3, GenuineIntel",Windows-11-10.0.26200-SP0
uniform2d_n6_instance202604,6,202604,4,qubo_sa,iterations,100,1,36,3600,600,3600,0.048856599999453465,1.8342395295635947,True,1.6966530590115025,8.109287271273491,,3.14.4,"Intel64 Family 6 Model 186 Stepping 3, GenuineIntel",Windows-11-10.0.26200-SP0
uniform2d_n6_instance202604,6,202604,4,qubo_sa_swap,iterations,100,1,36,3600,600,3600,0.07733879999977944,1.6966530590115025,True,1.6966530590115025,0.0,,3.14.4,"Intel64 Family 6 Model 186 Stepping 3, GenuineIntel",Windows-11-10.0.26200-SP0
uniform2d_n6_instance202604,6,202604,5,two_opt,iterations,100,1,36,3600,600,3600,0.04259150000052614,1.6966530590115023,True,1.6966530590115025,0.0,,3.14.4,"Intel64 Family 6 Model 186 Stepping 3, GenuineIntel",Windows-11-10.0.26200-SP0
uniform2d_n6_instance202604,6,202604,5,qubo_sa,iterations,100,1,36,3600,600,3600,0.05742530000043189,1.6966530590115023,True,1.6966530590115025,0.0,,3.14.4,"Intel64 Family 6 Model 186 Stepping 3, GenuineIntel",Windows-11-10.0.26200-SP0
uniform2d_n6_instance202604,6,202604,5,qubo_sa_swap,iterations,100,1,36,3600,600,3600,0.08620590000009543,1.6966530590115025,True,1.6966530590115025,0.0,,3.14.4,"Intel64 Family 6 Model 186 Stepping 3, GenuineIntel",Windows-11-10.0.26200-SP0
uniform2d_n6_instance202604,6,202604,6,two_opt,iterations,100,1,36,3600,600,3600,0.039457799999581766,1.6966530590115023,True,1.6966530590115025,0.0,,3.14.4,"Intel64 Family 6 Model 186 Stepping 3, GenuineIntel",Windows-11-10.0.26200-SP0
uniform2d_n6_instance202604,6,202604,6,qubo_sa,iterations,100,1,36,3600,600,3600,0.06804100000044855,1.8009350626013665,True,1.6966530590115025,6.146336343543357,,3.14.4,"Intel64 Family 6 Model 186 Stepping 3, GenuineIntel",Windows-11-10.0.26200-SP0
uniform2d_n6_instance202604,6,202604,6,qubo_sa_swap,iterations,100,1,36,3600,600,3600,0.14710530000047584,1.6966530590115025,True,1.6966530590115025,0.0,,3.14.4,"Intel64 Family 6 Model 186 Stepping 3, GenuineIntel",Windows-11-10.0.26200-SP0
uniform2d_n6_instance202604,6,202604,7,two_opt,iterations,100,1,36,3600,600,3600,0.03832819999934145,1.6966530590115023,True,1.6966530590115025,0.0,,3.14.4,"Intel64 Family 6 Model 186 Stepping 3, GenuineIntel",Windows-11-10.0.26200-SP0
uniform2d_n6_instance202604,6,202604,7,qubo_sa,iterations,100,1,36,3600,600,3600,0.06064989999958925,1.774370177515436,True,1.6966530590115025,4.5806134666808385,,3.14.4,"Intel64 Family 6 Model 186 Stepping 3, GenuineIntel",Windows-11-10.0.26200-SP0
uniform2d_n6_instance202604,6,202604,7,qubo_sa_swap,iterations,100,1,36,3600,600,3600,0.09632959999999002,1.6966530590115025,True,1.6966530590115025,0.0,,3.14.4,"Intel64 Family 6 Model 186 Stepping 3, GenuineIntel",Windows-11-10.0.26200-SP0
uniform2d_n6_instance202604,6,202604,8,two_opt,iterations,100,1,36,3600,600,3600,0.039970699999685166,1.6966530590115023,True,1.6966530590115025,0.0,,3.14.4,"Intel64 Family 6 Model 186 Stepping 3, GenuineIntel",Windows-11-10.0.26200-SP0
uniform2d_n6_instance202604,6,202604,8,qubo_sa,iterations,100,1,36,3600,600,3600,0.060848400000395486,1.9357322831565373,True,1.6966530590115025,14.091226422231905,,3.14.4,"Intel64 Family 6 Model 186 Stepping 3, GenuineIntel",Windows-11-10.0.26200-SP0
uniform2d_n6_instance202604,6,202604,8,qubo_sa_swap,iterations,100,1,36,3600,600,3600,0.08322629999929632,1.6966530590115025,True,1.6966530590115025,0.0,,3.14.4,"Intel64 Family 6 Model 186 Stepping 3, GenuineIntel",Windows-11-10.0.26200-SP0
uniform2d_n6_instance202604,6,202604,9,two_opt,iterations,100,1,36,3600,600,3600,0.04148520000035205,1.6966530590115023,True,1.6966530590115025,0.0,,3.14.4,"Intel64 Family 6 Model 186 Stepping 3, GenuineIntel",Windows-11-10.0.26200-SP0
uniform2d_n6_instance202604,6,202604,9,qubo_sa,iterations,100,1,36,3600,600,3600,0.054001200000129757,1.8009350626013665,True,1.6966530590115025,6.146336343543357,,3.14.4,"Intel64 Family 6 Model 186 Stepping 3, GenuineIntel",Windows-11-10.0.26200-SP0
uniform2d_n6_instance202604,6,202604,9,qubo_sa_swap,iterations,100,1,36,3600,600,3600,0.07985610000014276,1.6966530590115025,True,1.6966530590115025,0.0,,3.14.4,"Intel64 Family 6 Model 186 Stepping 3, GenuineIntel",Windows-11-10.0.26200-SP0
uniform2d_n6_instance202605,6,202605,0,two_opt,iterations,100,1,36,3600,600,3600,0.046724799999537936,2.546247221185299,True,2.5462472211852987,2.220446049250313e-14,,3.14.4,"Intel64 Family 6 Model 186 Stepping 3, GenuineIntel",Windows-11-10.0.26200-SP0
uniform2d_n6_instance202605,6,202605,0,qubo_sa,iterations,100,1,36,3600,600,3600,0.057476900000438036,2.9110130943500683,True,2.5462472211852987,14.325626754929477,,3.14.4,"Intel64 Family 6 Model 186 Stepping 3, GenuineIntel",Windows-11-10.0.26200-SP0
uniform2d_n6_instance202605,6,202605,0,qubo_sa_swap,iterations,100,1,36,3600,600,3600,0.07597100000020873,2.546247221185299,True,2.5462472211852987,2.220446049250313e-14,,3.14.4,"Intel64 Family 6 Model 186 Stepping 3, GenuineIntel",Windows-11-10.0.26200-SP0
uniform2d_n6_instance202605,6,202605,1,two_opt,iterations,100,1,36,3600,600,3600,0.04179610000028333,2.546247221185299,True,2.5462472211852987,2.220446049250313e-14,,3.14.4,"Intel64 Family 6 Model 186 Stepping 3, GenuineIntel",Windows-11-10.0.26200-SP0
uniform2d_n6_instance202605,6,202605,1,qubo_sa,iterations,100,1,36,3600,600,3600,0.05735569999978907,2.546247221185299,True,2.5462472211852987,2.220446049250313e-14,,3.14.4,"Intel64 Family 6 Model 186 Stepping 3, GenuineIntel",Windows-11-10.0.26200-SP0
uniform2d_n6_instance202605,6,202605,1,qubo_sa_swap,iterations,100,1,36,3600,600,3600,0.07611889999952837,2.5462472211852987,True,2.5462472211852987,0.0,,3.14.4,"Intel64 Family 6 Model 186 Stepping 3, GenuineIntel",Windows-11-10.0.26200-SP0
uniform2d_n6_instance202605,6,202605,2,two_opt,iterations,100,1,36,3600,600,3600,0.04117409999980737,2.546247221185299,True,2.5462472211852987,2.220446049250313e-14,,3.14.4,"Intel64 Family 6 Model 186 Stepping 3, GenuineIntel",Windows-11-10.0.26200-SP0
uniform2d_n6_instance202605,6,202605,2,qubo_sa,iterations,100,1,36,3600,600,3600,0.06552730000021256,2.546247221185299,True,2.5462472211852987,2.220446049250313e-14,,3.14.4,"Intel64 Family 6 Model 186 Stepping 3, GenuineIntel",Windows-11-10.0.26200-SP0
uniform2d_n6_instance202605,6,202605,2,qubo_sa_swap,iterations,100,1,36,3600,600,3600,0.08100370000011026,2.546247221185299,True,2.5462472211852987,2.220446049250313e-14,,3.14.4,"Intel64 Family 6 Model 186 Stepping 3, GenuineIntel",Windows-11-10.0.26200-SP0
uniform2d_n6_instance202605,6,202605,3,two_opt,iterations,100,1,36,3600,600,3600,0.043877400000383204,2.546247221185299,True,2.5462472211852987,2.220446049250313e-14,,3.14.4,"Intel64 Family 6 Model 186 Stepping 3, GenuineIntel",Windows-11-10.0.26200-SP0
uniform2d_n6_instance202605,6,202605,3,qubo_sa,iterations,100,1,36,3600,600,3600,0.05509350000011182,2.878170014406374,True,2.5462472211852987,13.035764573817099,,3.14.4,"Intel64 Family 6 Model 186 Stepping 3, GenuineIntel",Windows-11-10.0.26200-SP0
uniform2d_n6_instance202605,6,202605,3,qubo_sa_swap,iterations,100,1,36,3600,600,3600,0.08190899999954127,2.546247221185299,True,2.5462472211852987,2.220446049250313e-14,,3.14.4,"Intel64 Family 6 Model 186 Stepping 3, GenuineIntel",Windows-11-10.0.26200-SP0
uniform2d_n6_instance202605,6,202605,4,two_opt,iterations,100,1,36,3600,600,3600,0.048825200000464974,2.546247221185299,True,2.5462472211852987,2.220446049250313e-14,,3.14.4,"Intel64 Family 6 Model 186 Stepping 3, GenuineIntel",Windows-11-10.0.26200-SP0
uniform2d_n6_instance202605,6,202605,4,qubo_sa,iterations,100,1,36,3600,600,3600,0.06640719999995781,2.5462472211852987,True,2.5462472211852987,0.0,,3.14.4,"Intel64 Family 6 Model 186 Stepping 3, GenuineIntel",Windows-11-10.0.26200-SP0
uniform2d_n6_instance202605,6,202605,4,qubo_sa_swap,iterations,100,1,36,3600,600,3600,0.09378749999996217,2.5462472211852987,True,2.5462472211852987,0.0,,3.14.4,"Intel64 Family 6 Model 186 Stepping 3, GenuineIntel",Windows-11-10.0.26200-SP0
uniform2d_n6_instance202605,6,202605,5,two_opt,iterations,100,1,36,3600,600,3600,0.0548850000004677,2.546247221185299,True,2.5462472211852987,2.220446049250313e-14,,3.14.4,"Intel64 Family 6 Model 186 Stepping 3, GenuineIntel",Windows-11-10.0.26200-SP0
uniform2d_n6_instance202605,6,202605,5,qubo_sa,iterations,100,1,36,3600,600,3600,0.056811800000104995,2.9110130943500683,True,2.5462472211852987,14.325626754929477,,3.14.4,"Intel64 Family 6 Model 186 Stepping 3, GenuineIntel",Windows-11-10.0.26200-SP0
uniform2d_n6_instance202605,6,202605,5,qubo_sa_swap,iterations,100,1,36,3600,600,3600,0.07121559999995952,2.546247221185299,True,2.5462472211852987,2.220446049250313e-14,,3.14.4,"Intel64 Family 6 Model 186 Stepping 3, GenuineIntel",Windows-11-10.0.26200-SP0
uniform2d_n6_instance202605,6,202605,6,two_opt,iterations,100,1,36,3600,600,3600,0.03916690000005474,2.546247221185299,True,2.5462472211852987,2.220446049250313e-14,,3.14.4,"Intel64 Family 6 Model 186 Stepping 3, GenuineIntel",Windows-11-10.0.26200-SP0
uniform2d_n6_instance202605,6,202605,6,qubo_sa,iterations,100,1,36,3600,600,3600,0.061106500000278174,2.546247221185299,True,2.5462472211852987,2.220446049250313e-14,,3.14.4,"Intel64 Family 6 Model 186 Stepping 3, GenuineIntel",Windows-11-10.0.26200-SP0
uniform2d_n6_instance202605,6,202605,6,qubo_sa_swap,iterations,100,1,36,3600,600,3600,0.08216069999980391,2.5462472211852987,True,2.5462472211852987,0.0,,3.14.4,"Intel64 Family 6 Model 186 Stepping 3, GenuineIntel",Windows-11-10.0.26200-SP0
uniform2d_n6_instance202605,6,202605,7,two_opt,iterations,100,1,36,3600,600,3600,0.04952109999976528,2.546247221185299,True,2.5462472211852987,2.220446049250313e-14,,3.14.4,"Intel64 Family 6 Model 186 Stepping 3, GenuineIntel",Windows-11-10.0.26200-SP0
uniform2d_n6_instance202605,6,202605,7,qubo_sa,iterations,100,1,36,3600,600,3600,0.08493600000019796,2.546247221185299,True,2.5462472211852987,2.220446049250313e-14,,3.14.4,"Intel64 Family 6 Model 186 Stepping 3, GenuineIntel",Windows-11-10.0.26200-SP0
uniform2d_n6_instance202605,6,202605,7,qubo_sa_swap,iterations,100,1,36,3600,600,3600,0.08282969999982015,2.5462472211852987,True,2.5462472211852987,0.0,,3.14.4,"Intel64 Family 6 Model 186 Stepping 3, GenuineIntel",Windows-11-10.0.26200-SP0
uniform2d_n6_instance202605,6,202605,8,two_opt,iterations,100,1,36,3600,600,3600,0.04210849999981292,2.546247221185299,True,2.5462472211852987,2.220446049250313e-14,,3.14.4,"Intel64 Family 6 Model 186 Stepping 3, GenuineIntel",Windows-11-10.0.26200-SP0
uniform2d_n6_instance202605,6,202605,8,qubo_sa,iterations,100,1,36,3600,600,3600,0.050687899999502406,2.546247221185299,True,2.5462472211852987,2.220446049250313e-14,,3.14.4,"Intel64 Family 6 Model 186 Stepping 3, GenuineIntel",Windows-11-10.0.26200-SP0
uniform2d_n6_instance202605,6,202605,8,qubo_sa_swap,iterations,100,1,36,3600,600,3600,0.07556079999994836,2.546247221185299,True,2.5462472211852987,2.220446049250313e-14,,3.14.4,"Intel64 Family 6 Model 186 Stepping 3, GenuineIntel",Windows-11-10.0.26200-SP0
uniform2d_n6_instance202605,6,202605,9,two_opt,iterations,100,1,36,3600,600,3600,0.04022800000075222,2.546247221185299,True,2.5462472211852987,2.220446049250313e-14,,3.14.4,"Intel64 Family 6 Model 186 Stepping 3, GenuineIntel",Windows-11-10.0.26200-SP0
uniform2d_n6_instance202605,6,202605,9,qubo_sa,iterations,100,1,36,3600,600,3600,0.057660800000121526,2.546247221185299,True,2.5462472211852987,2.220446049250313e-14,,3.14.4,"Intel64 Family 6 Model 186 Stepping 3, GenuineIntel",Windows-11-10.0.26200-SP0
uniform2d_n6_instance202605,6,202605,9,qubo_sa_swap,iterations,100,1,36,3600,600,3600,0.08475479999924573,2.546247221185299,True,2.5462472211852987,2.220446049250313e-14,,3.14.4,"Intel64 Family 6 Model 186 Stepping 3, GenuineIntel",Windows-11-10.0.26200-SP0
uniform2d_n6_instance202606,6,202606,0,two_opt,iterations,100,1,36,3600,600,3600,0.046489199999996345,2.352617547776594,True,2.352617547776594,0.0,,3.14.4,"Intel64 Family 6 Model 186 Stepping 3, GenuineIntel",Windows-11-10.0.26200-SP0
uniform2d_n6_instance202606,6,202606,0,qubo_sa,iterations,100,1,36,3600,600,3600,0.05521859999953449,2.4014029835311548,True,2.352617547776594,2.073666236174554,,3.14.4,"Intel64 Family 6 Model 186 Stepping 3, GenuineIntel",Windows-11-10.0.26200-SP0
uniform2d_n6_instance202606,6,202606,0,qubo_sa_swap,iterations,100,1,36,3600,600,3600,0.07375640000009298,2.352617547776594,True,2.352617547776594,0.0,,3.14.4,"Intel64 Family 6 Model 186 Stepping 3, GenuineIntel",Windows-11-10.0.26200-SP0
uniform2d_n6_instance202606,6,202606,1,two_opt,iterations,100,1,36,3600,600,3600,0.0425613000006706,2.352617547776594,True,2.352617547776594,0.0,,3.14.4,"Intel64 Family 6 Model 186 Stepping 3, GenuineIntel",Windows-11-10.0.26200-SP0
uniform2d_n6_instance202606,6,202606,1,qubo_sa,iterations,100,1,36,3600,600,3600,0.06424579999929847,2.352617547776594,True,2.352617547776594,0.0,,3.14.4,"Intel64 Family 6 Model 186 Stepping 3, GenuineIntel",Windows-11-10.0.26200-SP0
uniform2d_n6_instance202606,6,202606,1,qubo_sa_swap,iterations,100,1,36,3600,600,3600,0.08264359999975568,2.352617547776594,True,2.352617547776594,0.0,,3.14.4,"Intel64 Family 6 Model 186 Stepping 3, GenuineIntel",Windows-11-10.0.26200-SP0
uniform2d_n6_instance202606,6,202606,2,two_opt,iterations,100,1,36,3600,600,3600,0.037688100000195845,2.352617547776594,True,2.352617547776594,0.0,,3.14.4,"Intel64 Family 6 Model 186 Stepping 3, GenuineIntel",Windows-11-10.0.26200-SP0
uniform2d_n6_instance202606,6,202606,2,qubo_sa,iterations,100,1,36,3600,600,3600,0.0548028000002887,2.352617547776594,True,2.352617547776594,0.0,,3.14.4,"Intel64 Family 6 Model 186 Stepping 3, GenuineIntel",Windows-11-10.0.26200-SP0
uniform2d_n6_instance202606,6,202606,2,qubo_sa_swap,iterations,100,1,36,3600,600,3600,0.09163669999998092,2.352617547776594,True,2.352617547776594,0.0,,3.14.4,"Intel64 Family 6 Model 186 Stepping 3, GenuineIntel",Windows-11-10.0.26200-SP0
uniform2d_n6_instance202606,6,202606,3,two_opt,iterations,100,1,36,3600,600,3600,0.04772369999955117,2.352617547776594,True,2.352617547776594,0.0,,3.14.4,"Intel64 Family 6 Model 186 Stepping 3, GenuineIntel",Windows-11-10.0.26200-SP0
uniform2d_n6_instance202606,6,202606,3,qubo_sa,iterations,100,1,36,3600,600,3600,0.06067540000003646,2.57320095281668,True,2.352617547776594,9.376084321421253,,3.14.4,"Intel64 Family 6 Model 186 Stepping 3, GenuineIntel",Windows-11-10.0.26200-SP0
uniform2d_n6_instance202606,6,202606,3,qubo_sa_swap,iterations,100,1,36,3600,600,3600,0.07596850000027189,2.352617547776594,True,2.352617547776594,0.0,,3.14.4,"Intel64 Family 6 Model 186 Stepping 3, GenuineIntel",Windows-11-10.0.26200-SP0
uniform2d_n6_instance202606,6,202606,4,two_opt,iterations,100,1,36,3600,600,3600,0.0439301999995223,2.352617547776594,True,2.352617547776594,0.0,,3.14.4,"Intel64 Family 6 Model 186 Stepping 3, GenuineIntel",Windows-11-10.0.26200-SP0
uniform2d_n6_instance202606,6,202606,4,qubo_sa,iterations,100,1,36,3600,600,3600,0.058445100000426464,2.352617547776594,True,2.352617547776594,0.0,,3.14.4,"Intel64 Family 6 Model 186 Stepping 3, GenuineIntel",Windows-11-10.0.26200-SP0
uniform2d_n6_instance202606,6,202606,4,qubo_sa_swap,iterations,100,1,36,3600,600,3600,0.0804734000003009,2.352617547776594,True,2.352617547776594,0.0,,3.14.4,"Intel64 Family 6 Model 186 Stepping 3, GenuineIntel",Windows-11-10.0.26200-SP0
uniform2d_n6_instance202606,6,202606,5,two_opt,iterations,100,1,36,3600,600,3600,0.03828299999986484,2.352617547776594,True,2.352617547776594,0.0,,3.14.4,"Intel64 Family 6 Model 186 Stepping 3, GenuineIntel",Windows-11-10.0.26200-SP0
uniform2d_n6_instance202606,6,202606,5,qubo_sa,iterations,100,1,36,3600,600,3600,0.062482899999849906,2.4014029835311543,True,2.352617547776594,2.0736662361745317,,3.14.4,"Intel64 Family 6 Model 186 Stepping 3, GenuineIntel",Windows-11-10.0.26200-SP0
uniform2d_n6_instance202606,6,202606,5,qubo_sa_swap,iterations,100,1,36,3600,600,3600,0.08598640000036539,2.352617547776594,True,2.352617547776594,0.0,,3.14.4,"Intel64 Family 6 Model 186 Stepping 3, GenuineIntel",Windows-11-10.0.26200-SP0
uniform2d_n6_instance202606,6,202606,6,two_opt,iterations,100,1,36,3600,600,3600,0.045539100000496546,2.352617547776594,True,2.352617547776594,0.0,,3.14.4,"Intel64 Family 6 Model 186 Stepping 3, GenuineIntel",Windows-11-10.0.26200-SP0
uniform2d_n6_instance202606,6,202606,6,qubo_sa,iterations,100,1,36,3600,600,3600,0.05574350000006234,2.863792329628483,True,2.352617547776594,21.727916734064536,,3.14.4,"Intel64 Family 6 Model 186 Stepping 3, GenuineIntel",Windows-11-10.0.26200-SP0
uniform2d_n6_instance202606,6,202606,6,qubo_sa_swap,iterations,100,1,36,3600,600,3600,0.08168779999959952,2.352617547776594,True,2.352617547776594,0.0,,3.14.4,"Intel64 Family 6 Model 186 Stepping 3, GenuineIntel",Windows-11-10.0.26200-SP0
uniform2d_n6_instance202606,6,202606,7,two_opt,iterations,100,1,36,3600,600,3600,0.048379599999861966,2.352617547776594,True,2.352617547776594,0.0,,3.14.4,"Intel64 Family 6 Model 186 Stepping 3, GenuineIntel",Windows-11-10.0.26200-SP0
uniform2d_n6_instance202606,6,202606,7,qubo_sa,iterations,100,1,36,3600,600,3600,0.054509300000063377,2.4014029835311543,True,2.352617547776594,2.0736662361745317,,3.14.4,"Intel64 Family 6 Model 186 Stepping 3, GenuineIntel",Windows-11-10.0.26200-SP0
uniform2d_n6_instance202606,6,202606,7,qubo_sa_swap,iterations,100,1,36,3600,600,3600,0.08625970000048255,2.352617547776594,True,2.352617547776594,0.0,,3.14.4,"Intel64 Family 6 Model 186 Stepping 3, GenuineIntel",Windows-11-10.0.26200-SP0
uniform2d_n6_instance202606,6,202606,8,two_opt,iterations,100,1,36,3600,600,3600,0.04187709999951039,2.352617547776594,True,2.352617547776594,0.0,,3.14.4,"Intel64 Family 6 Model 186 Stepping 3, GenuineIntel",Windows-11-10.0.26200-SP0
uniform2d_n6_instance202606,6,202606,8,qubo_sa,iterations,100,1,36,3600,600,3600,0.06296230000043579,2.4014029835311548,True,2.352617547776594,2.073666236174554,,3.14.4,"Intel64 Family 6 Model 186 Stepping 3, GenuineIntel",Windows-11-10.0.26200-SP0
uniform2d_n6_instance202606,6,202606,8,qubo_sa_swap,iterations,100,1,36,3600,600,3600,0.08070600000064587,2.352617547776594,True,2.352617547776594,0.0,,3.14.4,"Intel64 Family 6 Model 186 Stepping 3, GenuineIntel",Windows-11-10.0.26200-SP0
uniform2d_n6_instance202606,6,202606,9,two_opt,iterations,100,1,36,3600,600,3600,0.03997500000059517,2.352617547776594,True,2.352617547776594,0.0,,3.14.4,"Intel64 Family 6 Model 186 Stepping 3, GenuineIntel",Windows-11-10.0.26200-SP0
uniform2d_n6_instance202606,6,202606,9,qubo_sa,iterations,100,1,36,3600,600,3600,0.06189449999965291,2.7320118228949175,True,2.352617547776594,16.126474763264454,,3.14.4,"Intel64 Family 6 Model 186 Stepping 3, GenuineIntel",Windows-11-10.0.26200-SP0
uniform2d_n6_instance202606,6,202606,9,qubo_sa_swap,iterations,100,1,36,3600,600,3600,0.08309180000014749,2.352617547776594,True,2.352617547776594,0.0,,3.14.4,"Intel64 Family 6 Model 186 Stepping 3, GenuineIntel",Windows-11-10.0.26200-SP0
uniform2d_n6_instance202607,6,202607,0,two_opt,iterations,100,1,36,3600,600,3600,0.04652850000002218,2.032832452293041,True,2.0328324522930408,2.220446049250313e-14,,3.14.4,"Intel64 Family 6 Model 186 Stepping 3, GenuineIntel",Windows-11-10.0.26200-SP0
uniform2d_n6_instance202607,6,202607,0,qubo_sa,iterations,100,1,36,3600,600,3600,0.060536799999681534,2.440898497610164,True,2.0328324522930408,20.073766770932046,,3.14.4,"Intel64 Family 6 Model 186 Stepping 3, GenuineIntel",Windows-11-10.0.26200-SP0
uniform2d_n6_instance202607,6,202607,0,qubo_sa_swap,iterations,100,1,36,3600,600,3600,0.07743699999991804,2.0328324522930408,True,2.0328324522930408,0.0,,3.14.4,"Intel64 Family 6 Model 186 Stepping 3, GenuineIntel",Windows-11-10.0.26200-SP0
uniform2d_n6_instance202607,6,202607,1,two_opt,iterations,100,1,36,3600,600,3600,0.043402899999819056,2.032832452293041,True,2.0328324522930408,2.220446049250313e-14,,3.14.4,"Intel64 Family 6 Model 186 Stepping 3, GenuineIntel",Windows-11-10.0.26200-SP0
uniform2d_n6_instance202607,6,202607,1,qubo_sa,iterations,100,1,36,3600,600,3600,0.06407250000029308,2.204840060076448,True,2.0328324522930408,8.461474903619436,,3.14.4,"Intel64 Family 6 Model 186 Stepping 3, GenuineIntel",Windows-11-10.0.26200-SP0
uniform2d_n6_instance202607,6,202607,1,qubo_sa_swap,iterations,100,1,36,3600,600,3600,0.0730412000002616,2.0328324522930408,True,2.0328324522930408,0.0,,3.14.4,"Intel64 Family 6 Model 186 Stepping 3, GenuineIntel",Windows-11-10.0.26200-SP0
uniform2d_n6_instance202607,6,202607,2,two_opt,iterations,100,1,36,3600,600,3600,0.03932600000007369,2.032832452293041,True,2.0328324522930408,2.220446049250313e-14,,3.14.4,"Intel64 Family 6 Model 186 Stepping 3, GenuineIntel",Windows-11-10.0.26200-SP0
uniform2d_n6_instance202607,6,202607,2,qubo_sa,iterations,100,1,36,3600,600,3600,0.04918960000031802,2.034743971603888,True,2.0328324522930408,0.09403230987832245,,3.14.4,"Intel64 Family 6 Model 186 Stepping 3, GenuineIntel",Windows-11-10.0.26200-SP0
uniform2d_n6_instance202607,6,202607,2,qubo_sa_swap,iterations,100,1,36,3600,600,3600,0.0800718999998935,2.0328324522930408,True,2.0328324522930408,0.0,,3.14.4,"Intel64 Family 6 Model 186 Stepping 3, GenuineIntel",Windows-11-10.0.26200-SP0
uniform2d_n6_instance202607,6,202607,3,two_opt,iterations,100,1,36,3600,600,3600,0.036295699999755016,2.032832452293041,True,2.0328324522930408,2.220446049250313e-14,,3.14.4,"Intel64 Family 6 Model 186 Stepping 3, GenuineIntel",Windows-11-10.0.26200-SP0
uniform2d_n6_instance202607,6,202607,3,qubo_sa,iterations,100,1,36,3600,600,3600,0.056369200000517594,2.3455522568909686,True,2.0328324522930408,15.383452002902608,,3.14.4,"Intel64 Family 6 Model 186 Stepping 3, GenuineIntel",Windows-11-10.0.26200-SP0
uniform2d_n6_instance202607,6,202607,3,qubo_sa_swap,iterations,100,1,36,3600,600,3600,0.079953999999816,2.032832452293041,True,2.0328324522930408,2.220446049250313e-14,,3.14.4,"Intel64 Family 6 Model 186 Stepping 3, GenuineIntel",Windows-11-10.0.26200-SP0
uniform2d_n6_instance202607,6,202607,4,two_opt,iterations,100,1,36,3600,600,3600,0.04208509999989474,2.032832452293041,True,2.0328324522930408,2.220446049250313e-14,,3.14.4,"Intel64 Family 6 Model 186 Stepping 3, GenuineIntel",Windows-11-10.0.26200-SP0
uniform2d_n6_instance202607,6,202607,4,qubo_sa,iterations,100,1,36,3600,600,3600,0.05387640000026295,2.032832452293041,True,2.0328324522930408,2.220446049250313e-14,,3.14.4,"Intel64 Family 6 Model 186 Stepping 3, GenuineIntel",Windows-11-10.0.26200-SP0
uniform2d_n6_instance202607,6,202607,4,qubo_sa_swap,iterations,100,1,36,3600,600,3600,0.07226939999964088,2.0328324522930408,True,2.0328324522930408,0.0,,3.14.4,"Intel64 Family 6 Model 186 Stepping 3, GenuineIntel",Windows-11-10.0.26200-SP0
uniform2d_n6_instance202607,6,202607,5,two_opt,iterations,100,1,36,3600,600,3600,0.03844810000009602,2.032832452293041,True,2.0328324522930408,2.220446049250313e-14,,3.14.4,"Intel64 Family 6 Model 186 Stepping 3, GenuineIntel",Windows-11-10.0.26200-SP0
uniform2d_n6_instance202607,6,202607,5,qubo_sa,iterations,100,1,36,3600,600,3600,0.05662670000037906,2.032832452293041,True,2.0328324522930408,2.220446049250313e-14,,3.14.4,"Intel64 Family 6 Model 186 Stepping 3, GenuineIntel",Windows-11-10.0.26200-SP0
uniform2d_n6_instance202607,6,202607,5,qubo_sa_swap,iterations,100,1,36,3600,600,3600,0.07501170000068669,2.0328324522930408,True,2.0328324522930408,0.0,,3.14.4,"Intel64 Family 6 Model 186 Stepping 3, GenuineIntel",Windows-11-10.0.26200-SP0
uniform2d_n6_instance202607,6,202607,6,two_opt,iterations,100,1,36,3600,600,3600,0.03920540000035544,2.032832452293041,True,2.0328324522930408,2.220446049250313e-14,,3.14.4,"Intel64 Family 6 Model 186 Stepping 3, GenuineIntel",Windows-11-10.0.26200-SP0
uniform2d_n6_instance202607,6,202607,6,qubo_sa,iterations,100,1,36,3600,600,3600,0.050962600000275415,2.2067515793872956,True,2.0328324522930408,8.555507213497782,,3.14.4,"Intel64 Family 6 Model 186 Stepping 3, GenuineIntel",Windows-11-10.0.26200-SP0
uniform2d_n6_instance202607,6,202607,6,qubo_sa_swap,iterations,100,1,36,3600,600,3600,0.07253779999973631,2.032832452293041,True,2.0328324522930408,2.220446049250313e-14,,3.14.4,"Intel64 Family 6 Model 186 Stepping 3, GenuineIntel",Windows-11-10.0.26200-SP0
uniform2d_n6_instance202607,6,202607,7,two_opt,iterations,100,1,36,3600,600,3600,0.03759650000029069,2.032832452293041,True,2.0328324522930408,2.220446049250313e-14,,3.14.4,"Intel64 Family 6 Model 186 Stepping 3, GenuineIntel",Windows-11-10.0.26200-SP0
uniform2d_n6_instance202607,6,202607,7,qubo_sa,iterations,100,1,36,3600,600,3600,0.05164020000029268,2.366902500070115,True,2.0328324522930408,16.43372268089496,,3.14.4,"Intel64 Family 6 Model 186 Stepping 3, GenuineIntel",Windows-11-10.0.26200-SP0
uniform2d_n6_instance202607,6,202607,7,qubo_sa_swap,iterations,100,1,36,3600,600,3600,0.07202119999965362,2.032832452293041,True,2.0328324522930408,2.220446049250313e-14,,3.14.4,"Intel64 Family 6 Model 186 Stepping 3, GenuineIntel",Windows-11-10.0.26200-SP0
uniform2d_n6_instance202607,6,202607,8,two_opt,iterations,100,1,36,3600,600,3600,0.03933640000013838,2.032832452293041,True,2.0328324522930408,2.220446049250313e-14,,3.14.4,"Intel64 Family 6 Model 186 Stepping 3, GenuineIntel",Windows-11-10.0.26200-SP0
uniform2d_n6_instance202607,6,202607,8,qubo_sa,iterations,100,1,36,3600,600,3600,0.055653800000072806,2.2568883863168265,True,2.0328324522930408,11.021859365293496,,3.14.4,"Intel64 Family 6 Model 186 Stepping 3, GenuineIntel",Windows-11-10.0.26200-SP0
uniform2d_n6_instance202607,6,202607,8,qubo_sa_swap,iterations,100,1,36,3600,600,3600,0.07393619999947987,2.0328324522930408,True,2.0328324522930408,0.0,,3.14.4,"Intel64 Family 6 Model 186 Stepping 3, GenuineIntel",Windows-11-10.0.26200-SP0
uniform2d_n6_instance202607,6,202607,9,two_opt,iterations,100,1,36,3600,600,3600,0.036476000000220665,2.032832452293041,True,2.0328324522930408,2.220446049250313e-14,,3.14.4,"Intel64 Family 6 Model 186 Stepping 3, GenuineIntel",Windows-11-10.0.26200-SP0
uniform2d_n6_instance202607,6,202607,9,qubo_sa,iterations,100,1,36,3600,600,3600,0.04884779999974853,2.032832452293041,True,2.0328324522930408,2.220446049250313e-14,,3.14.4,"Intel64 Family 6 Model 186 Stepping 3, GenuineIntel",Windows-11-10.0.26200-SP0
uniform2d_n6_instance202607,6,202607,9,qubo_sa_swap,iterations,100,1,36,3600,600,3600,0.0825660999998945,2.0328324522930408,True,2.0328324522930408,0.0,,3.14.4,"Intel64 Family 6 Model 186 Stepping 3, GenuineIntel",Windows-11-10.0.26200-SP0
uniform2d_n6_instance202608,6,202608,0,two_opt,iterations,100,1,36,3600,600,3600,0.04495829999996204,2.469497645774541,True,2.469497645774541,0.0,,3.14.4,"Intel64 Family 6 Model 186 Stepping 3, GenuineIntel",Windows-11-10.0.26200-SP0
uniform2d_n6_instance202608,6,202608,0,qubo_sa,iterations,100,1,36,3600,600,3600,0.057184500000403204,2.5898636729793085,True,2.469497645774541,4.874109817870087,,3.14.4,"Intel64 Family 6 Model 186 Stepping 3, GenuineIntel",Windows-11-10.0.26200-SP0
uniform2d_n6_instance202608,6,202608,0,qubo_sa_swap,iterations,100,1,36,3600,600,3600,0.07364880000022822,2.469497645774541,True,2.469497645774541,0.0,,3.14.4,"Intel64 Family 6 Model 186 Stepping 3, GenuineIntel",Windows-11-10.0.26200-SP0
uniform2d_n6_instance202608,6,202608,1,two_opt,iterations,100,1,36,3600,600,3600,0.04135680000035791,2.469497645774541,True,2.469497645774541,0.0,,3.14.4,"Intel64 Family 6 Model 186 Stepping 3, GenuineIntel",Windows-11-10.0.26200-SP0
uniform2d_n6_instance202608,6,202608,1,qubo_sa,iterations,100,1,36,3600,600,3600,0.05215440000029048,2.469497645774541,True,2.469497645774541,0.0,,3.14.4,"Intel64 Family 6 Model 186 Stepping 3, GenuineIntel",Windows-11-10.0.26200-SP0
uniform2d_n6_instance202608,6,202608,1,qubo_sa_swap,iterations,100,1,36,3600,600,3600,0.07654920000004495,2.469497645774541,True,2.469497645774541,0.0,,3.14.4,"Intel64 Family 6 Model 186 Stepping 3, GenuineIntel",Windows-11-10.0.26200-SP0
uniform2d_n6_instance202608,6,202608,2,two_opt,iterations,100,1,36,3600,600,3600,0.04516180000064196,2.469497645774541,True,2.469497645774541,0.0,,3.14.4,"Intel64 Family 6 Model 186 Stepping 3, GenuineIntel",Windows-11-10.0.26200-SP0
uniform2d_n6_instance202608,6,202608,2,qubo_sa,iterations,100,1,36,3600,600,3600,0.052569100000255276,2.469497645774541,True,2.469497645774541,0.0,,3.14.4,"Intel64 Family 6 Model 186 Stepping 3, GenuineIntel",Windows-11-10.0.26200-SP0
uniform2d_n6_instance202608,6,202608,2,qubo_sa_swap,iterations,100,1,36,3600,600,3600,0.08255149999968125,2.469497645774541,True,2.469497645774541,0.0,,3.14.4,"Intel64 Family 6 Model 186 Stepping 3, GenuineIntel",Windows-11-10.0.26200-SP0
uniform2d_n6_instance202608,6,202608,3,two_opt,iterations,100,1,36,3600,600,3600,0.045286399999895366,2.469497645774541,True,2.469497645774541,0.0,,3.14.4,"Intel64 Family 6 Model 186 Stepping 3, GenuineIntel",Windows-11-10.0.26200-SP0
uniform2d_n6_instance202608,6,202608,3,qubo_sa,iterations,100,1,36,3600,600,3600,0.05542409999998199,2.469497645774541,True,2.469497645774541,0.0,,3.14.4,"Intel64 Family 6 Model 186 Stepping 3, GenuineIntel",Windows-11-10.0.26200-SP0
uniform2d_n6_instance202608,6,202608,3,qubo_sa_swap,iterations,100,1,36,3600,600,3600,0.07299280000006547,2.469497645774541,True,2.469497645774541,0.0,,3.14.4,"Intel64 Family 6 Model 186 Stepping 3, GenuineIntel",Windows-11-10.0.26200-SP0
uniform2d_n6_instance202608,6,202608,4,two_opt,iterations,100,1,36,3600,600,3600,0.0385164999997869,2.469497645774541,True,2.469497645774541,0.0,,3.14.4,"Intel64 Family 6 Model 186 Stepping 3, GenuineIntel",Windows-11-10.0.26200-SP0
uniform2d_n6_instance202608,6,202608,4,qubo_sa,iterations,100,1,36,3600,600,3600,0.054209899999477784,2.469497645774541,True,2.469497645774541,0.0,,3.14.4,"Intel64 Family 6 Model 186 Stepping 3, GenuineIntel",Windows-11-10.0.26200-SP0
uniform2d_n6_instance202608,6,202608,4,qubo_sa_swap,iterations,100,1,36,3600,600,3600,0.07461880000028032,2.469497645774541,True,2.469497645774541,0.0,,3.14.4,"Intel64 Family 6 Model 186 Stepping 3, GenuineIntel",Windows-11-10.0.26200-SP0
uniform2d_n6_instance202608,6,202608,5,two_opt,iterations,100,1,36,3600,600,3600,0.04545039999993605,2.469497645774541,True,2.469497645774541,0.0,,3.14.4,"Intel64 Family 6 Model 186 Stepping 3, GenuineIntel",Windows-11-10.0.26200-SP0
uniform2d_n6_instance202608,6,202608,5,qubo_sa,iterations,100,1,36,3600,600,3600,0.057015100000171515,2.469497645774541,True,2.469497645774541,0.0,,3.14.4,"Intel64 Family 6 Model 186 Stepping 3, GenuineIntel",Windows-11-10.0.26200-SP0
uniform2d_n6_instance202608,6,202608,5,qubo_sa_swap,iterations,100,1,36,3600,600,3600,0.07772279999971943,2.469497645774541,True,2.469497645774541,0.0,,3.14.4,"Intel64 Family 6 Model 186 Stepping 3, GenuineIntel",Windows-11-10.0.26200-SP0
uniform2d_n6_instance202608,6,202608,6,two_opt,iterations,100,1,36,3600,600,3600,0.044299799999862444,2.469497645774541,True,2.469497645774541,0.0,,3.14.4,"Intel64 Family 6 Model 186 Stepping 3, GenuineIntel",Windows-11-10.0.26200-SP0
uniform2d_n6_instance202608,6,202608,6,qubo_sa,iterations,100,1,36,3600,600,3600,0.057536199999958626,2.6831444861124756,True,2.469497645774541,8.65142919668287,,3.14.4,"Intel64 Family 6 Model 186 Stepping 3, GenuineIntel",Windows-11-10.0.26200-SP0
uniform2d_n6_instance202608,6,202608,6,qubo_sa_swap,iterations,100,1,36,3600,600,3600,0.08222329999989597,2.469497645774541,True,2.469497645774541,0.0,,3.14.4,"Intel64 Family 6 Model 186 Stepping 3, GenuineIntel",Windows-11-10.0.26200-SP0
uniform2d_n6_instance202608,6,202608,7,two_opt,iterations,100,1,36,3600,600,3600,0.04065019999961805,2.469497645774541,True,2.469497645774541,0.0,,3.14.4,"Intel64 Family 6 Model 186 Stepping 3, GenuineIntel",Windows-11-10.0.26200-SP0
uniform2d_n6_instance202608,6,202608,7,qubo_sa,iterations,100,1,36,3600,600,3600,0.05111219999980676,2.469497645774541,True,2.469497645774541,0.0,,3.14.4,"Intel64 Family 6 Model 186 Stepping 3, GenuineIntel",Windows-11-10.0.26200-SP0
uniform2d_n6_instance202608,6,202608,7,qubo_sa_swap,iterations,100,1,36,3600,600,3600,0.07704869999997754,2.469497645774541,True,2.469497645774541,0.0,,3.14.4,"Intel64 Family 6 Model 186 Stepping 3, GenuineIntel",Windows-11-10.0.26200-SP0
uniform2d_n6_instance202608,6,202608,8,two_opt,iterations,100,1,36,3600,600,3600,0.04048479999983101,2.469497645774541,True,2.469497645774541,0.0,,3.14.4,"Intel64 Family 6 Model 186 Stepping 3, GenuineIntel",Windows-11-10.0.26200-SP0
uniform2d_n6_instance202608,6,202608,8,qubo_sa,iterations,100,1,36,3600,600,3600,0.05945589999919321,2.469497645774541,True,2.469497645774541,0.0,,3.14.4,"Intel64 Family 6 Model 186 Stepping 3, GenuineIntel",Windows-11-10.0.26200-SP0
uniform2d_n6_instance202608,6,202608,8,qubo_sa_swap,iterations,100,1,36,3600,600,3600,0.09060469999985798,2.469497645774541,True,2.469497645774541,0.0,,3.14.4,"Intel64 Family 6 Model 186 Stepping 3, GenuineIntel",Windows-11-10.0.26200-SP0
uniform2d_n6_instance202608,6,202608,9,two_opt,iterations,100,1,36,3600,600,3600,0.045278399999915564,2.469497645774541,True,2.469497645774541,0.0,,3.14.4,"Intel64 Family 6 Model 186 Stepping 3, GenuineIntel",Windows-11-10.0.26200-SP0
uniform2d_n6_instance202608,6,202608,9,qubo_sa,iterations,100,1,36,3600,600,3600,0.05607819999931962,2.8393424488313097,True,2.469497645774541,14.976519766665719,,3.14.4,"Intel64 Family 6 Model 186 Stepping 3, GenuineIntel",Windows-11-10.0.26200-SP0
uniform2d_n6_instance202608,6,202608,9,qubo_sa_swap,iterations,100,1,36,3600,600,3600,0.08492200000000594,2.469497645774541,True,2.469497645774541,0.0,,3.14.4,"Intel64 Family 6 Model 186 Stepping 3, GenuineIntel",Windows-11-10.0.26200-SP0
uniform2d_n6_instance202609,6,202609,0,two_opt,iterations,100,1,36,3600,600,3600,0.044499000000541855,2.6717670496178343,True,2.6717670496178343,0.0,,3.14.4,"Intel64 Family 6 Model 186 Stepping 3, GenuineIntel",Windows-11-10.0.26200-SP0
uniform2d_n6_instance202609,6,202609,0,qubo_sa,iterations,100,1,36,3600,600,3600,0.057059900000240305,2.6717670496178347,True,2.6717670496178343,2.220446049250313e-14,,3.14.4,"Intel64 Family 6 Model 186 Stepping 3, GenuineIntel",Windows-11-10.0.26200-SP0
uniform2d_n6_instance202609,6,202609,0,qubo_sa_swap,iterations,100,1,36,3600,600,3600,0.0745028999999704,2.671767049617835,True,2.6717670496178343,2.220446049250313e-14,,3.14.4,"Intel64 Family 6 Model 186 Stepping 3, GenuineIntel",Windows-11-10.0.26200-SP0
uniform2d_n6_instance202609,6,202609,1,two_opt,iterations,100,1,36,3600,600,3600,0.04236190000028728,2.6717670496178343,True,2.6717670496178343,0.0,,3.14.4,"Intel64 Family 6 Model 186 Stepping 3, GenuineIntel",Windows-11-10.0.26200-SP0
uniform2d_n6_instance202609,6,202609,1,qubo_sa,iterations,100,1,36,3600,600,3600,0.051282399999763584,2.9788307595324097,True,2.6717670496178343,11.492907286153464,,3.14.4,"Intel64 Family 6 Model 186 Stepping 3, GenuineIntel",Windows-11-10.0.26200-SP0
uniform2d_n6_instance202609,6,202609,1,qubo_sa_swap,iterations,100,1,36,3600,600,3600,0.0744051000001491,2.671767049617835,True,2.6717670496178343,2.220446049250313e-14,,3.14.4,"Intel64 Family 6 Model 186 Stepping 3, GenuineIntel",Windows-11-10.0.26200-SP0
uniform2d_n6_instance202609,6,202609,2,two_opt,iterations,100,1,36,3600,600,3600,0.0396653999996488,2.6717670496178343,True,2.6717670496178343,0.0,,3.14.4,"Intel64 Family 6 Model 186 Stepping 3, GenuineIntel",Windows-11-10.0.26200-SP0
uniform2d_n6_instance202609,6,202609,2,qubo_sa,iterations,100,1,36,3600,600,3600,0.054218199999922945,3.024547227018401,True,2.6717670496178343,13.204002102317558,,3.14.4,"Intel64 Family 6 Model 186 Stepping 3, GenuineIntel",Windows-11-10.0.26200-SP0
uniform2d_n6_instance202609,6,202609,2,qubo_sa_swap,iterations,100,1,36,3600,600,3600,0.07628920000024664,2.6717670496178343,True,2.6717670496178343,0.0,,3.14.4,"Intel64 Family 6 Model 186 Stepping 3, GenuineIntel",Windows-11-10.0.26200-SP0
uniform2d_n6_instance202609,6,202609,3,two_opt,iterations,100,1,36,3600,600,3600,0.04148259999965376,2.6717670496178343,True,2.6717670496178343,0.0,,3.14.4,"Intel64 Family 6 Model 186 Stepping 3, GenuineIntel",Windows-11-10.0.26200-SP0
uniform2d_n6_instance202609,6,202609,3,qubo_sa,iterations,100,1,36,3600,600,3600,0.053800699999555945,2.671767049617835,True,2.6717670496178343,2.220446049250313e-14,,3.14.4,"Intel64 Family 6 Model 186 Stepping 3, GenuineIntel",Windows-11-10.0.26200-SP0
uniform2d_n6_instance202609,6,202609,3,qubo_sa_swap,iterations,100,1,36,3600,600,3600,0.07238299999971787,2.671767049617835,True,2.6717670496178343,2.220446049250313e-14,,3.14.4,"Intel64 Family 6 Model 186 Stepping 3, GenuineIntel",Windows-11-10.0.26200-SP0
uniform2d_n6_instance202609,6,202609,4,two_opt,iterations,100,1,36,3600,600,3600,0.04149909999978263,2.6717670496178343,True,2.6717670496178343,0.0,,3.14.4,"Intel64 Family 6 Model 186 Stepping 3, GenuineIntel",Windows-11-10.0.26200-SP0
uniform2d_n6_instance202609,6,202609,4,qubo_sa,iterations,100,1,36,3600,600,3600,0.051459600000271166,3.0245472270184006,True,2.6717670496178343,13.204002102317535,,3.14.4,"Intel64 Family 6 Model 186 Stepping 3, GenuineIntel",Windows-11-10.0.26200-SP0
uniform2d_n6_instance202609,6,202609,4,qubo_sa_swap,iterations,100,1,36,3600,600,3600,0.07576040000003559,2.671767049617835,True,2.6717670496178343,2.220446049250313e-14,,3.14.4,"Intel64 Family 6 Model 186 Stepping 3, GenuineIntel",Windows-11-10.0.26200-SP0
uniform2d_n6_instance202609,6,202609,5,two_opt,iterations,100,1,36,3600,600,3600,0.04388879999987694,2.6717670496178343,True,2.6717670496178343,0.0,,3.14.4,"Intel64 Family 6 Model 186 Stepping 3, GenuineIntel",Windows-11-10.0.26200-SP0
uniform2d_n6_instance202609,6,202609,5,qubo_sa,iterations,100,1,36,3600,600,3600,0.05416890000014973,2.6717670496178347,True,2.6717670496178343,2.220446049250313e-14,,3.14.4,"Intel64 Family 6 Model 186 Stepping 3, GenuineIntel",Windows-11-10.0.26200-SP0
uniform2d_n6_instance202609,6,202609,5,qubo_sa_swap,iterations,100,1,36,3600,600,3600,0.07264780000059545,2.6717670496178343,True,2.6717670496178343,0.0,,3.14.4,"Intel64 Family 6 Model 186 Stepping 3, GenuineIntel",Windows-11-10.0.26200-SP0
uniform2d_n6_instance202609,6,202609,6,two_opt,iterations,100,1,36,3600,600,3600,0.042846299999837356,2.6717670496178343,True,2.6717670496178343,0.0,,3.14.4,"Intel64 Family 6 Model 186 Stepping 3, GenuineIntel",Windows-11-10.0.26200-SP0
uniform2d_n6_instance202609,6,202609,6,qubo_sa,iterations,100,1,36,3600,600,3600,0.05194070000015927,2.975101993596003,True,2.6717670496178343,11.353345495504819,,3.14.4,"Intel64 Family 6 Model 186 Stepping 3, GenuineIntel",Windows-11-10.0.26200-SP0
uniform2d_n6_instance202609,6,202609,6,qubo_sa_swap,iterations,100,1,36,3600,600,3600,0.07028699999955279,2.671767049617835,True,2.6717670496178343,2.220446049250313e-14,,3.14.4,"Intel64 Family 6 Model 186 Stepping 3, GenuineIntel",Windows-11-10.0.26200-SP0
uniform2d_n6_instance202609,6,202609,7,two_opt,iterations,100,1,36,3600,600,3600,0.0382024000000456,2.6717670496178343,True,2.6717670496178343,0.0,,3.14.4,"Intel64 Family 6 Model 186 Stepping 3, GenuineIntel",Windows-11-10.0.26200-SP0
uniform2d_n6_instance202609,6,202609,7,qubo_sa,iterations,100,1,36,3600,600,3600,0.05540800000017043,2.671767049617835,True,2.6717670496178343,2.220446049250313e-14,,3.14.4,"Intel64 Family 6 Model 186 Stepping 3, GenuineIntel",Windows-11-10.0.26200-SP0
uniform2d_n6_instance202609,6,202609,7,qubo_sa_swap,iterations,100,1,36,3600,600,3600,0.07224280000082217,2.6717670496178343,True,2.6717670496178343,0.0,,3.14.4,"Intel64 Family 6 Model 186 Stepping 3, GenuineIntel",Windows-11-10.0.26200-SP0
uniform2d_n6_instance202609,6,202609,8,two_opt,iterations,100,1,36,3600,600,3600,0.04249179999987973,2.6717670496178343,True,2.6717670496178343,0.0,,3.14.4,"Intel64 Family 6 Model 186 Stepping 3, GenuineIntel",Windows-11-10.0.26200-SP0
uniform2d_n6_instance202609,6,202609,8,qubo_sa,iterations,100,1,36,3600,600,3600,0.05153580000023794,2.6717670496178343,True,2.6717670496178343,0.0,,3.14.4,"Intel64 Family 6 Model 186 Stepping 3, GenuineIntel",Windows-11-10.0.26200-SP0
uniform2d_n6_instance202609,6,202609,8,qubo_sa_swap,iterations,100,1,36,3600,600,3600,0.07350610000048619,2.6717670496178343,True,2.6717670496178343,0.0,,3.14.4,"Intel64 Family 6 Model 186 Stepping 3, GenuineIntel",Windows-11-10.0.26200-SP0
uniform2d_n6_instance202609,6,202609,9,two_opt,iterations,100,1,36,3600,600,3600,0.041603800000302726,2.6717670496178343,True,2.6717670496178343,0.0,,3.14.4,"Intel64 Family 6 Model 186 Stepping 3, GenuineIntel",Windows-11-10.0.26200-SP0
uniform2d_n6_instance202609,6,202609,9,qubo_sa,iterations,100,1,36,3600,600,3600,0.049788299999818264,2.671767049617835,True,2.6717670496178343,2.220446049250313e-14,,3.14.4,"Intel64 Family 6 Model 186 Stepping 3, GenuineIntel",Windows-11-10.0.26200-SP0
uniform2d_n6_instance202609,6,202609,9,qubo_sa_swap,iterations,100,1,36,3600,600,3600,0.07346919999963575,2.671767049617835,True,2.6717670496178343,2.220446049250313e-14,,3.14.4,"Intel64 Family 6 Model 186 Stepping 3, GenuineIntel",Windows-11-10.0.26200-SP0
uniform2d_n10_instance202600,10,202600,0,two_opt,iterations,100,1,100,10000,1000,10000,0.11827249999987544,3.1359879491035345,True,3.135987949103535,0.0,,3.14.4,"Intel64 Family 6 Model 186 Stepping 3, GenuineIntel",Windows-11-10.0.26200-SP0
uniform2d_n10_instance202600,10,202600,0,qubo_sa,iterations,100,1,100,10000,1000,10000,0.15606949999983044,4.0834422590437125,True,3.135987949103535,30.212307104401347,,3.14.4,"Intel64 Family 6 Model 186 Stepping 3, GenuineIntel",Windows-11-10.0.26200-SP0
uniform2d_n10_instance202600,10,202600,0,qubo_sa_swap,iterations,100,1,100,10000,1000,10000,0.21316479999950388,3.135987949103535,True,3.135987949103535,0.0,,3.14.4,"Intel64 Family 6 Model 186 Stepping 3, GenuineIntel",Windows-11-10.0.26200-SP0
uniform2d_n10_instance202600,10,202600,1,two_opt,iterations,100,1,100,10000,1000,10000,0.12358270000004268,3.1359879491035345,True,3.135987949103535,0.0,,3.14.4,"Intel64 Family 6 Model 186 Stepping 3, GenuineIntel",Windows-11-10.0.26200-SP0
uniform2d_n10_instance202600,10,202600,1,qubo_sa,iterations,100,1,100,10000,1000,10000,0.15066090000073018,4.380227963521348,True,3.135987949103535,39.67617333394078,,3.14.4,"Intel64 Family 6 Model 186 Stepping 3, GenuineIntel",Windows-11-10.0.26200-SP0
uniform2d_n10_instance202600,10,202600,1,qubo_sa_swap,iterations,100,1,100,10000,1000,10000,0.19858810000005178,3.135987949103535,True,3.135987949103535,0.0,,3.14.4,"Intel64 Family 6 Model 186 Stepping 3, GenuineIntel",Windows-11-10.0.26200-SP0
uniform2d_n10_instance202600,10,202600,2,two_opt,iterations,100,1,100,10000,1000,10000,0.12366360000032728,3.1359879491035345,True,3.135987949103535,0.0,,3.14.4,"Intel64 Family 6 Model 186 Stepping 3, GenuineIntel",Windows-11-10.0.26200-SP0
uniform2d_n10_instance202600,10,202600,2,qubo_sa,iterations,100,1,100,10000,1000,10000,0.1804121999994095,4.160197147154822,True,3.135987949103535,32.65985758472289,,3.14.4,"Intel64 Family 6 Model 186 Stepping 3, GenuineIntel",Windows-11-10.0.26200-SP0
uniform2d_n10_instance202600,10,202600,2,qubo_sa_swap,iterations,100,1,100,10000,1000,10000,0.22581730000001698,3.135987949103535,True,3.135987949103535,0.0,,3.14.4,"Intel64 Family 6 Model 186 Stepping 3, GenuineIntel",Windows-11-10.0.26200-SP0
uniform2d_n10_instance202600,10,202600,3,two_opt,iterations,100,1,100,10000,1000,10000,0.12673799999993207,3.1359879491035345,True,3.135987949103535,0.0,,3.14.4,"Intel64 Family 6 Model 186 Stepping 3, GenuineIntel",Windows-11-10.0.26200-SP0
uniform2d_n10_instance202600,10,202600,3,qubo_sa,iterations,100,1,100,10000,1000,10000,0.16725300000052812,3.9716143102400747,True,3.135987949103535,26.64635115627325,,3.14.4,"Intel64 Family 6 Model 186 Stepping 3, GenuineIntel",Windows-11-10.0.26200-SP0
uniform2d_n10_instance202600,10,202600,3,qubo_sa_swap,iterations,100,1,100,10000,1000,10000,0.21875050000016927,3.135987949103535,True,3.135987949103535,0.0,,3.14.4,"Intel64 Family 6 Model 186 Stepping 3, GenuineIntel",Windows-11-10.0.26200-SP0
uniform2d_n10_instance202600,10,202600,4,two_opt,iterations,100,1,100,10000,1000,10000,0.12842839999939315,3.1359879491035345,True,3.135987949103535,0.0,,3.14.4,"Intel64 Family 6 Model 186 Stepping 3, GenuineIntel",Windows-11-10.0.26200-SP0
uniform2d_n10_instance202600,10,202600,4,qubo_sa,iterations,100,1,100,10000,1000,10000,0.15343829999983427,5.057361458622589,True,3.135987949103535,61.26852337134474,,3.14.4,"Intel64 Family 6 Model 186 Stepping 3, GenuineIntel",Windows-11-10.0.26200-SP0
uniform2d_n10_instance202600,10,202600,4,qubo_sa_swap,iterations,100,1,100,10000,1000,10000,0.22661779999998544,3.135987949103535,True,3.135987949103535,0.0,,3.14.4,"Intel64 Family 6 Model 186 Stepping 3, GenuineIntel",Windows-11-10.0.26200-SP0
uniform2d_n10_instance202600,10,202600,5,two_opt,iterations,100,1,100,10000,1000,10000,0.13123059999998077,3.1359879491035345,True,3.135987949103535,0.0,,3.14.4,"Intel64 Family 6 Model 186 Stepping 3, GenuineIntel",Windows-11-10.0.26200-SP0
uniform2d_n10_instance202600,10,202600,5,qubo_sa,iterations,100,1,100,10000,1000,10000,0.17459859999962646,4.641761568948373,True,3.135987949103535,48.01592494241835,,3.14.4,"Intel64 Family 6 Model 186 Stepping 3, GenuineIntel",Windows-11-10.0.26200-SP0
uniform2d_n10_instance202600,10,202600,5,qubo_sa_swap,iterations,100,1,100,10000,1000,10000,0.22871000000031927,3.135987949103535,True,3.135987949103535,0.0,,3.14.4,"Intel64 Family 6 Model 186 Stepping 3, GenuineIntel",Windows-11-10.0.26200-SP0
uniform2d_n10_instance202600,10,202600,6,two_opt,iterations,100,1,100,10000,1000,10000,0.12044299999979557,3.1359879491035345,True,3.135987949103535,0.0,,3.14.4,"Intel64 Family 6 Model 186 Stepping 3, GenuineIntel",Windows-11-10.0.26200-SP0
uniform2d_n10_instance202600,10,202600,6,qubo_sa,iterations,100,1,100,10000,1000,10000,0.16093650000038906,4.29862443020907,True,3.135987949103535,37.07400984872697,,3.14.4,"Intel64 Family 6 Model 186 Stepping 3, GenuineIntel",Windows-11-10.0.26200-SP0
uniform2d_n10_instance202600,10,202600,6,qubo_sa_swap,iterations,100,1,100,10000,1000,10000,0.2207115999999587,3.135987949103535,True,3.135987949103535,0.0,,3.14.4,"Intel64 Family 6 Model 186 Stepping 3, GenuineIntel",Windows-11-10.0.26200-SP0
uniform2d_n10_instance202600,10,202600,7,two_opt,iterations,100,1,100,10000,1000,10000,0.12375729999985197,3.1359879491035345,True,3.135987949103535,0.0,,3.14.4,"Intel64 Family 6 Model 186 Stepping 3, GenuineIntel",Windows-11-10.0.26200-SP0
uniform2d_n10_instance202600,10,202600,7,qubo_sa,iterations,100,1,100,10000,1000,10000,0.16938819999995758,3.6827712496393588,True,3.135987949103535,17.435758982815265,,3.14.4,"Intel64 Family 6 Model 186 Stepping 3, GenuineIntel",Windows-11-10.0.26200-SP0
uniform2d_n10_instance202600,10,202600,7,qubo_sa_swap,iterations,100,1,100,10000,1000,10000,0.21043300000019372,3.135987949103535,True,3.135987949103535,0.0,,3.14.4,"Intel64 Family 6 Model 186 Stepping 3, GenuineIntel",Windows-11-10.0.26200-SP0
uniform2d_n10_instance202600,10,202600,8,two_opt,iterations,100,1,100,10000,1000,10000,0.13120009999965987,3.1359879491035345,True,3.135987949103535,0.0,,3.14.4,"Intel64 Family 6 Model 186 Stepping 3, GenuineIntel",Windows-11-10.0.26200-SP0
uniform2d_n10_instance202600,10,202600,8,qubo_sa,iterations,100,1,100,10000,1000,10000,0.1495518000001539,3.4692545821402256,True,3.135987949103535,10.627165615606394,,3.14.4,"Intel64 Family 6 Model 186 Stepping 3, GenuineIntel",Windows-11-10.0.26200-SP0
uniform2d_n10_instance202600,10,202600,8,qubo_sa_swap,iterations,100,1,100,10000,1000,10000,0.2174420999999711,3.135987949103535,True,3.135987949103535,0.0,,3.14.4,"Intel64 Family 6 Model 186 Stepping 3, GenuineIntel",Windows-11-10.0.26200-SP0
uniform2d_n10_instance202600,10,202600,9,two_opt,iterations,100,1,100,10000,1000,10000,0.13703030000033323,3.1359879491035345,True,3.135987949103535,0.0,,3.14.4,"Intel64 Family 6 Model 186 Stepping 3, GenuineIntel",Windows-11-10.0.26200-SP0
uniform2d_n10_instance202600,10,202600,9,qubo_sa,iterations,100,1,100,10000,1000,10000,0.16832540000086738,4.169649184238294,True,3.135987949103535,32.96126298668478,,3.14.4,"Intel64 Family 6 Model 186 Stepping 3, GenuineIntel",Windows-11-10.0.26200-SP0
uniform2d_n10_instance202600,10,202600,9,qubo_sa_swap,iterations,100,1,100,10000,1000,10000,0.2331995000004099,3.135987949103535,True,3.135987949103535,0.0,,3.14.4,"Intel64 Family 6 Model 186 Stepping 3, GenuineIntel",Windows-11-10.0.26200-SP0
uniform2d_n10_instance202601,10,202601,0,two_opt,iterations,100,1,100,10000,1000,10000,0.1370238999998037,1.7065653856843126,True,1.7065653856843126,0.0,,3.14.4,"Intel64 Family 6 Model 186 Stepping 3, GenuineIntel",Windows-11-10.0.26200-SP0
uniform2d_n10_instance202601,10,202601,0,qubo_sa,iterations,100,1,100,10000,1000,10000,0.16509749999931955,2.405827965900759,True,1.7065653856843126,40.974848434304214,,3.14.4,"Intel64 Family 6 Model 186 Stepping 3, GenuineIntel",Windows-11-10.0.26200-SP0
uniform2d_n10_instance202601,10,202601,0,qubo_sa_swap,iterations,100,1,100,10000,1000,10000,0.22817769999983284,1.706565385684313,True,1.7065653856843126,2.220446049250313e-14,,3.14.4,"Intel64 Family 6 Model 186 Stepping 3, GenuineIntel",Windows-11-10.0.26200-SP0
uniform2d_n10_instance202601,10,202601,1,two_opt,iterations,100,1,100,10000,1000,10000,0.1355038000001514,1.7065653856843126,True,1.7065653856843126,0.0,,3.14.4,"Intel64 Family 6 Model 186 Stepping 3, GenuineIntel",Windows-11-10.0.26200-SP0
uniform2d_n10_instance202601,10,202601,1,qubo_sa,iterations,100,1,100,10000,1000,10000,0.1683805000002394,2.195739375985171,True,1.7065653856843126,28.664239554156048,,3.14.4,"Intel64 Family 6 Model 186 Stepping 3, GenuineIntel",Windows-11-10.0.26200-SP0
uniform2d_n10_instance202601,10,202601,1,qubo_sa_swap,iterations,100,1,100,10000,1000,10000,0.21838949999983015,1.7065653856843126,True,1.7065653856843126,0.0,,3.14.4,"Intel64 Family 6 Model 186 Stepping 3, GenuineIntel",Windows-11-10.0.26200-SP0
uniform2d_n10_instance202601,10,202601,2,two_opt,iterations,100,1,100,10000,1000,10000,0.13784619999933057,1.7065653856843126,True,1.7065653856843126,0.0,,3.14.4,"Intel64 Family 6 Model 186 Stepping 3, GenuineIntel",Windows-11-10.0.26200-SP0
uniform2d_n10_instance202601,10,202601,2,qubo_sa,iterations,100,1,100,10000,1000,10000,0.16153959999974177,2.1534124434921846,True,1.7065653856843126,26.183998665172247,,3.14.4,"Intel64 Family 6 Model 186 Stepping 3, GenuineIntel",Windows-11-10.0.26200-SP0
uniform2d_n10_instance202601,10,202601,2,qubo_sa_swap,iterations,100,1,100,10000,1000,10000,0.23327379999955156,1.706565385684313,True,1.7065653856843126,2.220446049250313e-14,,3.14.4,"Intel64 Family 6 Model 186 Stepping 3, GenuineIntel",Windows-11-10.0.26200-SP0
uniform2d_n10_instance202601,10,202601,3,two_opt,iterations,100,1,100,10000,1000,10000,0.133211599999413,1.7065653856843126,True,1.7065653856843126,0.0,,3.14.4,"Intel64 Family 6 Model 186 Stepping 3, GenuineIntel",Windows-11-10.0.26200-SP0
uniform2d_n10_instance202601,10,202601,3,qubo_sa,iterations,100,1,100,10000,1000,10000,0.15146700000059354,2.45395365288423,True,1.7065653856843126,43.79488025887876,,3.14.4,"Intel64 Family 6 Model 186 Stepping 3, GenuineIntel",Windows-11-10.0.26200-SP0
uniform2d_n10_instance202601,10,202601,3,qubo_sa_swap,iterations,100,1,100,10000,1000,10000,0.21387750000030792,1.706565385684313,True,1.7065653856843126,2.220446049250313e-14,,3.14.4,"Intel64 Family 6 Model 186 Stepping 3, GenuineIntel",Windows-11-10.0.26200-SP0
uniform2d_n10_instance202601,10,202601,4,two_opt,iterations,100,1,100,10000,1000,10000,0.1209670999996888,1.7065653856843126,True,1.7065653856843126,0.0,,3.14.4,"Intel64 Family 6 Model 186 Stepping 3, GenuineIntel",Windows-11-10.0.26200-SP0
uniform2d_n10_instance202601,10,202601,4,qubo_sa,iterations,100,1,100,10000,1000,10000,0.1504025999993246,2.3988299055926148,True,1.7065653856843126,40.56478150297842,,3.14.4,"Intel64 Family 6 Model 186 Stepping 3, GenuineIntel",Windows-11-10.0.26200-SP0
uniform2d_n10_instance202601,10,202601,4,qubo_sa_swap,iterations,100,1,100,10000,1000,10000,0.21083550000003015,1.706565385684313,True,1.7065653856843126,2.220446049250313e-14,,3.14.4,"Intel64 Family 6 Model 186 Stepping 3, GenuineIntel",Windows-11-10.0.26200-SP0
uniform2d_n10_instance202601,10,202601,5,two_opt,iterations,100,1,100,10000,1000,10000,0.12379130000044825,1.7065653856843126,True,1.7065653856843126,0.0,,3.14.4,"Intel64 Family 6 Model 186 Stepping 3, GenuineIntel",Windows-11-10.0.26200-SP0
uniform2d_n10_instance202601,10,202601,5,qubo_sa,iterations,100,1,100,10000,1000,10000,0.1513435999995636,2.277290042617867,True,1.7065653856843126,33.4428825125092,,3.14.4,"Intel64 Family 6 Model 186 Stepping 3, GenuineIntel",Windows-11-10.0.26200-SP0
uniform2d_n10_instance202601,10,202601,5,qubo_sa_swap,iterations,100,1,100,10000,1000,10000,0.20907329999954527,1.706565385684313,True,1.7065653856843126,2.220446049250313e-14,,3.14.4,"Intel64 Family 6 Model 186 Stepping 3, GenuineIntel",Windows-11-10.0.26200-SP0
uniform2d_n10_instance202601,10,202601,6,two_opt,iterations,100,1,100,10000,1000,10000,0.12583939999967697,1.7065653856843126,True,1.7065653856843126,0.0,,3.14.4,"Intel64 Family 6 Model 186 Stepping 3, GenuineIntel",Windows-11-10.0.26200-SP0
uniform2d_n10_instance202601,10,202601,6,qubo_sa,iterations,100,1,100,10000,1000,10000,0.1572585000003528,2.3179560525298313,True,1.7065653856843126,35.825797943297566,,3.14.4,"Intel64 Family 6 Model 186 Stepping 3, GenuineIntel",Windows-11-10.0.26200-SP0
uniform2d_n10_instance202601,10,202601,6,qubo_sa_swap,iterations,100,1,100,10000,1000,10000,0.2149423000000752,1.7065653856843126,True,1.7065653856843126,0.0,,3.14.4,"Intel64 Family 6 Model 186 Stepping 3, GenuineIntel",Windows-11-10.0.26200-SP0
uniform2d_n10_instance202601,10,202601,7,two_opt,iterations,100,1,100,10000,1000,10000,0.12543170000026294,1.7065653856843126,True,1.7065653856843126,0.0,,3.14.4,"Intel64 Family 6 Model 186 Stepping 3, GenuineIntel",Windows-11-10.0.26200-SP0
uniform2d_n10_instance202601,10,202601,7,qubo_sa,iterations,100,1,100,10000,1000,10000,0.14897389999987354,2.295871925556355,True,1.7065653856843126,34.531729332816475,,3.14.4,"Intel64 Family 6 Model 186 Stepping 3, GenuineIntel",Windows-11-10.0.26200-SP0
uniform2d_n10_instance202601,10,202601,7,qubo_sa_swap,iterations,100,1,100,10000,1000,10000,0.21715510000012728,1.706565385684313,True,1.7065653856843126,2.220446049250313e-14,,3.14.4,"Intel64 Family 6 Model 186 Stepping 3, GenuineIntel",Windows-11-10.0.26200-SP0
uniform2d_n10_instance202601,10,202601,8,two_opt,iterations,100,1,100,10000,1000,10000,0.12678580000010697,1.7065653856843126,True,1.7065653856843126,0.0,,3.14.4,"Intel64 Family 6 Model 186 Stepping 3, GenuineIntel",Windows-11-10.0.26200-SP0
uniform2d_n10_instance202601,10,202601,8,qubo_sa,iterations,100,1,100,10000,1000,10000,0.14286620000075345,2.1577422652172986,True,1.7065653856843126,26.437714213456243,,3.14.4,"Intel64 Family 6 Model 186 Stepping 3, GenuineIntel",Windows-11-10.0.26200-SP0
uniform2d_n10_instance202601,10,202601,8,qubo_sa_swap,iterations,100,1,100,10000,1000,10000,0.21800810000058846,1.7065653856843126,True,1.7065653856843126,0.0,,3.14.4,"Intel64 Family 6 Model 186 Stepping 3, GenuineIntel",Windows-11-10.0.26200-SP0
uniform2d_n10_instance202601,10,202601,9,two_opt,iterations,100,1,100,10000,1000,10000,0.12462150000010297,1.7065653856843126,True,1.7065653856843126,0.0,,3.14.4,"Intel64 Family 6 Model 186 Stepping 3, GenuineIntel",Windows-11-10.0.26200-SP0
uniform2d_n10_instance202601,10,202601,9,qubo_sa,iterations,100,1,100,10000,1000,10000,0.14534120000007533,2.6247702821888383,True,1.7065653856843126,53.80426113215324,,3.14.4,"Intel64 Family 6 Model 186 Stepping 3, GenuineIntel",Windows-11-10.0.26200-SP0
uniform2d_n10_instance202601,10,202601,9,qubo_sa_swap,iterations,100,1,100,10000,1000,10000,0.21461069999986648,1.706565385684313,True,1.7065653856843126,2.220446049250313e-14,,3.14.4,"Intel64 Family 6 Model 186 Stepping 3, GenuineIntel",Windows-11-10.0.26200-SP0
uniform2d_n10_instance202602,10,202602,0,two_opt,iterations,100,1,100,10000,1000,10000,0.13379119999990507,2.6376681573035867,True,2.637668157303587,0.0,,3.14.4,"Intel64 Family 6 Model 186 Stepping 3, GenuineIntel",Windows-11-10.0.26200-SP0
uniform2d_n10_instance202602,10,202602,0,qubo_sa,iterations,100,1,100,10000,1000,10000,0.1568334000003233,3.375743856539644,True,2.637668157303587,27.982128729588585,,3.14.4,"Intel64 Family 6 Model 186 Stepping 3, GenuineIntel",Windows-11-10.0.26200-SP0
uniform2d_n10_instance202602,10,202602,0,qubo_sa_swap,iterations,100,1,100,10000,1000,10000,0.21907479999936186,2.6490495570375816,True,2.637668157303587,0.4314947542767955,,3.14.4,"Intel64 Family 6 Model 186 Stepping 3, GenuineIntel",Windows-11-10.0.26200-SP0
uniform2d_n10_instance202602,10,202602,1,two_opt,iterations,100,1,100,10000,1000,10000,0.116963599999508,2.6376681573035867,True,2.637668157303587,0.0,,3.14.4,"Intel64 Family 6 Model 186 Stepping 3, GenuineIntel",Windows-11-10.0.26200-SP0
uniform2d_n10_instance202602,10,202602,1,qubo_sa,iterations,100,1,100,10000,1000,10000,0.11782620000030875,3.653625299370797,True,2.637668157303587,38.51724635087508,,3.14.4,"Intel64 Family 6 Model 186 Stepping 3, GenuineIntel",Windows-11-10.0.26200-SP0
uniform2d_n10_instance202602,10,202602,1,qubo_sa_swap,iterations,100,1,100,10000,1000,10000,0.18808309999985795,2.637668157303587,True,2.637668157303587,0.0,,3.14.4,"Intel64 Family 6 Model 186 Stepping 3, GenuineIntel",Windows-11-10.0.26200-SP0
uniform2d_n10_instance202602,10,202602,2,two_opt,iterations,100,1,100,10000,1000,10000,0.11768419999953039,2.6376681573035867,True,2.637668157303587,0.0,,3.14.4,"Intel64 Family 6 Model 186 Stepping 3, GenuineIntel",Windows-11-10.0.26200-SP0
uniform2d_n10_instance202602,10,202602,2,qubo_sa,iterations,100,1,100,10000,1000,10000,0.13932929999918997,3.7885860254279544,True,2.637668157303587,43.63391448380367,,3.14.4,"Intel64 Family 6 Model 186 Stepping 3, GenuineIntel",Windows-11-10.0.26200-SP0
uniform2d_n10_instance202602,10,202602,2,qubo_sa_swap,iterations,100,1,100,10000,1000,10000,0.23206029999983002,2.637668157303587,True,2.637668157303587,0.0,,3.14.4,"Intel64 Family 6 Model 186 Stepping 3, GenuineIntel",Windows-11-10.0.26200-SP0
uniform2d_n10_instance202602,10,202602,3,two_opt,iterations,100,1,100,10000,1000,10000,0.11298720000013418,2.6376681573035867,True,2.637668157303587,0.0,,3.14.4,"Intel64 Family 6 Model 186 Stepping 3, GenuineIntel",Windows-11-10.0.26200-SP0
uniform2d_n10_instance202602,10,202602,3,qubo_sa,iterations,100,1,100,10000,1000,10000,0.1504648999998608,3.0997514763009506,True,2.637668157303587,17.51862976841401,,3.14.4,"Intel64 Family 6 Model 186 Stepping 3, GenuineIntel",Windows-11-10.0.26200-SP0
uniform2d_n10_instance202602,10,202602,3,qubo_sa_swap,iterations,100,1,100,10000,1000,10000,0.2000780999997005,2.637668157303587,True,2.637668157303587,0.0,,3.14.4,"Intel64 Family 6 Model 186 Stepping 3, GenuineIntel",Windows-11-10.0.26200-SP0
uniform2d_n10_instance202602,10,202602,4,two_opt,iterations,100,1,100,10000,1000,10000,0.12068259999978181,2.6376681573035867,True,2.637668157303587,0.0,,3.14.4,"Intel64 Family 6 Model 186 Stepping 3, GenuineIntel",Windows-11-10.0.26200-SP0
uniform2d_n10_instance202602,10,202602,4,qubo_sa,iterations,100,1,100,10000,1000,10000,0.14457579999998416,3.561586207753406,True,2.637668157303587,35.02783501751463,,3.14.4,"Intel64 Family 6 Model 186 Stepping 3, GenuineIntel",Windows-11-10.0.26200-SP0
uniform2d_n10_instance202602,10,202602,4,qubo_sa_swap,iterations,100,1,100,10000,1000,10000,0.20655900000019756,2.637668157303587,True,2.637668157303587,0.0,,3.14.4,"Intel64 Family 6 Model 186 Stepping 3, GenuineIntel",Windows-11-10.0.26200-SP0
uniform2d_n10_instance202602,10,202602,5,two_opt,iterations,100,1,100,10000,1000,10000,0.12448570000015025,2.6376681573035867,True,2.637668157303587,0.0,,3.14.4,"Intel64 Family 6 Model 186 Stepping 3, GenuineIntel",Windows-11-10.0.26200-SP0
uniform2d_n10_instance202602,10,202602,5,qubo_sa,iterations,100,1,100,10000,1000,10000,0.1704688999998325,3.3188841655961543,True,2.637668157303587,25.82644850173097,,3.14.4,"Intel64 Family 6 Model 186 Stepping 3, GenuineIntel",Windows-11-10.0.26200-SP0
uniform2d_n10_instance202602,10,202602,5,qubo_sa_swap,iterations,100,1,100,10000,1000,10000,0.20497570000043197,2.637668157303587,True,2.637668157303587,0.0,,3.14.4,"Intel64 Family 6 Model 186 Stepping 3, GenuineIntel",Windows-11-10.0.26200-SP0
uniform2d_n10_instance202602,10,202602,6,two_opt,iterations,100,1,100,10000,1000,10000,0.11807130000033794,2.6376681573035867,True,2.637668157303587,0.0,,3.14.4,"Intel64 Family 6 Model 186 Stepping 3, GenuineIntel",Windows-11-10.0.26200-SP0
uniform2d_n10_instance202602,10,202602,6,qubo_sa,iterations,100,1,100,10000,1000,10000,0.13787439999941853,3.56773613450144,True,2.637668157303587,35.26099273036054,,3.14.4,"Intel64 Family 6 Model 186 Stepping 3, GenuineIntel",Windows-11-10.0.26200-SP0
uniform2d_n10_instance202602,10,202602,6,qubo_sa_swap,iterations,100,1,100,10000,1000,10000,0.20341300000018236,2.637668157303587,True,2.637668157303587,0.0,,3.14.4,"Intel64 Family 6 Model 186 Stepping 3, GenuineIntel",Windows-11-10.0.26200-SP0
uniform2d_n10_instance202602,10,202602,7,two_opt,iterations,100,1,100,10000,1000,10000,0.11745989999963058,2.6376681573035867,True,2.637668157303587,0.0,,3.14.4,"Intel64 Family 6 Model 186 Stepping 3, GenuineIntel",Windows-11-10.0.26200-SP0
uniform2d_n10_instance202602,10,202602,7,qubo_sa,iterations,100,1,100,10000,1000,10000,0.1683140999994066,3.3301373506692835,True,2.637668157303587,26.25308234655219,,3.14.4,"Intel64 Family 6 Model 186 Stepping 3, GenuineIntel",Windows-11-10.0.26200-SP0
uniform2d_n10_instance202602,10,202602,7,qubo_sa_swap,iterations,100,1,100,10000,1000,10000,0.21053130000018427,2.637668157303587,True,2.637668157303587,0.0,,3.14.4,"Intel64 Family 6 Model 186 Stepping 3, GenuineIntel",Windows-11-10.0.26200-SP0
uniform2d_n10_instance202602,10,202602,8,two_opt,iterations,100,1,100,10000,1000,10000,0.11833939999996801,2.6376681573035867,True,2.637668157303587,0.0,,3.14.4,"Intel64 Family 6 Model 186 Stepping 3, GenuineIntel",Windows-11-10.0.26200-SP0
uniform2d_n10_instance202602,10,202602,8,qubo_sa,iterations,100,1,100,10000,1000,10000,0.1416058000004341,2.9838110097541515,True,2.637668157303587,13.1230629407308,,3.14.4,"Intel64 Family 6 Model 186 Stepping 3, GenuineIntel",Windows-11-10.0.26200-SP0
uniform2d_n10_instance202602,10,202602,8,qubo_sa_swap,iterations,100,1,100,10000,1000,10000,0.20413969999935944,2.637668157303587,True,2.637668157303587,0.0,,3.14.4,"Intel64 Family 6 Model 186 Stepping 3, GenuineIntel",Windows-11-10.0.26200-SP0
uniform2d_n10_instance202602,10,202602,9,two_opt,iterations,100,1,100,10000,1000,10000,0.12049930000011955,2.6376681573035867,True,2.637668157303587,0.0,,3.14.4,"Intel64 Family 6 Model 186 Stepping 3, GenuineIntel",Windows-11-10.0.26200-SP0
uniform2d_n10_instance202602,10,202602,9,qubo_sa,iterations,100,1,100,10000,1000,10000,0.14982710000003863,3.219110698923522,True,2.637668157303587,22.043809415901915,,3.14.4,"Intel64 Family 6 Model 186 Stepping 3, GenuineIntel",Windows-11-10.0.26200-SP0
uniform2d_n10_instance202602,10,202602,9,qubo_sa_swap,iterations,100,1,100,10000,1000,10000,0.210647599999902,2.637668157303587,True,2.637668157303587,0.0,,3.14.4,"Intel64 Family 6 Model 186 Stepping 3, GenuineIntel",Windows-11-10.0.26200-SP0
uniform2d_n10_instance202603,10,202603,0,two_opt,iterations,100,1,100,10000,1000,10000,0.12196979999953328,3.2265460079042496,True,3.0990079620991002,4.115447503360459,,3.14.4,"Intel64 Family 6 Model 186 Stepping 3, GenuineIntel",Windows-11-10.0.26200-SP0
uniform2d_n10_instance202603,10,202603,0,qubo_sa,iterations,100,1,100,10000,1000,10000,0.16135120000035386,4.026147686106974,True,3.0990079620991002,29.91730693650363,,3.14.4,"Intel64 Family 6 Model 186 Stepping 3, GenuineIntel",Windows-11-10.0.26200-SP0
uniform2d_n10_instance202603,10,202603,0,qubo_sa_swap,iterations,100,1,100,10000,1000,10000,0.23973479999949632,3.0990079620991002,True,3.0990079620991002,0.0,,3.14.4,"Intel64 Family 6 Model 186 Stepping 3, GenuineIntel",Windows-11-10.0.26200-SP0
uniform2d_n10_instance202603,10,202603,1,two_opt,iterations,100,1,100,10000,1000,10000,0.18353750000005675,3.2265460079042496,True,3.0990079620991002,4.115447503360459,,3.14.4,"Intel64 Family 6 Model 186 Stepping 3, GenuineIntel",Windows-11-10.0.26200-SP0
uniform2d_n10_instance202603,10,202603,1,qubo_sa,iterations,100,1,100,10000,1000,10000,0.2370206000005055,3.885759412942945,True,3.0990079620991002,25.38720327491324,,3.14.4,"Intel64 Family 6 Model 186 Stepping 3, GenuineIntel",Windows-11-10.0.26200-SP0
uniform2d_n10_instance202603,10,202603,1,qubo_sa_swap,iterations,100,1,100,10000,1000,10000,0.2614756999992096,3.0990079620991002,True,3.0990079620991002,0.0,,3.14.4,"Intel64 Family 6 Model 186 Stepping 3, GenuineIntel",Windows-11-10.0.26200-SP0
uniform2d_n10_instance202603,10,202603,2,two_opt,iterations,100,1,100,10000,1000,10000,0.18091830000048503,3.2265460079042496,True,3.0990079620991002,4.115447503360459,,3.14.4,"Intel64 Family 6 Model 186 Stepping 3, GenuineIntel",Windows-11-10.0.26200-SP0
uniform2d_n10_instance202603,10,202603,2,qubo_sa,iterations,100,1,100,10000,1000,10000,0.18228689999978087,3.9139764170299896,True,3.0990079620991002,26.297720589877848,,3.14.4,"Intel64 Family 6 Model 186 Stepping 3, GenuineIntel",Windows-11-10.0.26200-SP0
uniform2d_n10_instance202603,10,202603,2,qubo_sa_swap,iterations,100,1,100,10000,1000,10000,0.2818735999999262,3.0990079620991002,True,3.0990079620991002,0.0,,3.14.4,"Intel64 Family 6 Model 186 Stepping 3, GenuineIntel",Windows-11-10.0.26200-SP0
uniform2d_n10_instance202603,10,202603,3,two_opt,iterations,100,1,100,10000,1000,10000,0.1470787999996901,3.2265460079042496,True,3.0990079620991002,4.115447503360459,,3.14.4,"Intel64 Family 6 Model 186 Stepping 3, GenuineIntel",Windows-11-10.0.26200-SP0
uniform2d_n10_instance202603,10,202603,3,qubo_sa,iterations,100,1,100,10000,1000,10000,0.2366666999996596,3.874862864156884,True,3.0990079620991002,25.03558918036022,,3.14.4,"Intel64 Family 6 Model 186 Stepping 3, GenuineIntel",Windows-11-10.0.26200-SP0
uniform2d_n10_instance202603,10,202603,3,qubo_sa_swap,iterations,100,1,100,10000,1000,10000,0.3027878000002602,3.0990079620991002,True,3.0990079620991002,0.0,,3.14.4,"Intel64 Family 6 Model 186 Stepping 3, GenuineIntel",Windows-11-10.0.26200-SP0
uniform2d_n10_instance202603,10,202603,4,two_opt,iterations,100,1,100,10000,1000,10000,0.1640702999993664,3.2265460079042496,True,3.0990079620991002,4.115447503360459,,3.14.4,"Intel64 Family 6 Model 186 Stepping 3, GenuineIntel",Windows-11-10.0.26200-SP0
uniform2d_n10_instance202603,10,202603,4,qubo_sa,iterations,100,1,100,10000,1000,10000,0.21065859999998793,4.095762225784223,True,3.0990079620991002,32.163656107871866,,3.14.4,"Intel64 Family 6 Model 186 Stepping 3, GenuineIntel",Windows-11-10.0.26200-SP0
uniform2d_n10_instance202603,10,202603,4,qubo_sa_swap,iterations,100,1,100,10000,1000,10000,0.2805495999991763,3.0990079620991002,True,3.0990079620991002,0.0,,3.14.4,"Intel64 Family 6 Model 186 Stepping 3, GenuineIntel",Windows-11-10.0.26200-SP0
uniform2d_n10_instance202603,10,202603,5,two_opt,iterations,100,1,100,10000,1000,10000,0.16218639999988227,3.2265460079042496,True,3.0990079620991002,4.115447503360459,,3.14.4,"Intel64 Family 6 Model 186 Stepping 3, GenuineIntel",Windows-11-10.0.26200-SP0
uniform2d_n10_instance202603,10,202603,5,qubo_sa,iterations,100,1,100,10000,1000,10000,0.16917089999969903,3.601398351856081,True,3.0990079620991002,16.211329428682355,,3.14.4,"Intel64 Family 6 Model 186 Stepping 3, GenuineIntel",Windows-11-10.0.26200-SP0
uniform2d_n10_instance202603,10,202603,5,qubo_sa_swap,iterations,100,1,100,10000,1000,10000,0.23451759999989008,3.0990079620991002,True,3.0990079620991002,0.0,,3.14.4,"Intel64 Family 6 Model 186 Stepping 3, GenuineIntel",Windows-11-10.0.26200-SP0
uniform2d_n10_instance202603,10,202603,6,two_opt,iterations,100,1,100,10000,1000,10000,0.1498609000000215,3.2265460079042496,True,3.0990079620991002,4.115447503360459,,3.14.4,"Intel64 Family 6 Model 186 Stepping 3, GenuineIntel",Windows-11-10.0.26200-SP0
uniform2d_n10_instance202603,10,202603,6,qubo_sa,iterations,100,1,100,10000,1000,10000,0.26146979999975883,3.8373344607658733,True,3.0990079620991002,23.824607993800395,,3.14.4,"Intel64 Family 6 Model 186 Stepping 3, GenuineIntel",Windows-11-10.0.26200-SP0
uniform2d_n10_instance202603,10,202603,6,qubo_sa_swap,iterations,100,1,100,10000,1000,10000,0.26469099999940227,3.0990079620991002,True,3.0990079620991002,0.0,,3.14.4,"Intel64 Family 6 Model 186 Stepping 3, GenuineIntel",Windows-11-10.0.26200-SP0
uniform2d_n10_instance202603,10,202603,7,two_opt,iterations,100,1,100,10000,1000,10000,0.1367368000001079,3.2265460079042496,True,3.0990079620991002,4.115447503360459,,3.14.4,"Intel64 Family 6 Model 186 Stepping 3, GenuineIntel",Windows-11-10.0.26200-SP0
uniform2d_n10_instance202603,10,202603,7,qubo_sa,iterations,100,1,100,10000,1000,10000,0.17106929999954446,3.6381957150497617,True,3.0990079620991002,17.398721124467365,,3.14.4,"Intel64 Family 6 Model 186 Stepping 3, GenuineIntel",Windows-11-10.0.26200-SP0
uniform2d_n10_instance202603,10,202603,7,qubo_sa_swap,iterations,100,1,100,10000,1000,10000,0.22938330000033602,3.0990079620991002,True,3.0990079620991002,0.0,,3.14.4,"Intel64 Family 6 Model 186 Stepping 3, GenuineIntel",Windows-11-10.0.26200-SP0
uniform2d_n10_instance202603,10,202603,8,two_opt,iterations,100,1,100,10000,1000,10000,0.12276199999996606,3.2265460079042496,True,3.0990079620991002,4.115447503360459,,3.14.4,"Intel64 Family 6 Model 186 Stepping 3, GenuineIntel",Windows-11-10.0.26200-SP0
uniform2d_n10_instance202603,10,202603,8,qubo_sa,iterations,100,1,100,10000,1000,10000,0.15215119999993476,3.949985461635268,True,3.0990079620991002,27.459674513380783,,3.14.4,"Intel64 Family 6 Model 186 Stepping 3, GenuineIntel",Windows-11-10.0.26200-SP0
uniform2d_n10_instance202603,10,202603,8,qubo_sa_swap,iterations,100,1,100,10000,1000,10000,0.21439069999996718,3.0990079620991002,True,3.0990079620991002,0.0,,3.14.4,"Intel64 Family 6 Model 186 Stepping 3, GenuineIntel",Windows-11-10.0.26200-SP0
uniform2d_n10_instance202603,10,202603,9,two_opt,iterations,100,1,100,10000,1000,10000,0.12497679999978573,3.2265460079042496,True,3.0990079620991002,4.115447503360459,,3.14.4,"Intel64 Family 6 Model 186 Stepping 3, GenuineIntel",Windows-11-10.0.26200-SP0
uniform2d_n10_instance202603,10,202603,9,qubo_sa,iterations,100,1,100,10000,1000,10000,0.1608329999999114,3.808189794424889,True,3.0990079620991002,22.88415651069924,,3.14.4,"Intel64 Family 6 Model 186 Stepping 3, GenuineIntel",Windows-11-10.0.26200-SP0
uniform2d_n10_instance202603,10,202603,9,qubo_sa_swap,iterations,100,1,100,10000,1000,10000,0.2088407000001098,3.0990079620991002,True,3.0990079620991002,0.0,,3.14.4,"Intel64 Family 6 Model 186 Stepping 3, GenuineIntel",Windows-11-10.0.26200-SP0
uniform2d_n10_instance202604,10,202604,0,two_opt,iterations,100,1,100,10000,1000,10000,0.12487359999977343,2.1448808240142223,True,2.1448808240142228,0.0,,3.14.4,"Intel64 Family 6 Model 186 Stepping 3, GenuineIntel",Windows-11-10.0.26200-SP0
uniform2d_n10_instance202604,10,202604,0,qubo_sa,iterations,100,1,100,10000,1000,10000,0.15351420000024518,2.9769508966764913,True,2.1448808240142228,38.79330093058593,,3.14.4,"Intel64 Family 6 Model 186 Stepping 3, GenuineIntel",Windows-11-10.0.26200-SP0
uniform2d_n10_instance202604,10,202604,0,qubo_sa_swap,iterations,100,1,100,10000,1000,10000,0.2064250000003085,2.1448808240142228,True,2.1448808240142228,0.0,,3.14.4,"Intel64 Family 6 Model 186 Stepping 3, GenuineIntel",Windows-11-10.0.26200-SP0
uniform2d_n10_instance202604,10,202604,1,two_opt,iterations,100,1,100,10000,1000,10000,0.1329915999995137,2.1448808240142223,True,2.1448808240142228,0.0,,3.14.4,"Intel64 Family 6 Model 186 Stepping 3, GenuineIntel",Windows-11-10.0.26200-SP0
uniform2d_n10_instance202604,10,202604,1,qubo_sa,iterations,100,1,100,10000,1000,10000,0.1666851999998471,2.35054781284946,True,2.1448808240142228,9.588737356993281,,3.14.4,"Intel64 Family 6 Model 186 Stepping 3, GenuineIntel",Windows-11-10.0.26200-SP0
uniform2d_n10_instance202604,10,202604,1,qubo_sa_swap,iterations,100,1,100,10000,1000,10000,0.21415460000025632,2.1448808240142228,True,2.1448808240142228,0.0,,3.14.4,"Intel64 Family 6 Model 186 Stepping 3, GenuineIntel",Windows-11-10.0.26200-SP0
uniform2d_n10_instance202604,10,202604,2,two_opt,iterations,100,1,100,10000,1000,10000,0.12356089999957476,2.1448808240142223,True,2.1448808240142228,0.0,,3.14.4,"Intel64 Family 6 Model 186 Stepping 3, GenuineIntel",Windows-11-10.0.26200-SP0
uniform2d_n10_instance202604,10,202604,2,qubo_sa,iterations,100,1,100,10000,1000,10000,0.15062310000030266,2.9543772358138156,True,2.1448808240142228,37.7408573351218,,3.14.4,"Intel64 Family 6 Model 186 Stepping 3, GenuineIntel",Windows-11-10.0.26200-SP0
uniform2d_n10_instance202604,10,202604,2,qubo_sa_swap,iterations,100,1,100,10000,1000,10000,0.21334419999948295,2.1448808240142228,True,2.1448808240142228,0.0,,3.14.4,"Intel64 Family 6 Model 186 Stepping 3, GenuineIntel",Windows-11-10.0.26200-SP0
uniform2d_n10_instance202604,10,202604,3,two_opt,iterations,100,1,100,10000,1000,10000,0.12768380000034085,2.1448808240142223,True,2.1448808240142228,0.0,,3.14.4,"Intel64 Family 6 Model 186 Stepping 3, GenuineIntel",Windows-11-10.0.26200-SP0
uniform2d_n10_instance202604,10,202604,3,qubo_sa,iterations,100,1,100,10000,1000,10000,0.19154859999980545,3.379086852668312,True,2.1448808240142228,57.541939619014705,,3.14.4,"Intel64 Family 6 Model 186 Stepping 3, GenuineIntel",Windows-11-10.0.26200-SP0
uniform2d_n10_instance202604,10,202604,3,qubo_sa_swap,iterations,100,1,100,10000,1000,10000,0.21267050000005838,2.1448808240142228,True,2.1448808240142228,0.0,,3.14.4,"Intel64 Family 6 Model 186 Stepping 3, GenuineIntel",Windows-11-10.0.26200-SP0
uniform2d_n10_instance202604,10,202604,4,two_opt,iterations,100,1,100,10000,1000,10000,0.11934620000010909,2.1448808240142223,True,2.1448808240142228,0.0,,3.14.4,"Intel64 Family 6 Model 186 Stepping 3, GenuineIntel",Windows-11-10.0.26200-SP0
uniform2d_n10_instance202604,10,202604,4,qubo_sa,iterations,100,1,100,10000,1000,10000,0.15627159999985452,3.410409827466856,True,2.1448808240142228,59.002299301839514,,3.14.4,"Intel64 Family 6 Model 186 Stepping 3, GenuineIntel",Windows-11-10.0.26200-SP0
uniform2d_n10_instance202604,10,202604,4,qubo_sa_swap,iterations,100,1,100,10000,1000,10000,0.20716770000035467,2.1984744117693467,True,2.1448808240142228,2.4986743857787763,,3.14.4,"Intel64 Family 6 Model 186 Stepping 3, GenuineIntel",Windows-11-10.0.26200-SP0
uniform2d_n10_instance202604,10,202604,5,two_opt,iterations,100,1,100,10000,1000,10000,0.129313500000535,2.1448808240142223,True,2.1448808240142228,0.0,,3.14.4,"Intel64 Family 6 Model 186 Stepping 3, GenuineIntel",Windows-11-10.0.26200-SP0
uniform2d_n10_instance202604,10,202604,5,qubo_sa,iterations,100,1,100,10000,1000,10000,0.1520877000002656,,False,2.1448808240142228,,,3.14.4,"Intel64 Family 6 Model 186 Stepping 3, GenuineIntel",Windows-11-10.0.26200-SP0
uniform2d_n10_instance202604,10,202604,5,qubo_sa_swap,iterations,100,1,100,10000,1000,10000,0.2131177999999636,2.1448808240142228,True,2.1448808240142228,0.0,,3.14.4,"Intel64 Family 6 Model 186 Stepping 3, GenuineIntel",Windows-11-10.0.26200-SP0
uniform2d_n10_instance202604,10,202604,6,two_opt,iterations,100,1,100,10000,1000,10000,0.11122749999958614,2.1448808240142223,True,2.1448808240142228,0.0,,3.14.4,"Intel64 Family 6 Model 186 Stepping 3, GenuineIntel",Windows-11-10.0.26200-SP0
uniform2d_n10_instance202604,10,202604,6,qubo_sa,iterations,100,1,100,10000,1000,10000,0.1465624000002208,2.8346440141322793,True,2.1448808240142228,32.15857880752273,,3.14.4,"Intel64 Family 6 Model 186 Stepping 3, GenuineIntel",Windows-11-10.0.26200-SP0
uniform2d_n10_instance202604,10,202604,6,qubo_sa_swap,iterations,100,1,100,10000,1000,10000,0.21713510000063252,2.1448808240142228,True,2.1448808240142228,0.0,,3.14.4,"Intel64 Family 6 Model 186 Stepping 3, GenuineIntel",Windows-11-10.0.26200-SP0
uniform2d_n10_instance202604,10,202604,7,two_opt,iterations,100,1,100,10000,1000,10000,0.1531862000001638,2.1448808240142223,True,2.1448808240142228,0.0,,3.14.4,"Intel64 Family 6 Model 186 Stepping 3, GenuineIntel",Windows-11-10.0.26200-SP0
uniform2d_n10_instance202604,10,202604,7,qubo_sa,iterations,100,1,100,10000,1000,10000,0.18130000000019209,3.0698013812838445,True,2.1448808240142228,43.12223536683959,,3.14.4,"Intel64 Family 6 Model 186 Stepping 3, GenuineIntel",Windows-11-10.0.26200-SP0
uniform2d_n10_instance202604,10,202604,7,qubo_sa_swap,iterations,100,1,100,10000,1000,10000,0.23297780000029888,2.2294578189746264,True,2.1448808240142228,3.943202531976331,,3.14.4,"Intel64 Family 6 Model 186 Stepping 3, GenuineIntel",Windows-11-10.0.26200-SP0
uniform2d_n10_instance202604,10,202604,8,two_opt,iterations,100,1,100,10000,1000,10000,0.13313670000025013,2.1448808240142223,True,2.1448808240142228,0.0,,3.14.4,"Intel64 Family 6 Model 186 Stepping 3, GenuineIntel",Windows-11-10.0.26200-SP0
uniform2d_n10_instance202604,10,202604,8,qubo_sa,iterations,100,1,100,10000,1000,10000,0.15534910000042146,3.2022362325536387,True,2.1448808240142228,49.296697359648014,,3.14.4,"Intel64 Family 6 Model 186 Stepping 3, GenuineIntel",Windows-11-10.0.26200-SP0
uniform2d_n10_instance202604,10,202604,8,qubo_sa_swap,iterations,100,1,100,10000,1000,10000,0.20552570000018022,2.1984744117693467,True,2.1448808240142228,2.4986743857787763,,3.14.4,"Intel64 Family 6 Model 186 Stepping 3, GenuineIntel",Windows-11-10.0.26200-SP0
uniform2d_n10_instance202604,10,202604,9,two_opt,iterations,100,1,100,10000,1000,10000,0.12526489999982005,2.1448808240142223,True,2.1448808240142228,0.0,,3.14.4,"Intel64 Family 6 Model 186 Stepping 3, GenuineIntel",Windows-11-10.0.26200-SP0
uniform2d_n10_instance202604,10,202604,9,qubo_sa,iterations,100,1,100,10000,1000,10000,0.14536799999950745,3.1937022242628075,True,2.1448808240142228,48.8988193892133,,3.14.4,"Intel64 Family 6 Model 186 Stepping 3, GenuineIntel",Windows-11-10.0.26200-SP0
uniform2d_n10_instance202604,10,202604,9,qubo_sa_swap,iterations,100,1,100,10000,1000,10000,0.21893980000004376,2.1448808240142228,True,2.1448808240142228,0.0,,3.14.4,"Intel64 Family 6 Model 186 Stepping 3, GenuineIntel",Windows-11-10.0.26200-SP0
uniform2d_n10_instance202605,10,202605,0,two_opt,iterations,100,1,100,10000,1000,10000,0.12633349999941856,2.7763774712139186,True,2.776377471213919,0.0,,3.14.4,"Intel64 Family 6 Model 186 Stepping 3, GenuineIntel",Windows-11-10.0.26200-SP0
uniform2d_n10_instance202605,10,202605,0,qubo_sa,iterations,100,1,100,10000,1000,10000,0.15140659999997297,4.289943404491364,True,2.776377471213919,54.5158556057461,,3.14.4,"Intel64 Family 6 Model 186 Stepping 3, GenuineIntel",Windows-11-10.0.26200-SP0
uniform2d_n10_instance202605,10,202605,0,qubo_sa_swap,iterations,100,1,100,10000,1000,10000,0.22305810000034398,2.7763774712139195,True,2.776377471213919,2.220446049250313e-14,,3.14.4,"Intel64 Family 6 Model 186 Stepping 3, GenuineIntel",Windows-11-10.0.26200-SP0
uniform2d_n10_instance202605,10,202605,1,two_opt,iterations,100,1,100,10000,1000,10000,0.13280679999934364,2.7763774712139186,True,2.776377471213919,0.0,,3.14.4,"Intel64 Family 6 Model 186 Stepping 3, GenuineIntel",Windows-11-10.0.26200-SP0
uniform2d_n10_instance202605,10,202605,1,qubo_sa,iterations,100,1,100,10000,1000,10000,0.1538087999997515,3.8185624136526446,True,2.776377471213919,37.537581011383494,,3.14.4,"Intel64 Family 6 Model 186 Stepping 3, GenuineIntel",Windows-11-10.0.26200-SP0
uniform2d_n10_instance202605,10,202605,1,qubo_sa_swap,iterations,100,1,100,10000,1000,10000,0.2124426999998832,2.7763774712139195,True,2.776377471213919,2.220446049250313e-14,,3.14.4,"Intel64 Family 6 Model 186 Stepping 3, GenuineIntel",Windows-11-10.0.26200-SP0
uniform2d_n10_instance202605,10,202605,2,two_opt,iterations,100,1,100,10000,1000,10000,0.1332988000003752,2.7763774712139186,True,2.776377471213919,0.0,,3.14.4,"Intel64 Family 6 Model 186 Stepping 3, GenuineIntel",Windows-11-10.0.26200-SP0
uniform2d_n10_instance202605,10,202605,2,qubo_sa,iterations,100,1,100,10000,1000,10000,0.1525113000006968,3.7625766374074168,True,2.776377471213919,35.52107652574708,,3.14.4,"Intel64 Family 6 Model 186 Stepping 3, GenuineIntel",Windows-11-10.0.26200-SP0
uniform2d_n10_instance202605,10,202605,2,qubo_sa_swap,iterations,100,1,100,10000,1000,10000,0.21255380000002333,2.776377471213919,True,2.776377471213919,0.0,,3.14.4,"Intel64 Family 6 Model 186 Stepping 3, GenuineIntel",Windows-11-10.0.26200-SP0
uniform2d_n10_instance202605,10,202605,3,two_opt,iterations,100,1,100,10000,1000,10000,0.12797779999982595,2.7763774712139186,True,2.776377471213919,0.0,,3.14.4,"Intel64 Family 6 Model 186 Stepping 3, GenuineIntel",Windows-11-10.0.26200-SP0
uniform2d_n10_instance202605,10,202605,3,qubo_sa,iterations,100,1,100,10000,1000,10000,0.1553556999997454,3.3859891882399067,True,2.776377471213919,21.95709060985307,,3.14.4,"Intel64 Family 6 Model 186 Stepping 3, GenuineIntel",Windows-11-10.0.26200-SP0
uniform2d_n10_instance202605,10,202605,3,qubo_sa_swap,iterations,100,1,100,10000,1000,10000,0.21586529999967752,2.7763774712139195,True,2.776377471213919,2.220446049250313e-14,,3.14.4,"Intel64 Family 6 Model 186 Stepping 3, GenuineIntel",Windows-11-10.0.26200-SP0
uniform2d_n10_instance202605,10,202605,4,two_opt,iterations,100,1,100,10000,1000,10000,0.13049690000025294,2.7763774712139186,True,2.776377471213919,0.0,,3.14.4,"Intel64 Family 6 Model 186 Stepping 3, GenuineIntel",Windows-11-10.0.26200-SP0
uniform2d_n10_instance202605,10,202605,4,qubo_sa,iterations,100,1,100,10000,1000,10000,0.15510590000030788,4.028673138732004,True,2.776377471213919,45.10538212120494,,3.14.4,"Intel64 Family 6 Model 186 Stepping 3, GenuineIntel",Windows-11-10.0.26200-SP0
uniform2d_n10_instance202605,10,202605,4,qubo_sa_swap,iterations,100,1,100,10000,1000,10000,0.2076279999992039,2.776377471213919,True,2.776377471213919,0.0,,3.14.4,"Intel64 Family 6 Model 186 Stepping 3, GenuineIntel",Windows-11-10.0.26200-SP0
uniform2d_n10_instance202605,10,202605,5,two_opt,iterations,100,1,100,10000,1000,10000,0.1313138000004983,2.7763774712139186,True,2.776377471213919,0.0,,3.14.4,"Intel64 Family 6 Model 186 Stepping 3, GenuineIntel",Windows-11-10.0.26200-SP0
uniform2d_n10_instance202605,10,202605,5,qubo_sa,iterations,100,1,100,10000,1000,10000,0.15372070000012172,4.243191692048236,True,2.776377471213919,52.83194508104763,,3.14.4,"Intel64 Family 6 Model 186 Stepping 3, GenuineIntel",Windows-11-10.0.26200-SP0
uniform2d_n10_instance202605,10,202605,5,qubo_sa_swap,iterations,100,1,100,10000,1000,10000,0.2073924000005718,2.7763774712139195,True,2.776377471213919,2.220446049250313e-14,,3.14.4,"Intel64 Family 6 Model 186 Stepping 3, GenuineIntel",Windows-11-10.0.26200-SP0
uniform2d_n10_instance202605,10,202605,6,two_opt,iterations,100,1,100,10000,1000,10000,0.12317239999993035,2.7763774712139186,True,2.776377471213919,0.0,,3.14.4,"Intel64 Family 6 Model 186 Stepping 3, GenuineIntel",Windows-11-10.0.26200-SP0
uniform2d_n10_instance202605,10,202605,6,qubo_sa,iterations,100,1,100,10000,1000,10000,0.14585040000019944,3.8800422171882003,True,2.776377471213919,39.75197023521893,,3.14.4,"Intel64 Family 6 Model 186 Stepping 3, GenuineIntel",Windows-11-10.0.26200-SP0
uniform2d_n10_instance202605,10,202605,6,qubo_sa_swap,iterations,100,1,100,10000,1000,10000,0.2040009000002101,2.7763774712139195,True,2.776377471213919,2.220446049250313e-14,,3.14.4,"Intel64 Family 6 Model 186 Stepping 3, GenuineIntel",Windows-11-10.0.26200-SP0
uniform2d_n10_instance202605,10,202605,7,two_opt,iterations,100,1,100,10000,1000,10000,0.12242309999965073,2.7763774712139186,True,2.776377471213919,0.0,,3.14.4,"Intel64 Family 6 Model 186 Stepping 3, GenuineIntel",Windows-11-10.0.26200-SP0
uniform2d_n10_instance202605,10,202605,7,qubo_sa,iterations,100,1,100,10000,1000,10000,0.1494223999998212,4.056006668304817,True,2.776377471213919,46.08988548417388,,3.14.4,"Intel64 Family 6 Model 186 Stepping 3, GenuineIntel",Windows-11-10.0.26200-SP0
uniform2d_n10_instance202605,10,202605,7,qubo_sa_swap,iterations,100,1,100,10000,1000,10000,0.21703709999928833,2.776377471213919,True,2.776377471213919,0.0,,3.14.4,"Intel64 Family 6 Model 186 Stepping 3, GenuineIntel",Windows-11-10.0.26200-SP0
uniform2d_n10_instance202605,10,202605,8,two_opt,iterations,100,1,100,10000,1000,10000,0.13542689999940194,2.7763774712139186,True,2.776377471213919,0.0,,3.14.4,"Intel64 Family 6 Model 186 Stepping 3, GenuineIntel",Windows-11-10.0.26200-SP0
uniform2d_n10_instance202605,10,202605,8,qubo_sa,iterations,100,1,100,10000,1000,10000,0.1689912000001641,3.8681528602088737,True,2.776377471213919,39.323737507407316,,3.14.4,"Intel64 Family 6 Model 186 Stepping 3, GenuineIntel",Windows-11-10.0.26200-SP0
uniform2d_n10_instance202605,10,202605,8,qubo_sa_swap,iterations,100,1,100,10000,1000,10000,0.2142939999994269,2.7763774712139195,True,2.776377471213919,2.220446049250313e-14,,3.14.4,"Intel64 Family 6 Model 186 Stepping 3, GenuineIntel",Windows-11-10.0.26200-SP0
uniform2d_n10_instance202605,10,202605,9,two_opt,iterations,100,1,100,10000,1000,10000,0.1353398000001107,2.7763774712139186,True,2.776377471213919,0.0,,3.14.4,"Intel64 Family 6 Model 186 Stepping 3, GenuineIntel",Windows-11-10.0.26200-SP0
uniform2d_n10_instance202605,10,202605,9,qubo_sa,iterations,100,1,100,10000,1000,10000,0.15113860000019486,3.630084710947835,True,2.776377471213919,30.748961500564565,,3.14.4,"Intel64 Family 6 Model 186 Stepping 3, GenuineIntel",Windows-11-10.0.26200-SP0
uniform2d_n10_instance202605,10,202605,9,qubo_sa_swap,iterations,100,1,100,10000,1000,10000,0.21122689999992872,2.7763774712139195,True,2.776377471213919,2.220446049250313e-14,,3.14.4,"Intel64 Family 6 Model 186 Stepping 3, GenuineIntel",Windows-11-10.0.26200-SP0
uniform2d_n10_instance202606,10,202606,0,two_opt,iterations,100,1,100,10000,1000,10000,0.12821439999970607,3.277075838569709,True,3.277075838569709,0.0,,3.14.4,"Intel64 Family 6 Model 186 Stepping 3, GenuineIntel",Windows-11-10.0.26200-SP0
uniform2d_n10_instance202606,10,202606,0,qubo_sa,iterations,100,1,100,10000,1000,10000,0.15880319999996573,3.6707769170590083,True,3.277075838569709,12.013792108672439,,3.14.4,"Intel64 Family 6 Model 186 Stepping 3, GenuineIntel",Windows-11-10.0.26200-SP0
uniform2d_n10_instance202606,10,202606,0,qubo_sa_swap,iterations,100,1,100,10000,1000,10000,0.2236319999992702,3.2770758385697096,True,3.277075838569709,2.220446049250313e-14,,3.14.4,"Intel64 Family 6 Model 186 Stepping 3, GenuineIntel",Windows-11-10.0.26200-SP0
uniform2d_n10_instance202606,10,202606,1,two_opt,iterations,100,1,100,10000,1000,10000,0.1277197999997952,3.277075838569709,True,3.277075838569709,0.0,,3.14.4,"Intel64 Family 6 Model 186 Stepping 3, GenuineIntel",Windows-11-10.0.26200-SP0
uniform2d_n10_instance202606,10,202606,1,qubo_sa,iterations,100,1,100,10000,1000,10000,0.14897639999981038,4.077897792154499,True,3.277075838569709,24.4370894368533,,3.14.4,"Intel64 Family 6 Model 186 Stepping 3, GenuineIntel",Windows-11-10.0.26200-SP0
uniform2d_n10_instance202606,10,202606,1,qubo_sa_swap,iterations,100,1,100,10000,1000,10000,0.21184059999995952,3.2770758385697096,True,3.277075838569709,2.220446049250313e-14,,3.14.4,"Intel64 Family 6 Model 186 Stepping 3, GenuineIntel",Windows-11-10.0.26200-SP0
uniform2d_n10_instance202606,10,202606,2,two_opt,iterations,100,1,100,10000,1000,10000,0.12531829999988986,3.277075838569709,True,3.277075838569709,0.0,,3.14.4,"Intel64 Family 6 Model 186 Stepping 3, GenuineIntel",Windows-11-10.0.26200-SP0
uniform2d_n10_instance202606,10,202606,2,qubo_sa,iterations,100,1,100,10000,1000,10000,0.15780799999993178,3.9261352367711897,True,3.277075838569709,19.806053633618824,,3.14.4,"Intel64 Family 6 Model 186 Stepping 3, GenuineIntel",Windows-11-10.0.26200-SP0
uniform2d_n10_instance202606,10,202606,2,qubo_sa_swap,iterations,100,1,100,10000,1000,10000,0.20695439999963128,3.2770758385697096,True,3.277075838569709,2.220446049250313e-14,,3.14.4,"Intel64 Family 6 Model 186 Stepping 3, GenuineIntel",Windows-11-10.0.26200-SP0
uniform2d_n10_instance202606,10,202606,3,two_opt,iterations,100,1,100,10000,1000,10000,0.13024290000066685,3.277075838569709,True,3.277075838569709,0.0,,3.14.4,"Intel64 Family 6 Model 186 Stepping 3, GenuineIntel",Windows-11-10.0.26200-SP0
uniform2d_n10_instance202606,10,202606,3,qubo_sa,iterations,100,1,100,10000,1000,10000,0.16476940000029572,4.357353677937918,True,3.277075838569709,32.96468841684481,,3.14.4,"Intel64 Family 6 Model 186 Stepping 3, GenuineIntel",Windows-11-10.0.26200-SP0
uniform2d_n10_instance202606,10,202606,3,qubo_sa_swap,iterations,100,1,100,10000,1000,10000,0.21141350000016246,3.277075838569709,True,3.277075838569709,0.0,,3.14.4,"Intel64 Family 6 Model 186 Stepping 3, GenuineIntel",Windows-11-10.0.26200-SP0
uniform2d_n10_instance202606,10,202606,4,two_opt,iterations,100,1,100,10000,1000,10000,0.1326987000002191,3.277075838569709,True,3.277075838569709,0.0,,3.14.4,"Intel64 Family 6 Model 186 Stepping 3, GenuineIntel",Windows-11-10.0.26200-SP0
uniform2d_n10_instance202606,10,202606,4,qubo_sa,iterations,100,1,100,10000,1000,10000,0.1532022000001234,4.745756141676179,True,3.277075838569709,44.81679324661221,,3.14.4,"Intel64 Family 6 Model 186 Stepping 3, GenuineIntel",Windows-11-10.0.26200-SP0
uniform2d_n10_instance202606,10,202606,4,qubo_sa_swap,iterations,100,1,100,10000,1000,10000,0.2157891999995627,3.277075838569709,True,3.277075838569709,0.0,,3.14.4,"Intel64 Family 6 Model 186 Stepping 3, GenuineIntel",Windows-11-10.0.26200-SP0
uniform2d_n10_instance202606,10,202606,5,two_opt,iterations,100,1,100,10000,1000,10000,0.11889270000028773,3.277075838569709,True,3.277075838569709,0.0,,3.14.4,"Intel64 Family 6 Model 186 Stepping 3, GenuineIntel",Windows-11-10.0.26200-SP0
uniform2d_n10_instance202606,10,202606,5,qubo_sa,iterations,100,1,100,10000,1000,10000,0.15689339999971708,3.5677431586854134,True,3.277075838569709,8.869716003965511,,3.14.4,"Intel64 Family 6 Model 186 Stepping 3, GenuineIntel",Windows-11-10.0.26200-SP0
uniform2d_n10_instance202606,10,202606,5,qubo_sa_swap,iterations,100,1,100,10000,1000,10000,0.22012780000022758,3.277075838569709,True,3.277075838569709,0.0,,3.14.4,"Intel64 Family 6 Model 186 Stepping 3, GenuineIntel",Windows-11-10.0.26200-SP0
uniform2d_n10_instance202606,10,202606,6,two_opt,iterations,100,1,100,10000,1000,10000,0.12184629999956087,3.277075838569709,True,3.277075838569709,0.0,,3.14.4,"Intel64 Family 6 Model 186 Stepping 3, GenuineIntel",Windows-11-10.0.26200-SP0
uniform2d_n10_instance202606,10,202606,6,qubo_sa,iterations,100,1,100,10000,1000,10000,0.15604029999940394,3.542408498198704,True,3.277075838569709,8.09662860121052,,3.14.4,"Intel64 Family 6 Model 186 Stepping 3, GenuineIntel",Windows-11-10.0.26200-SP0
uniform2d_n10_instance202606,10,202606,6,qubo_sa_swap,iterations,100,1,100,10000,1000,10000,0.20892650000041613,3.277075838569709,True,3.277075838569709,0.0,,3.14.4,"Intel64 Family 6 Model 186 Stepping 3, GenuineIntel",Windows-11-10.0.26200-SP0
uniform2d_n10_instance202606,10,202606,7,two_opt,iterations,100,1,100,10000,1000,10000,0.12347090000002936,3.277075838569709,True,3.277075838569709,0.0,,3.14.4,"Intel64 Family 6 Model 186 Stepping 3, GenuineIntel",Windows-11-10.0.26200-SP0
uniform2d_n10_instance202606,10,202606,7,qubo_sa,iterations,100,1,100,10000,1000,10000,0.15583889999925304,4.462134626386758,True,3.277075838569709,36.16208004311161,,3.14.4,"Intel64 Family 6 Model 186 Stepping 3, GenuineIntel",Windows-11-10.0.26200-SP0
uniform2d_n10_instance202606,10,202606,7,qubo_sa_swap,iterations,100,1,100,10000,1000,10000,0.20906439999998838,3.277075838569709,True,3.277075838569709,0.0,,3.14.4,"Intel64 Family 6 Model 186 Stepping 3, GenuineIntel",Windows-11-10.0.26200-SP0
uniform2d_n10_instance202606,10,202606,8,two_opt,iterations,100,1,100,10000,1000,10000,0.13119099999948958,3.277075838569709,True,3.277075838569709,0.0,,3.14.4,"Intel64 Family 6 Model 186 Stepping 3, GenuineIntel",Windows-11-10.0.26200-SP0
uniform2d_n10_instance202606,10,202606,8,qubo_sa,iterations,100,1,100,10000,1000,10000,0.1583146000002671,4.6149927300644755,True,3.277075838569709,40.8265465128419,,3.14.4,"Intel64 Family 6 Model 186 Stepping 3, GenuineIntel",Windows-11-10.0.26200-SP0
uniform2d_n10_instance202606,10,202606,8,qubo_sa_swap,iterations,100,1,100,10000,1000,10000,0.22010910000062722,3.2770758385697096,True,3.277075838569709,2.220446049250313e-14,,3.14.4,"Intel64 Family 6 Model 186 Stepping 3, GenuineIntel",Windows-11-10.0.26200-SP0
uniform2d_n10_instance202606,10,202606,9,two_opt,iterations,100,1,100,10000,1000,10000,0.12342609999996057,3.277075838569709,True,3.277075838569709,0.0,,3.14.4,"Intel64 Family 6 Model 186 Stepping 3, GenuineIntel",Windows-11-10.0.26200-SP0
uniform2d_n10_instance202606,10,202606,9,qubo_sa,iterations,100,1,100,10000,1000,10000,0.15163940000002185,4.680760802009842,True,3.277075838569709,42.833459846104006,,3.14.4,"Intel64 Family 6 Model 186 Stepping 3, GenuineIntel",Windows-11-10.0.26200-SP0
uniform2d_n10_instance202606,10,202606,9,qubo_sa_swap,iterations,100,1,100,10000,1000,10000,0.21478170000045793,3.2770758385697096,True,3.277075838569709,2.220446049250313e-14,,3.14.4,"Intel64 Family 6 Model 186 Stepping 3, GenuineIntel",Windows-11-10.0.26200-SP0
uniform2d_n10_instance202607,10,202607,0,two_opt,iterations,100,1,100,10000,1000,10000,0.11940499999946041,2.14803784705572,True,2.14803784705572,0.0,,3.14.4,"Intel64 Family 6 Model 186 Stepping 3, GenuineIntel",Windows-11-10.0.26200-SP0
uniform2d_n10_instance202607,10,202607,0,qubo_sa,iterations,100,1,100,10000,1000,10000,0.15052829999967798,3.1207422974588455,True,2.14803784705572,45.28339441208613,,3.14.4,"Intel64 Family 6 Model 186 Stepping 3, GenuineIntel",Windows-11-10.0.26200-SP0
uniform2d_n10_instance202607,10,202607,0,qubo_sa_swap,iterations,100,1,100,10000,1000,10000,0.2108792999997604,2.1480378470557207,True,2.14803784705572,2.220446049250313e-14,,3.14.4,"Intel64 Family 6 Model 186 Stepping 3, GenuineIntel",Windows-11-10.0.26200-SP0
uniform2d_n10_instance202607,10,202607,1,two_opt,iterations,100,1,100,10000,1000,10000,0.11950159999923926,2.14803784705572,True,2.14803784705572,0.0,,3.14.4,"Intel64 Family 6 Model 186 Stepping 3, GenuineIntel",Windows-11-10.0.26200-SP0
uniform2d_n10_instance202607,10,202607,1,qubo_sa,iterations,100,1,100,10000,1000,10000,0.1560271999996985,3.1032774135473162,True,2.14803784705572,44.47033220578152,,3.14.4,"Intel64 Family 6 Model 186 Stepping 3, GenuineIntel",Windows-11-10.0.26200-SP0
uniform2d_n10_instance202607,10,202607,1,qubo_sa_swap,iterations,100,1,100,10000,1000,10000,0.20474520000061602,2.1480378470557207,True,2.14803784705572,2.220446049250313e-14,,3.14.4,"Intel64 Family 6 Model 186 Stepping 3, GenuineIntel",Windows-11-10.0.26200-SP0
uniform2d_n10_instance202607,10,202607,2,two_opt,iterations,100,1,100,10000,1000,10000,0.11970600000040577,2.14803784705572,True,2.14803784705572,0.0,,3.14.4,"Intel64 Family 6 Model 186 Stepping 3, GenuineIntel",Windows-11-10.0.26200-SP0
uniform2d_n10_instance202607,10,202607,2,qubo_sa,iterations,100,1,100,10000,1000,10000,0.15176359999986744,2.5518136140717607,True,2.14803784705572,18.797423312139916,,3.14.4,"Intel64 Family 6 Model 186 Stepping 3, GenuineIntel",Windows-11-10.0.26200-SP0
uniform2d_n10_instance202607,10,202607,2,qubo_sa_swap,iterations,100,1,100,10000,1000,10000,0.21301130000028934,2.14803784705572,True,2.14803784705572,0.0,,3.14.4,"Intel64 Family 6 Model 186 Stepping 3, GenuineIntel",Windows-11-10.0.26200-SP0
uniform2d_n10_instance202607,10,202607,3,two_opt,iterations,100,1,100,10000,1000,10000,0.12991210000018327,2.14803784705572,True,2.14803784705572,0.0,,3.14.4,"Intel64 Family 6 Model 186 Stepping 3, GenuineIntel",Windows-11-10.0.26200-SP0
uniform2d_n10_instance202607,10,202607,3,qubo_sa,iterations,100,1,100,10000,1000,10000,0.15092960000038147,3.497347657249598,True,2.14803784705572,62.815923473757884,,3.14.4,"Intel64 Family 6 Model 186 Stepping 3, GenuineIntel",Windows-11-10.0.26200-SP0
uniform2d_n10_instance202607,10,202607,3,qubo_sa_swap,iterations,100,1,100,10000,1000,10000,0.21629420000044774,2.14803784705572,True,2.14803784705572,0.0,,3.14.4,"Intel64 Family 6 Model 186 Stepping 3, GenuineIntel",Windows-11-10.0.26200-SP0
uniform2d_n10_instance202607,10,202607,4,two_opt,iterations,100,1,100,10000,1000,10000,0.126040500000272,2.14803784705572,True,2.14803784705572,0.0,,3.14.4,"Intel64 Family 6 Model 186 Stepping 3, GenuineIntel",Windows-11-10.0.26200-SP0
uniform2d_n10_instance202607,10,202607,4,qubo_sa,iterations,100,1,100,10000,1000,10000,0.16061400000035064,2.7896166846598427,True,2.14803784705572,29.86813470179419,,3.14.4,"Intel64 Family 6 Model 186 Stepping 3, GenuineIntel",Windows-11-10.0.26200-SP0
uniform2d_n10_instance202607,10,202607,4,qubo_sa_swap,iterations,100,1,100,10000,1000,10000,0.21074029999999766,2.14803784705572,True,2.14803784705572,0.0,,3.14.4,"Intel64 Family 6 Model 186 Stepping 3, GenuineIntel",Windows-11-10.0.26200-SP0
uniform2d_n10_instance202607,10,202607,5,two_opt,iterations,100,1,100,10000,1000,10000,0.12167460000000574,2.14803784705572,True,2.14803784705572,0.0,,3.14.4,"Intel64 Family 6 Model 186 Stepping 3, GenuineIntel",Windows-11-10.0.26200-SP0
uniform2d_n10_instance202607,10,202607,5,qubo_sa,iterations,100,1,100,10000,1000,10000,0.15572859999974753,2.664206486815285,True,2.14803784705572,24.029773984991397,,3.14.4,"Intel64 Family 6 Model 186 Stepping 3, GenuineIntel",Windows-11-10.0.26200-SP0
uniform2d_n10_instance202607,10,202607,5,qubo_sa_swap,iterations,100,1,100,10000,1000,10000,0.2150326999999379,2.14803784705572,True,2.14803784705572,0.0,,3.14.4,"Intel64 Family 6 Model 186 Stepping 3, GenuineIntel",Windows-11-10.0.26200-SP0
uniform2d_n10_instance202607,10,202607,6,two_opt,iterations,100,1,100,10000,1000,10000,0.12153269999998884,2.14803784705572,True,2.14803784705572,0.0,,3.14.4,"Intel64 Family 6 Model 186 Stepping 3, GenuineIntel",Windows-11-10.0.26200-SP0
uniform2d_n10_instance202607,10,202607,6,qubo_sa,iterations,100,1,100,10000,1000,10000,0.14510470000004716,2.6716973193397413,True,2.14803784705572,24.378503060446178,,3.14.4,"Intel64 Family 6 Model 186 Stepping 3, GenuineIntel",Windows-11-10.0.26200-SP0
uniform2d_n10_instance202607,10,202607,6,qubo_sa_swap,iterations,100,1,100,10000,1000,10000,0.224173200000223,2.14803784705572,True,2.14803784705572,0.0,,3.14.4,"Intel64 Family 6 Model 186 Stepping 3, GenuineIntel",Windows-11-10.0.26200-SP0
uniform2d_n10_instance202607,10,202607,7,two_opt,iterations,100,1,100,10000,1000,10000,0.12436880000041128,2.14803784705572,True,2.14803784705572,0.0,,3.14.4,"Intel64 Family 6 Model 186 Stepping 3, GenuineIntel",Windows-11-10.0.26200-SP0
uniform2d_n10_instance202607,10,202607,7,qubo_sa,iterations,100,1,100,10000,1000,10000,0.15085130000079516,3.1657318690281495,True,2.14803784705572,47.37784408069745,,3.14.4,"Intel64 Family 6 Model 186 Stepping 3, GenuineIntel",Windows-11-10.0.26200-SP0
uniform2d_n10_instance202607,10,202607,7,qubo_sa_swap,iterations,100,1,100,10000,1000,10000,0.22407680000014807,2.14803784705572,True,2.14803784705572,0.0,,3.14.4,"Intel64 Family 6 Model 186 Stepping 3, GenuineIntel",Windows-11-10.0.26200-SP0
uniform2d_n10_instance202607,10,202607,8,two_opt,iterations,100,1,100,10000,1000,10000,0.13424210000084713,2.14803784705572,True,2.14803784705572,0.0,,3.14.4,"Intel64 Family 6 Model 186 Stepping 3, GenuineIntel",Windows-11-10.0.26200-SP0
uniform2d_n10_instance202607,10,202607,8,qubo_sa,iterations,100,1,100,10000,1000,10000,0.1600762999996732,2.922697304556952,True,2.14803784705572,36.06358512551557,,3.14.4,"Intel64 Family 6 Model 186 Stepping 3, GenuineIntel",Windows-11-10.0.26200-SP0
uniform2d_n10_instance202607,10,202607,8,qubo_sa_swap,iterations,100,1,100,10000,1000,10000,0.2089733000002525,2.1480378470557207,True,2.14803784705572,2.220446049250313e-14,,3.14.4,"Intel64 Family 6 Model 186 Stepping 3, GenuineIntel",Windows-11-10.0.26200-SP0
uniform2d_n10_instance202607,10,202607,9,two_opt,iterations,100,1,100,10000,1000,10000,0.11867929999971238,2.14803784705572,True,2.14803784705572,0.0,,3.14.4,"Intel64 Family 6 Model 186 Stepping 3, GenuineIntel",Windows-11-10.0.26200-SP0
uniform2d_n10_instance202607,10,202607,9,qubo_sa,iterations,100,1,100,10000,1000,10000,0.15083510000022216,2.6961848561969384,True,2.14803784705572,25.518498656462405,,3.14.4,"Intel64 Family 6 Model 186 Stepping 3, GenuineIntel",Windows-11-10.0.26200-SP0
uniform2d_n10_instance202607,10,202607,9,qubo_sa_swap,iterations,100,1,100,10000,1000,10000,0.22434419999990496,2.1480378470557207,True,2.14803784705572,2.220446049250313e-14,,3.14.4,"Intel64 Family 6 Model 186 Stepping 3, GenuineIntel",Windows-11-10.0.26200-SP0
uniform2d_n10_instance202608,10,202608,0,two_opt,iterations,100,1,100,10000,1000,10000,0.11776389999977255,2.6454943713727266,True,2.645494371372727,0.0,,3.14.4,"Intel64 Family 6 Model 186 Stepping 3, GenuineIntel",Windows-11-10.0.26200-SP0
uniform2d_n10_instance202608,10,202608,0,qubo_sa,iterations,100,1,100,10000,1000,10000,0.15235870000014984,3.5843428057385474,True,2.645494371372727,35.48858181386563,,3.14.4,"Intel64 Family 6 Model 186 Stepping 3, GenuineIntel",Windows-11-10.0.26200-SP0
uniform2d_n10_instance202608,10,202608,0,qubo_sa_swap,iterations,100,1,100,10000,1000,10000,0.21761160000005475,2.645494371372727,True,2.645494371372727,0.0,,3.14.4,"Intel64 Family 6 Model 186 Stepping 3, GenuineIntel",Windows-11-10.0.26200-SP0
uniform2d_n10_instance202608,10,202608,1,two_opt,iterations,100,1,100,10000,1000,10000,0.12862369999947987,2.6454943713727266,True,2.645494371372727,0.0,,3.14.4,"Intel64 Family 6 Model 186 Stepping 3, GenuineIntel",Windows-11-10.0.26200-SP0
uniform2d_n10_instance202608,10,202608,1,qubo_sa,iterations,100,1,100,10000,1000,10000,0.15713159999995696,4.165308662879898,True,2.645494371372727,57.44915989817627,,3.14.4,"Intel64 Family 6 Model 186 Stepping 3, GenuineIntel",Windows-11-10.0.26200-SP0
uniform2d_n10_instance202608,10,202608,1,qubo_sa_swap,iterations,100,1,100,10000,1000,10000,0.21417900000051304,2.645494371372727,True,2.645494371372727,0.0,,3.14.4,"Intel64 Family 6 Model 186 Stepping 3, GenuineIntel",Windows-11-10.0.26200-SP0
uniform2d_n10_instance202608,10,202608,2,two_opt,iterations,100,1,100,10000,1000,10000,0.12491610000051878,2.6454943713727266,True,2.645494371372727,0.0,,3.14.4,"Intel64 Family 6 Model 186 Stepping 3, GenuineIntel",Windows-11-10.0.26200-SP0
uniform2d_n10_instance202608,10,202608,2,qubo_sa,iterations,100,1,100,10000,1000,10000,0.14534419999927195,3.6580519780506804,True,2.645494371372727,38.27479724149043,,3.14.4,"Intel64 Family 6 Model 186 Stepping 3, GenuineIntel",Windows-11-10.0.26200-SP0
uniform2d_n10_instance202608,10,202608,2,qubo_sa_swap,iterations,100,1,100,10000,1000,10000,0.20099889999983134,2.645494371372727,True,2.645494371372727,0.0,,3.14.4,"Intel64 Family 6 Model 186 Stepping 3, GenuineIntel",Windows-11-10.0.26200-SP0
uniform2d_n10_instance202608,10,202608,3,two_opt,iterations,100,1,100,10000,1000,10000,0.12629430000015418,2.6454943713727266,True,2.645494371372727,0.0,,3.14.4,"Intel64 Family 6 Model 186 Stepping 3, GenuineIntel",Windows-11-10.0.26200-SP0
uniform2d_n10_instance202608,10,202608,3,qubo_sa,iterations,100,1,100,10000,1000,10000,0.14530680000007123,3.091221392970534,True,2.645494371372727,16.84853411222804,,3.14.4,"Intel64 Family 6 Model 186 Stepping 3, GenuineIntel",Windows-11-10.0.26200-SP0
uniform2d_n10_instance202608,10,202608,3,qubo_sa_swap,iterations,100,1,100,10000,1000,10000,0.20525009999983013,2.75186678374891,True,2.645494371372727,4.0208897636394125,,3.14.4,"Intel64 Family 6 Model 186 Stepping 3, GenuineIntel",Windows-11-10.0.26200-SP0
uniform2d_n10_instance202608,10,202608,4,two_opt,iterations,100,1,100,10000,1000,10000,0.12037059999966004,2.6454943713727266,True,2.645494371372727,0.0,,3.14.4,"Intel64 Family 6 Model 186 Stepping 3, GenuineIntel",Windows-11-10.0.26200-SP0
uniform2d_n10_instance202608,10,202608,4,qubo_sa,iterations,100,1,100,10000,1000,10000,0.14400820000082604,3.16716919045449,True,2.645494371372727,19.719369836007992,,3.14.4,"Intel64 Family 6 Model 186 Stepping 3, GenuineIntel",Windows-11-10.0.26200-SP0
uniform2d_n10_instance202608,10,202608,4,qubo_sa_swap,iterations,100,1,100,10000,1000,10000,0.19878909999988537,2.645494371372727,True,2.645494371372727,0.0,,3.14.4,"Intel64 Family 6 Model 186 Stepping 3, GenuineIntel",Windows-11-10.0.26200-SP0
uniform2d_n10_instance202608,10,202608,5,two_opt,iterations,100,1,100,10000,1000,10000,0.11870600000020204,2.6454943713727266,True,2.645494371372727,0.0,,3.14.4,"Intel64 Family 6 Model 186 Stepping 3, GenuineIntel",Windows-11-10.0.26200-SP0
uniform2d_n10_instance202608,10,202608,5,qubo_sa,iterations,100,1,100,10000,1000,10000,0.14512519999971119,2.9374976422000167,True,2.645494371372727,11.037758159196965,,3.14.4,"Intel64 Family 6 Model 186 Stepping 3, GenuineIntel",Windows-11-10.0.26200-SP0
uniform2d_n10_instance202608,10,202608,5,qubo_sa_swap,iterations,100,1,100,10000,1000,10000,0.20380260000001726,2.645494371372727,True,2.645494371372727,0.0,,3.14.4,"Intel64 Family 6 Model 186 Stepping 3, GenuineIntel",Windows-11-10.0.26200-SP0
uniform2d_n10_instance202608,10,202608,6,two_opt,iterations,100,1,100,10000,1000,10000,0.13523559999975987,2.6454943713727266,True,2.645494371372727,0.0,,3.14.4,"Intel64 Family 6 Model 186 Stepping 3, GenuineIntel",Windows-11-10.0.26200-SP0
uniform2d_n10_instance202608,10,202608,6,qubo_sa,iterations,100,1,100,10000,1000,10000,0.15657850000025064,3.7663200069976885,True,2.645494371372727,42.367341535615274,,3.14.4,"Intel64 Family 6 Model 186 Stepping 3, GenuineIntel",Windows-11-10.0.26200-SP0
uniform2d_n10_instance202608,10,202608,6,qubo_sa_swap,iterations,100,1,100,10000,1000,10000,0.20771960000001854,2.8775470550925726,True,2.645494371372727,8.771618878910537,,3.14.4,"Intel64 Family 6 Model 186 Stepping 3, GenuineIntel",Windows-11-10.0.26200-SP0
uniform2d_n10_instance202608,10,202608,7,two_opt,iterations,100,1,100,10000,1000,10000,0.12622860000010405,2.6454943713727266,True,2.645494371372727,0.0,,3.14.4,"Intel64 Family 6 Model 186 Stepping 3, GenuineIntel",Windows-11-10.0.26200-SP0
uniform2d_n10_instance202608,10,202608,7,qubo_sa,iterations,100,1,100,10000,1000,10000,0.15046330000041053,3.614847034726476,True,2.645494371372727,36.64164527595495,,3.14.4,"Intel64 Family 6 Model 186 Stepping 3, GenuineIntel",Windows-11-10.0.26200-SP0
uniform2d_n10_instance202608,10,202608,7,qubo_sa_swap,iterations,100,1,100,10000,1000,10000,0.21856920000027458,2.7858911685817924,True,2.645494371372727,5.307015532836479,,3.14.4,"Intel64 Family 6 Model 186 Stepping 3, GenuineIntel",Windows-11-10.0.26200-SP0
uniform2d_n10_instance202608,10,202608,8,two_opt,iterations,100,1,100,10000,1000,10000,0.13484369999969203,2.6454943713727266,True,2.645494371372727,0.0,,3.14.4,"Intel64 Family 6 Model 186 Stepping 3, GenuineIntel",Windows-11-10.0.26200-SP0
uniform2d_n10_instance202608,10,202608,8,qubo_sa,iterations,100,1,100,10000,1000,10000,0.15044740000030288,4.268107373375338,True,2.645494371372727,61.33496330822468,,3.14.4,"Intel64 Family 6 Model 186 Stepping 3, GenuineIntel",Windows-11-10.0.26200-SP0
uniform2d_n10_instance202608,10,202608,8,qubo_sa_swap,iterations,100,1,100,10000,1000,10000,0.19996939999964525,2.645494371372727,True,2.645494371372727,0.0,,3.14.4,"Intel64 Family 6 Model 186 Stepping 3, GenuineIntel",Windows-11-10.0.26200-SP0
uniform2d_n10_instance202608,10,202608,9,two_opt,iterations,100,1,100,10000,1000,10000,0.12036040000020876,2.6454943713727266,True,2.645494371372727,0.0,,3.14.4,"Intel64 Family 6 Model 186 Stepping 3, GenuineIntel",Windows-11-10.0.26200-SP0
uniform2d_n10_instance202608,10,202608,9,qubo_sa,iterations,100,1,100,10000,1000,10000,0.15419930000007298,3.8939207569364855,True,2.645494371372727,47.19066496882998,,3.14.4,"Intel64 Family 6 Model 186 Stepping 3, GenuineIntel",Windows-11-10.0.26200-SP0
uniform2d_n10_instance202608,10,202608,9,qubo_sa_swap,iterations,100,1,100,10000,1000,10000,0.2121590999995533,2.645494371372727,True,2.645494371372727,0.0,,3.14.4,"Intel64 Family 6 Model 186 Stepping 3, GenuineIntel",Windows-11-10.0.26200-SP0
uniform2d_n10_instance202609,10,202609,0,two_opt,iterations,100,1,100,10000,1000,10000,0.12153149999994639,2.9862507989934852,True,2.986250798993485,2.220446049250313e-14,,3.14.4,"Intel64 Family 6 Model 186 Stepping 3, GenuineIntel",Windows-11-10.0.26200-SP0
uniform2d_n10_instance202609,10,202609,0,qubo_sa,iterations,100,1,100,10000,1000,10000,0.14714460000050167,3.323515256549802,True,2.986250798993485,11.293909328378993,,3.14.4,"Intel64 Family 6 Model 186 Stepping 3, GenuineIntel",Windows-11-10.0.26200-SP0
uniform2d_n10_instance202609,10,202609,0,qubo_sa_swap,iterations,100,1,100,10000,1000,10000,0.20940859999973327,2.986250798993485,True,2.986250798993485,0.0,,3.14.4,"Intel64 Family 6 Model 186 Stepping 3, GenuineIntel",Windows-11-10.0.26200-SP0
uniform2d_n10_instance202609,10,202609,1,two_opt,iterations,100,1,100,10000,1000,10000,0.12230290000024979,2.9862507989934852,True,2.986250798993485,2.220446049250313e-14,,3.14.4,"Intel64 Family 6 Model 186 Stepping 3, GenuineIntel",Windows-11-10.0.26200-SP0
uniform2d_n10_instance202609,10,202609,1,qubo_sa,iterations,100,1,100,10000,1000,10000,0.14725559999988036,3.9295086513684945,True,2.986250798993485,31.586692339870947,,3.14.4,"Intel64 Family 6 Model 186 Stepping 3, GenuineIntel",Windows-11-10.0.26200-SP0
uniform2d_n10_instance202609,10,202609,1,qubo_sa_swap,iterations,100,1,100,10000,1000,10000,0.21347749999949883,2.9862507989934857,True,2.986250798993485,2.220446049250313e-14,,3.14.4,"Intel64 Family 6 Model 186 Stepping 3, GenuineIntel",Windows-11-10.0.26200-SP0
uniform2d_n10_instance202609,10,202609,2,two_opt,iterations,100,1,100,10000,1000,10000,0.12130969999998342,2.9862507989934852,True,2.986250798993485,2.220446049250313e-14,,3.14.4,"Intel64 Family 6 Model 186 Stepping 3, GenuineIntel",Windows-11-10.0.26200-SP0
uniform2d_n10_instance202609,10,202609,2,qubo_sa,iterations,100,1,100,10000,1000,10000,0.14872620000005554,4.133696879503326,True,2.986250798993485,38.42430384268418,,3.14.4,"Intel64 Family 6 Model 186 Stepping 3, GenuineIntel",Windows-11-10.0.26200-SP0
uniform2d_n10_instance202609,10,202609,2,qubo_sa_swap,iterations,100,1,100,10000,1000,10000,0.21855179999965912,2.986250798993485,True,2.986250798993485,0.0,,3.14.4,"Intel64 Family 6 Model 186 Stepping 3, GenuineIntel",Windows-11-10.0.26200-SP0
uniform2d_n10_instance202609,10,202609,3,two_opt,iterations,100,1,100,10000,1000,10000,0.12257899999985966,2.9862507989934852,True,2.986250798993485,2.220446049250313e-14,,3.14.4,"Intel64 Family 6 Model 186 Stepping 3, GenuineIntel",Windows-11-10.0.26200-SP0
uniform2d_n10_instance202609,10,202609,3,qubo_sa,iterations,100,1,100,10000,1000,10000,0.15291030000025785,3.7334846870386618,True,2.986250798993485,25.02247595202092,,3.14.4,"Intel64 Family 6 Model 186 Stepping 3, GenuineIntel",Windows-11-10.0.26200-SP0
uniform2d_n10_instance202609,10,202609,3,qubo_sa_swap,iterations,100,1,100,10000,1000,10000,0.21299889999954758,2.986250798993485,True,2.986250798993485,0.0,,3.14.4,"Intel64 Family 6 Model 186 Stepping 3, GenuineIntel",Windows-11-10.0.26200-SP0
uniform2d_n10_instance202609,10,202609,4,two_opt,iterations,100,1,100,10000,1000,10000,0.12041760000010981,2.9862507989934852,True,2.986250798993485,2.220446049250313e-14,,3.14.4,"Intel64 Family 6 Model 186 Stepping 3, GenuineIntel",Windows-11-10.0.26200-SP0
uniform2d_n10_instance202609,10,202609,4,qubo_sa,iterations,100,1,100,10000,1000,10000,0.1597053000004962,3.5878763717307662,True,2.986250798993485,20.146518602525255,,3.14.4,"Intel64 Family 6 Model 186 Stepping 3, GenuineIntel",Windows-11-10.0.26200-SP0
uniform2d_n10_instance202609,10,202609,4,qubo_sa_swap,iterations,100,1,100,10000,1000,10000,0.21450259999983246,2.986250798993485,True,2.986250798993485,0.0,,3.14.4,"Intel64 Family 6 Model 186 Stepping 3, GenuineIntel",Windows-11-10.0.26200-SP0
uniform2d_n10_instance202609,10,202609,5,two_opt,iterations,100,1,100,10000,1000,10000,0.1257344000005105,2.9862507989934852,True,2.986250798993485,2.220446049250313e-14,,3.14.4,"Intel64 Family 6 Model 186 Stepping 3, GenuineIntel",Windows-11-10.0.26200-SP0
uniform2d_n10_instance202609,10,202609,5,qubo_sa,iterations,100,1,100,10000,1000,10000,0.1515334999994593,3.5648281338085743,True,2.986250798993485,19.37470673963817,,3.14.4,"Intel64 Family 6 Model 186 Stepping 3, GenuineIntel",Windows-11-10.0.26200-SP0
uniform2d_n10_instance202609,10,202609,5,qubo_sa_swap,iterations,100,1,100,10000,1000,10000,0.21846720000030473,2.986250798993485,True,2.986250798993485,0.0,,3.14.4,"Intel64 Family 6 Model 186 Stepping 3, GenuineIntel",Windows-11-10.0.26200-SP0
uniform2d_n10_instance202609,10,202609,6,two_opt,iterations,100,1,100,10000,1000,10000,0.13047589999951015,2.9862507989934852,True,2.986250798993485,2.220446049250313e-14,,3.14.4,"Intel64 Family 6 Model 186 Stepping 3, GenuineIntel",Windows-11-10.0.26200-SP0
uniform2d_n10_instance202609,10,202609,6,qubo_sa,iterations,100,1,100,10000,1000,10000,0.14919640000061918,3.5525620340300725,True,2.986250798993485,18.963954240797953,,3.14.4,"Intel64 Family 6 Model 186 Stepping 3, GenuineIntel",Windows-11-10.0.26200-SP0
uniform2d_n10_instance202609,10,202609,6,qubo_sa_swap,iterations,100,1,100,10000,1000,10000,0.21065470000030473,2.9862507989934857,True,2.986250798993485,2.220446049250313e-14,,3.14.4,"Intel64 Family 6 Model 186 Stepping 3, GenuineIntel",Windows-11-10.0.26200-SP0
uniform2d_n10_instance202609,10,202609,7,two_opt,iterations,100,1,100,10000,1000,10000,0.12200380000012956,2.9862507989934852,True,2.986250798993485,2.220446049250313e-14,,3.14.4,"Intel64 Family 6 Model 186 Stepping 3, GenuineIntel",Windows-11-10.0.26200-SP0
uniform2d_n10_instance202609,10,202609,7,qubo_sa,iterations,100,1,100,10000,1000,10000,0.1536679999999251,3.522248687756171,True,2.986250798993485,17.9488571068225,,3.14.4,"Intel64 Family 6 Model 186 Stepping 3, GenuineIntel",Windows-11-10.0.26200-SP0
uniform2d_n10_instance202609,10,202609,7,qubo_sa_swap,iterations,100,1,100,10000,1000,10000,0.21061640000061743,2.9862507989934857,True,2.986250798993485,2.220446049250313e-14,,3.14.4,"Intel64 Family 6 Model 186 Stepping 3, GenuineIntel",Windows-11-10.0.26200-SP0
uniform2d_n10_instance202609,10,202609,8,two_opt,iterations,100,1,100,10000,1000,10000,0.12223890000041138,2.9862507989934852,True,2.986250798993485,2.220446049250313e-14,,3.14.4,"Intel64 Family 6 Model 186 Stepping 3, GenuineIntel",Windows-11-10.0.26200-SP0
uniform2d_n10_instance202609,10,202609,8,qubo_sa,iterations,100,1,100,10000,1000,10000,0.15794020000066666,3.8990548921316757,True,2.986250798993485,30.566893224301573,,3.14.4,"Intel64 Family 6 Model 186 Stepping 3, GenuineIntel",Windows-11-10.0.26200-SP0
uniform2d_n10_instance202609,10,202609,8,qubo_sa_swap,iterations,100,1,100,10000,1000,10000,0.21133720000034373,2.986250798993485,True,2.986250798993485,0.0,,3.14.4,"Intel64 Family 6 Model 186 Stepping 3, GenuineIntel",Windows-11-10.0.26200-SP0
uniform2d_n10_instance202609,10,202609,9,two_opt,iterations,100,1,100,10000,1000,10000,0.12707510000018374,2.9862507989934852,True,2.986250798993485,2.220446049250313e-14,,3.14.4,"Intel64 Family 6 Model 186 Stepping 3, GenuineIntel",Windows-11-10.0.26200-SP0
uniform2d_n10_instance202609,10,202609,9,qubo_sa,iterations,100,1,100,10000,1000,10000,0.1472157000007428,3.9647631095664835,True,2.986250798993485,32.76725152833131,,3.14.4,"Intel64 Family 6 Model 186 Stepping 3, GenuineIntel",Windows-11-10.0.26200-SP0
uniform2d_n10_instance202609,10,202609,9,qubo_sa_swap,iterations,100,1,100,10000,1000,10000,0.19614850000016304,2.9862507989934857,True,2.986250798993485,2.220446049250313e-14,,3.14.4,"Intel64 Family 6 Model 186 Stepping 3, GenuineIntel",Windows-11-10.0.26200-SP0
uniform2d_n15_instance202600,15,202600,0,two_opt,iterations,100,1,225,22500,1500,22500,0.3481579999997848,3.5128431665726145,True,3.512843166572615,0.0,,3.14.4,"Intel64 Family 6 Model 186 Stepping 3, GenuineIntel",Windows-11-10.0.26200-SP0
uniform2d_n15_instance202600,15,202600,0,qubo_sa,iterations,100,1,225,22500,1500,22500,0.3753816000007646,6.845239337229937,True,3.512843166572615,94.86322083398473,,3.14.4,"Intel64 Family 6 Model 186 Stepping 3, GenuineIntel",Windows-11-10.0.26200-SP0
uniform2d_n15_instance202600,15,202600,0,qubo_sa_swap,iterations,100,1,225,22500,1500,22500,0.4955884999999398,3.512843166572615,True,3.512843166572615,0.0,,3.14.4,"Intel64 Family 6 Model 186 Stepping 3, GenuineIntel",Windows-11-10.0.26200-SP0
uniform2d_n15_instance202600,15,202600,1,two_opt,iterations,100,1,225,22500,1500,22500,0.3545209000003524,3.5128431665726145,True,3.512843166572615,0.0,,3.14.4,"Intel64 Family 6 Model 186 Stepping 3, GenuineIntel",Windows-11-10.0.26200-SP0
uniform2d_n15_instance202600,15,202600,1,qubo_sa,iterations,100,1,225,22500,1500,22500,0.3936283999992156,5.641363627942656,True,3.512843166572615,60.59252748954292,,3.14.4,"Intel64 Family 6 Model 186 Stepping 3, GenuineIntel",Windows-11-10.0.26200-SP0
uniform2d_n15_instance202600,15,202600,1,qubo_sa_swap,iterations,100,1,225,22500,1500,22500,0.4891851000002134,3.512843166572615,True,3.512843166572615,0.0,,3.14.4,"Intel64 Family 6 Model 186 Stepping 3, GenuineIntel",Windows-11-10.0.26200-SP0
uniform2d_n15_instance202600,15,202600,2,two_opt,iterations,100,1,225,22500,1500,22500,0.3533597000005102,3.5128431665726145,True,3.512843166572615,0.0,,3.14.4,"Intel64 Family 6 Model 186 Stepping 3, GenuineIntel",Windows-11-10.0.26200-SP0
uniform2d_n15_instance202600,15,202600,2,qubo_sa,iterations,100,1,225,22500,1500,22500,0.3850150999996913,4.8596790609045835,True,3.512843166572615,38.34033660107974,,3.14.4,"Intel64 Family 6 Model 186 Stepping 3, GenuineIntel",Windows-11-10.0.26200-SP0
uniform2d_n15_instance202600,15,202600,2,qubo_sa_swap,iterations,100,1,225,22500,1500,22500,0.5158018000001903,3.5560073637074234,True,3.512843166572615,1.2287538921620156,,3.14.4,"Intel64 Family 6 Model 186 Stepping 3, GenuineIntel",Windows-11-10.0.26200-SP0
uniform2d_n15_instance202600,15,202600,3,two_opt,iterations,100,1,225,22500,1500,22500,0.3313066999999137,3.5128431665726145,True,3.512843166572615,0.0,,3.14.4,"Intel64 Family 6 Model 186 Stepping 3, GenuineIntel",Windows-11-10.0.26200-SP0
uniform2d_n15_instance202600,15,202600,3,qubo_sa,iterations,100,1,225,22500,1500,22500,0.3755327999997462,5.248457061153602,True,3.512843166572615,49.407668156001925,,3.14.4,"Intel64 Family 6 Model 186 Stepping 3, GenuineIntel",Windows-11-10.0.26200-SP0
uniform2d_n15_instance202600,15,202600,3,qubo_sa_swap,iterations,100,1,225,22500,1500,22500,0.49629619999996066,3.5128431665726154,True,3.512843166572615,2.220446049250313e-14,,3.14.4,"Intel64 Family 6 Model 186 Stepping 3, GenuineIntel",Windows-11-10.0.26200-SP0
uniform2d_n15_instance202600,15,202600,4,two_opt,iterations,100,1,225,22500,1500,22500,0.3469630999998117,3.5128431665726145,True,3.512843166572615,0.0,,3.14.4,"Intel64 Family 6 Model 186 Stepping 3, GenuineIntel",Windows-11-10.0.26200-SP0
uniform2d_n15_instance202600,15,202600,4,qubo_sa,iterations,100,1,225,22500,1500,22500,0.37729070000023057,6.243903620872619,True,3.512843166572615,77.74501521411857,,3.14.4,"Intel64 Family 6 Model 186 Stepping 3, GenuineIntel",Windows-11-10.0.26200-SP0
uniform2d_n15_instance202600,15,202600,4,qubo_sa_swap,iterations,100,1,225,22500,1500,22500,0.49064240000006976,3.5128431665726154,True,3.512843166572615,2.220446049250313e-14,,3.14.4,"Intel64 Family 6 Model 186 Stepping 3, GenuineIntel",Windows-11-10.0.26200-SP0
uniform2d_n15_instance202600,15,202600,5,two_opt,iterations,100,1,225,22500,1500,22500,0.34359779999977036,3.5128431665726145,True,3.512843166572615,0.0,,3.14.4,"Intel64 Family 6 Model 186 Stepping 3, GenuineIntel",Windows-11-10.0.26200-SP0
uniform2d_n15_instance202600,15,202600,5,qubo_sa,iterations,100,1,225,22500,1500,22500,0.37316329999976006,5.739782049593181,True,3.512843166572615,63.39420171704759,,3.14.4,"Intel64 Family 6 Model 186 Stepping 3, GenuineIntel",Windows-11-10.0.26200-SP0
uniform2d_n15_instance202600,15,202600,5,qubo_sa_swap,iterations,100,1,225,22500,1500,22500,0.47847270000056596,3.512843166572615,True,3.512843166572615,0.0,,3.14.4,"Intel64 Family 6 Model 186 Stepping 3, GenuineIntel",Windows-11-10.0.26200-SP0
uniform2d_n15_instance202600,15,202600,6,two_opt,iterations,100,1,225,22500,1500,22500,0.34777500000018335,3.5128431665726145,True,3.512843166572615,0.0,,3.14.4,"Intel64 Family 6 Model 186 Stepping 3, GenuineIntel",Windows-11-10.0.26200-SP0
uniform2d_n15_instance202600,15,202600,6,qubo_sa,iterations,100,1,225,22500,1500,22500,0.384212099999786,4.3922351607501104,True,3.512843166572615,25.03362525676016,,3.14.4,"Intel64 Family 6 Model 186 Stepping 3, GenuineIntel",Windows-11-10.0.26200-SP0
uniform2d_n15_instance202600,15,202600,6,qubo_sa_swap,iterations,100,1,225,22500,1500,22500,0.4754698000006101,3.552243532777497,True,3.512843166572615,1.1216090311063853,,3.14.4,"Intel64 Family 6 Model 186 Stepping 3, GenuineIntel",Windows-11-10.0.26200-SP0
uniform2d_n15_instance202600,15,202600,7,two_opt,iterations,100,1,225,22500,1500,22500,0.35109209999973245,3.5128431665726145,True,3.512843166572615,0.0,,3.14.4,"Intel64 Family 6 Model 186 Stepping 3, GenuineIntel",Windows-11-10.0.26200-SP0
uniform2d_n15_instance202600,15,202600,7,qubo_sa,iterations,100,1,225,22500,1500,22500,0.37393169999995735,6.2697531113580505,True,3.512843166572615,78.48087187664791,,3.14.4,"Intel64 Family 6 Model 186 Stepping 3, GenuineIntel",Windows-11-10.0.26200-SP0
uniform2d_n15_instance202600,15,202600,7,qubo_sa_swap,iterations,100,1,225,22500,1500,22500,0.5009668999991845,3.512843166572615,True,3.512843166572615,0.0,,3.14.4,"Intel64 Family 6 Model 186 Stepping 3, GenuineIntel",Windows-11-10.0.26200-SP0
uniform2d_n15_instance202600,15,202600,8,two_opt,iterations,100,1,225,22500,1500,22500,0.3719911000007414,3.5128431665726145,True,3.512843166572615,0.0,,3.14.4,"Intel64 Family 6 Model 186 Stepping 3, GenuineIntel",Windows-11-10.0.26200-SP0
uniform2d_n15_instance202600,15,202600,8,qubo_sa,iterations,100,1,225,22500,1500,22500,0.3737406000000192,5.540220481004344,True,3.512843166572615,57.71328858981728,,3.14.4,"Intel64 Family 6 Model 186 Stepping 3, GenuineIntel",Windows-11-10.0.26200-SP0
uniform2d_n15_instance202600,15,202600,8,qubo_sa_swap,iterations,100,1,225,22500,1500,22500,0.501308799999606,3.512843166572615,True,3.512843166572615,0.0,,3.14.4,"Intel64 Family 6 Model 186 Stepping 3, GenuineIntel",Windows-11-10.0.26200-SP0
uniform2d_n15_instance202600,15,202600,9,two_opt,iterations,100,1,225,22500,1500,22500,0.3550070000001142,3.5128431665726145,True,3.512843166572615,0.0,,3.14.4,"Intel64 Family 6 Model 186 Stepping 3, GenuineIntel",Windows-11-10.0.26200-SP0
uniform2d_n15_instance202600,15,202600,9,qubo_sa,iterations,100,1,225,22500,1500,22500,0.3773505999997724,5.383891585484363,True,3.512843166572615,53.26307865708901,,3.14.4,"Intel64 Family 6 Model 186 Stepping 3, GenuineIntel",Windows-11-10.0.26200-SP0
uniform2d_n15_instance202600,15,202600,9,qubo_sa_swap,iterations,100,1,225,22500,1500,22500,0.485432800000126,3.5560073637074234,True,3.512843166572615,1.2287538921620156,,3.14.4,"Intel64 Family 6 Model 186 Stepping 3, GenuineIntel",Windows-11-10.0.26200-SP0
uniform2d_n15_instance202601,15,202601,0,two_opt,iterations,100,1,225,22500,1500,22500,0.3434208000007857,2.607566118276867,True,2.6075661182768672,0.0,,3.14.4,"Intel64 Family 6 Model 186 Stepping 3, GenuineIntel",Windows-11-10.0.26200-SP0
uniform2d_n15_instance202601,15,202601,0,qubo_sa,iterations,100,1,225,22500,1500,22500,0.37852509999993345,4.486988429681137,True,2.6075661182768672,72.07572986284354,,3.14.4,"Intel64 Family 6 Model 186 Stepping 3, GenuineIntel",Windows-11-10.0.26200-SP0
uniform2d_n15_instance202601,15,202601,0,qubo_sa_swap,iterations,100,1,225,22500,1500,22500,0.4835468999999648,2.6075661182768677,True,2.6075661182768672,2.220446049250313e-14,,3.14.4,"Intel64 Family 6 Model 186 Stepping 3, GenuineIntel",Windows-11-10.0.26200-SP0
uniform2d_n15_instance202601,15,202601,1,two_opt,iterations,100,1,225,22500,1500,22500,0.3489095000004454,2.607566118276867,True,2.6075661182768672,0.0,,3.14.4,"Intel64 Family 6 Model 186 Stepping 3, GenuineIntel",Windows-11-10.0.26200-SP0
uniform2d_n15_instance202601,15,202601,1,qubo_sa,iterations,100,1,225,22500,1500,22500,0.3698385000006965,3.938214272350927,True,2.6075661182768672,51.03027473578998,,3.14.4,"Intel64 Family 6 Model 186 Stepping 3, GenuineIntel",Windows-11-10.0.26200-SP0
uniform2d_n15_instance202601,15,202601,1,qubo_sa_swap,iterations,100,1,225,22500,1500,22500,0.5018411999999444,2.6075661182768677,True,2.6075661182768672,2.220446049250313e-14,,3.14.4,"Intel64 Family 6 Model 186 Stepping 3, GenuineIntel",Windows-11-10.0.26200-SP0
uniform2d_n15_instance202601,15,202601,2,two_opt,iterations,100,1,225,22500,1500,22500,0.3469248000001244,2.607566118276867,True,2.6075661182768672,0.0,,3.14.4,"Intel64 Family 6 Model 186 Stepping 3, GenuineIntel",Windows-11-10.0.26200-SP0
uniform2d_n15_instance202601,15,202601,2,qubo_sa,iterations,100,1,225,22500,1500,22500,0.37633360000018,4.779148181819869,True,2.6075661182768672,83.28003835922009,,3.14.4,"Intel64 Family 6 Model 186 Stepping 3, GenuineIntel",Windows-11-10.0.26200-SP0
uniform2d_n15_instance202601,15,202601,2,qubo_sa_swap,iterations,100,1,225,22500,1500,22500,0.4853404000004957,2.6075661182768672,True,2.6075661182768672,0.0,,3.14.4,"Intel64 Family 6 Model 186 Stepping 3, GenuineIntel",Windows-11-10.0.26200-SP0
uniform2d_n15_instance202601,15,202601,3,two_opt,iterations,100,1,225,22500,1500,22500,0.329420800000662,2.607566118276867,True,2.6075661182768672,0.0,,3.14.4,"Intel64 Family 6 Model 186 Stepping 3, GenuineIntel",Windows-11-10.0.26200-SP0
uniform2d_n15_instance202601,15,202601,3,qubo_sa,iterations,100,1,225,22500,1500,22500,0.30781430000024557,4.3717205543353135,True,2.6075661182768672,67.65521394426753,,3.14.4,"Intel64 Family 6 Model 186 Stepping 3, GenuineIntel",Windows-11-10.0.26200-SP0
uniform2d_n15_instance202601,15,202601,3,qubo_sa_swap,iterations,100,1,225,22500,1500,22500,0.4551338000001124,2.6075661182768677,True,2.6075661182768672,2.220446049250313e-14,,3.14.4,"Intel64 Family 6 Model 186 Stepping 3, GenuineIntel",Windows-11-10.0.26200-SP0
uniform2d_n15_instance202601,15,202601,4,two_opt,iterations,100,1,225,22500,1500,22500,0.34748320000016975,2.607566118276867,True,2.6075661182768672,0.0,,3.14.4,"Intel64 Family 6 Model 186 Stepping 3, GenuineIntel",Windows-11-10.0.26200-SP0
uniform2d_n15_instance202601,15,202601,4,qubo_sa,iterations,100,1,225,22500,1500,22500,0.3993548999997074,5.089350849551725,True,2.6075661182768672,95.17629155708124,,3.14.4,"Intel64 Family 6 Model 186 Stepping 3, GenuineIntel",Windows-11-10.0.26200-SP0
uniform2d_n15_instance202601,15,202601,4,qubo_sa_swap,iterations,100,1,225,22500,1500,22500,0.41646339999988413,2.6075661182768677,True,2.6075661182768672,2.220446049250313e-14,,3.14.4,"Intel64 Family 6 Model 186 Stepping 3, GenuineIntel",Windows-11-10.0.26200-SP0
uniform2d_n15_instance202601,15,202601,5,two_opt,iterations,100,1,225,22500,1500,22500,0.33617060000051424,2.607566118276867,True,2.6075661182768672,0.0,,3.14.4,"Intel64 Family 6 Model 186 Stepping 3, GenuineIntel",Windows-11-10.0.26200-SP0
uniform2d_n15_instance202601,15,202601,5,qubo_sa,iterations,100,1,225,22500,1500,22500,0.3374274999996487,4.757480123864081,True,2.6075661182768672,82.4490696714498,,3.14.4,"Intel64 Family 6 Model 186 Stepping 3, GenuineIntel",Windows-11-10.0.26200-SP0
uniform2d_n15_instance202601,15,202601,5,qubo_sa_swap,iterations,100,1,225,22500,1500,22500,0.4865516999998363,2.6075661182768677,True,2.6075661182768672,2.220446049250313e-14,,3.14.4,"Intel64 Family 6 Model 186 Stepping 3, GenuineIntel",Windows-11-10.0.26200-SP0
uniform2d_n15_instance202601,15,202601,6,two_opt,iterations,100,1,225,22500,1500,22500,0.3520775999995749,2.607566118276867,True,2.6075661182768672,0.0,,3.14.4,"Intel64 Family 6 Model 186 Stepping 3, GenuineIntel",Windows-11-10.0.26200-SP0
uniform2d_n15_instance202601,15,202601,6,qubo_sa,iterations,100,1,225,22500,1500,22500,0.3718896999998833,4.764379182210641,True,2.6075661182768672,82.71364813403235,,3.14.4,"Intel64 Family 6 Model 186 Stepping 3, GenuineIntel",Windows-11-10.0.26200-SP0
uniform2d_n15_instance202601,15,202601,6,qubo_sa_swap,iterations,100,1,225,22500,1500,22500,0.5185866000001624,2.6075661182768672,True,2.6075661182768672,0.0,,3.14.4,"Intel64 Family 6 Model 186 Stepping 3, GenuineIntel",Windows-11-10.0.26200-SP0
uniform2d_n15_instance202601,15,202601,7,two_opt,iterations,100,1,225,22500,1500,22500,0.3402328000001944,2.607566118276867,True,2.6075661182768672,0.0,,3.14.4,"Intel64 Family 6 Model 186 Stepping 3, GenuineIntel",Windows-11-10.0.26200-SP0
uniform2d_n15_instance202601,15,202601,7,qubo_sa,iterations,100,1,225,22500,1500,22500,0.3754041000001962,4.2397631451461,True,2.6075661182768672,62.59465543093581,,3.14.4,"Intel64 Family 6 Model 186 Stepping 3, GenuineIntel",Windows-11-10.0.26200-SP0
uniform2d_n15_instance202601,15,202601,7,qubo_sa_swap,iterations,100,1,225,22500,1500,22500,0.49981079999997746,2.6075661182768677,True,2.6075661182768672,2.220446049250313e-14,,3.14.4,"Intel64 Family 6 Model 186 Stepping 3, GenuineIntel",Windows-11-10.0.26200-SP0
uniform2d_n15_instance202601,15,202601,8,two_opt,iterations,100,1,225,22500,1500,22500,0.3480085000001054,2.607566118276867,True,2.6075661182768672,0.0,,3.14.4,"Intel64 Family 6 Model 186 Stepping 3, GenuineIntel",Windows-11-10.0.26200-SP0
uniform2d_n15_instance202601,15,202601,8,qubo_sa,iterations,100,1,225,22500,1500,22500,0.3858164000002944,4.9654042949843396,True,2.6075661182768672,90.42294882499777,,3.14.4,"Intel64 Family 6 Model 186 Stepping 3, GenuineIntel",Windows-11-10.0.26200-SP0
uniform2d_n15_instance202601,15,202601,8,qubo_sa_swap,iterations,100,1,225,22500,1500,22500,0.4889053999995667,2.6075661182768672,True,2.6075661182768672,0.0,,3.14.4,"Intel64 Family 6 Model 186 Stepping 3, GenuineIntel",Windows-11-10.0.26200-SP0
uniform2d_n15_instance202601,15,202601,9,two_opt,iterations,100,1,225,22500,1500,22500,0.3557373000003281,2.607566118276867,True,2.6075661182768672,0.0,,3.14.4,"Intel64 Family 6 Model 186 Stepping 3, GenuineIntel",Windows-11-10.0.26200-SP0
uniform2d_n15_instance202601,15,202601,9,qubo_sa,iterations,100,1,225,22500,1500,22500,0.35951740000018617,4.529583238232877,True,2.6075661182768672,73.70923814680172,,3.14.4,"Intel64 Family 6 Model 186 Stepping 3, GenuineIntel",Windows-11-10.0.26200-SP0
uniform2d_n15_instance202601,15,202601,9,qubo_sa_swap,iterations,100,1,225,22500,1500,22500,0.4861448999999993,2.6075661182768677,True,2.6075661182768672,2.220446049250313e-14,,3.14.4,"Intel64 Family 6 Model 186 Stepping 3, GenuineIntel",Windows-11-10.0.26200-SP0
uniform2d_n15_instance202602,15,202602,0,two_opt,iterations,100,1,225,22500,1500,22500,0.35435619999952905,3.106722251587541,True,3.1067222515875415,0.0,,3.14.4,"Intel64 Family 6 Model 186 Stepping 3, GenuineIntel",Windows-11-10.0.26200-SP0
uniform2d_n15_instance202602,15,202602,0,qubo_sa,iterations,100,1,225,22500,1500,22500,0.36699229999976524,5.029000292448245,True,3.1067222515875415,61.87479553018991,,3.14.4,"Intel64 Family 6 Model 186 Stepping 3, GenuineIntel",Windows-11-10.0.26200-SP0
uniform2d_n15_instance202602,15,202602,0,qubo_sa_swap,iterations,100,1,225,22500,1500,22500,0.5017656999998508,3.1067222515875415,True,3.1067222515875415,0.0,,3.14.4,"Intel64 Family 6 Model 186 Stepping 3, GenuineIntel",Windows-11-10.0.26200-SP0
uniform2d_n15_instance202602,15,202602,1,two_opt,iterations,100,1,225,22500,1500,22500,0.3612011999994138,3.106722251587541,True,3.1067222515875415,0.0,,3.14.4,"Intel64 Family 6 Model 186 Stepping 3, GenuineIntel",Windows-11-10.0.26200-SP0
uniform2d_n15_instance202602,15,202602,1,qubo_sa,iterations,100,1,225,22500,1500,22500,0.3804606000003332,4.79168849412739,True,3.1067222515875415,54.23614041064751,,3.14.4,"Intel64 Family 6 Model 186 Stepping 3, GenuineIntel",Windows-11-10.0.26200-SP0
uniform2d_n15_instance202602,15,202602,1,qubo_sa_swap,iterations,100,1,225,22500,1500,22500,0.4943692999995619,3.3179170980312334,True,3.1067222515875415,6.797995744092367,,3.14.4,"Intel64 Family 6 Model 186 Stepping 3, GenuineIntel",Windows-11-10.0.26200-SP0
uniform2d_n15_instance202602,15,202602,2,two_opt,iterations,100,1,225,22500,1500,22500,0.345930500000577,3.106722251587541,True,3.1067222515875415,0.0,,3.14.4,"Intel64 Family 6 Model 186 Stepping 3, GenuineIntel",Windows-11-10.0.26200-SP0
uniform2d_n15_instance202602,15,202602,2,qubo_sa,iterations,100,1,225,22500,1500,22500,0.3801374000004216,4.892965879915227,True,3.1067222515875415,57.496083771727946,,3.14.4,"Intel64 Family 6 Model 186 Stepping 3, GenuineIntel",Windows-11-10.0.26200-SP0
uniform2d_n15_instance202602,15,202602,2,qubo_sa_swap,iterations,100,1,225,22500,1500,22500,0.4315998000001855,3.2117772095754837,True,3.1067222515875415,3.38153685718956,,3.14.4,"Intel64 Family 6 Model 186 Stepping 3, GenuineIntel",Windows-11-10.0.26200-SP0
uniform2d_n15_instance202602,15,202602,3,two_opt,iterations,100,1,225,22500,1500,22500,0.3356532999996489,3.106722251587541,True,3.1067222515875415,0.0,,3.14.4,"Intel64 Family 6 Model 186 Stepping 3, GenuineIntel",Windows-11-10.0.26200-SP0
uniform2d_n15_instance202602,15,202602,3,qubo_sa,iterations,100,1,225,22500,1500,22500,0.3471391000002768,5.798322026759112,True,3.1067222515875415,86.63792760347849,,3.14.4,"Intel64 Family 6 Model 186 Stepping 3, GenuineIntel",Windows-11-10.0.26200-SP0
uniform2d_n15_instance202602,15,202602,3,qubo_sa_swap,iterations,100,1,225,22500,1500,22500,0.47911740000017744,3.2371311195487245,True,3.1067222515875415,4.197635237412811,,3.14.4,"Intel64 Family 6 Model 186 Stepping 3, GenuineIntel",Windows-11-10.0.26200-SP0
uniform2d_n15_instance202602,15,202602,4,two_opt,iterations,100,1,225,22500,1500,22500,0.3349470000002839,3.106722251587541,True,3.1067222515875415,0.0,,3.14.4,"Intel64 Family 6 Model 186 Stepping 3, GenuineIntel",Windows-11-10.0.26200-SP0
uniform2d_n15_instance202602,15,202602,4,qubo_sa,iterations,100,1,225,22500,1500,22500,0.3543006999998397,4.305780659925276,True,3.1067222515875415,38.595610139432736,,3.14.4,"Intel64 Family 6 Model 186 Stepping 3, GenuineIntel",Windows-11-10.0.26200-SP0
uniform2d_n15_instance202602,15,202602,4,qubo_sa_swap,iterations,100,1,225,22500,1500,22500,0.47849370000039926,3.2371311195487245,True,3.1067222515875415,4.197635237412811,,3.14.4,"Intel64 Family 6 Model 186 Stepping 3, GenuineIntel",Windows-11-10.0.26200-SP0
uniform2d_n15_instance202602,15,202602,5,two_opt,iterations,100,1,225,22500,1500,22500,0.3394082000004346,3.106722251587541,True,3.1067222515875415,0.0,,3.14.4,"Intel64 Family 6 Model 186 Stepping 3, GenuineIntel",Windows-11-10.0.26200-SP0
uniform2d_n15_instance202602,15,202602,5,qubo_sa,iterations,100,1,225,22500,1500,22500,0.3573976000006951,4.9066254155184,True,3.1067222515875415,57.93576052738878,,3.14.4,"Intel64 Family 6 Model 186 Stepping 3, GenuineIntel",Windows-11-10.0.26200-SP0
uniform2d_n15_instance202602,15,202602,5,qubo_sa_swap,iterations,100,1,225,22500,1500,22500,0.47410779999972874,3.2117772095754837,True,3.1067222515875415,3.38153685718956,,3.14.4,"Intel64 Family 6 Model 186 Stepping 3, GenuineIntel",Windows-11-10.0.26200-SP0
uniform2d_n15_instance202602,15,202602,6,two_opt,iterations,100,1,225,22500,1500,22500,0.35416040000018256,3.106722251587541,True,3.1067222515875415,0.0,,3.14.4,"Intel64 Family 6 Model 186 Stepping 3, GenuineIntel",Windows-11-10.0.26200-SP0
uniform2d_n15_instance202602,15,202602,6,qubo_sa,iterations,100,1,225,22500,1500,22500,0.3962841999991724,5.977491942441388,True,3.1067222515875415,92.40509638049804,,3.14.4,"Intel64 Family 6 Model 186 Stepping 3, GenuineIntel",Windows-11-10.0.26200-SP0
uniform2d_n15_instance202602,15,202602,6,qubo_sa_swap,iterations,100,1,225,22500,1500,22500,0.49258649999956106,3.2371311195487245,True,3.1067222515875415,4.197635237412811,,3.14.4,"Intel64 Family 6 Model 186 Stepping 3, GenuineIntel",Windows-11-10.0.26200-SP0
uniform2d_n15_instance202602,15,202602,7,two_opt,iterations,100,1,225,22500,1500,22500,0.34443869999995513,3.106722251587541,True,3.1067222515875415,0.0,,3.14.4,"Intel64 Family 6 Model 186 Stepping 3, GenuineIntel",Windows-11-10.0.26200-SP0
uniform2d_n15_instance202602,15,202602,7,qubo_sa,iterations,100,1,225,22500,1500,22500,0.383096999999907,6.327267580639014,True,3.1067222515875415,103.66376741293068,,3.14.4,"Intel64 Family 6 Model 186 Stepping 3, GenuineIntel",Windows-11-10.0.26200-SP0
uniform2d_n15_instance202602,15,202602,7,qubo_sa_swap,iterations,100,1,225,22500,1500,22500,0.47765739999977086,3.2117772095754837,True,3.1067222515875415,3.38153685718956,,3.14.4,"Intel64 Family 6 Model 186 Stepping 3, GenuineIntel",Windows-11-10.0.26200-SP0
uniform2d_n15_instance202602,15,202602,8,two_opt,iterations,100,1,225,22500,1500,22500,0.3541208999995433,3.106722251587541,True,3.1067222515875415,0.0,,3.14.4,"Intel64 Family 6 Model 186 Stepping 3, GenuineIntel",Windows-11-10.0.26200-SP0
uniform2d_n15_instance202602,15,202602,8,qubo_sa,iterations,100,1,225,22500,1500,22500,0.3886709999997038,5.452083852127744,True,3.1067222515875415,75.49312138675153,,3.14.4,"Intel64 Family 6 Model 186 Stepping 3, GenuineIntel",Windows-11-10.0.26200-SP0
uniform2d_n15_instance202602,15,202602,8,qubo_sa_swap,iterations,100,1,225,22500,1500,22500,0.511109299999589,3.2117772095754837,True,3.1067222515875415,3.38153685718956,,3.14.4,"Intel64 Family 6 Model 186 Stepping 3, GenuineIntel",Windows-11-10.0.26200-SP0
uniform2d_n15_instance202602,15,202602,9,two_opt,iterations,100,1,225,22500,1500,22500,0.33826030000000173,3.106722251587541,True,3.1067222515875415,0.0,,3.14.4,"Intel64 Family 6 Model 186 Stepping 3, GenuineIntel",Windows-11-10.0.26200-SP0
uniform2d_n15_instance202602,15,202602,9,qubo_sa,iterations,100,1,225,22500,1500,22500,0.37250679999942804,4.9418499971845495,True,3.1067222515875415,59.06957870660159,,3.14.4,"Intel64 Family 6 Model 186 Stepping 3, GenuineIntel",Windows-11-10.0.26200-SP0
uniform2d_n15_instance202602,15,202602,9,qubo_sa_swap,iterations,100,1,225,22500,1500,22500,0.49180469999919296,3.538088628807572,True,3.1067222515875415,13.884935384861041,,3.14.4,"Intel64 Family 6 Model 186 Stepping 3, GenuineIntel",Windows-11-10.0.26200-SP0
uniform2d_n15_instance202603,15,202603,0,two_opt,iterations,100,1,225,22500,1500,22500,0.35556610000003275,3.329954562354086,True,3.3299545623540863,0.0,,3.14.4,"Intel64 Family 6 Model 186 Stepping 3, GenuineIntel",Windows-11-10.0.26200-SP0
uniform2d_n15_instance202603,15,202603,0,qubo_sa,iterations,100,1,225,22500,1500,22500,0.3736073000000033,5.377332539336541,True,3.3299545623540863,61.4836610723924,,3.14.4,"Intel64 Family 6 Model 186 Stepping 3, GenuineIntel",Windows-11-10.0.26200-SP0
uniform2d_n15_instance202603,15,202603,0,qubo_sa_swap,iterations,100,1,225,22500,1500,22500,0.48121569999966596,3.3299545623540863,True,3.3299545623540863,0.0,,3.14.4,"Intel64 Family 6 Model 186 Stepping 3, GenuineIntel",Windows-11-10.0.26200-SP0
uniform2d_n15_instance202603,15,202603,1,two_opt,iterations,100,1,225,22500,1500,22500,0.35358400000041,3.329954562354086,True,3.3299545623540863,0.0,,3.14.4,"Intel64 Family 6 Model 186 Stepping 3, GenuineIntel",Windows-11-10.0.26200-SP0
uniform2d_n15_instance202603,15,202603,1,qubo_sa,iterations,100,1,225,22500,1500,22500,0.3765794000000824,5.172668767710303,True,3.3299545623540863,55.33751800065176,,3.14.4,"Intel64 Family 6 Model 186 Stepping 3, GenuineIntel",Windows-11-10.0.26200-SP0
uniform2d_n15_instance202603,15,202603,1,qubo_sa_swap,iterations,100,1,225,22500,1500,22500,0.49228210000001127,3.3299545623540863,True,3.3299545623540863,0.0,,3.14.4,"Intel64 Family 6 Model 186 Stepping 3, GenuineIntel",Windows-11-10.0.26200-SP0
uniform2d_n15_instance202603,15,202603,2,two_opt,iterations,100,1,225,22500,1500,22500,0.33747349999975995,3.329954562354086,True,3.3299545623540863,0.0,,3.14.4,"Intel64 Family 6 Model 186 Stepping 3, GenuineIntel",Windows-11-10.0.26200-SP0
uniform2d_n15_instance202603,15,202603,2,qubo_sa,iterations,100,1,225,22500,1500,22500,0.3545353999998042,5.154422631515805,True,3.3299545623540863,54.78957850619815,,3.14.4,"Intel64 Family 6 Model 186 Stepping 3, GenuineIntel",Windows-11-10.0.26200-SP0
uniform2d_n15_instance202603,15,202603,2,qubo_sa_swap,iterations,100,1,225,22500,1500,22500,0.48654790000000503,3.360753507087437,True,3.3299545623540863,0.9249058555194756,,3.14.4,"Intel64 Family 6 Model 186 Stepping 3, GenuineIntel",Windows-11-10.0.26200-SP0
uniform2d_n15_instance202603,15,202603,3,two_opt,iterations,100,1,225,22500,1500,22500,0.3423302999999578,3.329954562354086,True,3.3299545623540863,0.0,,3.14.4,"Intel64 Family 6 Model 186 Stepping 3, GenuineIntel",Windows-11-10.0.26200-SP0
uniform2d_n15_instance202603,15,202603,3,qubo_sa,iterations,100,1,225,22500,1500,22500,0.36955199999920296,5.2063888075890254,True,3.3299545623540863,56.350145628065505,,3.14.4,"Intel64 Family 6 Model 186 Stepping 3, GenuineIntel",Windows-11-10.0.26200-SP0
uniform2d_n15_instance202603,15,202603,3,qubo_sa_swap,iterations,100,1,225,22500,1500,22500,0.4940526000000318,3.3299545623540863,True,3.3299545623540863,0.0,,3.14.4,"Intel64 Family 6 Model 186 Stepping 3, GenuineIntel",Windows-11-10.0.26200-SP0
uniform2d_n15_instance202603,15,202603,4,two_opt,iterations,100,1,225,22500,1500,22500,0.35349739999946905,3.329954562354086,True,3.3299545623540863,0.0,,3.14.4,"Intel64 Family 6 Model 186 Stepping 3, GenuineIntel",Windows-11-10.0.26200-SP0
uniform2d_n15_instance202603,15,202603,4,qubo_sa,iterations,100,1,225,22500,1500,22500,0.3527001000002201,5.003746945489121,True,3.3299545623540863,50.26472138862339,,3.14.4,"Intel64 Family 6 Model 186 Stepping 3, GenuineIntel",Windows-11-10.0.26200-SP0
uniform2d_n15_instance202603,15,202603,4,qubo_sa_swap,iterations,100,1,225,22500,1500,22500,0.4843018999999913,3.3299545623540863,True,3.3299545623540863,0.0,,3.14.4,"Intel64 Family 6 Model 186 Stepping 3, GenuineIntel",Windows-11-10.0.26200-SP0
uniform2d_n15_instance202603,15,202603,5,two_opt,iterations,100,1,225,22500,1500,22500,0.37281399999938003,3.329954562354086,True,3.3299545623540863,0.0,,3.14.4,"Intel64 Family 6 Model 186 Stepping 3, GenuineIntel",Windows-11-10.0.26200-SP0
uniform2d_n15_instance202603,15,202603,5,qubo_sa,iterations,100,1,225,22500,1500,22500,0.38028699999995297,5.304139571880279,True,3.3299545623540863,59.28564406988659,,3.14.4,"Intel64 Family 6 Model 186 Stepping 3, GenuineIntel",Windows-11-10.0.26200-SP0
uniform2d_n15_instance202603,15,202603,5,qubo_sa_swap,iterations,100,1,225,22500,1500,22500,0.5048643000000084,3.3299545623540863,True,3.3299545623540863,0.0,,3.14.4,"Intel64 Family 6 Model 186 Stepping 3, GenuineIntel",Windows-11-10.0.26200-SP0
uniform2d_n15_instance202603,15,202603,6,two_opt,iterations,100,1,225,22500,1500,22500,0.34821329999977024,3.329954562354086,True,3.3299545623540863,0.0,,3.14.4,"Intel64 Family 6 Model 186 Stepping 3, GenuineIntel",Windows-11-10.0.26200-SP0
uniform2d_n15_instance202603,15,202603,6,qubo_sa,iterations,100,1,225,22500,1500,22500,0.37403139999969426,5.744709325950648,True,3.3299545623540863,72.51614754435177,,3.14.4,"Intel64 Family 6 Model 186 Stepping 3, GenuineIntel",Windows-11-10.0.26200-SP0
uniform2d_n15_instance202603,15,202603,6,qubo_sa_swap,iterations,100,1,225,22500,1500,22500,0.47285720000036235,3.360753507087437,True,3.3299545623540863,0.9249058555194756,,3.14.4,"Intel64 Family 6 Model 186 Stepping 3, GenuineIntel",Windows-11-10.0.26200-SP0
uniform2d_n15_instance202603,15,202603,7,two_opt,iterations,100,1,225,22500,1500,22500,0.34029020000070886,3.329954562354086,True,3.3299545623540863,0.0,,3.14.4,"Intel64 Family 6 Model 186 Stepping 3, GenuineIntel",Windows-11-10.0.26200-SP0
uniform2d_n15_instance202603,15,202603,7,qubo_sa,iterations,100,1,225,22500,1500,22500,0.36570449999999255,4.882192530343559,True,3.3299545623540863,46.61438884295557,,3.14.4,"Intel64 Family 6 Model 186 Stepping 3, GenuineIntel",Windows-11-10.0.26200-SP0
uniform2d_n15_instance202603,15,202603,7,qubo_sa_swap,iterations,100,1,225,22500,1500,22500,0.4927778999999646,3.3299545623540863,True,3.3299545623540863,0.0,,3.14.4,"Intel64 Family 6 Model 186 Stepping 3, GenuineIntel",Windows-11-10.0.26200-SP0
uniform2d_n15_instance202603,15,202603,8,two_opt,iterations,100,1,225,22500,1500,22500,0.35680190000039147,3.329954562354086,True,3.3299545623540863,0.0,,3.14.4,"Intel64 Family 6 Model 186 Stepping 3, GenuineIntel",Windows-11-10.0.26200-SP0
uniform2d_n15_instance202603,15,202603,8,qubo_sa,iterations,100,1,225,22500,1500,22500,0.37643670000034035,5.030268065326865,True,3.3299545623540863,51.06116228116804,,3.14.4,"Intel64 Family 6 Model 186 Stepping 3, GenuineIntel",Windows-11-10.0.26200-SP0
uniform2d_n15_instance202603,15,202603,8,qubo_sa_swap,iterations,100,1,225,22500,1500,22500,0.49734990000069956,3.3299545623540863,True,3.3299545623540863,0.0,,3.14.4,"Intel64 Family 6 Model 186 Stepping 3, GenuineIntel",Windows-11-10.0.26200-SP0
uniform2d_n15_instance202603,15,202603,9,two_opt,iterations,100,1,225,22500,1500,22500,0.36168650000035996,3.329954562354086,True,3.3299545623540863,0.0,,3.14.4,"Intel64 Family 6 Model 186 Stepping 3, GenuineIntel",Windows-11-10.0.26200-SP0
uniform2d_n15_instance202603,15,202603,9,qubo_sa,iterations,100,1,225,22500,1500,22500,0.3762475999992603,5.019321221938318,True,3.3299545623540863,50.73242375985896,,3.14.4,"Intel64 Family 6 Model 186 Stepping 3, GenuineIntel",Windows-11-10.0.26200-SP0
uniform2d_n15_instance202603,15,202603,9,qubo_sa_swap,iterations,100,1,225,22500,1500,22500,0.513162100000045,3.360753507087437,True,3.3299545623540863,0.9249058555194756,,3.14.4,"Intel64 Family 6 Model 186 Stepping 3, GenuineIntel",Windows-11-10.0.26200-SP0
uniform2d_n15_instance202604,15,202604,0,two_opt,iterations,100,1,225,22500,1500,22500,0.3699109999997745,2.3954798695778288,True,2.3954798695778288,0.0,,3.14.4,"Intel64 Family 6 Model 186 Stepping 3, GenuineIntel",Windows-11-10.0.26200-SP0
uniform2d_n15_instance202604,15,202604,0,qubo_sa,iterations,100,1,225,22500,1500,22500,0.3931664000001547,4.268487617866207,True,2.3954798695778288,78.18925018219711,,3.14.4,"Intel64 Family 6 Model 186 Stepping 3, GenuineIntel",Windows-11-10.0.26200-SP0
uniform2d_n15_instance202604,15,202604,0,qubo_sa_swap,iterations,100,1,225,22500,1500,22500,0.4912939000005281,2.4712087026822878,True,2.3954798695778288,3.1613220409906884,,3.14.4,"Intel64 Family 6 Model 186 Stepping 3, GenuineIntel",Windows-11-10.0.26200-SP0
uniform2d_n15_instance202604,15,202604,1,two_opt,iterations,100,1,225,22500,1500,22500,0.3495622000000367,2.3954798695778288,True,2.3954798695778288,0.0,,3.14.4,"Intel64 Family 6 Model 186 Stepping 3, GenuineIntel",Windows-11-10.0.26200-SP0
uniform2d_n15_instance202604,15,202604,1,qubo_sa,iterations,100,1,225,22500,1500,22500,0.38182010000036826,4.410531393688079,True,2.3954798695778288,84.11890868719244,,3.14.4,"Intel64 Family 6 Model 186 Stepping 3, GenuineIntel",Windows-11-10.0.26200-SP0
uniform2d_n15_instance202604,15,202604,1,qubo_sa_swap,iterations,100,1,225,22500,1500,22500,0.49033849999977974,2.49455718496407,True,2.3954798695778288,4.136011186923572,,3.14.4,"Intel64 Family 6 Model 186 Stepping 3, GenuineIntel",Windows-11-10.0.26200-SP0
uniform2d_n15_instance202604,15,202604,2,two_opt,iterations,100,1,225,22500,1500,22500,0.36020840000037424,2.3954798695778288,True,2.3954798695778288,0.0,,3.14.4,"Intel64 Family 6 Model 186 Stepping 3, GenuineIntel",Windows-11-10.0.26200-SP0
uniform2d_n15_instance202604,15,202604,2,qubo_sa,iterations,100,1,225,22500,1500,22500,0.3701627999998891,4.113456123531507,True,2.3954798695778288,71.71741561144694,,3.14.4,"Intel64 Family 6 Model 186 Stepping 3, GenuineIntel",Windows-11-10.0.26200-SP0
uniform2d_n15_instance202604,15,202604,2,qubo_sa_swap,iterations,100,1,225,22500,1500,22500,0.4885052999998152,2.471208702682288,True,2.3954798695778288,3.1613220409907106,,3.14.4,"Intel64 Family 6 Model 186 Stepping 3, GenuineIntel",Windows-11-10.0.26200-SP0
uniform2d_n15_instance202604,15,202604,3,two_opt,iterations,100,1,225,22500,1500,22500,0.34485229999972944,2.3954798695778288,True,2.3954798695778288,0.0,,3.14.4,"Intel64 Family 6 Model 186 Stepping 3, GenuineIntel",Windows-11-10.0.26200-SP0
uniform2d_n15_instance202604,15,202604,3,qubo_sa,iterations,100,1,225,22500,1500,22500,0.3434359000002587,4.019932468651645,True,2.3954798695778288,67.813243588647,,3.14.4,"Intel64 Family 6 Model 186 Stepping 3, GenuineIntel",Windows-11-10.0.26200-SP0
uniform2d_n15_instance202604,15,202604,3,qubo_sa_swap,iterations,100,1,225,22500,1500,22500,0.4960081999997783,2.3954798695778288,True,2.3954798695778288,0.0,,3.14.4,"Intel64 Family 6 Model 186 Stepping 3, GenuineIntel",Windows-11-10.0.26200-SP0
uniform2d_n15_instance202604,15,202604,4,two_opt,iterations,100,1,225,22500,1500,22500,0.3575991999996404,2.3954798695778288,True,2.3954798695778288,0.0,,3.14.4,"Intel64 Family 6 Model 186 Stepping 3, GenuineIntel",Windows-11-10.0.26200-SP0
uniform2d_n15_instance202604,15,202604,4,qubo_sa,iterations,100,1,225,22500,1500,22500,0.38210929999968357,3.664840775614635,True,2.3954798695778288,52.989838159671706,,3.14.4,"Intel64 Family 6 Model 186 Stepping 3, GenuineIntel",Windows-11-10.0.26200-SP0
uniform2d_n15_instance202604,15,202604,4,qubo_sa_swap,iterations,100,1,225,22500,1500,22500,0.4753759999994145,2.4308416352953732,True,2.3954798695778288,1.4761871375599034,,3.14.4,"Intel64 Family 6 Model 186 Stepping 3, GenuineIntel",Windows-11-10.0.26200-SP0
uniform2d_n15_instance202604,15,202604,5,two_opt,iterations,100,1,225,22500,1500,22500,0.4328656999996383,2.3954798695778288,True,2.3954798695778288,0.0,,3.14.4,"Intel64 Family 6 Model 186 Stepping 3, GenuineIntel",Windows-11-10.0.26200-SP0
uniform2d_n15_instance202604,15,202604,5,qubo_sa,iterations,100,1,225,22500,1500,22500,0.5077482000006057,3.5681469387699383,True,2.3954798695778288,48.95332597383823,,3.14.4,"Intel64 Family 6 Model 186 Stepping 3, GenuineIntel",Windows-11-10.0.26200-SP0
uniform2d_n15_instance202604,15,202604,5,qubo_sa_swap,iterations,100,1,225,22500,1500,22500,0.6743731000005937,2.428565453829412,True,2.3954798695778288,1.3811672839235456,,3.14.4,"Intel64 Family 6 Model 186 Stepping 3, GenuineIntel",Windows-11-10.0.26200-SP0
uniform2d_n15_instance202604,15,202604,6,two_opt,iterations,100,1,225,22500,1500,22500,0.3509322999998403,2.3954798695778288,True,2.3954798695778288,0.0,,3.14.4,"Intel64 Family 6 Model 186 Stepping 3, GenuineIntel",Windows-11-10.0.26200-SP0
uniform2d_n15_instance202604,15,202604,6,qubo_sa,iterations,100,1,225,22500,1500,22500,0.36845400000038353,4.131584923166975,True,2.3954798695778288,72.47420759562098,,3.14.4,"Intel64 Family 6 Model 186 Stepping 3, GenuineIntel",Windows-11-10.0.26200-SP0
uniform2d_n15_instance202604,15,202604,6,qubo_sa_swap,iterations,100,1,225,22500,1500,22500,0.484350099999574,2.471208702682288,True,2.3954798695778288,3.1613220409907106,,3.14.4,"Intel64 Family 6 Model 186 Stepping 3, GenuineIntel",Windows-11-10.0.26200-SP0
uniform2d_n15_instance202604,15,202604,7,two_opt,iterations,100,1,225,22500,1500,22500,0.3592867999996088,2.3954798695778288,True,2.3954798695778288,0.0,,3.14.4,"Intel64 Family 6 Model 186 Stepping 3, GenuineIntel",Windows-11-10.0.26200-SP0
uniform2d_n15_instance202604,15,202604,7,qubo_sa,iterations,100,1,225,22500,1500,22500,0.5104371999996147,4.5610332849927975,True,2.3954798695778288,90.4016536693593,,3.14.4,"Intel64 Family 6 Model 186 Stepping 3, GenuineIntel",Windows-11-10.0.26200-SP0
uniform2d_n15_instance202604,15,202604,7,qubo_sa_swap,iterations,100,1,225,22500,1500,22500,0.5056426000001011,2.3954798695778288,True,2.3954798695778288,0.0,,3.14.4,"Intel64 Family 6 Model 186 Stepping 3, GenuineIntel",Windows-11-10.0.26200-SP0
uniform2d_n15_instance202604,15,202604,8,two_opt,iterations,100,1,225,22500,1500,22500,0.3557386000002225,2.3954798695778288,True,2.3954798695778288,0.0,,3.14.4,"Intel64 Family 6 Model 186 Stepping 3, GenuineIntel",Windows-11-10.0.26200-SP0
uniform2d_n15_instance202604,15,202604,8,qubo_sa,iterations,100,1,225,22500,1500,22500,0.3829077000000325,4.617954551088482,True,2.3954798695778288,92.77784838585741,,3.14.4,"Intel64 Family 6 Model 186 Stepping 3, GenuineIntel",Windows-11-10.0.26200-SP0
uniform2d_n15_instance202604,15,202604,8,qubo_sa_swap,iterations,100,1,225,22500,1500,22500,0.49197439999989,2.471208702682288,True,2.3954798695778288,3.1613220409907106,,3.14.4,"Intel64 Family 6 Model 186 Stepping 3, GenuineIntel",Windows-11-10.0.26200-SP0
uniform2d_n15_instance202604,15,202604,9,two_opt,iterations,100,1,225,22500,1500,22500,0.3416929999993954,2.3954798695778288,True,2.3954798695778288,0.0,,3.14.4,"Intel64 Family 6 Model 186 Stepping 3, GenuineIntel",Windows-11-10.0.26200-SP0
uniform2d_n15_instance202604,15,202604,9,qubo_sa,iterations,100,1,225,22500,1500,22500,0.3621932000005472,4.242536100017418,True,2.3954798695778288,77.10589656364375,,3.14.4,"Intel64 Family 6 Model 186 Stepping 3, GenuineIntel",Windows-11-10.0.26200-SP0
uniform2d_n15_instance202604,15,202604,9,qubo_sa_swap,iterations,100,1,225,22500,1500,22500,0.4713052000006428,2.3954798695778288,True,2.3954798695778288,0.0,,3.14.4,"Intel64 Family 6 Model 186 Stepping 3, GenuineIntel",Windows-11-10.0.26200-SP0
uniform2d_n15_instance202605,15,202605,0,two_opt,iterations,100,1,225,22500,1500,22500,0.33927270000003773,3.3753658517278438,True,3.3753658517278438,0.0,,3.14.4,"Intel64 Family 6 Model 186 Stepping 3, GenuineIntel",Windows-11-10.0.26200-SP0
uniform2d_n15_instance202605,15,202605,0,qubo_sa,iterations,100,1,225,22500,1500,22500,0.3645985000002838,5.593649186125776,True,3.3753658517278438,65.71978955295756,,3.14.4,"Intel64 Family 6 Model 186 Stepping 3, GenuineIntel",Windows-11-10.0.26200-SP0
uniform2d_n15_instance202605,15,202605,0,qubo_sa_swap,iterations,100,1,225,22500,1500,22500,0.47916410000016185,3.394582442024921,True,3.3753658517278438,0.56931873880397,,3.14.4,"Intel64 Family 6 Model 186 Stepping 3, GenuineIntel",Windows-11-10.0.26200-SP0
uniform2d_n15_instance202605,15,202605,1,two_opt,iterations,100,1,225,22500,1500,22500,0.3361267999998745,3.3753658517278438,True,3.3753658517278438,0.0,,3.14.4,"Intel64 Family 6 Model 186 Stepping 3, GenuineIntel",Windows-11-10.0.26200-SP0
uniform2d_n15_instance202605,15,202605,1,qubo_sa,iterations,100,1,225,22500,1500,22500,0.3541883999996571,5.701273919900988,True,3.3753658517278438,68.90832491483896,,3.14.4,"Intel64 Family 6 Model 186 Stepping 3, GenuineIntel",Windows-11-10.0.26200-SP0
uniform2d_n15_instance202605,15,202605,1,qubo_sa_swap,iterations,100,1,225,22500,1500,22500,0.503782400000091,3.7164555320608743,True,3.3753658517278438,10.105265482804704,,3.14.4,"Intel64 Family 6 Model 186 Stepping 3, GenuineIntel",Windows-11-10.0.26200-SP0
uniform2d_n15_instance202605,15,202605,2,two_opt,iterations,100,1,225,22500,1500,22500,0.3517273999996178,3.3753658517278438,True,3.3753658517278438,0.0,,3.14.4,"Intel64 Family 6 Model 186 Stepping 3, GenuineIntel",Windows-11-10.0.26200-SP0
uniform2d_n15_instance202605,15,202605,2,qubo_sa,iterations,100,1,225,22500,1500,22500,0.37877990000015416,6.220875447644707,True,3.3753658517278438,84.30225702675315,,3.14.4,"Intel64 Family 6 Model 186 Stepping 3, GenuineIntel",Windows-11-10.0.26200-SP0
uniform2d_n15_instance202605,15,202605,2,qubo_sa_swap,iterations,100,1,225,22500,1500,22500,0.4811790999992809,3.3753658517278438,True,3.3753658517278438,0.0,,3.14.4,"Intel64 Family 6 Model 186 Stepping 3, GenuineIntel",Windows-11-10.0.26200-SP0
uniform2d_n15_instance202605,15,202605,3,two_opt,iterations,100,1,225,22500,1500,22500,0.3454418000001169,3.3753658517278438,True,3.3753658517278438,0.0,,3.14.4,"Intel64 Family 6 Model 186 Stepping 3, GenuineIntel",Windows-11-10.0.26200-SP0
uniform2d_n15_instance202605,15,202605,3,qubo_sa,iterations,100,1,225,22500,1500,22500,0.44216450000021723,5.28896972100041,True,3.3753658517278438,56.693228329397115,,3.14.4,"Intel64 Family 6 Model 186 Stepping 3, GenuineIntel",Windows-11-10.0.26200-SP0
uniform2d_n15_instance202605,15,202605,3,qubo_sa_swap,iterations,100,1,225,22500,1500,22500,0.49794680000013614,3.3945824420249213,True,3.3753658517278438,0.5693187388039922,,3.14.4,"Intel64 Family 6 Model 186 Stepping 3, GenuineIntel",Windows-11-10.0.26200-SP0
uniform2d_n15_instance202605,15,202605,4,two_opt,iterations,100,1,225,22500,1500,22500,0.33912839999993594,3.3753658517278438,True,3.3753658517278438,0.0,,3.14.4,"Intel64 Family 6 Model 186 Stepping 3, GenuineIntel",Windows-11-10.0.26200-SP0
uniform2d_n15_instance202605,15,202605,4,qubo_sa,iterations,100,1,225,22500,1500,22500,0.38226339999982883,5.700350436963406,True,3.3753658517278438,68.88096542321203,,3.14.4,"Intel64 Family 6 Model 186 Stepping 3, GenuineIntel",Windows-11-10.0.26200-SP0
uniform2d_n15_instance202605,15,202605,4,qubo_sa_swap,iterations,100,1,225,22500,1500,22500,0.5379663000003347,3.3753658517278446,True,3.3753658517278438,2.220446049250313e-14,,3.14.4,"Intel64 Family 6 Model 186 Stepping 3, GenuineIntel",Windows-11-10.0.26200-SP0
uniform2d_n15_instance202605,15,202605,5,two_opt,iterations,100,1,225,22500,1500,22500,0.3593418999998903,3.3753658517278438,True,3.3753658517278438,0.0,,3.14.4,"Intel64 Family 6 Model 186 Stepping 3, GenuineIntel",Windows-11-10.0.26200-SP0
uniform2d_n15_instance202605,15,202605,5,qubo_sa,iterations,100,1,225,22500,1500,22500,0.3702865999994174,4.744501005316381,True,3.3753658517278438,40.562570510324946,,3.14.4,"Intel64 Family 6 Model 186 Stepping 3, GenuineIntel",Windows-11-10.0.26200-SP0
uniform2d_n15_instance202605,15,202605,5,qubo_sa_swap,iterations,100,1,225,22500,1500,22500,0.4884530999997878,3.827090080145182,True,3.3753658517278438,13.382970861843058,,3.14.4,"Intel64 Family 6 Model 186 Stepping 3, GenuineIntel",Windows-11-10.0.26200-SP0
uniform2d_n15_instance202605,15,202605,6,two_opt,iterations,100,1,225,22500,1500,22500,0.3417406000007759,3.3753658517278438,True,3.3753658517278438,0.0,,3.14.4,"Intel64 Family 6 Model 186 Stepping 3, GenuineIntel",Windows-11-10.0.26200-SP0
uniform2d_n15_instance202605,15,202605,6,qubo_sa,iterations,100,1,225,22500,1500,22500,0.3887888999997813,6.067753748960419,True,3.3753658517278438,79.76580955970584,,3.14.4,"Intel64 Family 6 Model 186 Stepping 3, GenuineIntel",Windows-11-10.0.26200-SP0
uniform2d_n15_instance202605,15,202605,6,qubo_sa_swap,iterations,100,1,225,22500,1500,22500,0.48540200000024925,3.3945824420249213,True,3.3753658517278438,0.5693187388039922,,3.14.4,"Intel64 Family 6 Model 186 Stepping 3, GenuineIntel",Windows-11-10.0.26200-SP0
uniform2d_n15_instance202605,15,202605,7,two_opt,iterations,100,1,225,22500,1500,22500,0.3430704999991576,3.3753658517278438,True,3.3753658517278438,0.0,,3.14.4,"Intel64 Family 6 Model 186 Stepping 3, GenuineIntel",Windows-11-10.0.26200-SP0
uniform2d_n15_instance202605,15,202605,7,qubo_sa,iterations,100,1,225,22500,1500,22500,0.388867399999981,,False,3.3753658517278438,,,3.14.4,"Intel64 Family 6 Model 186 Stepping 3, GenuineIntel",Windows-11-10.0.26200-SP0
uniform2d_n15_instance202605,15,202605,7,qubo_sa_swap,iterations,100,1,225,22500,1500,22500,0.4770227999997587,3.566274225698347,True,3.3753658517278438,5.6559313080914775,,3.14.4,"Intel64 Family 6 Model 186 Stepping 3, GenuineIntel",Windows-11-10.0.26200-SP0
uniform2d_n15_instance202605,15,202605,8,two_opt,iterations,100,1,225,22500,1500,22500,0.357701700000689,3.3753658517278438,True,3.3753658517278438,0.0,,3.14.4,"Intel64 Family 6 Model 186 Stepping 3, GenuineIntel",Windows-11-10.0.26200-SP0
uniform2d_n15_instance202605,15,202605,8,qubo_sa,iterations,100,1,225,22500,1500,22500,0.37488909999956377,6.220953148649758,True,3.3753658517278438,84.30455902921643,,3.14.4,"Intel64 Family 6 Model 186 Stepping 3, GenuineIntel",Windows-11-10.0.26200-SP0
uniform2d_n15_instance202605,15,202605,8,qubo_sa_swap,iterations,100,1,225,22500,1500,22500,0.46653390000028594,3.394582442024921,True,3.3753658517278438,0.56931873880397,,3.14.4,"Intel64 Family 6 Model 186 Stepping 3, GenuineIntel",Windows-11-10.0.26200-SP0
uniform2d_n15_instance202605,15,202605,9,two_opt,iterations,100,1,225,22500,1500,22500,0.3329920000005586,3.3753658517278438,True,3.3753658517278438,0.0,,3.14.4,"Intel64 Family 6 Model 186 Stepping 3, GenuineIntel",Windows-11-10.0.26200-SP0
uniform2d_n15_instance202605,15,202605,9,qubo_sa,iterations,100,1,225,22500,1500,22500,0.3829179000003933,6.072166374549218,True,3.3753658517278438,79.89653985036576,,3.14.4,"Intel64 Family 6 Model 186 Stepping 3, GenuineIntel",Windows-11-10.0.26200-SP0
uniform2d_n15_instance202605,15,202605,9,qubo_sa_swap,iterations,100,1,225,22500,1500,22500,0.6239129999994475,3.5662742256983466,True,3.3753658517278438,5.655931308091455,,3.14.4,"Intel64 Family 6 Model 186 Stepping 3, GenuineIntel",Windows-11-10.0.26200-SP0
uniform2d_n15_instance202606,15,202606,0,two_opt,iterations,100,1,225,22500,1500,22500,0.46788399999968533,3.9060245716070634,True,3.906024571607064,0.0,,3.14.4,"Intel64 Family 6 Model 186 Stepping 3, GenuineIntel",Windows-11-10.0.26200-SP0
uniform2d_n15_instance202606,15,202606,0,qubo_sa,iterations,100,1,225,22500,1500,22500,0.4726077000004807,6.588295397896824,True,3.906024571607064,68.6700960815049,,3.14.4,"Intel64 Family 6 Model 186 Stepping 3, GenuineIntel",Windows-11-10.0.26200-SP0
uniform2d_n15_instance202606,15,202606,0,qubo_sa_swap,iterations,100,1,225,22500,1500,22500,0.6965705000002345,3.906024571607064,True,3.906024571607064,0.0,,3.14.4,"Intel64 Family 6 Model 186 Stepping 3, GenuineIntel",Windows-11-10.0.26200-SP0
uniform2d_n15_instance202606,15,202606,1,two_opt,iterations,100,1,225,22500,1500,22500,0.8271236000000499,3.9060245716070634,True,3.906024571607064,0.0,,3.14.4,"Intel64 Family 6 Model 186 Stepping 3, GenuineIntel",Windows-11-10.0.26200-SP0
uniform2d_n15_instance202606,15,202606,1,qubo_sa,iterations,100,1,225,22500,1500,22500,1.0619151999999303,5.248667126769189,True,3.906024571607064,34.37363310312509,,3.14.4,"Intel64 Family 6 Model 186 Stepping 3, GenuineIntel",Windows-11-10.0.26200-SP0
uniform2d_n15_instance202606,15,202606,1,qubo_sa_swap,iterations,100,1,225,22500,1500,22500,1.3233981000003041,3.906024571607064,True,3.906024571607064,0.0,,3.14.4,"Intel64 Family 6 Model 186 Stepping 3, GenuineIntel",Windows-11-10.0.26200-SP0
uniform2d_n15_instance202606,15,202606,2,two_opt,iterations,100,1,225,22500,1500,22500,0.9331817000002047,3.9060245716070634,True,3.906024571607064,0.0,,3.14.4,"Intel64 Family 6 Model 186 Stepping 3, GenuineIntel",Windows-11-10.0.26200-SP0
uniform2d_n15_instance202606,15,202606,2,qubo_sa,iterations,100,1,225,22500,1500,22500,1.0985356999999567,5.300807556512533,True,3.906024571607064,35.708505139577504,,3.14.4,"Intel64 Family 6 Model 186 Stepping 3, GenuineIntel",Windows-11-10.0.26200-SP0
uniform2d_n15_instance202606,15,202606,2,qubo_sa_swap,iterations,100,1,225,22500,1500,22500,0.5678240000006554,4.036438740018277,True,3.906024571607064,3.3387953921026448,,3.14.4,"Intel64 Family 6 Model 186 Stepping 3, GenuineIntel",Windows-11-10.0.26200-SP0
uniform2d_n15_instance202606,15,202606,3,two_opt,iterations,100,1,225,22500,1500,22500,0.3144524999997884,3.9060245716070634,True,3.906024571607064,0.0,,3.14.4,"Intel64 Family 6 Model 186 Stepping 3, GenuineIntel",Windows-11-10.0.26200-SP0
uniform2d_n15_instance202606,15,202606,3,qubo_sa,iterations,100,1,225,22500,1500,22500,0.31969590000062453,6.004839930135025,True,3.906024571607064,53.732774078900405,,3.14.4,"Intel64 Family 6 Model 186 Stepping 3, GenuineIntel",Windows-11-10.0.26200-SP0
uniform2d_n15_instance202606,15,202606,3,qubo_sa_swap,iterations,100,1,225,22500,1500,22500,0.4442433999993227,3.9060245716070643,True,3.906024571607064,2.220446049250313e-14,,3.14.4,"Intel64 Family 6 Model 186 Stepping 3, GenuineIntel",Windows-11-10.0.26200-SP0
uniform2d_n15_instance202606,15,202606,4,two_opt,iterations,100,1,225,22500,1500,22500,0.33668779999970866,3.9060245716070634,True,3.906024571607064,0.0,,3.14.4,"Intel64 Family 6 Model 186 Stepping 3, GenuineIntel",Windows-11-10.0.26200-SP0
uniform2d_n15_instance202606,15,202606,4,qubo_sa,iterations,100,1,225,22500,1500,22500,0.36464190000060626,7.155468151955778,True,3.906024571607064,83.19055655637591,,3.14.4,"Intel64 Family 6 Model 186 Stepping 3, GenuineIntel",Windows-11-10.0.26200-SP0
uniform2d_n15_instance202606,15,202606,4,qubo_sa_swap,iterations,100,1,225,22500,1500,22500,0.4791534000005413,3.9060245716070643,True,3.906024571607064,2.220446049250313e-14,,3.14.4,"Intel64 Family 6 Model 186 Stepping 3, GenuineIntel",Windows-11-10.0.26200-SP0
uniform2d_n15_instance202606,15,202606,5,two_opt,iterations,100,1,225,22500,1500,22500,0.3506136999994851,3.9060245716070634,True,3.906024571607064,0.0,,3.14.4,"Intel64 Family 6 Model 186 Stepping 3, GenuineIntel",Windows-11-10.0.26200-SP0
uniform2d_n15_instance202606,15,202606,5,qubo_sa,iterations,100,1,225,22500,1500,22500,0.36787940000067465,5.338675167941928,True,3.906024571607064,36.67797193977778,,3.14.4,"Intel64 Family 6 Model 186 Stepping 3, GenuineIntel",Windows-11-10.0.26200-SP0
uniform2d_n15_instance202606,15,202606,5,qubo_sa_swap,iterations,100,1,225,22500,1500,22500,0.4703220000001238,3.906024571607064,True,3.906024571607064,0.0,,3.14.4,"Intel64 Family 6 Model 186 Stepping 3, GenuineIntel",Windows-11-10.0.26200-SP0
uniform2d_n15_instance202606,15,202606,6,two_opt,iterations,100,1,225,22500,1500,22500,0.3388576000006651,3.9060245716070634,True,3.906024571607064,0.0,,3.14.4,"Intel64 Family 6 Model 186 Stepping 3, GenuineIntel",Windows-11-10.0.26200-SP0
uniform2d_n15_instance202606,15,202606,6,qubo_sa,iterations,100,1,225,22500,1500,22500,0.37043199999970966,5.953102683757857,True,3.906024571607064,52.40822413230646,,3.14.4,"Intel64 Family 6 Model 186 Stepping 3, GenuineIntel",Windows-11-10.0.26200-SP0
uniform2d_n15_instance202606,15,202606,6,qubo_sa_swap,iterations,100,1,225,22500,1500,22500,0.4611507999998139,3.906024571607064,True,3.906024571607064,0.0,,3.14.4,"Intel64 Family 6 Model 186 Stepping 3, GenuineIntel",Windows-11-10.0.26200-SP0
uniform2d_n15_instance202606,15,202606,7,two_opt,iterations,100,1,225,22500,1500,22500,0.34686650000003283,3.9060245716070634,True,3.906024571607064,0.0,,3.14.4,"Intel64 Family 6 Model 186 Stepping 3, GenuineIntel",Windows-11-10.0.26200-SP0
uniform2d_n15_instance202606,15,202606,7,qubo_sa,iterations,100,1,225,22500,1500,22500,0.370602100000724,6.223901147087987,True,3.906024571607064,59.34106488550004,,3.14.4,"Intel64 Family 6 Model 186 Stepping 3, GenuineIntel",Windows-11-10.0.26200-SP0
uniform2d_n15_instance202606,15,202606,7,qubo_sa_swap,iterations,100,1,225,22500,1500,22500,0.45849579999958223,3.906024571607064,True,3.906024571607064,0.0,,3.14.4,"Intel64 Family 6 Model 186 Stepping 3, GenuineIntel",Windows-11-10.0.26200-SP0
uniform2d_n15_instance202606,15,202606,8,two_opt,iterations,100,1,225,22500,1500,22500,0.33634359999996377,3.9060245716070634,True,3.906024571607064,0.0,,3.14.4,"Intel64 Family 6 Model 186 Stepping 3, GenuineIntel",Windows-11-10.0.26200-SP0
uniform2d_n15_instance202606,15,202606,8,qubo_sa,iterations,100,1,225,22500,1500,22500,0.36315949999971053,6.5050967834295825,True,3.906024571607064,66.54008862911934,,3.14.4,"Intel64 Family 6 Model 186 Stepping 3, GenuineIntel",Windows-11-10.0.26200-SP0
uniform2d_n15_instance202606,15,202606,8,qubo_sa_swap,iterations,100,1,225,22500,1500,22500,0.45982529999946564,3.906024571607064,True,3.906024571607064,0.0,,3.14.4,"Intel64 Family 6 Model 186 Stepping 3, GenuineIntel",Windows-11-10.0.26200-SP0
uniform2d_n15_instance202606,15,202606,9,two_opt,iterations,100,1,225,22500,1500,22500,0.3600243999999293,3.9060245716070634,True,3.906024571607064,0.0,,3.14.4,"Intel64 Family 6 Model 186 Stepping 3, GenuineIntel",Windows-11-10.0.26200-SP0
uniform2d_n15_instance202606,15,202606,9,qubo_sa,iterations,100,1,225,22500,1500,22500,0.41185459999996965,6.8992706119344644,True,3.906024571607064,76.63152101206275,,3.14.4,"Intel64 Family 6 Model 186 Stepping 3, GenuineIntel",Windows-11-10.0.26200-SP0
uniform2d_n15_instance202606,15,202606,9,qubo_sa_swap,iterations,100,1,225,22500,1500,22500,0.4574230999996871,3.9060245716070643,True,3.906024571607064,2.220446049250313e-14,,3.14.4,"Intel64 Family 6 Model 186 Stepping 3, GenuineIntel",Windows-11-10.0.26200-SP0
uniform2d_n15_instance202607,15,202607,0,two_opt,iterations,100,1,225,22500,1500,22500,0.32601339999928314,2.445800804782919,True,2.445800804782919,0.0,,3.14.4,"Intel64 Family 6 Model 186 Stepping 3, GenuineIntel",Windows-11-10.0.26200-SP0
uniform2d_n15_instance202607,15,202607,0,qubo_sa,iterations,100,1,225,22500,1500,22500,0.3683940999999322,4.173439928355081,True,2.445800804782919,70.63695130828536,,3.14.4,"Intel64 Family 6 Model 186 Stepping 3, GenuineIntel",Windows-11-10.0.26200-SP0
uniform2d_n15_instance202607,15,202607,0,qubo_sa_swap,iterations,100,1,225,22500,1500,22500,0.46898700000019744,2.445800804782919,True,2.445800804782919,0.0,,3.14.4,"Intel64 Family 6 Model 186 Stepping 3, GenuineIntel",Windows-11-10.0.26200-SP0
uniform2d_n15_instance202607,15,202607,1,two_opt,iterations,100,1,225,22500,1500,22500,0.34249329999965994,2.445800804782919,True,2.445800804782919,0.0,,3.14.4,"Intel64 Family 6 Model 186 Stepping 3, GenuineIntel",Windows-11-10.0.26200-SP0
uniform2d_n15_instance202607,15,202607,1,qubo_sa,iterations,100,1,225,22500,1500,22500,0.36957689999962895,4.718567633861325,True,2.445800804782919,92.92526295002708,,3.14.4,"Intel64 Family 6 Model 186 Stepping 3, GenuineIntel",Windows-11-10.0.26200-SP0
uniform2d_n15_instance202607,15,202607,1,qubo_sa_swap,iterations,100,1,225,22500,1500,22500,0.48022969999965426,2.451393999702157,True,2.445800804782919,0.22868562755806732,,3.14.4,"Intel64 Family 6 Model 186 Stepping 3, GenuineIntel",Windows-11-10.0.26200-SP0
uniform2d_n15_instance202607,15,202607,2,two_opt,iterations,100,1,225,22500,1500,22500,0.3480249999993248,2.445800804782919,True,2.445800804782919,0.0,,3.14.4,"Intel64 Family 6 Model 186 Stepping 3, GenuineIntel",Windows-11-10.0.26200-SP0
uniform2d_n15_instance202607,15,202607,2,qubo_sa,iterations,100,1,225,22500,1500,22500,0.3893831000004866,4.556410068914733,True,2.445800804782919,86.2952232252268,,3.14.4,"Intel64 Family 6 Model 186 Stepping 3, GenuineIntel",Windows-11-10.0.26200-SP0
uniform2d_n15_instance202607,15,202607,2,qubo_sa_swap,iterations,100,1,225,22500,1500,22500,0.4865336999991996,2.445800804782919,True,2.445800804782919,0.0,,3.14.4,"Intel64 Family 6 Model 186 Stepping 3, GenuineIntel",Windows-11-10.0.26200-SP0
uniform2d_n15_instance202607,15,202607,3,two_opt,iterations,100,1,225,22500,1500,22500,0.34834179999961634,2.445800804782919,True,2.445800804782919,0.0,,3.14.4,"Intel64 Family 6 Model 186 Stepping 3, GenuineIntel",Windows-11-10.0.26200-SP0
uniform2d_n15_instance202607,15,202607,3,qubo_sa,iterations,100,1,225,22500,1500,22500,0.358001399999921,5.15624858711825,True,2.445800804782919,110.82046326237514,,3.14.4,"Intel64 Family 6 Model 186 Stepping 3, GenuineIntel",Windows-11-10.0.26200-SP0
uniform2d_n15_instance202607,15,202607,3,qubo_sa_swap,iterations,100,1,225,22500,1500,22500,0.4963756999995894,2.456008748894177,True,2.445800804782919,0.4173661277441676,,3.14.4,"Intel64 Family 6 Model 186 Stepping 3, GenuineIntel",Windows-11-10.0.26200-SP0
uniform2d_n15_instance202607,15,202607,4,two_opt,iterations,100,1,225,22500,1500,22500,0.3472767000002932,2.445800804782919,True,2.445800804782919,0.0,,3.14.4,"Intel64 Family 6 Model 186 Stepping 3, GenuineIntel",Windows-11-10.0.26200-SP0
uniform2d_n15_instance202607,15,202607,4,qubo_sa,iterations,100,1,225,22500,1500,22500,0.35694489999968937,4.257807770500074,True,2.445800804782919,74.08644899346095,,3.14.4,"Intel64 Family 6 Model 186 Stepping 3, GenuineIntel",Windows-11-10.0.26200-SP0
uniform2d_n15_instance202607,15,202607,4,qubo_sa_swap,iterations,100,1,225,22500,1500,22500,0.4937189000002036,2.456008748894176,True,2.445800804782919,0.4173661277441232,,3.14.4,"Intel64 Family 6 Model 186 Stepping 3, GenuineIntel",Windows-11-10.0.26200-SP0
uniform2d_n15_instance202607,15,202607,5,two_opt,iterations,100,1,225,22500,1500,22500,0.3431860999999117,2.445800804782919,True,2.445800804782919,0.0,,3.14.4,"Intel64 Family 6 Model 186 Stepping 3, GenuineIntel",Windows-11-10.0.26200-SP0
uniform2d_n15_instance202607,15,202607,5,qubo_sa,iterations,100,1,225,22500,1500,22500,0.3564464000000953,4.0012053540966575,True,2.445800804782919,63.594898908858234,,3.14.4,"Intel64 Family 6 Model 186 Stepping 3, GenuineIntel",Windows-11-10.0.26200-SP0
uniform2d_n15_instance202607,15,202607,5,qubo_sa_swap,iterations,100,1,225,22500,1500,22500,0.46670559999984107,2.4458008047829196,True,2.445800804782919,2.220446049250313e-14,,3.14.4,"Intel64 Family 6 Model 186 Stepping 3, GenuineIntel",Windows-11-10.0.26200-SP0
uniform2d_n15_instance202607,15,202607,6,two_opt,iterations,100,1,225,22500,1500,22500,0.3512974999994185,2.445800804782919,True,2.445800804782919,0.0,,3.14.4,"Intel64 Family 6 Model 186 Stepping 3, GenuineIntel",Windows-11-10.0.26200-SP0
uniform2d_n15_instance202607,15,202607,6,qubo_sa,iterations,100,1,225,22500,1500,22500,0.39178339999944,4.1173051503698845,True,2.445800804782919,68.34180209272284,,3.14.4,"Intel64 Family 6 Model 186 Stepping 3, GenuineIntel",Windows-11-10.0.26200-SP0
uniform2d_n15_instance202607,15,202607,6,qubo_sa_swap,iterations,100,1,225,22500,1500,22500,0.4857228999999279,2.445800804782919,True,2.445800804782919,0.0,,3.14.4,"Intel64 Family 6 Model 186 Stepping 3, GenuineIntel",Windows-11-10.0.26200-SP0
uniform2d_n15_instance202607,15,202607,7,two_opt,iterations,100,1,225,22500,1500,22500,0.3303672000001825,2.445800804782919,True,2.445800804782919,0.0,,3.14.4,"Intel64 Family 6 Model 186 Stepping 3, GenuineIntel",Windows-11-10.0.26200-SP0
uniform2d_n15_instance202607,15,202607,7,qubo_sa,iterations,100,1,225,22500,1500,22500,0.37042159999964497,3.697786302651936,True,2.445800804782919,51.189184966358646,,3.14.4,"Intel64 Family 6 Model 186 Stepping 3, GenuineIntel",Windows-11-10.0.26200-SP0
uniform2d_n15_instance202607,15,202607,7,qubo_sa_swap,iterations,100,1,225,22500,1500,22500,0.46979969999938476,2.445800804782919,True,2.445800804782919,0.0,,3.14.4,"Intel64 Family 6 Model 186 Stepping 3, GenuineIntel",Windows-11-10.0.26200-SP0
uniform2d_n15_instance202607,15,202607,8,two_opt,iterations,100,1,225,22500,1500,22500,0.33408239999971556,2.445800804782919,True,2.445800804782919,0.0,,3.14.4,"Intel64 Family 6 Model 186 Stepping 3, GenuineIntel",Windows-11-10.0.26200-SP0
uniform2d_n15_instance202607,15,202607,8,qubo_sa,iterations,100,1,225,22500,1500,22500,0.3704722000002221,3.708754307573979,True,2.445800804782919,51.63762724753684,,3.14.4,"Intel64 Family 6 Model 186 Stepping 3, GenuineIntel",Windows-11-10.0.26200-SP0
uniform2d_n15_instance202607,15,202607,8,qubo_sa_swap,iterations,100,1,225,22500,1500,22500,0.524015099999815,2.456008748894176,True,2.445800804782919,0.4173661277441232,,3.14.4,"Intel64 Family 6 Model 186 Stepping 3, GenuineIntel",Windows-11-10.0.26200-SP0
uniform2d_n15_instance202607,15,202607,9,two_opt,iterations,100,1,225,22500,1500,22500,0.3713399999996909,2.445800804782919,True,2.445800804782919,0.0,,3.14.4,"Intel64 Family 6 Model 186 Stepping 3, GenuineIntel",Windows-11-10.0.26200-SP0
uniform2d_n15_instance202607,15,202607,9,qubo_sa,iterations,100,1,225,22500,1500,22500,0.38801390000026004,3.8401406556564845,True,2.445800804782919,57.00954256564332,,3.14.4,"Intel64 Family 6 Model 186 Stepping 3, GenuineIntel",Windows-11-10.0.26200-SP0
uniform2d_n15_instance202607,15,202607,9,qubo_sa_swap,iterations,100,1,225,22500,1500,22500,0.5247305000002598,2.456008748894176,True,2.445800804782919,0.4173661277441232,,3.14.4,"Intel64 Family 6 Model 186 Stepping 3, GenuineIntel",Windows-11-10.0.26200-SP0
uniform2d_n15_instance202608,15,202608,0,two_opt,iterations,100,1,225,22500,1500,22500,0.36105979999956617,3.2010923272382197,True,3.2010923272382192,2.220446049250313e-14,,3.14.4,"Intel64 Family 6 Model 186 Stepping 3, GenuineIntel",Windows-11-10.0.26200-SP0
uniform2d_n15_instance202608,15,202608,0,qubo_sa,iterations,100,1,225,22500,1500,22500,0.37191559999973833,5.941961191102851,True,3.2010923272382192,85.62292441684582,,3.14.4,"Intel64 Family 6 Model 186 Stepping 3, GenuineIntel",Windows-11-10.0.26200-SP0
uniform2d_n15_instance202608,15,202608,0,qubo_sa_swap,iterations,100,1,225,22500,1500,22500,0.4837921999996979,3.2010923272382192,True,3.2010923272382192,0.0,,3.14.4,"Intel64 Family 6 Model 186 Stepping 3, GenuineIntel",Windows-11-10.0.26200-SP0
uniform2d_n15_instance202608,15,202608,1,two_opt,iterations,100,1,225,22500,1500,22500,0.3575858000003791,3.2010923272382197,True,3.2010923272382192,2.220446049250313e-14,,3.14.4,"Intel64 Family 6 Model 186 Stepping 3, GenuineIntel",Windows-11-10.0.26200-SP0
uniform2d_n15_instance202608,15,202608,1,qubo_sa,iterations,100,1,225,22500,1500,22500,0.3863045999996757,4.739377900428543,True,3.2010923272382192,48.055020472261646,,3.14.4,"Intel64 Family 6 Model 186 Stepping 3, GenuineIntel",Windows-11-10.0.26200-SP0
uniform2d_n15_instance202608,15,202608,1,qubo_sa_swap,iterations,100,1,225,22500,1500,22500,0.5214157000000341,3.2010923272382192,True,3.2010923272382192,0.0,,3.14.4,"Intel64 Family 6 Model 186 Stepping 3, GenuineIntel",Windows-11-10.0.26200-SP0
uniform2d_n15_instance202608,15,202608,2,two_opt,iterations,100,1,225,22500,1500,22500,0.3825705999997808,3.2010923272382197,True,3.2010923272382192,2.220446049250313e-14,,3.14.4,"Intel64 Family 6 Model 186 Stepping 3, GenuineIntel",Windows-11-10.0.26200-SP0
uniform2d_n15_instance202608,15,202608,2,qubo_sa,iterations,100,1,225,22500,1500,22500,0.38460790000044653,5.079614775361934,True,3.2010923272382192,58.68379465782021,,3.14.4,"Intel64 Family 6 Model 186 Stepping 3, GenuineIntel",Windows-11-10.0.26200-SP0
uniform2d_n15_instance202608,15,202608,2,qubo_sa_swap,iterations,100,1,225,22500,1500,22500,0.5167375999999422,3.293480448049493,True,3.2010923272382192,2.886143583711709,,3.14.4,"Intel64 Family 6 Model 186 Stepping 3, GenuineIntel",Windows-11-10.0.26200-SP0
uniform2d_n15_instance202608,15,202608,3,two_opt,iterations,100,1,225,22500,1500,22500,0.3779273000000103,3.2010923272382197,True,3.2010923272382192,2.220446049250313e-14,,3.14.4,"Intel64 Family 6 Model 186 Stepping 3, GenuineIntel",Windows-11-10.0.26200-SP0
uniform2d_n15_instance202608,15,202608,3,qubo_sa,iterations,100,1,225,22500,1500,22500,0.41767589999926713,4.899573873674391,True,3.2010923272382192,53.05943636750887,,3.14.4,"Intel64 Family 6 Model 186 Stepping 3, GenuineIntel",Windows-11-10.0.26200-SP0
uniform2d_n15_instance202608,15,202608,3,qubo_sa_swap,iterations,100,1,225,22500,1500,22500,0.5392024000002493,3.251170851033214,True,3.2010923272382192,1.5644198503390383,,3.14.4,"Intel64 Family 6 Model 186 Stepping 3, GenuineIntel",Windows-11-10.0.26200-SP0
uniform2d_n15_instance202608,15,202608,4,two_opt,iterations,100,1,225,22500,1500,22500,0.3776569000001473,3.2010923272382197,True,3.2010923272382192,2.220446049250313e-14,,3.14.4,"Intel64 Family 6 Model 186 Stepping 3, GenuineIntel",Windows-11-10.0.26200-SP0
uniform2d_n15_instance202608,15,202608,4,qubo_sa,iterations,100,1,225,22500,1500,22500,0.3896625999996104,5.711648052230158,True,3.2010923272382192,78.42809479843874,,3.14.4,"Intel64 Family 6 Model 186 Stepping 3, GenuineIntel",Windows-11-10.0.26200-SP0
uniform2d_n15_instance202608,15,202608,4,qubo_sa_swap,iterations,100,1,225,22500,1500,22500,0.5292626000000382,3.2010923272382192,True,3.2010923272382192,0.0,,3.14.4,"Intel64 Family 6 Model 186 Stepping 3, GenuineIntel",Windows-11-10.0.26200-SP0
uniform2d_n15_instance202608,15,202608,5,two_opt,iterations,100,1,225,22500,1500,22500,0.3620928999998796,3.2010923272382197,True,3.2010923272382192,2.220446049250313e-14,,3.14.4,"Intel64 Family 6 Model 186 Stepping 3, GenuineIntel",Windows-11-10.0.26200-SP0
uniform2d_n15_instance202608,15,202608,5,qubo_sa,iterations,100,1,225,22500,1500,22500,0.3826109000001452,4.8666864539210595,True,3.2010923272382192,52.03205519910297,,3.14.4,"Intel64 Family 6 Model 186 Stepping 3, GenuineIntel",Windows-11-10.0.26200-SP0
uniform2d_n15_instance202608,15,202608,5,qubo_sa_swap,iterations,100,1,225,22500,1500,22500,0.5448811999995087,3.2010923272382192,True,3.2010923272382192,0.0,,3.14.4,"Intel64 Family 6 Model 186 Stepping 3, GenuineIntel",Windows-11-10.0.26200-SP0
uniform2d_n15_instance202608,15,202608,6,two_opt,iterations,100,1,225,22500,1500,22500,0.359520999999404,3.2010923272382197,True,3.2010923272382192,2.220446049250313e-14,,3.14.4,"Intel64 Family 6 Model 186 Stepping 3, GenuineIntel",Windows-11-10.0.26200-SP0
uniform2d_n15_instance202608,15,202608,6,qubo_sa,iterations,100,1,225,22500,1500,22500,0.35973159999957716,,False,3.2010923272382192,,,3.14.4,"Intel64 Family 6 Model 186 Stepping 3, GenuineIntel",Windows-11-10.0.26200-SP0
uniform2d_n15_instance202608,15,202608,6,qubo_sa_swap,iterations,100,1,225,22500,1500,22500,0.4901752000005217,3.2010923272382192,True,3.2010923272382192,0.0,,3.14.4,"Intel64 Family 6 Model 186 Stepping 3, GenuineIntel",Windows-11-10.0.26200-SP0
uniform2d_n15_instance202608,15,202608,7,two_opt,iterations,100,1,225,22500,1500,22500,0.36728910000056203,3.2010923272382197,True,3.2010923272382192,2.220446049250313e-14,,3.14.4,"Intel64 Family 6 Model 186 Stepping 3, GenuineIntel",Windows-11-10.0.26200-SP0
uniform2d_n15_instance202608,15,202608,7,qubo_sa,iterations,100,1,225,22500,1500,22500,0.362756100000297,5.326849217807232,True,3.2010923272382192,66.40723457055158,,3.14.4,"Intel64 Family 6 Model 186 Stepping 3, GenuineIntel",Windows-11-10.0.26200-SP0
uniform2d_n15_instance202608,15,202608,7,qubo_sa_swap,iterations,100,1,225,22500,1500,22500,0.5075576999997793,3.5112097482054496,True,3.2010923272382192,9.687862431471572,,3.14.4,"Intel64 Family 6 Model 186 Stepping 3, GenuineIntel",Windows-11-10.0.26200-SP0
uniform2d_n15_instance202608,15,202608,8,two_opt,iterations,100,1,225,22500,1500,22500,0.36724409999987984,3.2010923272382197,True,3.2010923272382192,2.220446049250313e-14,,3.14.4,"Intel64 Family 6 Model 186 Stepping 3, GenuineIntel",Windows-11-10.0.26200-SP0
uniform2d_n15_instance202608,15,202608,8,qubo_sa,iterations,100,1,225,22500,1500,22500,0.3836415000005218,5.240914075996398,True,3.2010923272382192,63.72267776849969,,3.14.4,"Intel64 Family 6 Model 186 Stepping 3, GenuineIntel",Windows-11-10.0.26200-SP0
uniform2d_n15_instance202608,15,202608,8,qubo_sa_swap,iterations,100,1,225,22500,1500,22500,0.49001119999957155,3.5112097482054496,True,3.2010923272382192,9.687862431471572,,3.14.4,"Intel64 Family 6 Model 186 Stepping 3, GenuineIntel",Windows-11-10.0.26200-SP0
uniform2d_n15_instance202608,15,202608,9,two_opt,iterations,100,1,225,22500,1500,22500,0.33881040000051144,3.2010923272382197,True,3.2010923272382192,2.220446049250313e-14,,3.14.4,"Intel64 Family 6 Model 186 Stepping 3, GenuineIntel",Windows-11-10.0.26200-SP0
uniform2d_n15_instance202608,15,202608,9,qubo_sa,iterations,100,1,225,22500,1500,22500,0.3758061999997153,4.919961369625602,True,3.2010923272382192,53.69632821151264,,3.14.4,"Intel64 Family 6 Model 186 Stepping 3, GenuineIntel",Windows-11-10.0.26200-SP0
uniform2d_n15_instance202608,15,202608,9,qubo_sa_swap,iterations,100,1,225,22500,1500,22500,0.47718819999863626,3.293480448049493,True,3.2010923272382192,2.886143583711709,,3.14.4,"Intel64 Family 6 Model 186 Stepping 3, GenuineIntel",Windows-11-10.0.26200-SP0
uniform2d_n15_instance202609,15,202609,0,two_opt,iterations,100,1,225,22500,1500,22500,0.3448748999999225,3.2623428503648877,True,3.2623428503648886,0.0,,3.14.4,"Intel64 Family 6 Model 186 Stepping 3, GenuineIntel",Windows-11-10.0.26200-SP0
uniform2d_n15_instance202609,15,202609,0,qubo_sa,iterations,100,1,225,22500,1500,22500,0.37854089999927965,5.417100060844614,True,3.2623428503648886,66.04937951995815,,3.14.4,"Intel64 Family 6 Model 186 Stepping 3, GenuineIntel",Windows-11-10.0.26200-SP0
uniform2d_n15_instance202609,15,202609,0,qubo_sa_swap,iterations,100,1,225,22500,1500,22500,0.4929282000011881,3.2623428503648886,True,3.2623428503648886,0.0,,3.14.4,"Intel64 Family 6 Model 186 Stepping 3, GenuineIntel",Windows-11-10.0.26200-SP0
uniform2d_n15_instance202609,15,202609,1,two_opt,iterations,100,1,225,22500,1500,22500,0.3633654999994178,3.262342850364888,True,3.2623428503648886,0.0,,3.14.4,"Intel64 Family 6 Model 186 Stepping 3, GenuineIntel",Windows-11-10.0.26200-SP0
uniform2d_n15_instance202609,15,202609,1,qubo_sa,iterations,100,1,225,22500,1500,22500,0.4009017999997013,5.18551039757936,True,3.2623428503648886,58.9505038380429,,3.14.4,"Intel64 Family 6 Model 186 Stepping 3, GenuineIntel",Windows-11-10.0.26200-SP0
uniform2d_n15_instance202609,15,202609,1,qubo_sa_swap,iterations,100,1,225,22500,1500,22500,0.5165246999986266,3.2623428503648886,True,3.2623428503648886,0.0,,3.14.4,"Intel64 Family 6 Model 186 Stepping 3, GenuineIntel",Windows-11-10.0.26200-SP0
uniform2d_n15_instance202609,15,202609,2,two_opt,iterations,100,1,225,22500,1500,22500,0.34405489999880956,3.2623428503648877,True,3.2623428503648886,0.0,,3.14.4,"Intel64 Family 6 Model 186 Stepping 3, GenuineIntel",Windows-11-10.0.26200-SP0
uniform2d_n15_instance202609,15,202609,2,qubo_sa,iterations,100,1,225,22500,1500,22500,0.3607800000008865,4.559399476354542,True,3.2623428503648886,39.75844003779612,,3.14.4,"Intel64 Family 6 Model 186 Stepping 3, GenuineIntel",Windows-11-10.0.26200-SP0
uniform2d_n15_instance202609,15,202609,2,qubo_sa_swap,iterations,100,1,225,22500,1500,22500,0.49265799999921,3.2623428503648886,True,3.2623428503648886,0.0,,3.14.4,"Intel64 Family 6 Model 186 Stepping 3, GenuineIntel",Windows-11-10.0.26200-SP0
uniform2d_n15_instance202609,15,202609,3,two_opt,iterations,100,1,225,22500,1500,22500,0.3562333000008948,3.2623428503648877,True,3.2623428503648886,0.0,,3.14.4,"Intel64 Family 6 Model 186 Stepping 3, GenuineIntel",Windows-11-10.0.26200-SP0
uniform2d_n15_instance202609,15,202609,3,qubo_sa,iterations,100,1,225,22500,1500,22500,0.36687849999907485,4.811247006646532,True,3.2623428503648886,47.47827642053013,,3.14.4,"Intel64 Family 6 Model 186 Stepping 3, GenuineIntel",Windows-11-10.0.26200-SP0
uniform2d_n15_instance202609,15,202609,3,qubo_sa_swap,iterations,100,1,225,22500,1500,22500,0.5069951000004949,3.2623428503648886,True,3.2623428503648886,0.0,,3.14.4,"Intel64 Family 6 Model 186 Stepping 3, GenuineIntel",Windows-11-10.0.26200-SP0
uniform2d_n15_instance202609,15,202609,4,two_opt,iterations,100,1,225,22500,1500,22500,0.3840005000001838,3.2623428503648877,True,3.2623428503648886,0.0,,3.14.4,"Intel64 Family 6 Model 186 Stepping 3, GenuineIntel",Windows-11-10.0.26200-SP0
uniform2d_n15_instance202609,15,202609,4,qubo_sa,iterations,100,1,225,22500,1500,22500,0.4070138000006409,4.743796643108086,True,3.2623428503648886,45.410732736980684,,3.14.4,"Intel64 Family 6 Model 186 Stepping 3, GenuineIntel",Windows-11-10.0.26200-SP0
uniform2d_n15_instance202609,15,202609,4,qubo_sa_swap,iterations,100,1,225,22500,1500,22500,0.5365536999997857,3.289850378092456,True,3.2623428503648886,0.8431832271856621,,3.14.4,"Intel64 Family 6 Model 186 Stepping 3, GenuineIntel",Windows-11-10.0.26200-SP0
uniform2d_n15_instance202609,15,202609,5,two_opt,iterations,100,1,225,22500,1500,22500,0.3651903999998467,3.2623428503648877,True,3.2623428503648886,0.0,,3.14.4,"Intel64 Family 6 Model 186 Stepping 3, GenuineIntel",Windows-11-10.0.26200-SP0
uniform2d_n15_instance202609,15,202609,5,qubo_sa,iterations,100,1,225,22500,1500,22500,0.3690623999991658,5.5039568297253725,True,3.2623428503648886,68.71178420470928,,3.14.4,"Intel64 Family 6 Model 186 Stepping 3, GenuineIntel",Windows-11-10.0.26200-SP0
uniform2d_n15_instance202609,15,202609,5,qubo_sa_swap,iterations,100,1,225,22500,1500,22500,0.4997251000004326,3.2623428503648886,True,3.2623428503648886,0.0,,3.14.4,"Intel64 Family 6 Model 186 Stepping 3, GenuineIntel",Windows-11-10.0.26200-SP0
uniform2d_n15_instance202609,15,202609,6,two_opt,iterations,100,1,225,22500,1500,22500,0.35819159999846306,3.2623428503648877,True,3.2623428503648886,0.0,,3.14.4,"Intel64 Family 6 Model 186 Stepping 3, GenuineIntel",Windows-11-10.0.26200-SP0
uniform2d_n15_instance202609,15,202609,6,qubo_sa,iterations,100,1,225,22500,1500,22500,0.39505450000069686,5.225400501580547,True,3.2623428503648886,60.173247915868004,,3.14.4,"Intel64 Family 6 Model 186 Stepping 3, GenuineIntel",Windows-11-10.0.26200-SP0
uniform2d_n15_instance202609,15,202609,6,qubo_sa_swap,iterations,100,1,225,22500,1500,22500,0.5330928000003041,3.2623428503648886,True,3.2623428503648886,0.0,,3.14.4,"Intel64 Family 6 Model 186 Stepping 3, GenuineIntel",Windows-11-10.0.26200-SP0
uniform2d_n15_instance202609,15,202609,7,two_opt,iterations,100,1,225,22500,1500,22500,0.35514469999907305,3.2623428503648877,True,3.2623428503648886,0.0,,3.14.4,"Intel64 Family 6 Model 186 Stepping 3, GenuineIntel",Windows-11-10.0.26200-SP0
uniform2d_n15_instance202609,15,202609,7,qubo_sa,iterations,100,1,225,22500,1500,22500,0.3919404999996914,5.416714483025543,True,3.2623428503648886,66.03756047343985,,3.14.4,"Intel64 Family 6 Model 186 Stepping 3, GenuineIntel",Windows-11-10.0.26200-SP0
uniform2d_n15_instance202609,15,202609,7,qubo_sa_swap,iterations,100,1,225,22500,1500,22500,0.5603611000005913,3.2623428503648886,True,3.2623428503648886,0.0,,3.14.4,"Intel64 Family 6 Model 186 Stepping 3, GenuineIntel",Windows-11-10.0.26200-SP0
uniform2d_n15_instance202609,15,202609,8,two_opt,iterations,100,1,225,22500,1500,22500,0.37212580000050366,3.2623428503648877,True,3.2623428503648886,0.0,,3.14.4,"Intel64 Family 6 Model 186 Stepping 3, GenuineIntel",Windows-11-10.0.26200-SP0
uniform2d_n15_instance202609,15,202609,8,qubo_sa,iterations,100,1,225,22500,1500,22500,0.4008977999983472,4.616268943537078,True,3.2623428503648886,41.501649436409,,3.14.4,"Intel64 Family 6 Model 186 Stepping 3, GenuineIntel",Windows-11-10.0.26200-SP0
uniform2d_n15_instance202609,15,202609,8,qubo_sa_swap,iterations,100,1,225,22500,1500,22500,0.5346296000006987,3.276592265948398,True,3.2623428503648886,0.4367847352989118,,3.14.4,"Intel64 Family 6 Model 186 Stepping 3, GenuineIntel",Windows-11-10.0.26200-SP0
uniform2d_n15_instance202609,15,202609,9,two_opt,iterations,100,1,225,22500,1500,22500,0.345834300000206,3.2623428503648877,True,3.2623428503648886,0.0,,3.14.4,"Intel64 Family 6 Model 186 Stepping 3, GenuineIntel",Windows-11-10.0.26200-SP0
uniform2d_n15_instance202609,15,202609,9,qubo_sa,iterations,100,1,225,22500,1500,22500,0.3828398000005109,5.644210765443801,True,3.2623428503648886,73.01096249931254,,3.14.4,"Intel64 Family 6 Model 186 Stepping 3, GenuineIntel",Windows-11-10.0.26200-SP0
uniform2d_n15_instance202609,15,202609,9,qubo_sa_swap,iterations,100,1,225,22500,1500,22500,0.5006983000002947,3.2623428503648886,True,3.2623428503648886,0.0,,3.14.4,"Intel64 Family 6 Model 186 Stepping 3, GenuineIntel",Windows-11-10.0.26200-SP0
uniform2d_n20_instance202600,20,202600,0,two_opt,iterations,100,1,400,40000,2000,40000,0.8018300000003364,3.7060253490540376,True,3.706025349054038,0.0,,3.14.4,"Intel64 Family 6 Model 186 Stepping 3, GenuineIntel",Windows-11-10.0.26200-SP0
uniform2d_n20_instance202600,20,202600,0,qubo_sa,iterations,100,1,400,40000,2000,40000,0.747159599999577,7.496977547017389,True,3.706025349054038,102.29158845151964,,3.14.4,"Intel64 Family 6 Model 186 Stepping 3, GenuineIntel",Windows-11-10.0.26200-SP0
uniform2d_n20_instance202600,20,202600,0,qubo_sa_swap,iterations,100,1,400,40000,2000,40000,0.9261396000001696,3.8522644597013254,True,3.706025349054038,3.9459824710755154,,3.14.4,"Intel64 Family 6 Model 186 Stepping 3, GenuineIntel",Windows-11-10.0.26200-SP0
uniform2d_n20_instance202600,20,202600,1,two_opt,iterations,100,1,400,40000,2000,40000,0.8344163000001572,3.7060253490540376,True,3.706025349054038,0.0,,3.14.4,"Intel64 Family 6 Model 186 Stepping 3, GenuineIntel",Windows-11-10.0.26200-SP0
uniform2d_n20_instance202600,20,202600,1,qubo_sa,iterations,100,1,400,40000,2000,40000,0.7469213000003947,8.175702277802584,True,3.706025349054038,120.60567610228112,,3.14.4,"Intel64 Family 6 Model 186 Stepping 3, GenuineIntel",Windows-11-10.0.26200-SP0
uniform2d_n20_instance202600,20,202600,1,qubo_sa_swap,iterations,100,1,400,40000,2000,40000,0.897763599999962,3.786391785265157,True,3.706025349054038,2.168534444364556,,3.14.4,"Intel64 Family 6 Model 186 Stepping 3, GenuineIntel",Windows-11-10.0.26200-SP0
uniform2d_n20_instance202600,20,202600,2,two_opt,iterations,100,1,400,40000,2000,40000,0.8140734000007797,3.7060253490540376,True,3.706025349054038,0.0,,3.14.4,"Intel64 Family 6 Model 186 Stepping 3, GenuineIntel",Windows-11-10.0.26200-SP0
uniform2d_n20_instance202600,20,202600,2,qubo_sa,iterations,100,1,400,40000,2000,40000,0.7524343999994016,7.01929611838561,True,3.706025349054038,89.40226947387944,,3.14.4,"Intel64 Family 6 Model 186 Stepping 3, GenuineIntel",Windows-11-10.0.26200-SP0
uniform2d_n20_instance202600,20,202600,2,qubo_sa_swap,iterations,100,1,400,40000,2000,40000,0.9263104000001476,4.2498603992871065,True,3.706025349054038,14.674347825815115,,3.14.4,"Intel64 Family 6 Model 186 Stepping 3, GenuineIntel",Windows-11-10.0.26200-SP0
uniform2d_n20_instance202600,20,202600,3,two_opt,iterations,100,1,400,40000,2000,40000,0.8177663999995275,3.7060253490540376,True,3.706025349054038,0.0,,3.14.4,"Intel64 Family 6 Model 186 Stepping 3, GenuineIntel",Windows-11-10.0.26200-SP0
uniform2d_n20_instance202600,20,202600,3,qubo_sa,iterations,100,1,400,40000,2000,40000,0.7549390999993193,7.903477720789048,True,3.706025349054038,113.26021752135098,,3.14.4,"Intel64 Family 6 Model 186 Stepping 3, GenuineIntel",Windows-11-10.0.26200-SP0
uniform2d_n20_instance202600,20,202600,3,qubo_sa_swap,iterations,100,1,400,40000,2000,40000,0.9368319000004703,3.706025349054038,True,3.706025349054038,0.0,,3.14.4,"Intel64 Family 6 Model 186 Stepping 3, GenuineIntel",Windows-11-10.0.26200-SP0
uniform2d_n20_instance202600,20,202600,4,two_opt,iterations,100,1,400,40000,2000,40000,0.87595710000096,3.7060253490540376,True,3.706025349054038,0.0,,3.14.4,"Intel64 Family 6 Model 186 Stepping 3, GenuineIntel",Windows-11-10.0.26200-SP0
uniform2d_n20_instance202600,20,202600,4,qubo_sa,iterations,100,1,400,40000,2000,40000,0.7930551999997988,6.98549850234307,True,3.706025349054038,88.49030550009908,,3.14.4,"Intel64 Family 6 Model 186 Stepping 3, GenuineIntel",Windows-11-10.0.26200-SP0
uniform2d_n20_instance202600,20,202600,4,qubo_sa_swap,iterations,100,1,400,40000,2000,40000,0.9536232999998902,4.050572704574752,True,3.706025349054038,9.296950858921127,,3.14.4,"Intel64 Family 6 Model 186 Stepping 3, GenuineIntel",Windows-11-10.0.26200-SP0
uniform2d_n20_instance202600,20,202600,5,two_opt,iterations,100,1,400,40000,2000,40000,0.8685855000003357,3.7060253490540376,True,3.706025349054038,0.0,,3.14.4,"Intel64 Family 6 Model 186 Stepping 3, GenuineIntel",Windows-11-10.0.26200-SP0
uniform2d_n20_instance202600,20,202600,5,qubo_sa,iterations,100,1,400,40000,2000,40000,0.7722214999994321,6.827696500160095,True,3.706025349054038,84.23232053452799,,3.14.4,"Intel64 Family 6 Model 186 Stepping 3, GenuineIntel",Windows-11-10.0.26200-SP0
uniform2d_n20_instance202600,20,202600,5,qubo_sa_swap,iterations,100,1,400,40000,2000,40000,0.9534426999998686,3.706025349054038,True,3.706025349054038,0.0,,3.14.4,"Intel64 Family 6 Model 186 Stepping 3, GenuineIntel",Windows-11-10.0.26200-SP0
uniform2d_n20_instance202600,20,202600,6,two_opt,iterations,100,1,400,40000,2000,40000,0.8457904999995662,3.7060253490540376,True,3.706025349054038,0.0,,3.14.4,"Intel64 Family 6 Model 186 Stepping 3, GenuineIntel",Windows-11-10.0.26200-SP0
uniform2d_n20_instance202600,20,202600,6,qubo_sa,iterations,100,1,400,40000,2000,40000,0.76168140000118,6.869248840752562,True,3.706025349054038,85.3535309062561,,3.14.4,"Intel64 Family 6 Model 186 Stepping 3, GenuineIntel",Windows-11-10.0.26200-SP0
uniform2d_n20_instance202600,20,202600,6,qubo_sa_swap,iterations,100,1,400,40000,2000,40000,0.8948934000000008,3.706025349054038,True,3.706025349054038,0.0,,3.14.4,"Intel64 Family 6 Model 186 Stepping 3, GenuineIntel",Windows-11-10.0.26200-SP0
uniform2d_n20_instance202600,20,202600,7,two_opt,iterations,100,1,400,40000,2000,40000,0.8039114000002883,3.7060253490540376,True,3.706025349054038,0.0,,3.14.4,"Intel64 Family 6 Model 186 Stepping 3, GenuineIntel",Windows-11-10.0.26200-SP0
uniform2d_n20_instance202600,20,202600,7,qubo_sa,iterations,100,1,400,40000,2000,40000,0.725387899999987,7.967683247938229,True,3.706025349054038,114.99268076976263,,3.14.4,"Intel64 Family 6 Model 186 Stepping 3, GenuineIntel",Windows-11-10.0.26200-SP0
uniform2d_n20_instance202600,20,202600,7,qubo_sa_swap,iterations,100,1,400,40000,2000,40000,0.9238910000003671,3.706025349054038,True,3.706025349054038,0.0,,3.14.4,"Intel64 Family 6 Model 186 Stepping 3, GenuineIntel",Windows-11-10.0.26200-SP0
uniform2d_n20_instance202600,20,202600,8,two_opt,iterations,100,1,400,40000,2000,40000,0.8146180999992794,3.7060253490540376,True,3.706025349054038,0.0,,3.14.4,"Intel64 Family 6 Model 186 Stepping 3, GenuineIntel",Windows-11-10.0.26200-SP0
uniform2d_n20_instance202600,20,202600,8,qubo_sa,iterations,100,1,400,40000,2000,40000,0.802244200000132,7.302908095336483,True,3.706025349054038,97.05499578411,,3.14.4,"Intel64 Family 6 Model 186 Stepping 3, GenuineIntel",Windows-11-10.0.26200-SP0
uniform2d_n20_instance202600,20,202600,8,qubo_sa_swap,iterations,100,1,400,40000,2000,40000,0.9142431000000215,3.706025349054038,True,3.706025349054038,0.0,,3.14.4,"Intel64 Family 6 Model 186 Stepping 3, GenuineIntel",Windows-11-10.0.26200-SP0
uniform2d_n20_instance202600,20,202600,9,two_opt,iterations,100,1,400,40000,2000,40000,0.7961959000003844,3.7060253490540376,True,3.706025349054038,0.0,,3.14.4,"Intel64 Family 6 Model 186 Stepping 3, GenuineIntel",Windows-11-10.0.26200-SP0
uniform2d_n20_instance202600,20,202600,9,qubo_sa,iterations,100,1,400,40000,2000,40000,0.7485011999997369,6.546169411144821,True,3.706025349054038,76.63585093436367,,3.14.4,"Intel64 Family 6 Model 186 Stepping 3, GenuineIntel",Windows-11-10.0.26200-SP0
uniform2d_n20_instance202600,20,202600,9,qubo_sa_swap,iterations,100,1,400,40000,2000,40000,0.8964310999999725,3.706025349054038,True,3.706025349054038,0.0,,3.14.4,"Intel64 Family 6 Model 186 Stepping 3, GenuineIntel",Windows-11-10.0.26200-SP0
uniform2d_n20_instance202601,20,202601,0,two_opt,iterations,100,1,400,40000,2000,40000,0.7786848000014288,3.5251175116493068,True,3.5251175116493068,0.0,,3.14.4,"Intel64 Family 6 Model 186 Stepping 3, GenuineIntel",Windows-11-10.0.26200-SP0
uniform2d_n20_instance202601,20,202601,0,qubo_sa,iterations,100,1,400,40000,2000,40000,0.7071355000007316,,False,3.5251175116493068,,,3.14.4,"Intel64 Family 6 Model 186 Stepping 3, GenuineIntel",Windows-11-10.0.26200-SP0
uniform2d_n20_instance202601,20,202601,0,qubo_sa_swap,iterations,100,1,400,40000,2000,40000,0.8942919999990409,3.607844186131811,True,3.5251175116493068,2.346777780006515,,3.14.4,"Intel64 Family 6 Model 186 Stepping 3, GenuineIntel",Windows-11-10.0.26200-SP0
uniform2d_n20_instance202601,20,202601,1,two_opt,iterations,100,1,400,40000,2000,40000,0.7948649999998452,3.5251175116493068,True,3.5251175116493068,0.0,,3.14.4,"Intel64 Family 6 Model 186 Stepping 3, GenuineIntel",Windows-11-10.0.26200-SP0
uniform2d_n20_instance202601,20,202601,1,qubo_sa,iterations,100,1,400,40000,2000,40000,0.7347257000001264,7.393076169193475,True,3.5251175116493068,109.72566573346532,,3.14.4,"Intel64 Family 6 Model 186 Stepping 3, GenuineIntel",Windows-11-10.0.26200-SP0
uniform2d_n20_instance202601,20,202601,1,qubo_sa_swap,iterations,100,1,400,40000,2000,40000,0.870973099999901,3.674902087026636,True,3.5251175116493068,4.249066162541881,,3.14.4,"Intel64 Family 6 Model 186 Stepping 3, GenuineIntel",Windows-11-10.0.26200-SP0
uniform2d_n20_instance202601,20,202601,2,two_opt,iterations,100,1,400,40000,2000,40000,0.7764584999986255,3.5251175116493068,True,3.5251175116493068,0.0,,3.14.4,"Intel64 Family 6 Model 186 Stepping 3, GenuineIntel",Windows-11-10.0.26200-SP0
uniform2d_n20_instance202601,20,202601,2,qubo_sa,iterations,100,1,400,40000,2000,40000,0.7300464999989345,7.220270346946334,True,3.5251175116493068,104.82353632427323,,3.14.4,"Intel64 Family 6 Model 186 Stepping 3, GenuineIntel",Windows-11-10.0.26200-SP0
uniform2d_n20_instance202601,20,202601,2,qubo_sa_swap,iterations,100,1,400,40000,2000,40000,0.8940899999997782,3.674902087026636,True,3.5251175116493068,4.249066162541881,,3.14.4,"Intel64 Family 6 Model 186 Stepping 3, GenuineIntel",Windows-11-10.0.26200-SP0
uniform2d_n20_instance202601,20,202601,3,two_opt,iterations,100,1,400,40000,2000,40000,0.7812449000011839,3.5251175116493068,True,3.5251175116493068,0.0,,3.14.4,"Intel64 Family 6 Model 186 Stepping 3, GenuineIntel",Windows-11-10.0.26200-SP0
uniform2d_n20_instance202601,20,202601,3,qubo_sa,iterations,100,1,400,40000,2000,40000,0.7054279999993014,8.086601820666724,True,3.5251175116493068,129.39949644070796,,3.14.4,"Intel64 Family 6 Model 186 Stepping 3, GenuineIntel",Windows-11-10.0.26200-SP0
uniform2d_n20_instance202601,20,202601,3,qubo_sa_swap,iterations,100,1,400,40000,2000,40000,0.8656295000000682,3.5251175116493068,True,3.5251175116493068,0.0,,3.14.4,"Intel64 Family 6 Model 186 Stepping 3, GenuineIntel",Windows-11-10.0.26200-SP0
uniform2d_n20_instance202601,20,202601,4,two_opt,iterations,100,1,400,40000,2000,40000,0.7650683000010758,3.5251175116493068,True,3.5251175116493068,0.0,,3.14.4,"Intel64 Family 6 Model 186 Stepping 3, GenuineIntel",Windows-11-10.0.26200-SP0
uniform2d_n20_instance202601,20,202601,4,qubo_sa,iterations,100,1,400,40000,2000,40000,0.6953745999999228,6.642405386591117,True,3.5251175116493068,88.43075059597987,,3.14.4,"Intel64 Family 6 Model 186 Stepping 3, GenuineIntel",Windows-11-10.0.26200-SP0
uniform2d_n20_instance202601,20,202601,4,qubo_sa_swap,iterations,100,1,400,40000,2000,40000,0.8579988999990746,3.601444522432248,True,3.5251175116493068,2.1652330888461524,,3.14.4,"Intel64 Family 6 Model 186 Stepping 3, GenuineIntel",Windows-11-10.0.26200-SP0
uniform2d_n20_instance202601,20,202601,5,two_opt,iterations,100,1,400,40000,2000,40000,0.7943909999994503,3.5251175116493068,True,3.5251175116493068,0.0,,3.14.4,"Intel64 Family 6 Model 186 Stepping 3, GenuineIntel",Windows-11-10.0.26200-SP0
uniform2d_n20_instance202601,20,202601,5,qubo_sa,iterations,100,1,400,40000,2000,40000,0.7203078000002279,8.001385574404228,True,3.5251175116493068,126.98209486527436,,3.14.4,"Intel64 Family 6 Model 186 Stepping 3, GenuineIntel",Windows-11-10.0.26200-SP0
uniform2d_n20_instance202601,20,202601,5,qubo_sa_swap,iterations,100,1,400,40000,2000,40000,0.8789310000011028,3.6078441861318113,True,3.5251175116493068,2.346777780006515,,3.14.4,"Intel64 Family 6 Model 186 Stepping 3, GenuineIntel",Windows-11-10.0.26200-SP0
uniform2d_n20_instance202601,20,202601,6,two_opt,iterations,100,1,400,40000,2000,40000,0.7832225000001927,3.5251175116493068,True,3.5251175116493068,0.0,,3.14.4,"Intel64 Family 6 Model 186 Stepping 3, GenuineIntel",Windows-11-10.0.26200-SP0
uniform2d_n20_instance202601,20,202601,6,qubo_sa,iterations,100,1,400,40000,2000,40000,0.7142671000001428,7.898941198621289,True,3.5251175116493068,124.07596831929695,,3.14.4,"Intel64 Family 6 Model 186 Stepping 3, GenuineIntel",Windows-11-10.0.26200-SP0
uniform2d_n20_instance202601,20,202601,6,qubo_sa_swap,iterations,100,1,400,40000,2000,40000,0.8662007999992056,3.5251175116493068,True,3.5251175116493068,0.0,,3.14.4,"Intel64 Family 6 Model 186 Stepping 3, GenuineIntel",Windows-11-10.0.26200-SP0
uniform2d_n20_instance202601,20,202601,7,two_opt,iterations,100,1,400,40000,2000,40000,0.7939062999994349,3.5251175116493068,True,3.5251175116493068,0.0,,3.14.4,"Intel64 Family 6 Model 186 Stepping 3, GenuineIntel",Windows-11-10.0.26200-SP0
uniform2d_n20_instance202601,20,202601,7,qubo_sa,iterations,100,1,400,40000,2000,40000,0.7113424999988638,7.296008859887533,True,3.5251175116493068,106.97207499542132,,3.14.4,"Intel64 Family 6 Model 186 Stepping 3, GenuineIntel",Windows-11-10.0.26200-SP0
uniform2d_n20_instance202601,20,202601,7,qubo_sa_swap,iterations,100,1,400,40000,2000,40000,0.9117710999998963,3.5251175116493068,True,3.5251175116493068,0.0,,3.14.4,"Intel64 Family 6 Model 186 Stepping 3, GenuineIntel",Windows-11-10.0.26200-SP0
uniform2d_n20_instance202601,20,202601,8,two_opt,iterations,100,1,400,40000,2000,40000,0.7884142000002612,3.5251175116493068,True,3.5251175116493068,0.0,,3.14.4,"Intel64 Family 6 Model 186 Stepping 3, GenuineIntel",Windows-11-10.0.26200-SP0
uniform2d_n20_instance202601,20,202601,8,qubo_sa,iterations,100,1,400,40000,2000,40000,0.6832810999985668,6.532476745589143,True,3.5251175116493068,85.31231154710571,,3.14.4,"Intel64 Family 6 Model 186 Stepping 3, GenuineIntel",Windows-11-10.0.26200-SP0
uniform2d_n20_instance202601,20,202601,8,qubo_sa_swap,iterations,100,1,400,40000,2000,40000,0.8750335999993695,3.9384749098386007,True,3.5251175116493068,11.726060105040158,,3.14.4,"Intel64 Family 6 Model 186 Stepping 3, GenuineIntel",Windows-11-10.0.26200-SP0
uniform2d_n20_instance202601,20,202601,9,two_opt,iterations,100,1,400,40000,2000,40000,0.7388566000008723,3.5251175116493068,True,3.5251175116493068,0.0,,3.14.4,"Intel64 Family 6 Model 186 Stepping 3, GenuineIntel",Windows-11-10.0.26200-SP0
uniform2d_n20_instance202601,20,202601,9,qubo_sa,iterations,100,1,400,40000,2000,40000,0.715347200000906,7.104602389016626,True,3.5251175116493068,101.54228520151021,,3.14.4,"Intel64 Family 6 Model 186 Stepping 3, GenuineIntel",Windows-11-10.0.26200-SP0
uniform2d_n20_instance202601,20,202601,9,qubo_sa_swap,iterations,100,1,400,40000,2000,40000,0.9133000999991054,3.5251175116493068,True,3.5251175116493068,0.0,,3.14.4,"Intel64 Family 6 Model 186 Stepping 3, GenuineIntel",Windows-11-10.0.26200-SP0
uniform2d_n20_instance202602,20,202602,0,two_opt,iterations,100,1,400,40000,2000,40000,0.7857796999996935,3.6118176382537746,True,3.6118176382537746,0.0,,3.14.4,"Intel64 Family 6 Model 186 Stepping 3, GenuineIntel",Windows-11-10.0.26200-SP0
uniform2d_n20_instance202602,20,202602,0,qubo_sa,iterations,100,1,400,40000,2000,40000,0.6968794000003982,7.0029055348549045,True,3.6118176382537746,93.88867977954274,,3.14.4,"Intel64 Family 6 Model 186 Stepping 3, GenuineIntel",Windows-11-10.0.26200-SP0
uniform2d_n20_instance202602,20,202602,0,qubo_sa_swap,iterations,100,1,400,40000,2000,40000,0.8749474999985978,3.6118176382537746,True,3.6118176382537746,0.0,,3.14.4,"Intel64 Family 6 Model 186 Stepping 3, GenuineIntel",Windows-11-10.0.26200-SP0
uniform2d_n20_instance202602,20,202602,1,two_opt,iterations,100,1,400,40000,2000,40000,0.7627216000000772,3.6118176382537746,True,3.6118176382537746,0.0,,3.14.4,"Intel64 Family 6 Model 186 Stepping 3, GenuineIntel",Windows-11-10.0.26200-SP0
uniform2d_n20_instance202602,20,202602,1,qubo_sa,iterations,100,1,400,40000,2000,40000,0.7482077999993635,7.0234292847872375,True,3.6118176382537746,94.45691859965815,,3.14.4,"Intel64 Family 6 Model 186 Stepping 3, GenuineIntel",Windows-11-10.0.26200-SP0
uniform2d_n20_instance202602,20,202602,1,qubo_sa_swap,iterations,100,1,400,40000,2000,40000,0.8872934000009991,3.611817638253775,True,3.6118176382537746,2.220446049250313e-14,,3.14.4,"Intel64 Family 6 Model 186 Stepping 3, GenuineIntel",Windows-11-10.0.26200-SP0
uniform2d_n20_instance202602,20,202602,2,two_opt,iterations,100,1,400,40000,2000,40000,0.7960672999997769,3.6118176382537746,True,3.6118176382537746,0.0,,3.14.4,"Intel64 Family 6 Model 186 Stepping 3, GenuineIntel",Windows-11-10.0.26200-SP0
uniform2d_n20_instance202602,20,202602,2,qubo_sa,iterations,100,1,400,40000,2000,40000,0.7117847999998048,6.441435013360152,True,3.6118176382537746,78.3433068474196,,3.14.4,"Intel64 Family 6 Model 186 Stepping 3, GenuineIntel",Windows-11-10.0.26200-SP0
uniform2d_n20_instance202602,20,202602,2,qubo_sa_swap,iterations,100,1,400,40000,2000,40000,0.9217792999988887,3.8228837855854434,True,3.6118176382537746,5.843765341201279,,3.14.4,"Intel64 Family 6 Model 186 Stepping 3, GenuineIntel",Windows-11-10.0.26200-SP0
uniform2d_n20_instance202602,20,202602,3,two_opt,iterations,100,1,400,40000,2000,40000,0.8019617000009021,3.6118176382537746,True,3.6118176382537746,0.0,,3.14.4,"Intel64 Family 6 Model 186 Stepping 3, GenuineIntel",Windows-11-10.0.26200-SP0
uniform2d_n20_instance202602,20,202602,3,qubo_sa,iterations,100,1,400,40000,2000,40000,0.7431704999999056,6.709916162645993,True,3.6118176382537746,85.77671506942619,,3.14.4,"Intel64 Family 6 Model 186 Stepping 3, GenuineIntel",Windows-11-10.0.26200-SP0
uniform2d_n20_instance202602,20,202602,3,qubo_sa_swap,iterations,100,1,400,40000,2000,40000,0.8462583999989874,3.611817638253775,True,3.6118176382537746,2.220446049250313e-14,,3.14.4,"Intel64 Family 6 Model 186 Stepping 3, GenuineIntel",Windows-11-10.0.26200-SP0
uniform2d_n20_instance202602,20,202602,4,two_opt,iterations,100,1,400,40000,2000,40000,0.7768668000007892,3.6118176382537746,True,3.6118176382537746,0.0,,3.14.4,"Intel64 Family 6 Model 186 Stepping 3, GenuineIntel",Windows-11-10.0.26200-SP0
uniform2d_n20_instance202602,20,202602,4,qubo_sa,iterations,100,1,400,40000,2000,40000,0.7120175000000017,7.185266290399185,True,3.6118176382537746,98.9376820772459,,3.14.4,"Intel64 Family 6 Model 186 Stepping 3, GenuineIntel",Windows-11-10.0.26200-SP0
uniform2d_n20_instance202602,20,202602,4,qubo_sa_swap,iterations,100,1,400,40000,2000,40000,0.8443783999991865,3.7312280997088734,True,3.6118176382537746,3.30610438883705,,3.14.4,"Intel64 Family 6 Model 186 Stepping 3, GenuineIntel",Windows-11-10.0.26200-SP0
uniform2d_n20_instance202602,20,202602,5,two_opt,iterations,100,1,400,40000,2000,40000,0.8031530999996903,3.6118176382537746,True,3.6118176382537746,0.0,,3.14.4,"Intel64 Family 6 Model 186 Stepping 3, GenuineIntel",Windows-11-10.0.26200-SP0
uniform2d_n20_instance202602,20,202602,5,qubo_sa,iterations,100,1,400,40000,2000,40000,0.6908265000001848,8.018585819256543,True,3.6118176382537746,122.00970874967356,,3.14.4,"Intel64 Family 6 Model 186 Stepping 3, GenuineIntel",Windows-11-10.0.26200-SP0
uniform2d_n20_instance202602,20,202602,5,qubo_sa_swap,iterations,100,1,400,40000,2000,40000,0.8968542999991769,3.611817638253775,True,3.6118176382537746,2.220446049250313e-14,,3.14.4,"Intel64 Family 6 Model 186 Stepping 3, GenuineIntel",Windows-11-10.0.26200-SP0
uniform2d_n20_instance202602,20,202602,6,two_opt,iterations,100,1,400,40000,2000,40000,0.805182899999636,3.6118176382537746,True,3.6118176382537746,0.0,,3.14.4,"Intel64 Family 6 Model 186 Stepping 3, GenuineIntel",Windows-11-10.0.26200-SP0
uniform2d_n20_instance202602,20,202602,6,qubo_sa,iterations,100,1,400,40000,2000,40000,0.7458932999998069,6.972794968687887,True,3.6118176382537746,93.05501182665088,,3.14.4,"Intel64 Family 6 Model 186 Stepping 3, GenuineIntel",Windows-11-10.0.26200-SP0
uniform2d_n20_instance202602,20,202602,6,qubo_sa_swap,iterations,100,1,400,40000,2000,40000,0.9127195000000938,3.611817638253775,True,3.6118176382537746,2.220446049250313e-14,,3.14.4,"Intel64 Family 6 Model 186 Stepping 3, GenuineIntel",Windows-11-10.0.26200-SP0
uniform2d_n20_instance202602,20,202602,7,two_opt,iterations,100,1,400,40000,2000,40000,0.8057504999997036,3.6118176382537746,True,3.6118176382537746,0.0,,3.14.4,"Intel64 Family 6 Model 186 Stepping 3, GenuineIntel",Windows-11-10.0.26200-SP0
uniform2d_n20_instance202602,20,202602,7,qubo_sa,iterations,100,1,400,40000,2000,40000,0.7340210000002116,6.882493035946359,True,3.6118176382537746,90.55483208930437,,3.14.4,"Intel64 Family 6 Model 186 Stepping 3, GenuineIntel",Windows-11-10.0.26200-SP0
uniform2d_n20_instance202602,20,202602,7,qubo_sa_swap,iterations,100,1,400,40000,2000,40000,0.8727850999985094,3.771142950653214,True,3.6118176382537746,4.411222502265355,,3.14.4,"Intel64 Family 6 Model 186 Stepping 3, GenuineIntel",Windows-11-10.0.26200-SP0
uniform2d_n20_instance202602,20,202602,8,two_opt,iterations,100,1,400,40000,2000,40000,0.8031799000000319,3.6118176382537746,True,3.6118176382537746,0.0,,3.14.4,"Intel64 Family 6 Model 186 Stepping 3, GenuineIntel",Windows-11-10.0.26200-SP0
uniform2d_n20_instance202602,20,202602,8,qubo_sa,iterations,100,1,400,40000,2000,40000,0.6949050000002899,6.726243529850321,True,3.6118176382537746,86.22876909982354,,3.14.4,"Intel64 Family 6 Model 186 Stepping 3, GenuineIntel",Windows-11-10.0.26200-SP0
uniform2d_n20_instance202602,20,202602,8,qubo_sa_swap,iterations,100,1,400,40000,2000,40000,0.8896829999994225,3.9657498955166703,True,3.6118176382537746,9.799283704534245,,3.14.4,"Intel64 Family 6 Model 186 Stepping 3, GenuineIntel",Windows-11-10.0.26200-SP0
uniform2d_n20_instance202602,20,202602,9,two_opt,iterations,100,1,400,40000,2000,40000,0.8091471000007004,3.6118176382537746,True,3.6118176382537746,0.0,,3.14.4,"Intel64 Family 6 Model 186 Stepping 3, GenuineIntel",Windows-11-10.0.26200-SP0
uniform2d_n20_instance202602,20,202602,9,qubo_sa,iterations,100,1,400,40000,2000,40000,0.7128205000008165,7.490620172144737,True,3.6118176382537746,107.39198161085088,,3.14.4,"Intel64 Family 6 Model 186 Stepping 3, GenuineIntel",Windows-11-10.0.26200-SP0
uniform2d_n20_instance202602,20,202602,9,qubo_sa_swap,iterations,100,1,400,40000,2000,40000,0.8718173999986902,3.7168725962417173,True,3.6118176382537746,2.908645134108556,,3.14.4,"Intel64 Family 6 Model 186 Stepping 3, GenuineIntel",Windows-11-10.0.26200-SP0
uniform2d_n20_instance202603,20,202603,0,two_opt,iterations,100,1,400,40000,2000,40000,0.8128842999994959,4.271853473485019,True,4.268160139397538,0.08653222856822573,,3.14.4,"Intel64 Family 6 Model 186 Stepping 3, GenuineIntel",Windows-11-10.0.26200-SP0
uniform2d_n20_instance202603,20,202603,0,qubo_sa,iterations,100,1,400,40000,2000,40000,0.7206541000014113,7.430800617464036,True,4.268160139397538,74.09844932652673,,3.14.4,"Intel64 Family 6 Model 186 Stepping 3, GenuineIntel",Windows-11-10.0.26200-SP0
uniform2d_n20_instance202603,20,202603,0,qubo_sa_swap,iterations,100,1,400,40000,2000,40000,0.8873900999988109,4.305334245664318,True,4.268160139397538,0.870963250034662,,3.14.4,"Intel64 Family 6 Model 186 Stepping 3, GenuineIntel",Windows-11-10.0.26200-SP0
uniform2d_n20_instance202603,20,202603,1,two_opt,iterations,100,1,400,40000,2000,40000,0.8156917000014801,4.271853473485019,True,4.268160139397538,0.08653222856822573,,3.14.4,"Intel64 Family 6 Model 186 Stepping 3, GenuineIntel",Windows-11-10.0.26200-SP0
uniform2d_n20_instance202603,20,202603,1,qubo_sa,iterations,100,1,400,40000,2000,40000,0.7516402000001108,6.852685340147388,True,4.268160139397538,60.55361364943215,,3.14.4,"Intel64 Family 6 Model 186 Stepping 3, GenuineIntel",Windows-11-10.0.26200-SP0
uniform2d_n20_instance202603,20,202603,1,qubo_sa_swap,iterations,100,1,400,40000,2000,40000,0.9197089000008418,4.271853473485018,True,4.268160139397538,0.08653222856820353,,3.14.4,"Intel64 Family 6 Model 186 Stepping 3, GenuineIntel",Windows-11-10.0.26200-SP0
uniform2d_n20_instance202603,20,202603,2,two_opt,iterations,100,1,400,40000,2000,40000,0.8083070000011503,4.271853473485019,True,4.268160139397538,0.08653222856822573,,3.14.4,"Intel64 Family 6 Model 186 Stepping 3, GenuineIntel",Windows-11-10.0.26200-SP0
uniform2d_n20_instance202603,20,202603,2,qubo_sa,iterations,100,1,400,40000,2000,40000,0.7224741999998514,6.552560592509282,True,4.268160139397538,53.52190120575451,,3.14.4,"Intel64 Family 6 Model 186 Stepping 3, GenuineIntel",Windows-11-10.0.26200-SP0
uniform2d_n20_instance202603,20,202603,2,qubo_sa_swap,iterations,100,1,400,40000,2000,40000,0.8972126999997272,4.436848929698497,True,4.268160139397538,3.952260102517391,,3.14.4,"Intel64 Family 6 Model 186 Stepping 3, GenuineIntel",Windows-11-10.0.26200-SP0
uniform2d_n20_instance202603,20,202603,3,two_opt,iterations,100,1,400,40000,2000,40000,0.7964271000000736,4.271853473485019,True,4.268160139397538,0.08653222856822573,,3.14.4,"Intel64 Family 6 Model 186 Stepping 3, GenuineIntel",Windows-11-10.0.26200-SP0
uniform2d_n20_instance202603,20,202603,3,qubo_sa,iterations,100,1,400,40000,2000,40000,0.7256040000011126,6.782592745689266,True,4.268160139397538,58.91139329759654,,3.14.4,"Intel64 Family 6 Model 186 Stepping 3, GenuineIntel",Windows-11-10.0.26200-SP0
uniform2d_n20_instance202603,20,202603,3,qubo_sa_swap,iterations,100,1,400,40000,2000,40000,0.8791438999996899,4.271853473485019,True,4.268160139397538,0.08653222856822573,,3.14.4,"Intel64 Family 6 Model 186 Stepping 3, GenuineIntel",Windows-11-10.0.26200-SP0
uniform2d_n20_instance202603,20,202603,4,two_opt,iterations,100,1,400,40000,2000,40000,0.804506999998921,4.294923845611187,True,4.268160139397538,0.6270548746895699,,3.14.4,"Intel64 Family 6 Model 186 Stepping 3, GenuineIntel",Windows-11-10.0.26200-SP0
uniform2d_n20_instance202603,20,202603,4,qubo_sa,iterations,100,1,400,40000,2000,40000,0.6925931000005221,6.97891114900764,True,4.268160139397538,63.51099586419764,,3.14.4,"Intel64 Family 6 Model 186 Stepping 3, GenuineIntel",Windows-11-10.0.26200-SP0
uniform2d_n20_instance202603,20,202603,4,qubo_sa_swap,iterations,100,1,400,40000,2000,40000,0.8722027999992861,4.271853473485019,True,4.268160139397538,0.08653222856822573,,3.14.4,"Intel64 Family 6 Model 186 Stepping 3, GenuineIntel",Windows-11-10.0.26200-SP0
uniform2d_n20_instance202603,20,202603,5,two_opt,iterations,100,1,400,40000,2000,40000,0.8016186999993806,4.271853473485019,True,4.268160139397538,0.08653222856822573,,3.14.4,"Intel64 Family 6 Model 186 Stepping 3, GenuineIntel",Windows-11-10.0.26200-SP0
uniform2d_n20_instance202603,20,202603,5,qubo_sa,iterations,100,1,400,40000,2000,40000,0.6867979999988165,,False,4.268160139397538,,,3.14.4,"Intel64 Family 6 Model 186 Stepping 3, GenuineIntel",Windows-11-10.0.26200-SP0
uniform2d_n20_instance202603,20,202603,5,qubo_sa_swap,iterations,100,1,400,40000,2000,40000,0.8793210000003455,4.30533424566432,True,4.268160139397538,0.8709632500347064,,3.14.4,"Intel64 Family 6 Model 186 Stepping 3, GenuineIntel",Windows-11-10.0.26200-SP0
uniform2d_n20_instance202603,20,202603,6,two_opt,iterations,100,1,400,40000,2000,40000,0.7949275999999372,4.271853473485019,True,4.268160139397538,0.08653222856822573,,3.14.4,"Intel64 Family 6 Model 186 Stepping 3, GenuineIntel",Windows-11-10.0.26200-SP0
uniform2d_n20_instance202603,20,202603,6,qubo_sa,iterations,100,1,400,40000,2000,40000,0.7109375,6.684714349205666,True,4.268160139397538,56.6181710827099,,3.14.4,"Intel64 Family 6 Model 186 Stepping 3, GenuineIntel",Windows-11-10.0.26200-SP0
uniform2d_n20_instance202603,20,202603,6,qubo_sa_swap,iterations,100,1,400,40000,2000,40000,0.8963497000004281,4.332349147330086,True,4.268160139397538,1.5039034580742738,,3.14.4,"Intel64 Family 6 Model 186 Stepping 3, GenuineIntel",Windows-11-10.0.26200-SP0
uniform2d_n20_instance202603,20,202603,7,two_opt,iterations,100,1,400,40000,2000,40000,0.8020520999998553,4.271853473485019,True,4.268160139397538,0.08653222856822573,,3.14.4,"Intel64 Family 6 Model 186 Stepping 3, GenuineIntel",Windows-11-10.0.26200-SP0
uniform2d_n20_instance202603,20,202603,7,qubo_sa,iterations,100,1,400,40000,2000,40000,0.7182323000015458,7.495095668839065,True,4.268160139397538,75.60483730811978,,3.14.4,"Intel64 Family 6 Model 186 Stepping 3, GenuineIntel",Windows-11-10.0.26200-SP0
uniform2d_n20_instance202603,20,202603,7,qubo_sa_swap,iterations,100,1,400,40000,2000,40000,0.8998346999997011,4.439457444494728,True,4.268160139397538,4.013375775571748,,3.14.4,"Intel64 Family 6 Model 186 Stepping 3, GenuineIntel",Windows-11-10.0.26200-SP0
uniform2d_n20_instance202603,20,202603,8,two_opt,iterations,100,1,400,40000,2000,40000,0.7934851000009076,4.271853473485019,True,4.268160139397538,0.08653222856822573,,3.14.4,"Intel64 Family 6 Model 186 Stepping 3, GenuineIntel",Windows-11-10.0.26200-SP0
uniform2d_n20_instance202603,20,202603,8,qubo_sa,iterations,100,1,400,40000,2000,40000,0.7394500999998854,6.073044097457306,True,4.268160139397538,42.28716587739212,,3.14.4,"Intel64 Family 6 Model 186 Stepping 3, GenuineIntel",Windows-11-10.0.26200-SP0
uniform2d_n20_instance202603,20,202603,8,qubo_sa_swap,iterations,100,1,400,40000,2000,40000,0.8773079999991751,4.26816013939754,True,4.268160139397538,4.440892098500626e-14,,3.14.4,"Intel64 Family 6 Model 186 Stepping 3, GenuineIntel",Windows-11-10.0.26200-SP0
uniform2d_n20_instance202603,20,202603,9,two_opt,iterations,100,1,400,40000,2000,40000,0.8012907000011182,4.271853473485019,True,4.268160139397538,0.08653222856822573,,3.14.4,"Intel64 Family 6 Model 186 Stepping 3, GenuineIntel",Windows-11-10.0.26200-SP0
uniform2d_n20_instance202603,20,202603,9,qubo_sa,iterations,100,1,400,40000,2000,40000,0.7410777999994025,6.487112457983985,True,4.268160139397538,51.98849729428516,,3.14.4,"Intel64 Family 6 Model 186 Stepping 3, GenuineIntel",Windows-11-10.0.26200-SP0
uniform2d_n20_instance202603,20,202603,9,qubo_sa_swap,iterations,100,1,400,40000,2000,40000,0.8962300999992294,4.382875025419542,True,4.268160139397538,2.6876893620537023,,3.14.4,"Intel64 Family 6 Model 186 Stepping 3, GenuineIntel",Windows-11-10.0.26200-SP0
uniform2d_n20_instance202604,20,202604,0,two_opt,iterations,100,1,400,40000,2000,40000,0.8011791000008088,3.2413643821254485,True,3.2413643821254485,0.0,,3.14.4,"Intel64 Family 6 Model 186 Stepping 3, GenuineIntel",Windows-11-10.0.26200-SP0
uniform2d_n20_instance202604,20,202604,0,qubo_sa,iterations,100,1,400,40000,2000,40000,0.7341168999992078,5.647309499375182,True,3.2413643821254485,74.22630823357453,,3.14.4,"Intel64 Family 6 Model 186 Stepping 3, GenuineIntel",Windows-11-10.0.26200-SP0
uniform2d_n20_instance202604,20,202604,0,qubo_sa_swap,iterations,100,1,400,40000,2000,40000,0.8838405000005878,3.3599063222982486,True,3.2413643821254485,3.6571618058895528,,3.14.4,"Intel64 Family 6 Model 186 Stepping 3, GenuineIntel",Windows-11-10.0.26200-SP0
uniform2d_n20_instance202604,20,202604,1,two_opt,iterations,100,1,400,40000,2000,40000,0.8234839999986434,3.2413643821254485,True,3.2413643821254485,0.0,,3.14.4,"Intel64 Family 6 Model 186 Stepping 3, GenuineIntel",Windows-11-10.0.26200-SP0
uniform2d_n20_instance202604,20,202604,1,qubo_sa,iterations,100,1,400,40000,2000,40000,0.707565100001375,6.106452119055688,True,3.2413643821254485,88.39141173790297,,3.14.4,"Intel64 Family 6 Model 186 Stepping 3, GenuineIntel",Windows-11-10.0.26200-SP0
uniform2d_n20_instance202604,20,202604,1,qubo_sa_swap,iterations,100,1,400,40000,2000,40000,0.8803124999994907,3.4603937113944734,True,3.2413643821254485,6.757318938804446,,3.14.4,"Intel64 Family 6 Model 186 Stepping 3, GenuineIntel",Windows-11-10.0.26200-SP0
uniform2d_n20_instance202604,20,202604,2,two_opt,iterations,100,1,400,40000,2000,40000,0.808941600000253,3.2413643821254485,True,3.2413643821254485,0.0,,3.14.4,"Intel64 Family 6 Model 186 Stepping 3, GenuineIntel",Windows-11-10.0.26200-SP0
uniform2d_n20_instance202604,20,202604,2,qubo_sa,iterations,100,1,400,40000,2000,40000,0.7246180999991338,5.871253434103066,True,3.2413643821254485,81.13524867738349,,3.14.4,"Intel64 Family 6 Model 186 Stepping 3, GenuineIntel",Windows-11-10.0.26200-SP0
uniform2d_n20_instance202604,20,202604,2,qubo_sa_swap,iterations,100,1,400,40000,2000,40000,0.870672499999273,3.241364382125449,True,3.2413643821254485,2.220446049250313e-14,,3.14.4,"Intel64 Family 6 Model 186 Stepping 3, GenuineIntel",Windows-11-10.0.26200-SP0
uniform2d_n20_instance202604,20,202604,3,two_opt,iterations,100,1,400,40000,2000,40000,0.7903910000004544,3.2413643821254485,True,3.2413643821254485,0.0,,3.14.4,"Intel64 Family 6 Model 186 Stepping 3, GenuineIntel",Windows-11-10.0.26200-SP0
uniform2d_n20_instance202604,20,202604,3,qubo_sa,iterations,100,1,400,40000,2000,40000,0.7288422999990871,6.420714318542419,True,3.2413643821254485,98.08677956571445,,3.14.4,"Intel64 Family 6 Model 186 Stepping 3, GenuineIntel",Windows-11-10.0.26200-SP0
uniform2d_n20_instance202604,20,202604,3,qubo_sa_swap,iterations,100,1,400,40000,2000,40000,0.9026130000002013,3.3853144688120285,True,3.2413643821254485,4.441033765916447,,3.14.4,"Intel64 Family 6 Model 186 Stepping 3, GenuineIntel",Windows-11-10.0.26200-SP0
uniform2d_n20_instance202604,20,202604,4,two_opt,iterations,100,1,400,40000,2000,40000,0.8051415000009001,3.2413643821254485,True,3.2413643821254485,0.0,,3.14.4,"Intel64 Family 6 Model 186 Stepping 3, GenuineIntel",Windows-11-10.0.26200-SP0
uniform2d_n20_instance202604,20,202604,4,qubo_sa,iterations,100,1,400,40000,2000,40000,0.6957165999992867,5.1657162163009955,True,3.2413643821254485,59.36857468994887,,3.14.4,"Intel64 Family 6 Model 186 Stepping 3, GenuineIntel",Windows-11-10.0.26200-SP0
uniform2d_n20_instance202604,20,202604,4,qubo_sa_swap,iterations,100,1,400,40000,2000,40000,0.9058121999987634,3.5641355881390453,True,3.2413643821254485,9.957880940307827,,3.14.4,"Intel64 Family 6 Model 186 Stepping 3, GenuineIntel",Windows-11-10.0.26200-SP0
uniform2d_n20_instance202604,20,202604,5,two_opt,iterations,100,1,400,40000,2000,40000,0.8431899999995949,3.2413643821254485,True,3.2413643821254485,0.0,,3.14.4,"Intel64 Family 6 Model 186 Stepping 3, GenuineIntel",Windows-11-10.0.26200-SP0
uniform2d_n20_instance202604,20,202604,5,qubo_sa,iterations,100,1,400,40000,2000,40000,0.7372072999987722,5.534478620154503,True,3.2413643821254485,70.74533954511459,,3.14.4,"Intel64 Family 6 Model 186 Stepping 3, GenuineIntel",Windows-11-10.0.26200-SP0
uniform2d_n20_instance202604,20,202604,5,qubo_sa_swap,iterations,100,1,400,40000,2000,40000,0.9897491000010632,3.4803872257122284,True,3.2413643821254485,7.374142965995278,,3.14.4,"Intel64 Family 6 Model 186 Stepping 3, GenuineIntel",Windows-11-10.0.26200-SP0
uniform2d_n20_instance202604,20,202604,6,two_opt,iterations,100,1,400,40000,2000,40000,0.8764235999988159,3.2413643821254485,True,3.2413643821254485,0.0,,3.14.4,"Intel64 Family 6 Model 186 Stepping 3, GenuineIntel",Windows-11-10.0.26200-SP0
uniform2d_n20_instance202604,20,202604,6,qubo_sa,iterations,100,1,400,40000,2000,40000,0.7455812999996851,5.178531864445926,True,3.2413643821254485,59.763952889808245,,3.14.4,"Intel64 Family 6 Model 186 Stepping 3, GenuineIntel",Windows-11-10.0.26200-SP0
uniform2d_n20_instance202604,20,202604,6,qubo_sa_swap,iterations,100,1,400,40000,2000,40000,0.9216209999995044,3.605930525001535,True,3.2413643821254485,11.24730514367629,,3.14.4,"Intel64 Family 6 Model 186 Stepping 3, GenuineIntel",Windows-11-10.0.26200-SP0
uniform2d_n20_instance202604,20,202604,7,two_opt,iterations,100,1,400,40000,2000,40000,0.8147457000013674,3.2413643821254485,True,3.2413643821254485,0.0,,3.14.4,"Intel64 Family 6 Model 186 Stepping 3, GenuineIntel",Windows-11-10.0.26200-SP0
uniform2d_n20_instance202604,20,202604,7,qubo_sa,iterations,100,1,400,40000,2000,40000,0.7400378999991517,7.096519932426391,True,3.2413643821254485,118.93619771847482,,3.14.4,"Intel64 Family 6 Model 186 Stepping 3, GenuineIntel",Windows-11-10.0.26200-SP0
uniform2d_n20_instance202604,20,202604,7,qubo_sa_swap,iterations,100,1,400,40000,2000,40000,0.9029958000010083,3.3599063222982486,True,3.2413643821254485,3.6571618058895528,,3.14.4,"Intel64 Family 6 Model 186 Stepping 3, GenuineIntel",Windows-11-10.0.26200-SP0
uniform2d_n20_instance202604,20,202604,8,two_opt,iterations,100,1,400,40000,2000,40000,0.8401248999998643,3.2413643821254485,True,3.2413643821254485,0.0,,3.14.4,"Intel64 Family 6 Model 186 Stepping 3, GenuineIntel",Windows-11-10.0.26200-SP0
uniform2d_n20_instance202604,20,202604,8,qubo_sa,iterations,100,1,400,40000,2000,40000,0.7379806000008102,6.396139645266674,True,3.2413643821254485,97.32862126017918,,3.14.4,"Intel64 Family 6 Model 186 Stepping 3, GenuineIntel",Windows-11-10.0.26200-SP0
uniform2d_n20_instance202604,20,202604,8,qubo_sa_swap,iterations,100,1,400,40000,2000,40000,0.9845593999998528,3.5093710504347286,True,3.2413643821254485,8.268328910726819,,3.14.4,"Intel64 Family 6 Model 186 Stepping 3, GenuineIntel",Windows-11-10.0.26200-SP0
uniform2d_n20_instance202604,20,202604,9,two_opt,iterations,100,1,400,40000,2000,40000,0.8711101000008057,3.2413643821254485,True,3.2413643821254485,0.0,,3.14.4,"Intel64 Family 6 Model 186 Stepping 3, GenuineIntel",Windows-11-10.0.26200-SP0
uniform2d_n20_instance202604,20,202604,9,qubo_sa,iterations,100,1,400,40000,2000,40000,0.7646206000008533,5.437200727220653,True,3.2413643821254485,67.74419923919004,,3.14.4,"Intel64 Family 6 Model 186 Stepping 3, GenuineIntel",Windows-11-10.0.26200-SP0
uniform2d_n20_instance202604,20,202604,9,qubo_sa_swap,iterations,100,1,400,40000,2000,40000,0.8797763000002305,3.5325200981791482,True,3.2413643821254485,8.982504949436798,,3.14.4,"Intel64 Family 6 Model 186 Stepping 3, GenuineIntel",Windows-11-10.0.26200-SP0
uniform2d_n20_instance202605,20,202605,0,two_opt,iterations,100,1,400,40000,2000,40000,0.8683895000012853,3.5404749962386592,True,3.5404749962386592,0.0,,3.14.4,"Intel64 Family 6 Model 186 Stepping 3, GenuineIntel",Windows-11-10.0.26200-SP0
uniform2d_n20_instance202605,20,202605,0,qubo_sa,iterations,100,1,400,40000,2000,40000,0.7973665999998047,7.7154585196567735,True,3.5404749962386592,117.92156498361229,,3.14.4,"Intel64 Family 6 Model 186 Stepping 3, GenuineIntel",Windows-11-10.0.26200-SP0
uniform2d_n20_instance202605,20,202605,0,qubo_sa_swap,iterations,100,1,400,40000,2000,40000,0.9830070999996678,3.892274202467827,True,3.5404749962386592,9.93649740791598,,3.14.4,"Intel64 Family 6 Model 186 Stepping 3, GenuineIntel",Windows-11-10.0.26200-SP0
uniform2d_n20_instance202605,20,202605,1,two_opt,iterations,100,1,400,40000,2000,40000,0.8490452000005462,3.5404749962386592,True,3.5404749962386592,0.0,,3.14.4,"Intel64 Family 6 Model 186 Stepping 3, GenuineIntel",Windows-11-10.0.26200-SP0
uniform2d_n20_instance202605,20,202605,1,qubo_sa,iterations,100,1,400,40000,2000,40000,0.7765841000000364,6.899762722931795,True,3.5404749962386592,94.88240222744085,,3.14.4,"Intel64 Family 6 Model 186 Stepping 3, GenuineIntel",Windows-11-10.0.26200-SP0
uniform2d_n20_instance202605,20,202605,1,qubo_sa_swap,iterations,100,1,400,40000,2000,40000,0.94693179999922,4.353973655094878,True,3.5404749962386592,22.977105041568315,,3.14.4,"Intel64 Family 6 Model 186 Stepping 3, GenuineIntel",Windows-11-10.0.26200-SP0
uniform2d_n20_instance202605,20,202605,2,two_opt,iterations,100,1,400,40000,2000,40000,0.8711948999989545,3.5404749962386592,True,3.5404749962386592,0.0,,3.14.4,"Intel64 Family 6 Model 186 Stepping 3, GenuineIntel",Windows-11-10.0.26200-SP0
uniform2d_n20_instance202605,20,202605,2,qubo_sa,iterations,100,1,400,40000,2000,40000,0.7809336999998777,7.01114433841502,True,3.5404749962386592,98.0283534232989,,3.14.4,"Intel64 Family 6 Model 186 Stepping 3, GenuineIntel",Windows-11-10.0.26200-SP0
uniform2d_n20_instance202605,20,202605,2,qubo_sa_swap,iterations,100,1,400,40000,2000,40000,0.9912688000003982,4.300867718957048,True,3.5404749962386592,21.477138619146217,,3.14.4,"Intel64 Family 6 Model 186 Stepping 3, GenuineIntel",Windows-11-10.0.26200-SP0
uniform2d_n20_instance202605,20,202605,3,two_opt,iterations,100,1,400,40000,2000,40000,0.8404128999991372,3.5404749962386592,True,3.5404749962386592,0.0,,3.14.4,"Intel64 Family 6 Model 186 Stepping 3, GenuineIntel",Windows-11-10.0.26200-SP0
uniform2d_n20_instance202605,20,202605,3,qubo_sa,iterations,100,1,400,40000,2000,40000,0.7606395999991946,7.788207879130397,True,3.5404749962386592,119.97635592411915,,3.14.4,"Intel64 Family 6 Model 186 Stepping 3, GenuineIntel",Windows-11-10.0.26200-SP0
uniform2d_n20_instance202605,20,202605,3,qubo_sa_swap,iterations,100,1,400,40000,2000,40000,0.9511872000002768,3.5404749962386597,True,3.5404749962386592,2.220446049250313e-14,,3.14.4,"Intel64 Family 6 Model 186 Stepping 3, GenuineIntel",Windows-11-10.0.26200-SP0
uniform2d_n20_instance202605,20,202605,4,two_opt,iterations,100,1,400,40000,2000,40000,0.8599432999999408,3.5404749962386592,True,3.5404749962386592,0.0,,3.14.4,"Intel64 Family 6 Model 186 Stepping 3, GenuineIntel",Windows-11-10.0.26200-SP0
uniform2d_n20_instance202605,20,202605,4,qubo_sa,iterations,100,1,400,40000,2000,40000,0.871817799999917,7.257401690580586,True,3.5404749962386592,104.98384251521978,,3.14.4,"Intel64 Family 6 Model 186 Stepping 3, GenuineIntel",Windows-11-10.0.26200-SP0
uniform2d_n20_instance202605,20,202605,4,qubo_sa_swap,iterations,100,1,400,40000,2000,40000,0.996681599999647,3.5767964699933734,True,3.5404749962386592,1.0258926780531308,,3.14.4,"Intel64 Family 6 Model 186 Stepping 3, GenuineIntel",Windows-11-10.0.26200-SP0
uniform2d_n20_instance202605,20,202605,5,two_opt,iterations,100,1,400,40000,2000,40000,0.8657731999992393,3.5404749962386592,True,3.5404749962386592,0.0,,3.14.4,"Intel64 Family 6 Model 186 Stepping 3, GenuineIntel",Windows-11-10.0.26200-SP0
uniform2d_n20_instance202605,20,202605,5,qubo_sa,iterations,100,1,400,40000,2000,40000,0.763323400000445,8.06056655793494,True,3.5404749962386592,127.66907170643344,,3.14.4,"Intel64 Family 6 Model 186 Stepping 3, GenuineIntel",Windows-11-10.0.26200-SP0
uniform2d_n20_instance202605,20,202605,5,qubo_sa_swap,iterations,100,1,400,40000,2000,40000,1.0367679000009957,3.676322889582196,True,3.5404749962386592,3.8369962642825994,,3.14.4,"Intel64 Family 6 Model 186 Stepping 3, GenuineIntel",Windows-11-10.0.26200-SP0
uniform2d_n20_instance202605,20,202605,6,two_opt,iterations,100,1,400,40000,2000,40000,0.8305044999997335,3.5404749962386592,True,3.5404749962386592,0.0,,3.14.4,"Intel64 Family 6 Model 186 Stepping 3, GenuineIntel",Windows-11-10.0.26200-SP0
uniform2d_n20_instance202605,20,202605,6,qubo_sa,iterations,100,1,400,40000,2000,40000,0.7660424999994575,7.678531470022107,True,3.5404749962386592,116.8785679373431,,3.14.4,"Intel64 Family 6 Model 186 Stepping 3, GenuineIntel",Windows-11-10.0.26200-SP0
uniform2d_n20_instance202605,20,202605,6,qubo_sa_swap,iterations,100,1,400,40000,2000,40000,0.9520603999990271,3.5404749962386592,True,3.5404749962386592,0.0,,3.14.4,"Intel64 Family 6 Model 186 Stepping 3, GenuineIntel",Windows-11-10.0.26200-SP0
uniform2d_n20_instance202605,20,202605,7,two_opt,iterations,100,1,400,40000,2000,40000,0.9407161999988602,3.5404749962386592,True,3.5404749962386592,0.0,,3.14.4,"Intel64 Family 6 Model 186 Stepping 3, GenuineIntel",Windows-11-10.0.26200-SP0
uniform2d_n20_instance202605,20,202605,7,qubo_sa,iterations,100,1,400,40000,2000,40000,0.8280781000012212,6.750385151495087,True,3.5404749962386592,90.6632629425877,,3.14.4,"Intel64 Family 6 Model 186 Stepping 3, GenuineIntel",Windows-11-10.0.26200-SP0
uniform2d_n20_instance202605,20,202605,7,qubo_sa_swap,iterations,100,1,400,40000,2000,40000,0.9916441000004852,3.92762286665919,True,3.5404749962386592,10.934913276660051,,3.14.4,"Intel64 Family 6 Model 186 Stepping 3, GenuineIntel",Windows-11-10.0.26200-SP0
uniform2d_n20_instance202605,20,202605,8,two_opt,iterations,100,1,400,40000,2000,40000,0.8745985999994446,3.5404749962386592,True,3.5404749962386592,0.0,,3.14.4,"Intel64 Family 6 Model 186 Stepping 3, GenuineIntel",Windows-11-10.0.26200-SP0
uniform2d_n20_instance202605,20,202605,8,qubo_sa,iterations,100,1,400,40000,2000,40000,0.8195949000000837,7.4524916879215715,True,3.5404749962386592,110.49412002171945,,3.14.4,"Intel64 Family 6 Model 186 Stepping 3, GenuineIntel",Windows-11-10.0.26200-SP0
uniform2d_n20_instance202605,20,202605,8,qubo_sa_swap,iterations,100,1,400,40000,2000,40000,1.0565346000003046,3.5404749962386597,True,3.5404749962386592,2.220446049250313e-14,,3.14.4,"Intel64 Family 6 Model 186 Stepping 3, GenuineIntel",Windows-11-10.0.26200-SP0
uniform2d_n20_instance202605,20,202605,9,two_opt,iterations,100,1,400,40000,2000,40000,0.8821103000009316,3.5404749962386592,True,3.5404749962386592,0.0,,3.14.4,"Intel64 Family 6 Model 186 Stepping 3, GenuineIntel",Windows-11-10.0.26200-SP0
uniform2d_n20_instance202605,20,202605,9,qubo_sa,iterations,100,1,400,40000,2000,40000,0.8131593999987672,8.087409033876586,True,3.5404749962386592,128.42723200893982,,3.14.4,"Intel64 Family 6 Model 186 Stepping 3, GenuineIntel",Windows-11-10.0.26200-SP0
uniform2d_n20_instance202605,20,202605,9,qubo_sa_swap,iterations,100,1,400,40000,2000,40000,1.0455196000002616,3.5767964699933734,True,3.5404749962386592,1.0258926780531308,,3.14.4,"Intel64 Family 6 Model 186 Stepping 3, GenuineIntel",Windows-11-10.0.26200-SP0
uniform2d_n20_instance202606,20,202606,0,two_opt,iterations,100,1,400,40000,2000,40000,0.836844999999812,4.378186113969299,True,4.228212973749368,3.5469627748420107,,3.14.4,"Intel64 Family 6 Model 186 Stepping 3, GenuineIntel",Windows-11-10.0.26200-SP0
uniform2d_n20_instance202606,20,202606,0,qubo_sa,iterations,100,1,400,40000,2000,40000,0.7526082000003953,7.102366816331661,True,4.228212973749368,67.97561665948054,,3.14.4,"Intel64 Family 6 Model 186 Stepping 3, GenuineIntel",Windows-11-10.0.26200-SP0
uniform2d_n20_instance202606,20,202606,0,qubo_sa_swap,iterations,100,1,400,40000,2000,40000,1.0161913000010827,4.228212973749368,True,4.228212973749368,0.0,,3.14.4,"Intel64 Family 6 Model 186 Stepping 3, GenuineIntel",Windows-11-10.0.26200-SP0
uniform2d_n20_instance202606,20,202606,1,two_opt,iterations,100,1,400,40000,2000,40000,0.8652712000002794,4.387639623645518,True,4.228212973749368,3.7705444566284108,,3.14.4,"Intel64 Family 6 Model 186 Stepping 3, GenuineIntel",Windows-11-10.0.26200-SP0
uniform2d_n20_instance202606,20,202606,1,qubo_sa,iterations,100,1,400,40000,2000,40000,0.7768333000003622,7.492112495537859,True,4.228212973749368,77.19335667461016,,3.14.4,"Intel64 Family 6 Model 186 Stepping 3, GenuineIntel",Windows-11-10.0.26200-SP0
uniform2d_n20_instance202606,20,202606,1,qubo_sa_swap,iterations,100,1,400,40000,2000,40000,0.9723090999996202,4.307648475621777,True,4.228212973749368,1.8787015310151034,,3.14.4,"Intel64 Family 6 Model 186 Stepping 3, GenuineIntel",Windows-11-10.0.26200-SP0
uniform2d_n20_instance202606,20,202606,2,two_opt,iterations,100,1,400,40000,2000,40000,0.849481500001275,4.378186113969299,True,4.228212973749368,3.5469627748420107,,3.14.4,"Intel64 Family 6 Model 186 Stepping 3, GenuineIntel",Windows-11-10.0.26200-SP0
uniform2d_n20_instance202606,20,202606,2,qubo_sa,iterations,100,1,400,40000,2000,40000,0.7723095999990619,8.091679707231817,True,4.228212973749368,91.37351305311661,,3.14.4,"Intel64 Family 6 Model 186 Stepping 3, GenuineIntel",Windows-11-10.0.26200-SP0
uniform2d_n20_instance202606,20,202606,2,qubo_sa_swap,iterations,100,1,400,40000,2000,40000,0.9426299999995535,4.340826331317997,True,4.228212973749368,2.6633795002234395,,3.14.4,"Intel64 Family 6 Model 186 Stepping 3, GenuineIntel",Windows-11-10.0.26200-SP0
uniform2d_n20_instance202606,20,202606,3,two_opt,iterations,100,1,400,40000,2000,40000,0.8655558000009478,4.378186113969299,True,4.228212973749368,3.5469627748420107,,3.14.4,"Intel64 Family 6 Model 186 Stepping 3, GenuineIntel",Windows-11-10.0.26200-SP0
uniform2d_n20_instance202606,20,202606,3,qubo_sa,iterations,100,1,400,40000,2000,40000,0.7863485999987461,6.706041098122037,True,4.228212973749368,58.60225442181202,,3.14.4,"Intel64 Family 6 Model 186 Stepping 3, GenuineIntel",Windows-11-10.0.26200-SP0
uniform2d_n20_instance202606,20,202606,3,qubo_sa_swap,iterations,100,1,400,40000,2000,40000,0.9693900999991456,4.307774241310216,True,4.228212973749368,1.8816759717355636,,3.14.4,"Intel64 Family 6 Model 186 Stepping 3, GenuineIntel",Windows-11-10.0.26200-SP0
uniform2d_n20_instance202606,20,202606,4,two_opt,iterations,100,1,400,40000,2000,40000,0.881902799999807,4.378186113969299,True,4.228212973749368,3.5469627748420107,,3.14.4,"Intel64 Family 6 Model 186 Stepping 3, GenuineIntel",Windows-11-10.0.26200-SP0
uniform2d_n20_instance202606,20,202606,4,qubo_sa,iterations,100,1,400,40000,2000,40000,0.7553366999982245,8.297311259529694,True,4.228212973749368,96.2368336468173,,3.14.4,"Intel64 Family 6 Model 186 Stepping 3, GenuineIntel",Windows-11-10.0.26200-SP0
uniform2d_n20_instance202606,20,202606,4,qubo_sa_swap,iterations,100,1,400,40000,2000,40000,0.973333800000546,4.287680444807103,True,4.228212973749368,1.4064445529810232,,3.14.4,"Intel64 Family 6 Model 186 Stepping 3, GenuineIntel",Windows-11-10.0.26200-SP0
uniform2d_n20_instance202606,20,202606,5,two_opt,iterations,100,1,400,40000,2000,40000,0.8569093000005523,4.378186113969299,True,4.228212973749368,3.5469627748420107,,3.14.4,"Intel64 Family 6 Model 186 Stepping 3, GenuineIntel",Windows-11-10.0.26200-SP0
uniform2d_n20_instance202606,20,202606,5,qubo_sa,iterations,100,1,400,40000,2000,40000,0.7911180000010063,8.231602566113066,True,4.228212973749368,94.68278010635996,,3.14.4,"Intel64 Family 6 Model 186 Stepping 3, GenuineIntel",Windows-11-10.0.26200-SP0
uniform2d_n20_instance202606,20,202606,5,qubo_sa_swap,iterations,100,1,400,40000,2000,40000,0.957795399999668,4.307774241310216,True,4.228212973749368,1.8816759717355636,,3.14.4,"Intel64 Family 6 Model 186 Stepping 3, GenuineIntel",Windows-11-10.0.26200-SP0
uniform2d_n20_instance202606,20,202606,6,two_opt,iterations,100,1,400,40000,2000,40000,0.8615269999991142,4.378186113969299,True,4.228212973749368,3.5469627748420107,,3.14.4,"Intel64 Family 6 Model 186 Stepping 3, GenuineIntel",Windows-11-10.0.26200-SP0
uniform2d_n20_instance202606,20,202606,6,qubo_sa,iterations,100,1,400,40000,2000,40000,0.7785764000000199,6.710412676459916,True,4.228212973749368,58.70564510636409,,3.14.4,"Intel64 Family 6 Model 186 Stepping 3, GenuineIntel",Windows-11-10.0.26200-SP0
uniform2d_n20_instance202606,20,202606,6,qubo_sa_swap,iterations,100,1,400,40000,2000,40000,0.9216739000003145,4.41801744326764,True,4.228212973749368,4.488999742838473,,3.14.4,"Intel64 Family 6 Model 186 Stepping 3, GenuineIntel",Windows-11-10.0.26200-SP0
uniform2d_n20_instance202606,20,202606,7,two_opt,iterations,100,1,400,40000,2000,40000,0.8401979000009305,4.378186113969299,True,4.228212973749368,3.5469627748420107,,3.14.4,"Intel64 Family 6 Model 186 Stepping 3, GenuineIntel",Windows-11-10.0.26200-SP0
uniform2d_n20_instance202606,20,202606,7,qubo_sa,iterations,100,1,400,40000,2000,40000,0.7911129000003712,6.5652204574085475,True,4.228212973749368,55.27175424152861,,3.14.4,"Intel64 Family 6 Model 186 Stepping 3, GenuineIntel",Windows-11-10.0.26200-SP0
uniform2d_n20_instance202606,20,202606,7,qubo_sa_swap,iterations,100,1,400,40000,2000,40000,0.9690016999993531,4.228212973749368,True,4.228212973749368,0.0,,3.14.4,"Intel64 Family 6 Model 186 Stepping 3, GenuineIntel",Windows-11-10.0.26200-SP0
uniform2d_n20_instance202606,20,202606,8,two_opt,iterations,100,1,400,40000,2000,40000,0.8780413000004046,4.378186113969299,True,4.228212973749368,3.5469627748420107,,3.14.4,"Intel64 Family 6 Model 186 Stepping 3, GenuineIntel",Windows-11-10.0.26200-SP0
uniform2d_n20_instance202606,20,202606,8,qubo_sa,iterations,100,1,400,40000,2000,40000,0.7879243999996106,6.693875045581639,True,4.228212973749368,58.31451932861946,,3.14.4,"Intel64 Family 6 Model 186 Stepping 3, GenuineIntel",Windows-11-10.0.26200-SP0
uniform2d_n20_instance202606,20,202606,8,qubo_sa_swap,iterations,100,1,400,40000,2000,40000,0.9516793000002508,4.287680444807103,True,4.228212973749368,1.4064445529810232,,3.14.4,"Intel64 Family 6 Model 186 Stepping 3, GenuineIntel",Windows-11-10.0.26200-SP0
uniform2d_n20_instance202606,20,202606,9,two_opt,iterations,100,1,400,40000,2000,40000,0.826941799999986,4.378186113969299,True,4.228212973749368,3.5469627748420107,,3.14.4,"Intel64 Family 6 Model 186 Stepping 3, GenuineIntel",Windows-11-10.0.26200-SP0
uniform2d_n20_instance202606,20,202606,9,qubo_sa,iterations,100,1,400,40000,2000,40000,0.7734110000001237,8.060672092764056,True,4.228212973749368,90.64016270723123,,3.14.4,"Intel64 Family 6 Model 186 Stepping 3, GenuineIntel",Windows-11-10.0.26200-SP0
uniform2d_n20_instance202606,20,202606,9,qubo_sa_swap,iterations,100,1,400,40000,2000,40000,0.8956772000001365,4.293465540127403,True,4.228212973749368,1.5432658379119335,,3.14.4,"Intel64 Family 6 Model 186 Stepping 3, GenuineIntel",Windows-11-10.0.26200-SP0
uniform2d_n20_instance202607,20,202607,0,two_opt,iterations,100,1,400,40000,2000,40000,0.8433101000009628,3.794974916735229,True,3.794974916735229,0.0,,3.14.4,"Intel64 Family 6 Model 186 Stepping 3, GenuineIntel",Windows-11-10.0.26200-SP0
uniform2d_n20_instance202607,20,202607,0,qubo_sa,iterations,100,1,400,40000,2000,40000,0.7651690000002418,5.781500074467649,True,3.794974916735229,52.34619994383003,,3.14.4,"Intel64 Family 6 Model 186 Stepping 3, GenuineIntel",Windows-11-10.0.26200-SP0
uniform2d_n20_instance202607,20,202607,0,qubo_sa_swap,iterations,100,1,400,40000,2000,40000,0.8904213999994681,3.914186983151688,True,3.794974916735229,3.141313685388347,,3.14.4,"Intel64 Family 6 Model 186 Stepping 3, GenuineIntel",Windows-11-10.0.26200-SP0
uniform2d_n20_instance202607,20,202607,1,two_opt,iterations,100,1,400,40000,2000,40000,0.786721899999975,3.794974916735229,True,3.794974916735229,0.0,,3.14.4,"Intel64 Family 6 Model 186 Stepping 3, GenuineIntel",Windows-11-10.0.26200-SP0
uniform2d_n20_instance202607,20,202607,1,qubo_sa,iterations,100,1,400,40000,2000,40000,0.7001392000001943,6.3425074177785445,True,3.794974916735229,67.12909984751434,,3.14.4,"Intel64 Family 6 Model 186 Stepping 3, GenuineIntel",Windows-11-10.0.26200-SP0
uniform2d_n20_instance202607,20,202607,1,qubo_sa_swap,iterations,100,1,400,40000,2000,40000,0.9015364999995654,3.9428912640564624,True,3.794974916735229,3.8976897230320606,,3.14.4,"Intel64 Family 6 Model 186 Stepping 3, GenuineIntel",Windows-11-10.0.26200-SP0
uniform2d_n20_instance202607,20,202607,2,two_opt,iterations,100,1,400,40000,2000,40000,0.7713466999994125,3.794974916735229,True,3.794974916735229,0.0,,3.14.4,"Intel64 Family 6 Model 186 Stepping 3, GenuineIntel",Windows-11-10.0.26200-SP0
uniform2d_n20_instance202607,20,202607,2,qubo_sa,iterations,100,1,400,40000,2000,40000,0.7348230000006879,6.127796049597734,True,3.794974916735229,61.47131889001793,,3.14.4,"Intel64 Family 6 Model 186 Stepping 3, GenuineIntel",Windows-11-10.0.26200-SP0
uniform2d_n20_instance202607,20,202607,2,qubo_sa_swap,iterations,100,1,400,40000,2000,40000,0.8098525999994308,3.989058895675027,True,3.794974916735229,5.114236146434559,,3.14.4,"Intel64 Family 6 Model 186 Stepping 3, GenuineIntel",Windows-11-10.0.26200-SP0
uniform2d_n20_instance202607,20,202607,3,two_opt,iterations,100,1,400,40000,2000,40000,0.7324180999985401,3.794974916735229,True,3.794974916735229,0.0,,3.14.4,"Intel64 Family 6 Model 186 Stepping 3, GenuineIntel",Windows-11-10.0.26200-SP0
uniform2d_n20_instance202607,20,202607,3,qubo_sa,iterations,100,1,400,40000,2000,40000,0.5608864000005269,6.9009640979555185,True,3.794974916735229,81.84478815718587,,3.14.4,"Intel64 Family 6 Model 186 Stepping 3, GenuineIntel",Windows-11-10.0.26200-SP0
uniform2d_n20_instance202607,20,202607,3,qubo_sa_swap,iterations,100,1,400,40000,2000,40000,0.9013974999998027,3.7991133626598375,True,3.794974916735229,0.10905067926427758,,3.14.4,"Intel64 Family 6 Model 186 Stepping 3, GenuineIntel",Windows-11-10.0.26200-SP0
uniform2d_n20_instance202607,20,202607,4,two_opt,iterations,100,1,400,40000,2000,40000,0.8338256999995792,3.794974916735229,True,3.794974916735229,0.0,,3.14.4,"Intel64 Family 6 Model 186 Stepping 3, GenuineIntel",Windows-11-10.0.26200-SP0
uniform2d_n20_instance202607,20,202607,4,qubo_sa,iterations,100,1,400,40000,2000,40000,0.7323259999993752,6.570340250967502,True,3.794974916735229,73.13263974402989,,3.14.4,"Intel64 Family 6 Model 186 Stepping 3, GenuineIntel",Windows-11-10.0.26200-SP0
uniform2d_n20_instance202607,20,202607,4,qubo_sa_swap,iterations,100,1,400,40000,2000,40000,0.8752160000003641,3.905956550307896,True,3.794974916735229,2.924436551168119,,3.14.4,"Intel64 Family 6 Model 186 Stepping 3, GenuineIntel",Windows-11-10.0.26200-SP0
uniform2d_n20_instance202607,20,202607,5,two_opt,iterations,100,1,400,40000,2000,40000,0.7711469000005309,3.794974916735229,True,3.794974916735229,0.0,,3.14.4,"Intel64 Family 6 Model 186 Stepping 3, GenuineIntel",Windows-11-10.0.26200-SP0
uniform2d_n20_instance202607,20,202607,5,qubo_sa,iterations,100,1,400,40000,2000,40000,0.8068576999994548,6.955586915094866,True,3.794974916735229,83.28413409063249,,3.14.4,"Intel64 Family 6 Model 186 Stepping 3, GenuineIntel",Windows-11-10.0.26200-SP0
uniform2d_n20_instance202607,20,202607,5,qubo_sa_swap,iterations,100,1,400,40000,2000,40000,0.8816552000007505,3.981650208947967,True,3.794974916735229,4.919012544444756,,3.14.4,"Intel64 Family 6 Model 186 Stepping 3, GenuineIntel",Windows-11-10.0.26200-SP0
uniform2d_n20_instance202607,20,202607,6,two_opt,iterations,100,1,400,40000,2000,40000,0.8219286000003194,3.794974916735229,True,3.794974916735229,0.0,,3.14.4,"Intel64 Family 6 Model 186 Stepping 3, GenuineIntel",Windows-11-10.0.26200-SP0
uniform2d_n20_instance202607,20,202607,6,qubo_sa,iterations,100,1,400,40000,2000,40000,0.8057078999991063,7.249519003667922,True,3.794974916735229,91.02943135931439,,3.14.4,"Intel64 Family 6 Model 186 Stepping 3, GenuineIntel",Windows-11-10.0.26200-SP0
uniform2d_n20_instance202607,20,202607,6,qubo_sa_swap,iterations,100,1,400,40000,2000,40000,0.9644293999990623,3.794974916735229,True,3.794974916735229,0.0,,3.14.4,"Intel64 Family 6 Model 186 Stepping 3, GenuineIntel",Windows-11-10.0.26200-SP0
uniform2d_n20_instance202607,20,202607,7,two_opt,iterations,100,1,400,40000,2000,40000,0.8411763000003702,3.794974916735229,True,3.794974916735229,0.0,,3.14.4,"Intel64 Family 6 Model 186 Stepping 3, GenuineIntel",Windows-11-10.0.26200-SP0
uniform2d_n20_instance202607,20,202607,7,qubo_sa,iterations,100,1,400,40000,2000,40000,0.7738855000006879,6.5941136279671495,True,3.794974916735229,73.75908333117485,,3.14.4,"Intel64 Family 6 Model 186 Stepping 3, GenuineIntel",Windows-11-10.0.26200-SP0
uniform2d_n20_instance202607,20,202607,7,qubo_sa_swap,iterations,100,1,400,40000,2000,40000,0.9377731000004133,3.9318538563660974,True,3.794974916735229,3.6068470183361345,,3.14.4,"Intel64 Family 6 Model 186 Stepping 3, GenuineIntel",Windows-11-10.0.26200-SP0
uniform2d_n20_instance202607,20,202607,8,two_opt,iterations,100,1,400,40000,2000,40000,0.8248426000009204,3.794974916735229,True,3.794974916735229,0.0,,3.14.4,"Intel64 Family 6 Model 186 Stepping 3, GenuineIntel",Windows-11-10.0.26200-SP0
uniform2d_n20_instance202607,20,202607,8,qubo_sa,iterations,100,1,400,40000,2000,40000,0.7712220000012167,7.5101371007135835,True,3.794974916735229,97.89688378690164,,3.14.4,"Intel64 Family 6 Model 186 Stepping 3, GenuineIntel",Windows-11-10.0.26200-SP0
uniform2d_n20_instance202607,20,202607,8,qubo_sa_swap,iterations,100,1,400,40000,2000,40000,0.9790353999997023,3.876268184294275,True,3.794974916735229,2.1421292457179497,,3.14.4,"Intel64 Family 6 Model 186 Stepping 3, GenuineIntel",Windows-11-10.0.26200-SP0
uniform2d_n20_instance202607,20,202607,9,two_opt,iterations,100,1,400,40000,2000,40000,0.8529195999999502,3.794974916735229,True,3.794974916735229,0.0,,3.14.4,"Intel64 Family 6 Model 186 Stepping 3, GenuineIntel",Windows-11-10.0.26200-SP0
uniform2d_n20_instance202607,20,202607,9,qubo_sa,iterations,100,1,400,40000,2000,40000,0.7739498999999341,6.998508680399525,True,3.794974916735229,84.41514987456775,,3.14.4,"Intel64 Family 6 Model 186 Stepping 3, GenuineIntel",Windows-11-10.0.26200-SP0
uniform2d_n20_instance202607,20,202607,9,qubo_sa_swap,iterations,100,1,400,40000,2000,40000,0.9275395999993634,3.879428053878273,True,3.794974916735229,2.2253938167185128,,3.14.4,"Intel64 Family 6 Model 186 Stepping 3, GenuineIntel",Windows-11-10.0.26200-SP0
uniform2d_n20_instance202608,20,202608,0,two_opt,iterations,100,1,400,40000,2000,40000,0.8581482999998116,3.7441423010866335,True,3.7441423010866335,0.0,,3.14.4,"Intel64 Family 6 Model 186 Stepping 3, GenuineIntel",Windows-11-10.0.26200-SP0
uniform2d_n20_instance202608,20,202608,0,qubo_sa,iterations,100,1,400,40000,2000,40000,0.7819938000011462,7.638223988371683,True,3.7441423010866335,104.00463909063768,,3.14.4,"Intel64 Family 6 Model 186 Stepping 3, GenuineIntel",Windows-11-10.0.26200-SP0
uniform2d_n20_instance202608,20,202608,0,qubo_sa_swap,iterations,100,1,400,40000,2000,40000,0.9406011999999464,4.018740356021485,True,3.7441423010866335,7.334071006199672,,3.14.4,"Intel64 Family 6 Model 186 Stepping 3, GenuineIntel",Windows-11-10.0.26200-SP0
uniform2d_n20_instance202608,20,202608,1,two_opt,iterations,100,1,400,40000,2000,40000,0.8240135999985796,3.7441423010866335,True,3.7441423010866335,0.0,,3.14.4,"Intel64 Family 6 Model 186 Stepping 3, GenuineIntel",Windows-11-10.0.26200-SP0
uniform2d_n20_instance202608,20,202608,1,qubo_sa,iterations,100,1,400,40000,2000,40000,0.7384435999993002,6.952876128025334,True,3.7441423010866335,85.7001034925263,,3.14.4,"Intel64 Family 6 Model 186 Stepping 3, GenuineIntel",Windows-11-10.0.26200-SP0
uniform2d_n20_instance202608,20,202608,1,qubo_sa_swap,iterations,100,1,400,40000,2000,40000,0.8178807000003872,4.018740356021486,True,3.7441423010866335,7.334071006199694,,3.14.4,"Intel64 Family 6 Model 186 Stepping 3, GenuineIntel",Windows-11-10.0.26200-SP0
uniform2d_n20_instance202608,20,202608,2,two_opt,iterations,100,1,400,40000,2000,40000,0.7186341000015091,3.7441423010866335,True,3.7441423010866335,0.0,,3.14.4,"Intel64 Family 6 Model 186 Stepping 3, GenuineIntel",Windows-11-10.0.26200-SP0
uniform2d_n20_instance202608,20,202608,2,qubo_sa,iterations,100,1,400,40000,2000,40000,0.6659352999995463,7.006369412938156,True,3.7441423010866335,87.12882282558417,,3.14.4,"Intel64 Family 6 Model 186 Stepping 3, GenuineIntel",Windows-11-10.0.26200-SP0
uniform2d_n20_instance202608,20,202608,2,qubo_sa_swap,iterations,100,1,400,40000,2000,40000,0.7996868999998696,3.836530421897907,True,3.7441423010866335,2.4675376463245025,,3.14.4,"Intel64 Family 6 Model 186 Stepping 3, GenuineIntel",Windows-11-10.0.26200-SP0
uniform2d_n20_instance202608,20,202608,3,two_opt,iterations,100,1,400,40000,2000,40000,0.7231569999985368,3.7441423010866335,True,3.7441423010866335,0.0,,3.14.4,"Intel64 Family 6 Model 186 Stepping 3, GenuineIntel",Windows-11-10.0.26200-SP0
uniform2d_n20_instance202608,20,202608,3,qubo_sa,iterations,100,1,400,40000,2000,40000,0.6595809999998892,5.949346541825989,True,3.7441423010866335,58.897447356617725,,3.14.4,"Intel64 Family 6 Model 186 Stepping 3, GenuineIntel",Windows-11-10.0.26200-SP0
uniform2d_n20_instance202608,20,202608,3,qubo_sa_swap,iterations,100,1,400,40000,2000,40000,0.8355149999988498,3.744142301086634,True,3.7441423010866335,2.220446049250313e-14,,3.14.4,"Intel64 Family 6 Model 186 Stepping 3, GenuineIntel",Windows-11-10.0.26200-SP0
uniform2d_n20_instance202608,20,202608,4,two_opt,iterations,100,1,400,40000,2000,40000,0.7411087999989832,3.7441423010866335,True,3.7441423010866335,0.0,,3.14.4,"Intel64 Family 6 Model 186 Stepping 3, GenuineIntel",Windows-11-10.0.26200-SP0
uniform2d_n20_instance202608,20,202608,4,qubo_sa,iterations,100,1,400,40000,2000,40000,0.6663372999992134,6.336016766993536,True,3.7441423010866335,69.2247852106124,,3.14.4,"Intel64 Family 6 Model 186 Stepping 3, GenuineIntel",Windows-11-10.0.26200-SP0
uniform2d_n20_instance202608,20,202608,4,qubo_sa_swap,iterations,100,1,400,40000,2000,40000,0.81340309999905,3.744142301086634,True,3.7441423010866335,2.220446049250313e-14,,3.14.4,"Intel64 Family 6 Model 186 Stepping 3, GenuineIntel",Windows-11-10.0.26200-SP0
uniform2d_n20_instance202608,20,202608,5,two_opt,iterations,100,1,400,40000,2000,40000,0.7170695000004343,3.7441423010866335,True,3.7441423010866335,0.0,,3.14.4,"Intel64 Family 6 Model 186 Stepping 3, GenuineIntel",Windows-11-10.0.26200-SP0
uniform2d_n20_instance202608,20,202608,5,qubo_sa,iterations,100,1,400,40000,2000,40000,0.6557835000003251,6.807214715673939,True,3.7441423010866335,81.80972218118777,,3.14.4,"Intel64 Family 6 Model 186 Stepping 3, GenuineIntel",Windows-11-10.0.26200-SP0
uniform2d_n20_instance202608,20,202608,5,qubo_sa_swap,iterations,100,1,400,40000,2000,40000,0.7904152999999496,3.7441423010866335,True,3.7441423010866335,0.0,,3.14.4,"Intel64 Family 6 Model 186 Stepping 3, GenuineIntel",Windows-11-10.0.26200-SP0
uniform2d_n20_instance202608,20,202608,6,two_opt,iterations,100,1,400,40000,2000,40000,0.7981782000006206,3.7441423010866335,True,3.7441423010866335,0.0,,3.14.4,"Intel64 Family 6 Model 186 Stepping 3, GenuineIntel",Windows-11-10.0.26200-SP0
uniform2d_n20_instance202608,20,202608,6,qubo_sa,iterations,100,1,400,40000,2000,40000,0.7839394000002358,7.426532853777577,True,3.7441423010866335,98.35071043165833,,3.14.4,"Intel64 Family 6 Model 186 Stepping 3, GenuineIntel",Windows-11-10.0.26200-SP0
uniform2d_n20_instance202608,20,202608,6,qubo_sa_swap,iterations,100,1,400,40000,2000,40000,0.9216030999996292,3.836530421897907,True,3.7441423010866335,2.4675376463245025,,3.14.4,"Intel64 Family 6 Model 186 Stepping 3, GenuineIntel",Windows-11-10.0.26200-SP0
uniform2d_n20_instance202608,20,202608,7,two_opt,iterations,100,1,400,40000,2000,40000,0.7869960000007268,3.7441423010866335,True,3.7441423010866335,0.0,,3.14.4,"Intel64 Family 6 Model 186 Stepping 3, GenuineIntel",Windows-11-10.0.26200-SP0
uniform2d_n20_instance202608,20,202608,7,qubo_sa,iterations,100,1,400,40000,2000,40000,0.7059449999997014,7.530328199588348,True,3.7441423010866335,101.12291665311118,,3.14.4,"Intel64 Family 6 Model 186 Stepping 3, GenuineIntel",Windows-11-10.0.26200-SP0
uniform2d_n20_instance202608,20,202608,7,qubo_sa_swap,iterations,100,1,400,40000,2000,40000,0.9237651999992522,4.018740356021486,True,3.7441423010866335,7.334071006199694,,3.14.4,"Intel64 Family 6 Model 186 Stepping 3, GenuineIntel",Windows-11-10.0.26200-SP0
uniform2d_n20_instance202608,20,202608,8,two_opt,iterations,100,1,400,40000,2000,40000,0.7925940999994054,3.7441423010866335,True,3.7441423010866335,0.0,,3.14.4,"Intel64 Family 6 Model 186 Stepping 3, GenuineIntel",Windows-11-10.0.26200-SP0
uniform2d_n20_instance202608,20,202608,8,qubo_sa,iterations,100,1,400,40000,2000,40000,0.7834464999996271,7.732205380344088,True,3.7441423010866335,106.51473043906559,,3.14.4,"Intel64 Family 6 Model 186 Stepping 3, GenuineIntel",Windows-11-10.0.26200-SP0
uniform2d_n20_instance202608,20,202608,8,qubo_sa_swap,iterations,100,1,400,40000,2000,40000,0.9437268000001495,3.7942208248816285,True,3.7441423010866335,1.3375165730335814,,3.14.4,"Intel64 Family 6 Model 186 Stepping 3, GenuineIntel",Windows-11-10.0.26200-SP0
uniform2d_n20_instance202608,20,202608,9,two_opt,iterations,100,1,400,40000,2000,40000,0.8282247000006464,3.7441423010866335,True,3.7441423010866335,0.0,,3.14.4,"Intel64 Family 6 Model 186 Stepping 3, GenuineIntel",Windows-11-10.0.26200-SP0
uniform2d_n20_instance202608,20,202608,9,qubo_sa,iterations,100,1,400,40000,2000,40000,0.752202199999374,6.021056027385097,True,3.7441423010866335,60.81269201861404,,3.14.4,"Intel64 Family 6 Model 186 Stepping 3, GenuineIntel",Windows-11-10.0.26200-SP0
uniform2d_n20_instance202608,20,202608,9,qubo_sa_swap,iterations,100,1,400,40000,2000,40000,0.9284975999999006,3.744142301086634,True,3.7441423010866335,2.220446049250313e-14,,3.14.4,"Intel64 Family 6 Model 186 Stepping 3, GenuineIntel",Windows-11-10.0.26200-SP0
uniform2d_n20_instance202609,20,202609,0,two_opt,iterations,100,1,400,40000,2000,40000,0.7856465999993816,3.580221505359966,True,3.5802215053599666,0.0,,3.14.4,"Intel64 Family 6 Model 186 Stepping 3, GenuineIntel",Windows-11-10.0.26200-SP0
uniform2d_n20_instance202609,20,202609,0,qubo_sa,iterations,100,1,400,40000,2000,40000,0.7477548000006209,7.968874423156597,True,3.5802215053599666,122.58048590642665,,3.14.4,"Intel64 Family 6 Model 186 Stepping 3, GenuineIntel",Windows-11-10.0.26200-SP0
uniform2d_n20_instance202609,20,202609,0,qubo_sa_swap,iterations,100,1,400,40000,2000,40000,0.9197046000008413,3.9750731963893027,True,3.5802215053599666,11.028694465920651,,3.14.4,"Intel64 Family 6 Model 186 Stepping 3, GenuineIntel",Windows-11-10.0.26200-SP0
uniform2d_n20_instance202609,20,202609,1,two_opt,iterations,100,1,400,40000,2000,40000,0.8193377000006876,3.580221505359966,True,3.5802215053599666,0.0,,3.14.4,"Intel64 Family 6 Model 186 Stepping 3, GenuineIntel",Windows-11-10.0.26200-SP0
uniform2d_n20_instance202609,20,202609,1,qubo_sa,iterations,100,1,400,40000,2000,40000,0.7268168000009609,6.9043902800115715,True,3.5802215053599666,92.84813159395237,,3.14.4,"Intel64 Family 6 Model 186 Stepping 3, GenuineIntel",Windows-11-10.0.26200-SP0
uniform2d_n20_instance202609,20,202609,1,qubo_sa_swap,iterations,100,1,400,40000,2000,40000,0.9223111999999674,3.645784990079496,True,3.5802215053599666,1.8312689486215783,,3.14.4,"Intel64 Family 6 Model 186 Stepping 3, GenuineIntel",Windows-11-10.0.26200-SP0
uniform2d_n20_instance202609,20,202609,2,two_opt,iterations,100,1,400,40000,2000,40000,0.7902192999990802,3.580221505359966,True,3.5802215053599666,0.0,,3.14.4,"Intel64 Family 6 Model 186 Stepping 3, GenuineIntel",Windows-11-10.0.26200-SP0
uniform2d_n20_instance202609,20,202609,2,qubo_sa,iterations,100,1,400,40000,2000,40000,0.7111495999997715,6.361406984542809,True,3.5802215053599666,77.68193881353756,,3.14.4,"Intel64 Family 6 Model 186 Stepping 3, GenuineIntel",Windows-11-10.0.26200-SP0
uniform2d_n20_instance202609,20,202609,2,qubo_sa_swap,iterations,100,1,400,40000,2000,40000,0.892287499998929,3.9610205795095927,True,3.5802215053599666,10.636187553745756,,3.14.4,"Intel64 Family 6 Model 186 Stepping 3, GenuineIntel",Windows-11-10.0.26200-SP0
uniform2d_n20_instance202609,20,202609,3,two_opt,iterations,100,1,400,40000,2000,40000,0.7929380999994464,3.580221505359966,True,3.5802215053599666,0.0,,3.14.4,"Intel64 Family 6 Model 186 Stepping 3, GenuineIntel",Windows-11-10.0.26200-SP0
uniform2d_n20_instance202609,20,202609,3,qubo_sa,iterations,100,1,400,40000,2000,40000,0.7266694000009011,5.461641308505089,True,3.5802215053599666,52.55037433657219,,3.14.4,"Intel64 Family 6 Model 186 Stepping 3, GenuineIntel",Windows-11-10.0.26200-SP0
uniform2d_n20_instance202609,20,202609,3,qubo_sa_swap,iterations,100,1,400,40000,2000,40000,0.8972610000000714,3.580221505359967,True,3.5802215053599666,2.220446049250313e-14,,3.14.4,"Intel64 Family 6 Model 186 Stepping 3, GenuineIntel",Windows-11-10.0.26200-SP0
uniform2d_n20_instance202609,20,202609,4,two_opt,iterations,100,1,400,40000,2000,40000,0.8242534000000887,3.580221505359966,True,3.5802215053599666,0.0,,3.14.4,"Intel64 Family 6 Model 186 Stepping 3, GenuineIntel",Windows-11-10.0.26200-SP0
uniform2d_n20_instance202609,20,202609,4,qubo_sa,iterations,100,1,400,40000,2000,40000,0.742600699999457,6.234454488322555,True,3.5802215053599666,74.13599909918769,,3.14.4,"Intel64 Family 6 Model 186 Stepping 3, GenuineIntel",Windows-11-10.0.26200-SP0
uniform2d_n20_instance202609,20,202609,4,qubo_sa_swap,iterations,100,1,400,40000,2000,40000,0.9009975000008126,4.261590562974716,True,3.5802215053599666,19.031477705909204,,3.14.4,"Intel64 Family 6 Model 186 Stepping 3, GenuineIntel",Windows-11-10.0.26200-SP0
uniform2d_n20_instance202609,20,202609,5,two_opt,iterations,100,1,400,40000,2000,40000,0.7594994000010047,3.580221505359966,True,3.5802215053599666,0.0,,3.14.4,"Intel64 Family 6 Model 186 Stepping 3, GenuineIntel",Windows-11-10.0.26200-SP0
uniform2d_n20_instance202609,20,202609,5,qubo_sa,iterations,100,1,400,40000,2000,40000,0.7610310000000027,6.3260502223319905,True,3.5802215053599666,76.69438086054816,,3.14.4,"Intel64 Family 6 Model 186 Stepping 3, GenuineIntel",Windows-11-10.0.26200-SP0
uniform2d_n20_instance202609,20,202609,5,qubo_sa_swap,iterations,100,1,400,40000,2000,40000,0.9096140000001469,4.000756719997044,True,3.5802215053599666,11.74606694048097,,3.14.4,"Intel64 Family 6 Model 186 Stepping 3, GenuineIntel",Windows-11-10.0.26200-SP0
uniform2d_n20_instance202609,20,202609,6,two_opt,iterations,100,1,400,40000,2000,40000,0.8162307999991754,3.580221505359966,True,3.5802215053599666,0.0,,3.14.4,"Intel64 Family 6 Model 186 Stepping 3, GenuineIntel",Windows-11-10.0.26200-SP0
uniform2d_n20_instance202609,20,202609,6,qubo_sa,iterations,100,1,400,40000,2000,40000,0.734233299999687,6.0625683626468385,True,3.5802215053599666,69.3350077242578,,3.14.4,"Intel64 Family 6 Model 186 Stepping 3, GenuineIntel",Windows-11-10.0.26200-SP0
uniform2d_n20_instance202609,20,202609,6,qubo_sa_swap,iterations,100,1,400,40000,2000,40000,0.8964219999998022,3.645784990079496,True,3.5802215053599666,1.8312689486215783,,3.14.4,"Intel64 Family 6 Model 186 Stepping 3, GenuineIntel",Windows-11-10.0.26200-SP0
uniform2d_n20_instance202609,20,202609,7,two_opt,iterations,100,1,400,40000,2000,40000,0.7967865000009624,3.580221505359966,True,3.5802215053599666,0.0,,3.14.4,"Intel64 Family 6 Model 186 Stepping 3, GenuineIntel",Windows-11-10.0.26200-SP0
uniform2d_n20_instance202609,20,202609,7,qubo_sa,iterations,100,1,400,40000,2000,40000,0.7403384999997797,5.77140777889867,True,3.5802215053599666,61.20253370519863,,3.14.4,"Intel64 Family 6 Model 186 Stepping 3, GenuineIntel",Windows-11-10.0.26200-SP0
uniform2d_n20_instance202609,20,202609,7,qubo_sa_swap,iterations,100,1,400,40000,2000,40000,0.9328157999989344,3.7270052190577294,True,3.5802215053599666,4.099850064528465,,3.14.4,"Intel64 Family 6 Model 186 Stepping 3, GenuineIntel",Windows-11-10.0.26200-SP0
uniform2d_n20_instance202609,20,202609,8,two_opt,iterations,100,1,400,40000,2000,40000,0.8022688999990351,3.580221505359966,True,3.5802215053599666,0.0,,3.14.4,"Intel64 Family 6 Model 186 Stepping 3, GenuineIntel",Windows-11-10.0.26200-SP0
uniform2d_n20_instance202609,20,202609,8,qubo_sa,iterations,100,1,400,40000,2000,40000,0.6751291999989917,6.395751616332369,True,3.5802215053599666,78.64122671620342,,3.14.4,"Intel64 Family 6 Model 186 Stepping 3, GenuineIntel",Windows-11-10.0.26200-SP0
uniform2d_n20_instance202609,20,202609,8,qubo_sa_swap,iterations,100,1,400,40000,2000,40000,0.8998888000005536,3.580221505359967,True,3.5802215053599666,2.220446049250313e-14,,3.14.4,"Intel64 Family 6 Model 186 Stepping 3, GenuineIntel",Windows-11-10.0.26200-SP0
uniform2d_n20_instance202609,20,202609,9,two_opt,iterations,100,1,400,40000,2000,40000,0.8261278000009042,3.580221505359966,True,3.5802215053599666,0.0,,3.14.4,"Intel64 Family 6 Model 186 Stepping 3, GenuineIntel",Windows-11-10.0.26200-SP0
uniform2d_n20_instance202609,20,202609,9,qubo_sa,iterations,100,1,400,40000,2000,40000,0.73094730000048,5.5294125683659185,True,3.5802215053599666,54.443309166424726,,3.14.4,"Intel64 Family 6 Model 186 Stepping 3, GenuineIntel",Windows-11-10.0.26200-SP0
uniform2d_n20_instance202609,20,202609,9,qubo_sa_swap,iterations,100,1,400,40000,2000,40000,0.8882522000003519,3.645784990079496,True,3.5802215053599666,1.8312689486215783,,3.14.4,"Intel64 Family 6 Model 186 Stepping 3, GenuineIntel",Windows-11-10.0.26200-SP0
