instance,size,instance_seed,solver_seed,solver,budget_mode,num_sweeps,num_reads,qubo_variables,attempt_budget,attempts_per_city,attempts,runtime_seconds,objective,feasible,proven_optimum,gap_percent,wall_time_limit_seconds,python,cpu,system
uniform2d_n6_instance202600,6,202600,0,two_opt,iterations,100,1,36,3600,600,3600,0.015495899999223184,2.460038605727571,True,2.460038605727571,0.0,,3.14.4,"Intel64 Family 6 Model 186 Stepping 3, GenuineIntel",Windows-11-10.0.26200-SP0
uniform2d_n6_instance202600,6,202600,0,qubo_sa,iterations,100,1,36,3600,600,3600,0.011662299999443348,2.460038605727571,True,2.460038605727571,0.0,,3.14.4,"Intel64 Family 6 Model 186 Stepping 3, GenuineIntel",Windows-11-10.0.26200-SP0
uniform2d_n6_instance202600,6,202600,0,qubo_sa_swap,iterations,100,1,36,3600,600,3600,0.02037679999921238,2.460038605727571,True,2.460038605727571,0.0,,3.14.4,"Intel64 Family 6 Model 186 Stepping 3, GenuineIntel",Windows-11-10.0.26200-SP0
uniform2d_n6_instance202600,6,202600,1,two_opt,iterations,100,1,36,3600,600,3600,0.015463700001419056,2.460038605727571,True,2.460038605727571,0.0,,3.14.4,"Intel64 Family 6 Model 186 Stepping 3, GenuineIntel",Windows-11-10.0.26200-SP0
uniform2d_n6_instance202600,6,202600,1,qubo_sa,iterations,100,1,36,3600,600,3600,0.011570900001970585,2.485805858475395,True,2.460038605727571,1.0474328609246797,,3.14.4,"Intel64 Family 6 Model 186 Stepping 3, GenuineIntel",Windows-11-10.0.26200-SP0
uniform2d_n6_instance202600,6,202600,1,qubo_sa_swap,iterations,100,1,36,3600,600,3600,0.02006660000188276,2.460038605727571,True,2.460038605727571,0.0,,3.14.4,"Intel64 Family 6 Model 186 Stepping 3, GenuineIntel",Windows-11-10.0.26200-SP0
uniform2d_n6_instance202600,6,202600,2,two_opt,iterations,100,1,36,3600,600,3600,0.015399099997011945,2.460038605727571,True,2.460038605727571,0.0,,3.14.4,"Intel64 Family 6 Model 186 Stepping 3, GenuineIntel",Windows-11-10.0.26200-SP0
uniform2d_n6_instance202600,6,202600,2,qubo_sa,iterations,100,1,36,3600,600,3600,0.011531800002558157,2.460038605727571,True,2.460038605727571,0.0,,3.14.4,"Intel64 Family 6 Model 186 Stepping 3, GenuineIntel",Windows-11-10.0.26200-SP0
uniform2d_n6_instance202600,6,202600,2,qubo_sa_swap,iterations,100,1,36,3600,600,3600,0.020097799999348354,2.460038605727571,True,2.460038605727571,0.0,,3.14.4,"Intel64 Family 6 Model 186 Stepping 3, GenuineIntel",Windows-11-10.0.26200-SP0
uniform2d_n6_instance202600,6,202600,3,two_opt,iterations,100,1,36,3600,600,3600,0.015416700000059791,2.460038605727571,True,2.460038605727571,0.0,,3.14.4,"Intel64 Family 6 Model 186 Stepping 3, GenuineIntel",Windows-11-10.0.26200-SP0
uniform2d_n6_instance202600,6,202600,3,qubo_sa,iterations,100,1,36,3600,600,3600,0.011522599997988436,2.593676421711141,True,2.460038605727571,5.432346292144707,,3.14.4,"Intel64 Family 6 Model 186 Stepping 3, GenuineIntel",Windows-11-10.0.26200-SP0
uniform2d_n6_instance202600,6,202600,3,qubo_sa_swap,iterations,100,1,36,3600,600,3600,0.020201400002406444,2.460038605727571,True,2.460038605727571,0.0,,3.14.4,"Intel64 Family 6 Model 186 Stepping 3, GenuineIntel",Windows-11-10.0.26200-SP0
uniform2d_n6_instance202600,6,202600,4,two_opt,iterations,100,1,36,3600,600,3600,0.0157240999978967,2.460038605727571,True,2.460038605727571,0.0,,3.14.4,"Intel64 Family 6 Model 186 Stepping 3, GenuineIntel",Windows-11-10.0.26200-SP0
uniform2d_n6_instance202600,6,202600,4,qubo_sa,iterations,100,1,36,3600,600,3600,0.011569100002816413,2.460038605727571,True,2.460038605727571,0.0,,3.14.4,"Intel64 Family 6 Model 186 Stepping 3, GenuineIntel",Windows-11-10.0.26200-SP0
uniform2d_n6_instance202600,6,202600,4,qubo_sa_swap,iterations,100,1,36,3600,600,3600,0.020000499993329868,2.460038605727571,True,2.460038605727571,0.0,,3.14.4,"Intel64 Family 6 Model 186 Stepping 3, GenuineIntel",Windows-11-10.0.26200-SP0
uniform2d_n6_instance202600,6,202600,5,two_opt,iterations,100,1,36,3600,600,3600,0.015923500002827495,2.460038605727571,True,2.460038605727571,0.0,,3.14.4,"Intel64 Family 6 Model 186 Stepping 3, GenuineIntel",Windows-11-10.0.26200-SP0
uniform2d_n6_instance202600,6,202600,5,qubo_sa,iterations,100,1,36,3600,600,3600,0.011686300000292249,2.460038605727571,True,2.460038605727571,0.0,,3.14.4,"Intel64 Family 6 Model 186 Stepping 3, GenuineIntel",Windows-11-10.0.26200-SP0
uniform2d_n6_instance202600,6,202600,5,qubo_sa_swap,iterations,100,1,36,3600,600,3600,0.020117299995035864,2.460038605727571,True,2.460038605727571,0.0,,3.14.4,"Intel64 Family 6 Model 186 Stepping 3, GenuineIntel",Windows-11-10.0.26200-SP0
uniform2d_n6_instance202600,6,202600,6,two_opt,iterations,100,1,36,3600,600,3600,0.015778699998918455,2.460038605727571,True,2.460038605727571,0.0,,3.14.4,"Intel64 Family 6 Model 186 Stepping 3, GenuineIntel",Windows-11-10.0.26200-SP0
uniform2d_n6_instance202600,6,202600,6,qubo_sa,iterations,100,1,36,3600,600,3600,0.011564000000362284,2.4739010926375444,True,2.460038605727571,0.563506884717091,,3.14.4,"Intel64 Family 6 Model 186 Stepping 3, GenuineIntel",Windows-11-10.0.26200-SP0
uniform2d_n6_instance202600,6,202600,6,qubo_sa_swap,iterations,100,1,36,3600,600,3600,0.02010530000552535,2.460038605727571,True,2.460038605727571,0.0,,3.14.4,"Intel64 Family 6 Model 186 Stepping 3, GenuineIntel",Windows-11-10.0.26200-SP0
uniform2d_n6_instance202600,6,202600,7,two_opt,iterations,100,1,36,3600,600,3600,0.015678700001444668,2.460038605727571,True,2.460038605727571,0.0,,3.14.4,"Intel64 Family 6 Model 186 Stepping 3, GenuineIntel",Windows-11-10.0.26200-SP0
uniform2d_n6_instance202600,6,202600,7,qubo_sa,iterations,100,1,36,3600,600,3600,0.011570700000447687,2.473901092637544,True,2.460038605727571,0.5635068847170688,,3.14.4,"Intel64 Family 6 Model 186 Stepping 3, GenuineIntel",Windows-11-10.0.26200-SP0
uniform2d_n6_instance202600,6,202600,7,qubo_sa_swap,iterations,100,1,36,3600,600,3600,0.020268500004021917,2.460038605727571,True,2.460038605727571,0.0,,3.14.4,"Intel64 Family 6 Model 186 Stepping 3, GenuineIntel",Windows-11-10.0.26200-SP0
uniform2d_n6_instance202600,6,202600,8,two_opt,iterations,100,1,36,3600,600,3600,0.01572889999806648,2.460038605727571,True,2.460038605727571,0.0,,3.14.4,"Intel64 Family 6 Model 186 Stepping 3, GenuineIntel",Windows-11-10.0.26200-SP0
uniform2d_n6_instance202600,6,202600,8,qubo_sa,iterations,100,1,36,3600,600,3600,0.011978499998804182,2.4858058584753944,True,2.460038605727571,1.0474328609246575,,3.14.4,"Intel64 Family 6 Model 186 Stepping 3, GenuineIntel",Windows-11-10.0.26200-SP0
uniform2d_n6_instance202600,6,202600,8,qubo_sa_swap,iterations,100,1,36,3600,600,3600,0.021253500002785586,2.460038605727571,True,2.460038605727571,0.0,,3.14.4,"Intel64 Family 6 Model 186 Stepping 3, GenuineIntel",Windows-11-10.0.26200-SP0
uniform2d_n6_instance202600,6,202600,9,two_opt,iterations,100,1,36,3600,600,3600,0.016092699996079318,2.460038605727571,True,2.460038605727571,0.0,,3.14.4,"Intel64 Family 6 Model 186 Stepping 3, GenuineIntel",Windows-11-10.0.26200-SP0
uniform2d_n6_instance202600,6,202600,9,qubo_sa,iterations,100,1,36,3600,600,3600,0.012132599993492477,2.5819963278523383,True,2.460038605727571,4.957553179889929,,3.14.4,"Intel64 Family 6 Model 186 Stepping 3, GenuineIntel",Windows-11-10.0.26200-SP0
uniform2d_n6_instance202600,6,202600,9,qubo_sa_swap,iterations,100,1,36,3600,600,3600,0.021139800002856646,2.460038605727571,True,2.460038605727571,0.0,,3.14.4,"Intel64 Family 6 Model 186 Stepping 3, GenuineIntel",Windows-11-10.0.26200-SP0
uniform2d_n6_instance202601,6,202601,0,two_opt,iterations,100,1,36,3600,600,3600,0.01729460000206018,1.5538039117081577,True,1.5538039117081577,0.0,,3.14.4,"Intel64 Family 6 Model 186 Stepping 3, GenuineIntel",Windows-11-10.0.26200-SP0
uniform2d_n6_instance202601,6,202601,0,qubo_sa,iterations,100,1,36,3600,600,3600,0.012479400000302121,1.824465155264054,True,1.5538039117081577,17.41926645417875,,3.14.4,"Intel64 Family 6 Model 186 Stepping 3, GenuineIntel",Windows-11-10.0.26200-SP0
uniform2d_n6_instance202601,6,202601,0,qubo_sa_swap,iterations,100,1,36,3600,600,3600,0.021394100003817584,1.5538039117081577,True,1.5538039117081577,0.0,,3.14.4,"Intel64 Family 6 Model 186 Stepping 3, GenuineIntel",Windows-11-10.0.26200-SP0
uniform2d_n6_instance202601,6,202601,1,two_opt,iterations,100,1,36,3600,600,3600,0.017113899994001258,1.5538039117081577,True,1.5538039117081577,0.0,,3.14.4,"Intel64 Family 6 Model 186 Stepping 3, GenuineIntel",Windows-11-10.0.26200-SP0
uniform2d_n6_instance202601,6,202601,1,qubo_sa,iterations,100,1,36,3600,600,3600,0.012394099998346064,1.5538039117081577,True,1.5538039117081577,0.0,,3.14.4,"Intel64 Family 6 Model 186 Stepping 3, GenuineIntel",Windows-11-10.0.26200-SP0
uniform2d_n6_instance202601,6,202601,1,qubo_sa_swap,iterations,100,1,36,3600,600,3600,0.021370100002968684,1.5538039117081577,True,1.5538039117081577,0.0,,3.14.4,"Intel64 Family 6 Model 186 Stepping 3, GenuineIntel",Windows-11-10.0.26200-SP0
uniform2d_n6_instance202601,6,202601,2,two_opt,iterations,100,1,36,3600,600,3600,0.01717859999916982,1.5538039117081577,True,1.5538039117081577,0.0,,3.14.4,"Intel64 Family 6 Model 186 Stepping 3, GenuineIntel",Windows-11-10.0.26200-SP0
uniform2d_n6_instance202601,6,202601,2,qubo_sa,iterations,100,1,36,3600,600,3600,0.012113000004319474,1.5538039117081577,True,1.5538039117081577,0.0,,3.14.4,"Intel64 Family 6 Model 186 Stepping 3, GenuineIntel",Windows-11-10.0.26200-SP0
uniform2d_n6_instance202601,6,202601,2,qubo_sa_swap,iterations,100,1,36,3600,600,3600,0.02074269999866374,1.5538039117081577,True,1.5538039117081577,0.0,,3.14.4,"Intel64 Family 6 Model 186 Stepping 3, GenuineIntel",Windows-11-10.0.26200-SP0
uniform2d_n6_instance202601,6,202601,3,two_opt,iterations,100,1,36,3600,600,3600,0.016508900000189897,1.5538039117081577,True,1.5538039117081577,0.0,,3.14.4,"Intel64 Family 6 Model 186 Stepping 3, GenuineIntel",Windows-11-10.0.26200-SP0
uniform2d_n6_instance202601,6,202601,3,qubo_sa,iterations,100,1,36,3600,600,3600,0.011569199996301904,1.6800796300303134,True,1.5538039117081577,8.126876073013346,,3.14.4,"Intel64 Family 6 Model 186 Stepping 3, GenuineIntel",Windows-11-10.0.26200-SP0
uniform2d_n6_instance202601,6,202601,3,qubo_sa_swap,iterations,100,1,36,3600,600,3600,0.020206199995300267,1.5538039117081577,True,1.5538039117081577,0.0,,3.14.4,"Intel64 Family 6 Model 186 Stepping 3, GenuineIntel",Windows-11-10.0.26200-SP0
uniform2d_n6_instance202601,6,202601,4,two_opt,iterations,100,1,36,3600,600,3600,0.016859999996086117,1.5538039117081577,True,1.5538039117081577,0.0,,3.14.4,"Intel64 Family 6 Model 186 Stepping 3, GenuineIntel",Windows-11-10.0.26200-SP0
uniform2d_n6_instance202601,6,202601,4,qubo_sa,iterations,100,1,36,3600,600,3600,0.01158700000087265,1.553803911708158,True,1.5538039117081577,2.220446049250313e-14,,3.14.4,"Intel64 Family 6 Model 186 Stepping 3, GenuineIntel",Windows-11-10.0.26200-SP0
uniform2d_n6_instance202601,6,202601,4,qubo_sa_swap,iterations,100,1,36,3600,600,3600,0.020426799994311295,1.5538039117081577,True,1.5538039117081577,0.0,,3.14.4,"Intel64 Family 6 Model 186 Stepping 3, GenuineIntel",Windows-11-10.0.26200-SP0
uniform2d_n6_instance202601,6,202601,5,two_opt,iterations,100,1,36,3600,600,3600,0.016456299999845214,1.5538039117081577,True,1.5538039117081577,0.0,,3.14.4,"Intel64 Family 6 Model 186 Stepping 3, GenuineIntel",Windows-11-10.0.26200-SP0
uniform2d_n6_instance202601,6,202601,5,qubo_sa,iterations,100,1,36,3600,600,3600,0.011944699996092822,1.5538039117081577,True,1.5538039117081577,0.0,,3.14.4,"Intel64 Family 6 Model 186 Stepping 3, GenuineIntel",Windows-11-10.0.26200-SP0
uniform2d_n6_instance202601,6,202601,5,qubo_sa_swap,iterations,100,1,36,3600,600,3600,0.020753299999341834,1.5538039117081577,True,1.5538039117081577,0.0,,3.14.4,"Intel64 Family 6 Model 186 Stepping 3, GenuineIntel",Windows-11-10.0.26200-SP0
uniform2d_n6_instance202601,6,202601,6,two_opt,iterations,100,1,36,3600,600,3600,0.01684009999735281,1.5538039117081577,True,1.5538039117081577,0.0,,3.14.4,"Intel64 Family 6 Model 186 Stepping 3, GenuineIntel",Windows-11-10.0.26200-SP0
uniform2d_n6_instance202601,6,202601,6,qubo_sa,iterations,100,1,36,3600,600,3600,0.01227659999858588,1.8227696769811572,True,1.5538039117081577,17.31014854875188,,3.14.4,"Intel64 Family 6 Model 186 Stepping 3, GenuineIntel",Windows-11-10.0.26200-SP0
uniform2d_n6_instance202601,6,202601,6,qubo_sa_swap,iterations,100,1,36,3600,600,3600,0.02033310000115307,1.5538039117081577,True,1.5538039117081577,0.0,,3.14.4,"Intel64 Family 6 Model 186 Stepping 3, GenuineIntel",Windows-11-10.0.26200-SP0
uniform2d_n6_instance202601,6,202601,7,two_opt,iterations,100,1,36,3600,600,3600,0.016293400003632996,1.5538039117081577,True,1.5538039117081577,0.0,,3.14.4,"Intel64 Family 6 Model 186 Stepping 3, GenuineIntel",Windows-11-10.0.26200-SP0
uniform2d_n6_instance202601,6,202601,7,qubo_sa,iterations,100,1,36,3600,600,3600,0.011561699997400865,1.6800796300303131,True,1.5538039117081577,8.126876073013323,,3.14.4,"Intel64 Family 6 Model 186 Stepping 3, GenuineIntel",Windows-11-10.0.26200-SP0
uniform2d_n6_instance202601,6,202601,7,qubo_sa_swap,iterations,100,1,36,3600,600,3600,0.020236199998180382,1.5538039117081577,True,1.5538039117081577,0.0,,3.14.4,"Intel64 Family 6 Model 186 Stepping 3, GenuineIntel",Windows-11-10.0.26200-SP0
uniform2d_n6_instance202601,6,202601,8,two_opt,iterations,100,1,36,3600,600,3600,0.01612580000073649,1.5538039117081577,True,1.5538039117081577,0.0,,3.14.4,"Intel64 Family 6 Model 186 Stepping 3, GenuineIntel",Windows-11-10.0.26200-SP0
uniform2d_n6_instance202601,6,202601,8,qubo_sa,iterations,100,1,36,3600,600,3600,0.011571499999263324,1.7032428799244874,True,1.5538039117081577,9.617620800815562,,3.14.4,"Intel64 Family 6 Model 186 Stepping 3, GenuineIntel",Windows-11-10.0.26200-SP0
uniform2d_n6_instance202601,6,202601,8,qubo_sa_swap,iterations,100,1,36,3600,600,3600,0.020288400002755225,1.5538039117081577,True,1.5538039117081577,0.0,,3.14.4,"Intel64 Family 6 Model 186 Stepping 3, GenuineIntel",Windows-11-10.0.26200-SP0
uniform2d_n6_instance202601,6,202601,9,two_opt,iterations,100,1,36,3600,600,3600,0.016200300000491552,1.5538039117081577,True,1.5538039117081577,0.0,,3.14.4,"Intel64 Family 6 Model 186 Stepping 3, GenuineIntel",Windows-11-10.0.26200-SP0
uniform2d_n6_instance202601,6,202601,9,qubo_sa,iterations,100,1,36,3600,600,3600,0.011540400002559181,1.6800796300303134,True,1.5538039117081577,8.126876073013346,,3.14.4,"Intel64 Family 6 Model 186 Stepping 3, GenuineIntel",Windows-11-10.0.26200-SP0
uniform2d_n6_instance202601,6,202601,9,qubo_sa_swap,iterations,100,1,36,3600,600,3600,0.020223300001816824,1.5538039117081577,True,1.5538039117081577,0.0,,3.14.4,"Intel64 Family 6 Model 186 Stepping 3, GenuineIntel",Windows-11-10.0.26200-SP0
uniform2d_n6_instance202602,6,202602,0,two_opt,iterations,100,1,36,3600,600,3600,0.015457299996342044,1.5254677299784958,True,1.5254677299784958,0.0,,3.14.4,"Intel64 Family 6 Model 186 Stepping 3, GenuineIntel",Windows-11-10.0.26200-SP0
uniform2d_n6_instance202602,6,202602,0,qubo_sa,iterations,100,1,36,3600,600,3600,0.011561599996639416,1.5467019049009676,True,1.5254677299784958,1.391977981911885,,3.14.4,"Intel64 Family 6 Model 186 Stepping 3, GenuineIntel",Windows-11-10.0.26200-SP0
uniform2d_n6_instance202602,6,202602,0,qubo_sa_swap,iterations,100,1,36,3600,600,3600,0.02018089999910444,1.5254677299784958,True,1.5254677299784958,0.0,,3.14.4,"Intel64 Family 6 Model 186 Stepping 3, GenuineIntel",Windows-11-10.0.26200-SP0
uniform2d_n6_instance202602,6,202602,1,two_opt,iterations,100,1,36,3600,600,3600,0.015342600003350526,1.5254677299784958,True,1.5254677299784958,0.0,,3.14.4,"Intel64 Family 6 Model 186 Stepping 3, GenuineIntel",Windows-11-10.0.26200-SP0
uniform2d_n6_instance202602,6,202602,1,qubo_sa,iterations,100,1,36,3600,600,3600,0.011634999995294493,1.5292164602634744,True,1.5254677299784958,0.2457430079515044,,3.14.4,"Intel64 Family 6 Model 186 Stepping 3, GenuineIntel",Windows-11-10.0.26200-SP0
uniform2d_n6_instance202602,6,202602,1,qubo_sa_swap,iterations,100,1,36,3600,600,3600,0.020145500006037764,1.5254677299784958,True,1.5254677299784958,0.0,,3.14.4,"Intel64 Family 6 Model 186 Stepping 3, GenuineIntel",Windows-11-10.0.26200-SP0
uniform2d_n6_instance202602,6,202602,2,two_opt,iterations,100,1,36,3600,600,3600,0.015508099997532554,1.5254677299784958,True,1.5254677299784958,0.0,,3.14.4,"Intel64 Family 6 Model 186 Stepping 3, GenuineIntel",Windows-11-10.0.26200-SP0
uniform2d_n6_instance202602,6,202602,2,qubo_sa,iterations,100,1,36,3600,600,3600,0.011639799995464273,1.542953174615989,True,1.5254677299784958,1.1462349739604027,,3.14.4,"Intel64 Family 6 Model 186 Stepping 3, GenuineIntel",Windows-11-10.0.26200-SP0
uniform2d_n6_instance202602,6,202602,2,qubo_sa_swap,iterations,100,1,36,3600,600,3600,0.020162599998002406,1.5254677299784958,True,1.5254677299784958,0.0,,3.14.4,"Intel64 Family 6 Model 186 Stepping 3, GenuineIntel",Windows-11-10.0.26200-SP0
uniform2d_n6_instance202602,6,202602,3,two_opt,iterations,100,1,36,3600,600,3600,0.0155328000037116,1.5254677299784958,True,1.5254677299784958,0.0,,3.14.4,"Intel64 Family 6 Model 186 Stepping 3, GenuineIntel",Windows-11-10.0.26200-SP0
uniform2d_n6_instance202602,6,202602,3,qubo_sa,iterations,100,1,36,3600,600,3600,0.01179269999556709,1.525467729978496,True,1.5254677299784958,2.220446049250313e-14,,3.14.4,"Intel64 Family 6 Model 186 Stepping 3, GenuineIntel",Windows-11-10.0.26200-SP0
uniform2d_n6_instance202602,6,202602,3,qubo_sa_swap,iterations,100,1,36,3600,600,3600,0.02006180000171298,1.5254677299784958,True,1.5254677299784958,0.0,,3.14.4,"Intel64 Family 6 Model 186 Stepping 3, GenuineIntel",Windows-11-10.0.26200-SP0
uniform2d_n6_instance202602,6,202602,4,two_opt,iterations,100,1,36,3600,600,3600,0.015261200001987163,1.5254677299784958,True,1.5254677299784958,0.0,,3.14.4,"Intel64 Family 6 Model 186 Stepping 3, GenuineIntel",Windows-11-10.0.26200-SP0
uniform2d_n6_instance202602,6,202602,4,qubo_sa,iterations,100,1,36,3600,600,3600,0.011707199999364093,1.5467019049009676,True,1.5254677299784958,1.391977981911885,,3.14.4,"Intel64 Family 6 Model 186 Stepping 3, GenuineIntel",Windows-11-10.0.26200-SP0
uniform2d_n6_instance202602,6,202602,4,qubo_sa_swap,iterations,100,1,36,3600,600,3600,0.02044480000040494,1.525467729978496,True,1.5254677299784958,2.220446049250313e-14,,3.14.4,"Intel64 Family 6 Model 186 Stepping 3, GenuineIntel",Windows-11-10.0.26200-SP0
uniform2d_n6_instance202602,6,202602,5,two_opt,iterations,100,1,36,3600,600,3600,0.015589000002364628,1.5254677299784958,True,1.5254677299784958,0.0,,3.14.4,"Intel64 Family 6 Model 186 Stepping 3, GenuineIntel",Windows-11-10.0.26200-SP0
uniform2d_n6_instance202602,6,202602,5,qubo_sa,iterations,100,1,36,3600,600,3600,0.011941099997784477,1.5292164602634746,True,1.5254677299784958,0.2457430079515044,,3.14.4,"Intel64 Family 6 Model 186 Stepping 3, GenuineIntel",Windows-11-10.0.26200-SP0
uniform2d_n6_instance202602,6,202602,5,qubo_sa_swap,iterations,100,1,36,3600,600,3600,0.020420900000317488,1.5254677299784958,True,1.5254677299784958,0.0,,3.14.4,"Intel64 Family 6 Model 186 Stepping 3, GenuineIntel",Windows-11-10.0.26200-SP0
uniform2d_n6_instance202602,6,202602,6,two_opt,iterations,100,1,36,3600,600,3600,0.015323699997679796,1.5254677299784958,True,1.5254677299784958,0.0,,3.14.4,"Intel64 Family 6 Model 186 Stepping 3, GenuineIntel",Windows-11-10.0.26200-SP0
uniform2d_n6_instance202602,6,202602,6,qubo_sa,iterations,100,1,36,3600,600,3600,0.011527100003149826,1.5292164602634746,True,1.5254677299784958,0.2457430079515044,,3.14.4,"Intel64 Family 6 Model 186 Stepping 3, GenuineIntel",Windows-11-10.0.26200-SP0
uniform2d_n6_instance202602,6,202602,6,qubo_sa_swap,iterations,100,1,36,3600,600,3600,0.021006499999202788,1.525467729978496,True,1.5254677299784958,2.220446049250313e-14,,3.14.4,"Intel64 Family 6 Model 186 Stepping 3, GenuineIntel",Windows-11-10.0.26200-SP0
uniform2d_n6_instance202602,6,202602,7,two_opt,iterations,100,1,36,3600,600,3600,0.015861100000620354,1.5254677299784958,True,1.5254677299784958,0.0,,3.14.4,"Intel64 Family 6 Model 186 Stepping 3, GenuineIntel",Windows-11-10.0.26200-SP0
uniform2d_n6_instance202602,6,202602,7,qubo_sa,iterations,100,1,36,3600,600,3600,0.012236200003826525,1.5292164602634744,True,1.5254677299784958,0.2457430079515044,,3.14.4,"Intel64 Family 6 Model 186 Stepping 3, GenuineIntel",Windows-11-10.0.26200-SP0
uniform2d_n6_instance202602,6,202602,7,qubo_sa_swap,iterations,100,1,36,3600,600,3600,0.021222799994575325,1.525467729978496,True,1.5254677299784958,2.220446049250313e-14,,3.14.4,"Intel64 Family 6 Model 186 Stepping 3, GenuineIntel",Windows-11-10.0.26200-SP0
uniform2d_n6_instance202602,6,202602,8,two_opt,iterations,100,1,36,3600,600,3600,0.016166000001248904,1.5254677299784958,True,1.5254677299784958,0.0,,3.14.4,"Intel64 Family 6 Model 186 Stepping 3, GenuineIntel",Windows-11-10.0.26200-SP0
uniform2d_n6_instance202602,6,202602,8,qubo_sa,iterations,100,1,36,3600,600,3600,0.012343300004431512,1.5467019049009676,True,1.5254677299784958,1.391977981911885,,3.14.4,"Intel64 Family 6 Model 186 Stepping 3, GenuineIntel",Windows-11-10.0.26200-SP0
uniform2d_n6_instance202602,6,202602,8,qubo_sa_swap,iterations,100,1,36,3600,600,3600,0.021353600001020823,1.5254677299784958,True,1.5254677299784958,0.0,,3.14.4,"Intel64 Family 6 Model 186 Stepping 3, GenuineIntel",Windows-11-10.0.26200-SP0
uniform2d_n6_instance202602,6,202602,9,two_opt,iterations,100,1,36,3600,600,3600,0.016785300002084114,1.5254677299784958,True,1.5254677299784958,0.0,,3.14.4,"Intel64 Family 6 Model 186 Stepping 3, GenuineIntel",Windows-11-10.0.26200-SP0
uniform2d_n6_instance202602,6,202602,9,qubo_sa,iterations,100,1,36,3600,600,3600,0.011689000006299466,1.5467019049009674,True,1.5254677299784958,1.391977981911885,,3.14.4,"Intel64 Family 6 Model 186 Stepping 3, GenuineIntel",Windows-11-10.0.26200-SP0
uniform2d_n6_instance202602,6,202602,9,qubo_sa_swap,iterations,100,1,36,3600,600,3600,0.020147800001723226,1.5254677299784958,True,1.5254677299784958,0.0,,3.14.4,"Intel64 Family 6 Model 186 Stepping 3, GenuineIntel",Windows-11-10.0.26200-SP0
uniform2d_n6_instance202603,6,202603,0,two_opt,iterations,100,1,36,3600,600,3600,0.015608800000336487,2.70230418472371,True,2.70230418472371,0.0,,3.14.4,"Intel64 Family 6 Model 186 Stepping 3, GenuineIntel",Windows-11-10.0.26200-SP0
uniform2d_n6_instance202603,6,202603,0,qubo_sa,iterations,100,1,36,3600,600,3600,0.011544099994353019,3.043227915678036,True,2.70230418472371,12.616038301002108,,3.14.4,"Intel64 Family 6 Model 186 Stepping 3, GenuineIntel",Windows-11-10.0.26200-SP0
uniform2d_n6_instance202603,6,202603,0,qubo_sa_swap,iterations,100,1,36,3600,600,3600,0.0202246999979252,2.7023041847237104,True,2.70230418472371,2.220446049250313e-14,,3.14.4,"Intel64 Family 6 Model 186 Stepping 3, GenuineIntel",Windows-11-10.0.26200-SP0
uniform2d_n6_instance202603,6,202603,1,two_opt,iterations,100,1,36,3600,600,3600,0.015670000000682194,2.70230418472371,True,2.70230418472371,0.0,,3.14.4,"Intel64 Family 6 Model 186 Stepping 3, GenuineIntel",Windows-11-10.0.26200-SP0
uniform2d_n6_instance202603,6,202603,1,qubo_sa,iterations,100,1,36,3600,600,3600,0.011591299997235183,2.70230418472371,True,2.70230418472371,0.0,,3.14.4,"Intel64 Family 6 Model 186 Stepping 3, GenuineIntel",Windows-11-10.0.26200-SP0
uniform2d_n6_instance202603,6,202603,1,qubo_sa_swap,iterations,100,1,36,3600,600,3600,0.02018559999851277,2.7023041847237104,True,2.70230418472371,2.220446049250313e-14,,3.14.4,"Intel64 Family 6 Model 186 Stepping 3, GenuineIntel",Windows-11-10.0.26200-SP0
uniform2d_n6_instance202603,6,202603,2,two_opt,iterations,100,1,36,3600,600,3600,0.015713400003733113,2.70230418472371,True,2.70230418472371,0.0,,3.14.4,"Intel64 Family 6 Model 186 Stepping 3, GenuineIntel",Windows-11-10.0.26200-SP0
uniform2d_n6_instance202603,6,202603,2,qubo_sa,iterations,100,1,36,3600,600,3600,0.011614100003498606,2.7023041847237104,True,2.70230418472371,2.220446049250313e-14,,3.14.4,"Intel64 Family 6 Model 186 Stepping 3, GenuineIntel",Windows-11-10.0.26200-SP0
uniform2d_n6_instance202603,6,202603,2,qubo_sa_swap,iterations,100,1,36,3600,600,3600,0.020286899998609442,2.7023041847237104,True,2.70230418472371,2.220446049250313e-14,,3.14.4,"Intel64 Family 6 Model 186 Stepping 3, GenuineIntel",Windows-11-10.0.26200-SP0
uniform2d_n6_instance202603,6,202603,3,two_opt,iterations,100,1,36,3600,600,3600,0.015556300000753254,2.70230418472371,True,2.70230418472371,0.0,,3.14.4,"Intel64 Family 6 Model 186 Stepping 3, GenuineIntel",Windows-11-10.0.26200-SP0
uniform2d_n6_instance202603,6,202603,3,qubo_sa,iterations,100,1,36,3600,600,3600,0.011486300005344674,2.70230418472371,True,2.70230418472371,0.0,,3.14.4,"Intel64 Family 6 Model 186 Stepping 3, GenuineIntel",Windows-11-10.0.26200-SP0
uniform2d_n6_instance202603,6,202603,3,qubo_sa_swap,iterations,100,1,36,3600,600,3600,0.02020749999792315,2.70230418472371,True,2.70230418472371,0.0,,3.14.4,"Intel64 Family 6 Model 186 Stepping 3, GenuineIntel",Windows-11-10.0.26200-SP0
uniform2d_n6_instance202603,6,202603,4,two_opt,iterations,100,1,36,3600,600,3600,0.01585440000053495,2.70230418472371,True,2.70230418472371,0.0,,3.14.4,"Intel64 Family 6 Model 186 Stepping 3, GenuineIntel",Windows-11-10.0.26200-SP0
uniform2d_n6_instance202603,6,202603,4,qubo_sa,iterations,100,1,36,3600,600,3600,0.011497599996801,2.7151711911416805,True,2.70230418472371,0.476149446487506,,3.14.4,"Intel64 Family 6 Model 186 Stepping 3, GenuineIntel",Windows-11-10.0.26200-SP0
uniform2d_n6_instance202603,6,202603,4,qubo_sa_swap,iterations,100,1,36,3600,600,3600,0.020496299999649636,2.7023041847237104,True,2.70230418472371,2.220446049250313e-14,,3.14.4,"Intel64 Family 6 Model 186 Stepping 3, GenuineIntel",Windows-11-10.0.26200-SP0
uniform2d_n6_instance202603,6,202603,5,two_opt,iterations,100,1,36,3600,600,3600,0.016151100004208274,2.70230418472371,True,2.70230418472371,0.0,,3.14.4,"Intel64 Family 6 Model 186 Stepping 3, GenuineIntel",Windows-11-10.0.26200-SP0
uniform2d_n6_instance202603,6,202603,5,qubo_sa,iterations,100,1,36,3600,600,3600,0.011602699996728916,2.7023041847237104,True,2.70230418472371,2.220446049250313e-14,,3.14.4,"Intel64 Family 6 Model 186 Stepping 3, GenuineIntel",Windows-11-10.0.26200-SP0
uniform2d_n6_instance202603,6,202603,5,qubo_sa_swap,iterations,100,1,36,3600,600,3600,0.020169700001133606,2.7023041847237104,True,2.70230418472371,2.220446049250313e-14,,3.14.4,"Intel64 Family 6 Model 186 Stepping 3, GenuineIntel",Windows-11-10.0.26200-SP0
uniform2d_n6_instance202603,6,202603,6,two_opt,iterations,100,1,36,3600,600,3600,0.016086399999039713,2.70230418472371,True,2.70230418472371,0.0,,3.14.4,"Intel64 Family 6 Model 186 Stepping 3, GenuineIntel",Windows-11-10.0.26200-SP0
uniform2d_n6_instance202603,6,202603,6,qubo_sa,iterations,100,1,36,3600,600,3600,0.011597600001550745,2.70230418472371,True,2.70230418472371,0.0,,3.14.4,"Intel64 Family 6 Model 186 Stepping 3, GenuineIntel",Windows-11-10.0.26200-SP0
uniform2d_n6_instance202603,6,202603,6,qubo_sa_swap,iterations,100,1,36,3600,600,3600,0.020341200004622806,2.7023041847237104,True,2.70230418472371,2.220446049250313e-14,,3.14.4,"Intel64 Family 6 Model 186 Stepping 3, GenuineIntel",Windows-11-10.0.26200-SP0
uniform2d_n6_instance202603,6,202603,7,two_opt,iterations,100,1,36,3600,600,3600,0.016044100004364736,2.70230418472371,True,2.70230418472371,0.0,,3.14.4,"Intel64 Family 6 Model 186 Stepping 3, GenuineIntel",Windows-11-10.0.26200-SP0
uniform2d_n6_instance202603,6,202603,7,qubo_sa,iterations,100,1,36,3600,600,3600,0.011604999999690335,2.7023041847237104,True,2.70230418472371,2.220446049250313e-14,,3.14.4,"Intel64 Family 6 Model 186 Stepping 3, GenuineIntel",Windows-11-10.0.26200-SP0
uniform2d_n6_instance202603,6,202603,7,qubo_sa_swap,iterations,100,1,36,3600,600,3600,0.020378499997605104,2.70230418472371,True,2.70230418472371,0.0,,3.14.4,"Intel64 Family 6 Model 186 Stepping 3, GenuineIntel",Windows-11-10.0.26200-SP0
uniform2d_n6_instance202603,6,202603,8,two_opt,iterations,100,1,36,3600,600,3600,0.016093999998702202,2.70230418472371,True,2.70230418472371,0.0,,3.14.4,"Intel64 Family 6 Model 186 Stepping 3, GenuineIntel",Windows-11-10.0.26200-SP0
uniform2d_n6_instance202603,6,202603,8,qubo_sa,iterations,100,1,36,3600,600,3600,0.011695200002577621,2.7023041847237104,True,2.70230418472371,2.220446049250313e-14,,3.14.4,"Intel64 Family 6 Model 186 Stepping 3, GenuineIntel",Windows-11-10.0.26200-SP0
uniform2d_n6_instance202603,6,202603,8,qubo_sa_swap,iterations,100,1,36,3600,600,3600,0.02022910000232514,2.7023041847237104,True,2.70230418472371,2.220446049250313e-14,,3.14.4,"Intel64 Family 6 Model 186 Stepping 3, GenuineIntel",Windows-11-10.0.26200-SP0
uniform2d_n6_instance202603,6,202603,9,two_opt,iterations,100,1,36,3600,600,3600,0.016161200001079123,2.70230418472371,True,2.70230418472371,0.0,,3.14.4,"Intel64 Family 6 Model 186 Stepping 3, GenuineIntel",Windows-11-10.0.26200-SP0
uniform2d_n6_instance202603,6,202603,9,qubo_sa,iterations,100,1,36,3600,600,3600,0.011931300003197975,2.715171191141681,True,2.70230418472371,0.4761494464875282,,3.14.4,"Intel64 Family 6 Model 186 Stepping 3, GenuineIntel",Windows-11-10.0.26200-SP0
uniform2d_n6_instance202603,6,202603,9,qubo_sa_swap,iterations,100,1,36,3600,600,3600,0.02032860000326764,2.7023041847237104,True,2.70230418472371,2.220446049250313e-14,,3.14.4,"Intel64 Family 6 Model 186 Stepping 3, GenuineIntel",Windows-11-10.0.26200-SP0
uniform2d_n6_instance202604,6,202604,0,two_opt,iterations,100,1,36,3600,600,3600,0.01596340000105556,1.6966530590115023,True,1.6966530590115025,0.0,,3.14.4,"Intel64 Family 6 Model 186 Stepping 3, GenuineIntel",Windows-11-10.0.26200-SP0
uniform2d_n6_instance202604,6,202604,0,qubo_sa,iterations,100,1,36,3600,600,3600,0.011504000001878012,1.818318798796702,True,1.6966530590115025,7.1709262620894165,,3.14.4,"Intel64 Family 6 Model 186 Stepping 3, GenuineIntel",Windows-11-10.0.26200-SP0
uniform2d_n6_instance202604,6,202604,0,qubo_sa_swap,iterations,100,1,36,3600,600,3600,0.02020289999927627,1.6966530590115025,True,1.6966530590115025,0.0,,3.14.4,"Intel64 Family 6 Model 186 Stepping 3, GenuineIntel",Windows-11-10.0.26200-SP0
uniform2d_n6_instance202604,6,202604,1,two_opt,iterations,100,1,36,3600,600,3600,0.01582619999680901,1.6966530590115023,True,1.6966530590115025,0.0,,3.14.4,"Intel64 Family 6 Model 186 Stepping 3, GenuineIntel",Windows-11-10.0.26200-SP0
uniform2d_n6_instance202604,6,202604,1,qubo_sa,iterations,100,1,36,3600,600,3600,0.011577099998248741,1.852745313685782,True,1.6966530590115025,9.200010210998677,,3.14.4,"Intel64 Family 6 Model 186 Stepping 3, GenuineIntel",Windows-11-10.0.26200-SP0
uniform2d_n6_instance202604,6,202604,1,qubo_sa_swap,iterations,100,1,36,3600,600,3600,0.020196799996483605,1.6966530590115025,True,1.6966530590115025,0.0,,3.14.4,"Intel64 Family 6 Model 186 Stepping 3, GenuineIntel",Windows-11-10.0.26200-SP0
uniform2d_n6_instance202604,6,202604,2,two_opt,iterations,100,1,36,3600,600,3600,0.016097899999294896,1.6966530590115023,True,1.6966530590115025,0.0,,3.14.4,"Intel64 Family 6 Model 186 Stepping 3, GenuineIntel",Windows-11-10.0.26200-SP0
uniform2d_n6_instance202604,6,202604,2,qubo_sa,iterations,100,1,36,3600,600,3600,0.011626299994532019,1.6966530590115023,True,1.6966530590115025,0.0,,3.14.4,"Intel64 Family 6 Model 186 Stepping 3, GenuineIntel",Windows-11-10.0.26200-SP0
uniform2d_n6_instance202604,6,202604,2,qubo_sa_swap,iterations,100,1,36,3600,600,3600,0.020365399999718647,1.6966530590115025,True,1.6966530590115025,0.0,,3.14.4,"Intel64 Family 6 Model 186 Stepping 3, GenuineIntel",Windows-11-10.0.26200-SP0
uniform2d_n6_instance202604,6,202604,3,two_opt,iterations,100,1,36,3600,600,3600,0.016136300000653137,1.6966530590115023,True,1.6966530590115025,0.0,,3.14.4,"Intel64 Family 6 Model 186 Stepping 3, GenuineIntel",Windows-11-10.0.26200-SP0
uniform2d_n6_instance202604,6,202604,3,qubo_sa,iterations,100,1,36,3600,600,3600,0.01175879999937024,1.6966530590115023,True,1.6966530590115025,0.0,,3.14.4,"Intel64 Family 6 Model 186 Stepping 3, GenuineIntel",Windows-11-10.0.26200-SP0
uniform2d_n6_instance202604,6,202604,3,qubo_sa_swap,iterations,100,1,36,3600,600,3600,0.020222799998009577,1.6966530590115025,True,1.6966530590115025,0.0,,3.14.4,"Intel64 Family 6 Model 186 Stepping 3, GenuineIntel",Windows-11-10.0.26200-SP0
uniform2d_n6_instance202604,6,202604,4,two_opt,iterations,100,1,36,3600,600,3600,0.016506100000697188,1.6966530590115023,True,1.6966530590115025,0.0,,3.14.4,"Intel64 Family 6 Model 186 Stepping 3, GenuineIntel",Windows-11-10.0.26200-SP0
uniform2d_n6_instance202604,6,202604,4,qubo_sa,iterations,100,1,36,3600,600,3600,0.011721300004865043,1.8342395295635947,True,1.6966530590115025,8.109287271273491,,3.14.4,"Intel64 Family 6 Model 186 Stepping 3, GenuineIntel",Windows-11-10.0.26200-SP0
uniform2d_n6_instance202604,6,202604,4,qubo_sa_swap,iterations,100,1,36,3600,600,3600,0.020235199997841846,1.6966530590115025,True,1.6966530590115025,0.0,,3.14.4,"Intel64 Family 6 Model 186 Stepping 3, GenuineIntel",Windows-11-10.0.26200-SP0
uniform2d_n6_instance202604,6,202604,5,two_opt,iterations,100,1,36,3600,600,3600,0.01636270000017248,1.6966530590115023,True,1.6966530590115025,0.0,,3.14.4,"Intel64 Family 6 Model 186 Stepping 3, GenuineIntel",Windows-11-10.0.26200-SP0
uniform2d_n6_instance202604,6,202604,5,qubo_sa,iterations,100,1,36,3600,600,3600,0.011676900001475587,1.6966530590115023,True,1.6966530590115025,0.0,,3.14.4,"Intel64 Family 6 Model 186 Stepping 3, GenuineIntel",Windows-11-10.0.26200-SP0
uniform2d_n6_instance202604,6,202604,5,qubo_sa_swap,iterations,100,1,36,3600,600,3600,0.020662500006437767,1.6966530590115025,True,1.6966530590115025,0.0,,3.14.4,"Intel64 Family 6 Model 186 Stepping 3, GenuineIntel",Windows-11-10.0.26200-SP0
uniform2d_n6_instance202604,6,202604,6,two_opt,iterations,100,1,36,3600,600,3600,0.0161697000003187,1.6966530590115023,True,1.6966530590115025,0.0,,3.14.4,"Intel64 Family 6 Model 186 Stepping 3, GenuineIntel",Windows-11-10.0.26200-SP0
uniform2d_n6_instance202604,6,202604,6,qubo_sa,iterations,100,1,36,3600,600,3600,0.011664499994367361,1.8009350626013665,True,1.6966530590115025,6.146336343543357,,3.14.4,"Intel64 Family 6 Model 186 Stepping 3, GenuineIntel",Windows-11-10.0.26200-SP0
uniform2d_n6_instance202604,6,202604,6,qubo_sa_swap,iterations,100,1,36,3600,600,3600,0.020402800000738353,1.6966530590115025,True,1.6966530590115025,0.0,,3.14.4,"Intel64 Family 6 Model 186 Stepping 3, GenuineIntel",Windows-11-10.0.26200-SP0
uniform2d_n6_instance202604,6,202604,7,two_opt,iterations,100,1,36,3600,600,3600,0.016412800003308803,1.6966530590115023,True,1.6966530590115025,0.0,,3.14.4,"Intel64 Family 6 Model 186 Stepping 3, GenuineIntel",Windows-11-10.0.26200-SP0
uniform2d_n6_instance202604,6,202604,7,qubo_sa,iterations,100,1,36,3600,600,3600,0.012036400003125891,1.774370177515436,True,1.6966530590115025,4.5806134666808385,,3.14.4,"Intel64 Family 6 Model 186 Stepping 3, GenuineIntel",Windows-11-10.0.26200-SP0
uniform2d_n6_instance202604,6,202604,7,qubo_sa_swap,iterations,100,1,36,3600,600,3600,0.020534800001769327,1.6966530590115025,True,1.6966530590115025,0.0,,3.14.4,"Intel64 Family 6 Model 186 Stepping 3, GenuineIntel",Windows-11-10.0.26200-SP0
uniform2d_n6_instance202604,6,202604,8,two_opt,iterations,100,1,36,3600,600,3600,0.01603389999945648,1.6966530590115023,True,1.6966530590115025,0.0,,3.14.4,"Intel64 Family 6 Model 186 Stepping 3, GenuineIntel",Windows-11-10.0.26200-SP0
uniform2d_n6_instance202604,6,202604,8,qubo_sa,iterations,100,1,36,3600,600,3600,0.012056600004143547,1.9357322831565373,True,1.6966530590115025,14.091226422231905,,3.14.4,"Intel64 Family 6 Model 186 Stepping 3, GenuineIntel",Windows-11-10.0.26200-SP0
uniform2d_n6_instance202604,6,202604,8,qubo_sa_swap,iterations,100,1,36,3600,600,3600,0.020627700003387872,1.6966530590115025,True,1.6966530590115025,0.0,,3.14.4,"Intel64 Family 6 Model 186 Stepping 3, GenuineIntel",Windows-11-10.0.26200-SP0
uniform2d_n6_instance202604,6,202604,9,two_opt,iterations,100,1,36,3600,600,3600,0.015826999995624647,1.6966530590115023,True,1.6966530590115025,0.0,,3.14.4,"Intel64 Family 6 Model 186 Stepping 3, GenuineIntel",Windows-11-10.0.26200-SP0
uniform2d_n6_instance202604,6,202604,9,qubo_sa,iterations,100,1,36,3600,600,3600,0.011543900000106078,1.8009350626013665,True,1.6966530590115025,6.146336343543357,,3.14.4,"Intel64 Family 6 Model 186 Stepping 3, GenuineIntel",Windows-11-10.0.26200-SP0
uniform2d_n6_instance202604,6,202604,9,qubo_sa_swap,iterations,100,1,36,3600,600,3600,0.020240199999534525,1.6966530590115025,True,1.6966530590115025,0.0,,3.14.4,"Intel64 Family 6 Model 186 Stepping 3, GenuineIntel",Windows-11-10.0.26200-SP0
uniform2d_n6_instance202605,6,202605,0,two_opt,iterations,100,1,36,3600,600,3600,0.016623299998173025,2.546247221185299,True,2.5462472211852987,2.220446049250313e-14,,3.14.4,"Intel64 Family 6 Model 186 Stepping 3, GenuineIntel",Windows-11-10.0.26200-SP0
uniform2d_n6_instance202605,6,202605,0,qubo_sa,iterations,100,1,36,3600,600,3600,0.011780399996496271,2.9110130943500683,True,2.5462472211852987,14.325626754929477,,3.14.4,"Intel64 Family 6 Model 186 Stepping 3, GenuineIntel",Windows-11-10.0.26200-SP0
uniform2d_n6_instance202605,6,202605,0,qubo_sa_swap,iterations,100,1,36,3600,600,3600,0.02047889999812469,2.546247221185299,True,2.5462472211852987,2.220446049250313e-14,,3.14.4,"Intel64 Family 6 Model 186 Stepping 3, GenuineIntel",Windows-11-10.0.26200-SP0
uniform2d_n6_instance202605,6,202605,1,two_opt,iterations,100,1,36,3600,600,3600,0.01610919999802718,2.546247221185299,True,2.5462472211852987,2.220446049250313e-14,,3.14.4,"Intel64 Family 6 Model 186 Stepping 3, GenuineIntel",Windows-11-10.0.26200-SP0
uniform2d_n6_instance202605,6,202605,1,qubo_sa,iterations,100,1,36,3600,600,3600,0.011747200005629566,2.546247221185299,True,2.5462472211852987,2.220446049250313e-14,,3.14.4,"Intel64 Family 6 Model 186 Stepping 3, GenuineIntel",Windows-11-10.0.26200-SP0
uniform2d_n6_instance202605,6,202605,1,qubo_sa_swap,iterations,100,1,36,3600,600,3600,0.020227699998940807,2.5462472211852987,True,2.5462472211852987,0.0,,3.14.4,"Intel64 Family 6 Model 186 Stepping 3, GenuineIntel",Windows-11-10.0.26200-SP0
uniform2d_n6_instance202605,6,202605,2,two_opt,iterations,100,1,36,3600,600,3600,0.016093199999886565,2.546247221185299,True,2.5462472211852987,2.220446049250313e-14,,3.14.4,"Intel64 Family 6 Model 186 Stepping 3, GenuineIntel",Windows-11-10.0.26200-SP0
uniform2d_n6_instance202605,6,202605,2,qubo_sa,iterations,100,1,36,3600,600,3600,0.011553399999684189,2.546247221185299,True,2.5462472211852987,2.220446049250313e-14,,3.14.4,"Intel64 Family 6 Model 186 Stepping 3, GenuineIntel",Windows-11-10.0.26200-SP0
uniform2d_n6_instance202605,6,202605,2,qubo_sa_swap,iterations,100,1,36,3600,600,3600,0.020200999999360647,2.546247221185299,True,2.5462472211852987,2.220446049250313e-14,,3.14.4,"Intel64 Family 6 Model 186 Stepping 3, GenuineIntel",Windows-11-10.0.26200-SP0
uniform2d_n6_instance202605,6,202605,3,two_opt,iterations,100,1,36,3600,600,3600,0.01661220000096364,2.546247221185299,True,2.5462472211852987,2.220446049250313e-14,,3.14.4,"Intel64 Family 6 Model 186 Stepping 3, GenuineIntel",Windows-11-10.0.26200-SP0
uniform2d_n6_instance202605,6,202605,3,qubo_sa,iterations,100,1,36,3600,600,3600,0.012040699999488425,2.878170014406374,True,2.5462472211852987,13.035764573817099,,3.14.4,"Intel64 Family 6 Model 186 Stepping 3, GenuineIntel",Windows-11-10.0.26200-SP0
uniform2d_n6_instance202605,6,202605,3,qubo_sa_swap,iterations,100,1,36,3600,600,3600,0.02029630000470206,2.546247221185299,True,2.5462472211852987,2.220446049250313e-14,,3.14.4,"Intel64 Family 6 Model 186 Stepping 3, GenuineIntel",Windows-11-10.0.26200-SP0
uniform2d_n6_instance202605,6,202605,4,two_opt,iterations,100,1,36,3600,600,3600,0.015990600004442967,2.546247221185299,True,2.5462472211852987,2.220446049250313e-14,,3.14.4,"Intel64 Family 6 Model 186 Stepping 3, GenuineIntel",Windows-11-10.0.26200-SP0
uniform2d_n6_instance202605,6,202605,4,qubo_sa,iterations,100,1,36,3600,600,3600,0.011704600001394283,2.5462472211852987,True,2.5462472211852987,0.0,,3.14.4,"Intel64 Family 6 Model 186 Stepping 3, GenuineIntel",Windows-11-10.0.26200-SP0
uniform2d_n6_instance202605,6,202605,4,qubo_sa_swap,iterations,100,1,36,3600,600,3600,0.020244300001650117,2.5462472211852987,True,2.5462472211852987,0.0,,3.14.4,"Intel64 Family 6 Model 186 Stepping 3, GenuineIntel",Windows-11-10.0.26200-SP0
uniform2d_n6_instance202605,6,202605,5,two_opt,iterations,100,1,36,3600,600,3600,0.017232600002898835,2.546247221185299,True,2.5462472211852987,2.220446049250313e-14,,3.14.4,"Intel64 Family 6 Model 186 Stepping 3, GenuineIntel",Windows-11-10.0.26200-SP0
uniform2d_n6_instance202605,6,202605,5,qubo_sa,iterations,100,1,36,3600,600,3600,0.011550299997907132,2.9110130943500683,True,2.5462472211852987,14.325626754929477,,3.14.4,"Intel64 Family 6 Model 186 Stepping 3, GenuineIntel",Windows-11-10.0.26200-SP0
uniform2d_n6_instance202605,6,202605,5,qubo_sa_swap,iterations,100,1,36,3600,600,3600,0.02042240000446327,2.546247221185299,True,2.5462472211852987,2.220446049250313e-14,,3.14.4,"Intel64 Family 6 Model 186 Stepping 3, GenuineIntel",Windows-11-10.0.26200-SP0
uniform2d_n6_instance202605,6,202605,6,two_opt,iterations,100,1,36,3600,600,3600,0.01601630000368459,2.546247221185299,True,2.5462472211852987,2.220446049250313e-14,,3.14.4,"Intel64 Family 6 Model 186 Stepping 3, GenuineIntel",Windows-11-10.0.26200-SP0
uniform2d_n6_instance202605,6,202605,6,qubo_sa,iterations,100,1,36,3600,600,3600,0.011882799997692928,2.546247221185299,True,2.5462472211852987,2.220446049250313e-14,,3.14.4,"Intel64 Family 6 Model 186 Stepping 3, GenuineIntel",Windows-11-10.0.26200-SP0
uniform2d_n6_instance202605,6,202605,6,qubo_sa_swap,iterations,100,1,36,3600,600,3600,0.05052119999891147,2.5462472211852987,True,2.5462472211852987,0.0,,3.14.4,"Intel64 Family 6 Model 186 Stepping 3, GenuineIntel",Windows-11-10.0.26200-SP0
uniform2d_n6_instance202605,6,202605,7,two_opt,iterations,100,1,36,3600,600,3600,0.039733500001602806,2.546247221185299,True,2.5462472211852987,2.220446049250313e-14,,3.14.4,"Intel64 Family 6 Model 186 Stepping 3, GenuineIntel",Windows-11-10.0.26200-SP0
uniform2d_n6_instance202605,6,202605,7,qubo_sa,iterations,100,1,36,3600,600,3600,0.05099210000480525,2.546247221185299,True,2.5462472211852987,2.220446049250313e-14,,3.14.4,"Intel64 Family 6 Model 186 Stepping 3, GenuineIntel",Windows-11-10.0.26200-SP0
uniform2d_n6_instance202605,6,202605,7,qubo_sa_swap,iterations,100,1,36,3600,600,3600,0.07274380000308156,2.5462472211852987,True,2.5462472211852987,0.0,,3.14.4,"Intel64 Family 6 Model 186 Stepping 3, GenuineIntel",Windows-11-10.0.26200-SP0
uniform2d_n6_instance202605,6,202605,8,two_opt,iterations,100,1,36,3600,600,3600,0.04031120000581723,2.546247221185299,True,2.5462472211852987,2.220446049250313e-14,,3.14.4,"Intel64 Family 6 Model 186 Stepping 3, GenuineIntel",Windows-11-10.0.26200-SP0
uniform2d_n6_instance202605,6,202605,8,qubo_sa,iterations,100,1,36,3600,600,3600,0.050669899996137246,2.546247221185299,True,2.5462472211852987,2.220446049250313e-14,,3.14.4,"Intel64 Family 6 Model 186 Stepping 3, GenuineIntel",Windows-11-10.0.26200-SP0
uniform2d_n6_instance202605,6,202605,8,qubo_sa_swap,iterations,100,1,36,3600,600,3600,0.07134619999851566,2.546247221185299,True,2.5462472211852987,2.220446049250313e-14,,3.14.4,"Intel64 Family 6 Model 186 Stepping 3, GenuineIntel",Windows-11-10.0.26200-SP0
uniform2d_n6_instance202605,6,202605,9,two_opt,iterations,100,1,36,3600,600,3600,0.03977360000135377,2.546247221185299,True,2.5462472211852987,2.220446049250313e-14,,3.14.4,"Intel64 Family 6 Model 186 Stepping 3, GenuineIntel",Windows-11-10.0.26200-SP0
uniform2d_n6_instance202605,6,202605,9,qubo_sa,iterations,100,1,36,3600,600,3600,0.04947830000310205,2.546247221185299,True,2.5462472211852987,2.220446049250313e-14,,3.14.4,"Intel64 Family 6 Model 186 Stepping 3, GenuineIntel",Windows-11-10.0.26200-SP0
uniform2d_n6_instance202605,6,202605,9,qubo_sa_swap,iterations,100,1,36,3600,600,3600,0.07191639999655308,2.546247221185299,True,2.5462472211852987,2.220446049250313e-14,,3.14.4,"Intel64 Family 6 Model 186 Stepping 3, GenuineIntel",Windows-11-10.0.26200-SP0
uniform2d_n6_instance202606,6,202606,0,two_opt,iterations,100,1,36,3600,600,3600,0.03852249999908963,2.352617547776594,True,2.352617547776594,0.0,,3.14.4,"Intel64 Family 6 Model 186 Stepping 3, GenuineIntel",Windows-11-10.0.26200-SP0
uniform2d_n6_instance202606,6,202606,0,qubo_sa,iterations,100,1,36,3600,600,3600,0.050318800000241026,2.4014029835311548,True,2.352617547776594,2.073666236174554,,3.14.4,"Intel64 Family 6 Model 186 Stepping 3, GenuineIntel",Windows-11-10.0.26200-SP0
uniform2d_n6_instance202606,6,202606,0,qubo_sa_swap,iterations,100,1,36,3600,600,3600,0.07178209999983665,2.352617547776594,True,2.352617547776594,0.0,,3.14.4,"Intel64 Family 6 Model 186 Stepping 3, GenuineIntel",Windows-11-10.0.26200-SP0
uniform2d_n6_instance202606,6,202606,1,two_opt,iterations,100,1,36,3600,600,3600,0.038824000002932735,2.352617547776594,True,2.352617547776594,0.0,,3.14.4,"Intel64 Family 6 Model 186 Stepping 3, GenuineIntel",Windows-11-10.0.26200-SP0
uniform2d_n6_instance202606,6,202606,1,qubo_sa,iterations,100,1,36,3600,600,3600,0.05044089999864809,2.352617547776594,True,2.352617547776594,0.0,,3.14.4,"Intel64 Family 6 Model 186 Stepping 3, GenuineIntel",Windows-11-10.0.26200-SP0
uniform2d_n6_instance202606,6,202606,1,qubo_sa_swap,iterations,100,1,36,3600,600,3600,0.0709768999950029,2.352617547776594,True,2.352617547776594,0.0,,3.14.4,"Intel64 Family 6 Model 186 Stepping 3, GenuineIntel",Windows-11-10.0.26200-SP0
uniform2d_n6_instance202606,6,202606,2,two_opt,iterations,100,1,36,3600,600,3600,0.0381818999958341,2.352617547776594,True,2.352617547776594,0.0,,3.14.4,"Intel64 Family 6 Model 186 Stepping 3, GenuineIntel",Windows-11-10.0.26200-SP0
uniform2d_n6_instance202606,6,202606,2,qubo_sa,iterations,100,1,36,3600,600,3600,0.05308599999989383,2.352617547776594,True,2.352617547776594,0.0,,3.14.4,"Intel64 Family 6 Model 186 Stepping 3, GenuineIntel",Windows-11-10.0.26200-SP0
uniform2d_n6_instance202606,6,202606,2,qubo_sa_swap,iterations,100,1,36,3600,600,3600,0.070970100001432,2.352617547776594,True,2.352617547776594,0.0,,3.14.4,"Intel64 Family 6 Model 186 Stepping 3, GenuineIntel",Windows-11-10.0.26200-SP0
uniform2d_n6_instance202606,6,202606,3,two_opt,iterations,100,1,36,3600,600,3600,0.039119699998991564,2.352617547776594,True,2.352617547776594,0.0,,3.14.4,"Intel64 Family 6 Model 186 Stepping 3, GenuineIntel",Windows-11-10.0.26200-SP0
uniform2d_n6_instance202606,6,202606,3,qubo_sa,iterations,100,1,36,3600,600,3600,0.04994099999748869,2.57320095281668,True,2.352617547776594,9.376084321421253,,3.14.4,"Intel64 Family 6 Model 186 Stepping 3, GenuineIntel",Windows-11-10.0.26200-SP0
uniform2d_n6_instance202606,6,202606,3,qubo_sa_swap,iterations,100,1,36,3600,600,3600,0.07124999999359716,2.352617547776594,True,2.352617547776594,0.0,,3.14.4,"Intel64 Family 6 Model 186 Stepping 3, GenuineIntel",Windows-11-10.0.26200-SP0
uniform2d_n6_instance202606,6,202606,4,two_opt,iterations,100,1,36,3600,600,3600,0.03836980000050971,2.352617547776594,True,2.352617547776594,0.0,,3.14.4,"Intel64 Family 6 Model 186 Stepping 3, GenuineIntel",Windows-11-10.0.26200-SP0
uniform2d_n6_instance202606,6,202606,4,qubo_sa,iterations,100,1,36,3600,600,3600,0.05052949999662815,2.352617547776594,True,2.352617547776594,0.0,,3.14.4,"Intel64 Family 6 Model 186 Stepping 3, GenuineIntel",Windows-11-10.0.26200-SP0
uniform2d_n6_instance202606,6,202606,4,qubo_sa_swap,iterations,100,1,36,3600,600,3600,0.07054599999537459,2.352617547776594,True,2.352617547776594,0.0,,3.14.4,"Intel64 Family 6 Model 186 Stepping 3, GenuineIntel",Windows-11-10.0.26200-SP0
uniform2d_n6_instance202606,6,202606,5,two_opt,iterations,100,1,36,3600,600,3600,0.03786969999782741,2.352617547776594,True,2.352617547776594,0.0,,3.14.4,"Intel64 Family 6 Model 186 Stepping 3, GenuineIntel",Windows-11-10.0.26200-SP0
uniform2d_n6_instance202606,6,202606,5,qubo_sa,iterations,100,1,36,3600,600,3600,0.05070239999622572,2.4014029835311543,True,2.352617547776594,2.0736662361745317,,3.14.4,"Intel64 Family 6 Model 186 Stepping 3, GenuineIntel",Windows-11-10.0.26200-SP0
uniform2d_n6_instance202606,6,202606,5,qubo_sa_swap,iterations,100,1,36,3600,600,3600,0.07071690000157105,2.352617547776594,True,2.352617547776594,0.0,,3.14.4,"Intel64 Family 6 Model 186 Stepping 3, GenuineIntel",Windows-11-10.0.26200-SP0
uniform2d_n6_instance202606,6,202606,6,two_opt,iterations,100,1,36,3600,600,3600,0.03785230000357842,2.352617547776594,True,2.352617547776594,0.0,,3.14.4,"Intel64 Family 6 Model 186 Stepping 3, GenuineIntel",Windows-11-10.0.26200-SP0
uniform2d_n6_instance202606,6,202606,6,qubo_sa,iterations,100,1,36,3600,600,3600,0.04990430000179913,2.863792329628483,True,2.352617547776594,21.727916734064536,,3.14.4,"Intel64 Family 6 Model 186 Stepping 3, GenuineIntel",Windows-11-10.0.26200-SP0
uniform2d_n6_instance202606,6,202606,6,qubo_sa_swap,iterations,100,1,36,3600,600,3600,0.07098910000058822,2.352617547776594,True,2.352617547776594,0.0,,3.14.4,"Intel64 Family 6 Model 186 Stepping 3, GenuineIntel",Windows-11-10.0.26200-SP0
uniform2d_n6_instance202606,6,202606,7,two_opt,iterations,100,1,36,3600,600,3600,0.03808739999658428,2.352617547776594,True,2.352617547776594,0.0,,3.14.4,"Intel64 Family 6 Model 186 Stepping 3, GenuineIntel",Windows-11-10.0.26200-SP0
uniform2d_n6_instance202606,6,202606,7,qubo_sa,iterations,100,1,36,3600,600,3600,0.04991549999976996,2.4014029835311543,True,2.352617547776594,2.0736662361745317,,3.14.4,"Intel64 Family 6 Model 186 Stepping 3, GenuineIntel",Windows-11-10.0.26200-SP0
uniform2d_n6_instance202606,6,202606,7,qubo_sa_swap,iterations,100,1,36,3600,600,3600,0.07119429999875138,2.352617547776594,True,2.352617547776594,0.0,,3.14.4,"Intel64 Family 6 Model 186 Stepping 3, GenuineIntel",Windows-11-10.0.26200-SP0
uniform2d_n6_instance202606,6,202606,8,two_opt,iterations,100,1,36,3600,600,3600,0.03862389999994775,2.352617547776594,True,2.352617547776594,0.0,,3.14.4,"Intel64 Family 6 Model 186 Stepping 3, GenuineIntel",Windows-11-10.0.26200-SP0
uniform2d_n6_instance202606,6,202606,8,qubo_sa,iterations,100,1,36,3600,600,3600,0.050087299998267554,2.4014029835311548,True,2.352617547776594,2.073666236174554,,3.14.4,"Intel64 Family 6 Model 186 Stepping 3, GenuineIntel",Windows-11-10.0.26200-SP0
uniform2d_n6_instance202606,6,202606,8,qubo_sa_swap,iterations,100,1,36,3600,600,3600,0.06996020000224235,2.352617547776594,True,2.352617547776594,0.0,,3.14.4,"Intel64 Family 6 Model 186 Stepping 3, GenuineIntel",Windows-11-10.0.26200-SP0
uniform2d_n6_instance202606,6,202606,9,two_opt,iterations,100,1,36,3600,600,3600,0.03776520000246819,2.352617547776594,True,2.352617547776594,0.0,,3.14.4,"Intel64 Family 6 Model 186 Stepping 3, GenuineIntel",Windows-11-10.0.26200-SP0
uniform2d_n6_instance202606,6,202606,9,qubo_sa,iterations,100,1,36,3600,600,3600,0.050000199997157324,2.7320118228949175,True,2.352617547776594,16.126474763264454,,3.14.4,"Intel64 Family 6 Model 186 Stepping 3, GenuineIntel",Windows-11-10.0.26200-SP0
uniform2d_n6_instance202606,6,202606,9,qubo_sa_swap,iterations,100,1,36,3600,600,3600,0.07070370000292314,2.352617547776594,True,2.352617547776594,0.0,,3.14.4,"Intel64 Family 6 Model 186 Stepping 3, GenuineIntel",Windows-11-10.0.26200-SP0
uniform2d_n6_instance202607,6,202607,0,two_opt,iterations,100,1,36,3600,600,3600,0.03730689999792958,2.032832452293041,True,2.0328324522930408,2.220446049250313e-14,,3.14.4,"Intel64 Family 6 Model 186 Stepping 3, GenuineIntel",Windows-11-10.0.26200-SP0
uniform2d_n6_instance202607,6,202607,0,qubo_sa,iterations,100,1,36,3600,600,3600,0.050781400001142174,2.440898497610164,True,2.0328324522930408,20.073766770932046,,3.14.4,"Intel64 Family 6 Model 186 Stepping 3, GenuineIntel",Windows-11-10.0.26200-SP0
uniform2d_n6_instance202607,6,202607,0,qubo_sa_swap,iterations,100,1,36,3600,600,3600,0.07050660000095377,2.0328324522930408,True,2.0328324522930408,0.0,,3.14.4,"Intel64 Family 6 Model 186 Stepping 3, GenuineIntel",Windows-11-10.0.26200-SP0
uniform2d_n6_instance202607,6,202607,1,two_opt,iterations,100,1,36,3600,600,3600,0.03743659999599913,2.032832452293041,True,2.0328324522930408,2.220446049250313e-14,,3.14.4,"Intel64 Family 6 Model 186 Stepping 3, GenuineIntel",Windows-11-10.0.26200-SP0
uniform2d_n6_instance202607,6,202607,1,qubo_sa,iterations,100,1,36,3600,600,3600,0.05048420000093756,2.204840060076448,True,2.0328324522930408,8.461474903619436,,3.14.4,"Intel64 Family 6 Model 186 Stepping 3, GenuineIntel",Windows-11-10.0.26200-SP0
uniform2d_n6_instance202607,6,202607,1,qubo_sa_swap,iterations,100,1,36,3600,600,3600,0.07044750000204658,2.0328324522930408,True,2.0328324522930408,0.0,,3.14.4,"Intel64 Family 6 Model 186 Stepping 3, GenuineIntel",Windows-11-10.0.26200-SP0
uniform2d_n6_instance202607,6,202607,2,two_opt,iterations,100,1,36,3600,600,3600,0.03781410000374308,2.032832452293041,True,2.0328324522930408,2.220446049250313e-14,,3.14.4,"Intel64 Family 6 Model 186 Stepping 3, GenuineIntel",Windows-11-10.0.26200-SP0
uniform2d_n6_instance202607,6,202607,2,qubo_sa,iterations,100,1,36,3600,600,3600,0.05052270000305725,2.034743971603888,True,2.0328324522930408,0.09403230987832245,,3.14.4,"Intel64 Family 6 Model 186 Stepping 3, GenuineIntel",Windows-11-10.0.26200-SP0
uniform2d_n6_instance202607,6,202607,2,qubo_sa_swap,iterations,100,1,36,3600,600,3600,0.07128379999630852,2.0328324522930408,True,2.0328324522930408,0.0,,3.14.4,"Intel64 Family 6 Model 186 Stepping 3, GenuineIntel",Windows-11-10.0.26200-SP0
uniform2d_n6_instance202607,6,202607,3,two_opt,iterations,100,1,36,3600,600,3600,0.03842929999518674,2.032832452293041,True,2.0328324522930408,2.220446049250313e-14,,3.14.4,"Intel64 Family 6 Model 186 Stepping 3, GenuineIntel",Windows-11-10.0.26200-SP0
uniform2d_n6_instance202607,6,202607,3,qubo_sa,iterations,100,1,36,3600,600,3600,0.050546500002383254,2.3455522568909686,True,2.0328324522930408,15.383452002902608,,3.14.4,"Intel64 Family 6 Model 186 Stepping 3, GenuineIntel",Windows-11-10.0.26200-SP0
uniform2d_n6_instance202607,6,202607,3,qubo_sa_swap,iterations,100,1,36,3600,600,3600,0.0713086999967345,2.032832452293041,True,2.0328324522930408,2.220446049250313e-14,,3.14.4,"Intel64 Family 6 Model 186 Stepping 3, GenuineIntel",Windows-11-10.0.26200-SP0
uniform2d_n6_instance202607,6,202607,4,two_opt,iterations,100,1,36,3600,600,3600,0.03842530000110855,2.032832452293041,True,2.0328324522930408,2.220446049250313e-14,,3.14.4,"Intel64 Family 6 Model 186 Stepping 3, GenuineIntel",Windows-11-10.0.26200-SP0
uniform2d_n6_instance202607,6,202607,4,qubo_sa,iterations,100,1,36,3600,600,3600,0.0502310999945621,2.032832452293041,True,2.0328324522930408,2.220446049250313e-14,,3.14.4,"Intel64 Family 6 Model 186 Stepping 3, GenuineIntel",Windows-11-10.0.26200-SP0
uniform2d_n6_instance202607,6,202607,4,qubo_sa_swap,iterations,100,1,36,3600,600,3600,0.07129790000180947,2.0328324522930408,True,2.0328324522930408,0.0,,3.14.4,"Intel64 Family 6 Model 186 Stepping 3, GenuineIntel",Windows-11-10.0.26200-SP0
uniform2d_n6_instance202607,6,202607,5,two_opt,iterations,100,1,36,3600,600,3600,0.03700949999620207,2.032832452293041,True,2.0328324522930408,2.220446049250313e-14,,3.14.4,"Intel64 Family 6 Model 186 Stepping 3, GenuineIntel",Windows-11-10.0.26200-SP0
uniform2d_n6_instance202607,6,202607,5,qubo_sa,iterations,100,1,36,3600,600,3600,0.05033450000337325,2.032832452293041,True,2.0328324522930408,2.220446049250313e-14,,3.14.4,"Intel64 Family 6 Model 186 Stepping 3, GenuineIntel",Windows-11-10.0.26200-SP0
uniform2d_n6_instance202607,6,202607,5,qubo_sa_swap,iterations,100,1,36,3600,600,3600,0.07129550000536256,2.0328324522930408,True,2.0328324522930408,0.0,,3.14.4,"Intel64 Family 6 Model 186 Stepping 3, GenuineIntel",Windows-11-10.0.26200-SP0
uniform2d_n6_instance202607,6,202607,6,two_opt,iterations,100,1,36,3600,600,3600,0.03756050000083633,2.032832452293041,True,2.0328324522930408,2.220446049250313e-14,,3.14.4,"Intel64 Family 6 Model 186 Stepping 3, GenuineIntel",Windows-11-10.0.26200-SP0
uniform2d_n6_instance202607,6,202607,6,qubo_sa,iterations,100,1,36,3600,600,3600,0.05068520000349963,2.2067515793872956,True,2.0328324522930408,8.555507213497782,,3.14.4,"Intel64 Family 6 Model 186 Stepping 3, GenuineIntel",Windows-11-10.0.26200-SP0
uniform2d_n6_instance202607,6,202607,6,qubo_sa_swap,iterations,100,1,36,3600,600,3600,0.07065690000308678,2.032832452293041,True,2.0328324522930408,2.220446049250313e-14,,3.14.4,"Intel64 Family 6 Model 186 Stepping 3, GenuineIntel",Windows-11-10.0.26200-SP0
uniform2d_n6_instance202607,6,202607,7,two_opt,iterations,100,1,36,3600,600,3600,0.03787290000036592,2.032832452293041,True,2.0328324522930408,2.220446049250313e-14,,3.14.4,"Intel64 Family 6 Model 186 Stepping 3, GenuineIntel",Windows-11-10.0.26200-SP0
uniform2d_n6_instance202607,6,202607,7,qubo_sa,iterations,100,1,36,3600,600,3600,0.05054079999536043,2.366902500070115,True,2.0328324522930408,16.43372268089496,,3.14.4,"Intel64 Family 6 Model 186 Stepping 3, GenuineIntel",Windows-11-10.0.26200-SP0
uniform2d_n6_instance202607,6,202607,7,qubo_sa_swap,iterations,100,1,36,3600,600,3600,0.0707516000038595,2.032832452293041,True,2.0328324522930408,2.220446049250313e-14,,3.14.4,"Intel64 Family 6 Model 186 Stepping 3, GenuineIntel",Windows-11-10.0.26200-SP0
uniform2d_n6_instance202607,6,202607,8,two_opt,iterations,100,1,36,3600,600,3600,0.03823689999990165,2.032832452293041,True,2.0328324522930408,2.220446049250313e-14,,3.14.4,"Intel64 Family 6 Model 186 Stepping 3, GenuineIntel",Windows-11-10.0.26200-SP0
uniform2d_n6_instance202607,6,202607,8,qubo_sa,iterations,100,1,36,3600,600,3600,0.05033510000066599,2.2568883863168265,True,2.0328324522930408,11.021859365293496,,3.14.4,"Intel64 Family 6 Model 186 Stepping 3, GenuineIntel",Windows-11-10.0.26200-SP0
uniform2d_n6_instance202607,6,202607,8,qubo_sa_swap,iterations,100,1,36,3600,600,3600,0.07143689999793423,2.0328324522930408,True,2.0328324522930408,0.0,,3.14.4,"Intel64 Family 6 Model 186 Stepping 3, GenuineIntel",Windows-11-10.0.26200-SP0
uniform2d_n6_instance202607,6,202607,9,two_opt,iterations,100,1,36,3600,600,3600,0.036946200001693796,2.032832452293041,True,2.0328324522930408,2.220446049250313e-14,,3.14.4,"Intel64 Family 6 Model 186 Stepping 3, GenuineIntel",Windows-11-10.0.26200-SP0
uniform2d_n6_instance202607,6,202607,9,qubo_sa,iterations,100,1,36,3600,600,3600,0.051896200006012805,2.032832452293041,True,2.0328324522930408,2.220446049250313e-14,,3.14.4,"Intel64 Family 6 Model 186 Stepping 3, GenuineIntel",Windows-11-10.0.26200-SP0
uniform2d_n6_instance202607,6,202607,9,qubo_sa_swap,iterations,100,1,36,3600,600,3600,0.06988619999901857,2.0328324522930408,True,2.0328324522930408,0.0,,3.14.4,"Intel64 Family 6 Model 186 Stepping 3, GenuineIntel",Windows-11-10.0.26200-SP0
uniform2d_n6_instance202608,6,202608,0,two_opt,iterations,100,1,36,3600,600,3600,0.039305899997998495,2.469497645774541,True,2.469497645774541,0.0,,3.14.4,"Intel64 Family 6 Model 186 Stepping 3, GenuineIntel",Windows-11-10.0.26200-SP0
uniform2d_n6_instance202608,6,202608,0,qubo_sa,iterations,100,1,36,3600,600,3600,0.050745299995469395,2.5898636729793085,True,2.469497645774541,4.874109817870087,,3.14.4,"Intel64 Family 6 Model 186 Stepping 3, GenuineIntel",Windows-11-10.0.26200-SP0
uniform2d_n6_instance202608,6,202608,0,qubo_sa_swap,iterations,100,1,36,3600,600,3600,0.07058910000341712,2.469497645774541,True,2.469497645774541,0.0,,3.14.4,"Intel64 Family 6 Model 186 Stepping 3, GenuineIntel",Windows-11-10.0.26200-SP0
uniform2d_n6_instance202608,6,202608,1,two_opt,iterations,100,1,36,3600,600,3600,0.03825499999948079,2.469497645774541,True,2.469497645774541,0.0,,3.14.4,"Intel64 Family 6 Model 186 Stepping 3, GenuineIntel",Windows-11-10.0.26200-SP0
uniform2d_n6_instance202608,6,202608,1,qubo_sa,iterations,100,1,36,3600,600,3600,0.050336000000243075,2.469497645774541,True,2.469497645774541,0.0,,3.14.4,"Intel64 Family 6 Model 186 Stepping 3, GenuineIntel",Windows-11-10.0.26200-SP0
uniform2d_n6_instance202608,6,202608,1,qubo_sa_swap,iterations,100,1,36,3600,600,3600,0.0716857999941567,2.469497645774541,True,2.469497645774541,0.0,,3.14.4,"Intel64 Family 6 Model 186 Stepping 3, GenuineIntel",Windows-11-10.0.26200-SP0
uniform2d_n6_instance202608,6,202608,2,two_opt,iterations,100,1,36,3600,600,3600,0.03838579999865033,2.469497645774541,True,2.469497645774541,0.0,,3.14.4,"Intel64 Family 6 Model 186 Stepping 3, GenuineIntel",Windows-11-10.0.26200-SP0
uniform2d_n6_instance202608,6,202608,2,qubo_sa,iterations,100,1,36,3600,600,3600,0.04991310000332305,2.469497645774541,True,2.469497645774541,0.0,,3.14.4,"Intel64 Family 6 Model 186 Stepping 3, GenuineIntel",Windows-11-10.0.26200-SP0
uniform2d_n6_instance202608,6,202608,2,qubo_sa_swap,iterations,100,1,36,3600,600,3600,0.07050329999765381,2.469497645774541,True,2.469497645774541,0.0,,3.14.4,"Intel64 Family 6 Model 186 Stepping 3, GenuineIntel",Windows-11-10.0.26200-SP0
uniform2d_n6_instance202608,6,202608,3,two_opt,iterations,100,1,36,3600,600,3600,0.038303699999232776,2.469497645774541,True,2.469497645774541,0.0,,3.14.4,"Intel64 Family 6 Model 186 Stepping 3, GenuineIntel",Windows-11-10.0.26200-SP0
uniform2d_n6_instance202608,6,202608,3,qubo_sa,iterations,100,1,36,3600,600,3600,0.05015160000039032,2.469497645774541,True,2.469497645774541,0.0,,3.14.4,"Intel64 Family 6 Model 186 Stepping 3, GenuineIntel",Windows-11-10.0.26200-SP0
uniform2d_n6_instance202608,6,202608,3,qubo_sa_swap,iterations,100,1,36,3600,600,3600,0.07158470000285888,2.469497645774541,True,2.469497645774541,0.0,,3.14.4,"Intel64 Family 6 Model 186 Stepping 3, GenuineIntel",Windows-11-10.0.26200-SP0
uniform2d_n6_instance202608,6,202608,4,two_opt,iterations,100,1,36,3600,600,3600,0.03882249999878695,2.469497645774541,True,2.469497645774541,0.0,,3.14.4,"Intel64 Family 6 Model 186 Stepping 3, GenuineIntel",Windows-11-10.0.26200-SP0
uniform2d_n6_instance202608,6,202608,4,qubo_sa,iterations,100,1,36,3600,600,3600,0.05004299999563955,2.469497645774541,True,2.469497645774541,0.0,,3.14.4,"Intel64 Family 6 Model 186 Stepping 3, GenuineIntel",Windows-11-10.0.26200-SP0
uniform2d_n6_instance202608,6,202608,4,qubo_sa_swap,iterations,100,1,36,3600,600,3600,0.07080010000208858,2.469497645774541,True,2.469497645774541,0.0,,3.14.4,"Intel64 Family 6 Model 186 Stepping 3, GenuineIntel",Windows-11-10.0.26200-SP0
uniform2d_n6_instance202608,6,202608,5,two_opt,iterations,100,1,36,3600,600,3600,0.03845010000077309,2.469497645774541,True,2.469497645774541,0.0,,3.14.4,"Intel64 Family 6 Model 186 Stepping 3, GenuineIntel",Windows-11-10.0.26200-SP0
uniform2d_n6_instance202608,6,202608,5,qubo_sa,iterations,100,1,36,3600,600,3600,0.05043689999729395,2.469497645774541,True,2.469497645774541,0.0,,3.14.4,"Intel64 Family 6 Model 186 Stepping 3, GenuineIntel",Windows-11-10.0.26200-SP0
uniform2d_n6_instance202608,6,202608,5,qubo_sa_swap,iterations,100,1,36,3600,600,3600,0.07219610000174725,2.469497645774541,True,2.469497645774541,0.0,,3.14.4,"Intel64 Family 6 Model 186 Stepping 3, GenuineIntel",Windows-11-10.0.26200-SP0
uniform2d_n6_instance202608,6,202608,6,two_opt,iterations,100,1,36,3600,600,3600,0.038722299999790266,2.469497645774541,True,2.469497645774541,0.0,,3.14.4,"Intel64 Family 6 Model 186 Stepping 3, GenuineIntel",Windows-11-10.0.26200-SP0
uniform2d_n6_instance202608,6,202608,6,qubo_sa,iterations,100,1,36,3600,600,3600,0.051228500000433996,2.6831444861124756,True,2.469497645774541,8.65142919668287,,3.14.4,"Intel64 Family 6 Model 186 Stepping 3, GenuineIntel",Windows-11-10.0.26200-SP0
uniform2d_n6_instance202608,6,202608,6,qubo_sa_swap,iterations,100,1,36,3600,600,3600,0.07332160000078147,2.469497645774541,True,2.469497645774541,0.0,,3.14.4,"Intel64 Family 6 Model 186 Stepping 3, GenuineIntel",Windows-11-10.0.26200-SP0
uniform2d_n6_instance202608,6,202608,7,two_opt,iterations,100,1,36,3600,600,3600,0.039886499995191116,2.469497645774541,True,2.469497645774541,0.0,,3.14.4,"Intel64 Family 6 Model 186 Stepping 3, GenuineIntel",Windows-11-10.0.26200-SP0
uniform2d_n6_instance202608,6,202608,7,qubo_sa,iterations,100,1,36,3600,600,3600,0.052355700005136896,2.469497645774541,True,2.469497645774541,0.0,,3.14.4,"Intel64 Family 6 Model 186 Stepping 3, GenuineIntel",Windows-11-10.0.26200-SP0
uniform2d_n6_instance202608,6,202608,7,qubo_sa_swap,iterations,100,1,36,3600,600,3600,0.07238900000083959,2.469497645774541,True,2.469497645774541,0.0,,3.14.4,"Intel64 Family 6 Model 186 Stepping 3, GenuineIntel",Windows-11-10.0.26200-SP0
uniform2d_n6_instance202608,6,202608,8,two_opt,iterations,100,1,36,3600,600,3600,0.038780599999881815,2.469497645774541,True,2.469497645774541,0.0,,3.14.4,"Intel64 Family 6 Model 186 Stepping 3, GenuineIntel",Windows-11-10.0.26200-SP0
uniform2d_n6_instance202608,6,202608,8,qubo_sa,iterations,100,1,36,3600,600,3600,0.05033470000489615,2.469497645774541,True,2.469497645774541,0.0,,3.14.4,"Intel64 Family 6 Model 186 Stepping 3, GenuineIntel",Windows-11-10.0.26200-SP0
uniform2d_n6_instance202608,6,202608,8,qubo_sa_swap,iterations,100,1,36,3600,600,3600,0.0719050999978208,2.469497645774541,True,2.469497645774541,0.0,,3.14.4,"Intel64 Family 6 Model 186 Stepping 3, GenuineIntel",Windows-11-10.0.26200-SP0
uniform2d_n6_instance202608,6,202608,9,two_opt,iterations,100,1,36,3600,600,3600,0.04063190000306349,2.469497645774541,True,2.469497645774541,0.0,,3.14.4,"Intel64 Family 6 Model 186 Stepping 3, GenuineIntel",Windows-11-10.0.26200-SP0
uniform2d_n6_instance202608,6,202608,9,qubo_sa,iterations,100,1,36,3600,600,3600,0.050149700000474695,2.8393424488313097,True,2.469497645774541,14.976519766665719,,3.14.4,"Intel64 Family 6 Model 186 Stepping 3, GenuineIntel",Windows-11-10.0.26200-SP0
uniform2d_n6_instance202608,6,202608,9,qubo_sa_swap,iterations,100,1,36,3600,600,3600,0.07233819999964908,2.469497645774541,True,2.469497645774541,0.0,,3.14.4,"Intel64 Family 6 Model 186 Stepping 3, GenuineIntel",Windows-11-10.0.26200-SP0
uniform2d_n6_instance202609,6,202609,0,two_opt,iterations,100,1,36,3600,600,3600,0.040602499997476116,2.6717670496178343,True,2.6717670496178343,0.0,,3.14.4,"Intel64 Family 6 Model 186 Stepping 3, GenuineIntel",Windows-11-10.0.26200-SP0
uniform2d_n6_instance202609,6,202609,0,qubo_sa,iterations,100,1,36,3600,600,3600,0.05112860000372166,2.6717670496178347,True,2.6717670496178343,2.220446049250313e-14,,3.14.4,"Intel64 Family 6 Model 186 Stepping 3, GenuineIntel",Windows-11-10.0.26200-SP0
uniform2d_n6_instance202609,6,202609,0,qubo_sa_swap,iterations,100,1,36,3600,600,3600,0.07167350000236183,2.671767049617835,True,2.6717670496178343,2.220446049250313e-14,,3.14.4,"Intel64 Family 6 Model 186 Stepping 3, GenuineIntel",Windows-11-10.0.26200-SP0
uniform2d_n6_instance202609,6,202609,1,two_opt,iterations,100,1,36,3600,600,3600,0.040977399999974295,2.6717670496178343,True,2.6717670496178343,0.0,,3.14.4,"Intel64 Family 6 Model 186 Stepping 3, GenuineIntel",Windows-11-10.0.26200-SP0
uniform2d_n6_instance202609,6,202609,1,qubo_sa,iterations,100,1,36,3600,600,3600,0.05060609999782173,2.9788307595324097,True,2.6717670496178343,11.492907286153464,,3.14.4,"Intel64 Family 6 Model 186 Stepping 3, GenuineIntel",Windows-11-10.0.26200-SP0
uniform2d_n6_instance202609,6,202609,1,qubo_sa_swap,iterations,100,1,36,3600,600,3600,0.07268710000062129,2.671767049617835,True,2.6717670496178343,2.220446049250313e-14,,3.14.4,"Intel64 Family 6 Model 186 Stepping 3, GenuineIntel",Windows-11-10.0.26200-SP0
uniform2d_n6_instance202609,6,202609,2,two_opt,iterations,100,1,36,3600,600,3600,0.0405144999967888,2.6717670496178343,True,2.6717670496178343,0.0,,3.14.4,"Intel64 Family 6 Model 186 Stepping 3, GenuineIntel",Windows-11-10.0.26200-SP0
uniform2d_n6_instance202609,6,202609,2,qubo_sa,iterations,100,1,36,3600,600,3600,0.050892300001578405,3.024547227018401,True,2.6717670496178343,13.204002102317558,,3.14.4,"Intel64 Family 6 Model 186 Stepping 3, GenuineIntel",Windows-11-10.0.26200-SP0
uniform2d_n6_instance202609,6,202609,2,qubo_sa_swap,iterations,100,1,36,3600,600,3600,0.07161970000015572,2.6717670496178343,True,2.6717670496178343,0.0,,3.14.4,"Intel64 Family 6 Model 186 Stepping 3, GenuineIntel",Windows-11-10.0.26200-SP0
uniform2d_n6_instance202609,6,202609,3,two_opt,iterations,100,1,36,3600,600,3600,0.040794299995468464,2.6717670496178343,True,2.6717670496178343,0.0,,3.14.4,"Intel64 Family 6 Model 186 Stepping 3, GenuineIntel",Windows-11-10.0.26200-SP0
uniform2d_n6_instance202609,6,202609,3,qubo_sa,iterations,100,1,36,3600,600,3600,0.05005459999665618,2.671767049617835,True,2.6717670496178343,2.220446049250313e-14,,3.14.4,"Intel64 Family 6 Model 186 Stepping 3, GenuineIntel",Windows-11-10.0.26200-SP0
uniform2d_n6_instance202609,6,202609,3,qubo_sa_swap,iterations,100,1,36,3600,600,3600,0.07056059999740683,2.671767049617835,True,2.6717670496178343,2.220446049250313e-14,,3.14.4,"Intel64 Family 6 Model 186 Stepping 3, GenuineIntel",Windows-11-10.0.26200-SP0
uniform2d_n6_instance202609,6,202609,4,two_opt,iterations,100,1,36,3600,600,3600,0.04023939999751747,2.6717670496178343,True,2.6717670496178343,0.0,,3.14.4,"Intel64 Family 6 Model 186 Stepping 3, GenuineIntel",Windows-11-10.0.26200-SP0
uniform2d_n6_instance202609,6,202609,4,qubo_sa,iterations,100,1,36,3600,600,3600,0.050214700000651646,3.0245472270184006,True,2.6717670496178343,13.204002102317535,,3.14.4,"Intel64 Family 6 Model 186 Stepping 3, GenuineIntel",Windows-11-10.0.26200-SP0
uniform2d_n6_instance202609,6,202609,4,qubo_sa_swap,iterations,100,1,36,3600,600,3600,0.07097470000007888,2.671767049617835,True,2.6717670496178343,2.220446049250313e-14,,3.14.4,"Intel64 Family 6 Model 186 Stepping 3, GenuineIntel",Windows-11-10.0.26200-SP0
uniform2d_n6_instance202609,6,202609,5,two_opt,iterations,100,1,36,3600,600,3600,0.04045830000541173,2.6717670496178343,True,2.6717670496178343,0.0,,3.14.4,"Intel64 Family 6 Model 186 Stepping 3, GenuineIntel",Windows-11-10.0.26200-SP0
uniform2d_n6_instance202609,6,202609,5,qubo_sa,iterations,100,1,36,3600,600,3600,0.05011260000173934,2.6717670496178347,True,2.6717670496178343,2.220446049250313e-14,,3.14.4,"Intel64 Family 6 Model 186 Stepping 3, GenuineIntel",Windows-11-10.0.26200-SP0
uniform2d_n6_instance202609,6,202609,5,qubo_sa_swap,iterations,100,1,36,3600,600,3600,0.07126410000637406,2.6717670496178343,True,2.6717670496178343,0.0,,3.14.4,"Intel64 Family 6 Model 186 Stepping 3, GenuineIntel",Windows-11-10.0.26200-SP0
uniform2d_n6_instance202609,6,202609,6,two_opt,iterations,100,1,36,3600,600,3600,0.040090199996484444,2.6717670496178343,True,2.6717670496178343,0.0,,3.14.4,"Intel64 Family 6 Model 186 Stepping 3, GenuineIntel",Windows-11-10.0.26200-SP0
uniform2d_n6_instance202609,6,202609,6,qubo_sa,iterations,100,1,36,3600,600,3600,0.05069389999698615,2.975101993596003,True,2.6717670496178343,11.353345495504819,,3.14.4,"Intel64 Family 6 Model 186 Stepping 3, GenuineIntel",Windows-11-10.0.26200-SP0
uniform2d_n6_instance202609,6,202609,6,qubo_sa_swap,iterations,100,1,36,3600,600,3600,0.07243729999754578,2.671767049617835,True,2.6717670496178343,2.220446049250313e-14,,3.14.4,"Intel64 Family 6 Model 186 Stepping 3, GenuineIntel",Windows-11-10.0.26200-SP0
uniform2d_n6_instance202609,6,202609,7,two_opt,iterations,100,1,36,3600,600,3600,0.04189710000355262,2.6717670496178343,True,2.6717670496178343,0.0,,3.14.4,"Intel64 Family 6 Model 186 Stepping 3, GenuineIntel",Windows-11-10.0.26200-SP0
uniform2d_n6_instance202609,6,202609,7,qubo_sa,iterations,100,1,36,3600,600,3600,0.04996020000544377,2.671767049617835,True,2.6717670496178343,2.220446049250313e-14,,3.14.4,"Intel64 Family 6 Model 186 Stepping 3, GenuineIntel",Windows-11-10.0.26200-SP0
uniform2d_n6_instance202609,6,202609,7,qubo_sa_swap,iterations,100,1,36,3600,600,3600,0.07216269999480573,2.6717670496178343,True,2.6717670496178343,0.0,,3.14.4,"Intel64 Family 6 Model 186 Stepping 3, GenuineIntel",Windows-11-10.0.26200-SP0
uniform2d_n6_instance202609,6,202609,8,two_opt,iterations,100,1,36,3600,600,3600,0.04061850000289269,2.6717670496178343,True,2.6717670496178343,0.0,,3.14.4,"Intel64 Family 6 Model 186 Stepping 3, GenuineIntel",Windows-11-10.0.26200-SP0
uniform2d_n6_instance202609,6,202609,8,qubo_sa,iterations,100,1,36,3600,600,3600,0.04990969999926165,2.6717670496178343,True,2.6717670496178343,0.0,,3.14.4,"Intel64 Family 6 Model 186 Stepping 3, GenuineIntel",Windows-11-10.0.26200-SP0
uniform2d_n6_instance202609,6,202609,8,qubo_sa_swap,iterations,100,1,36,3600,600,3600,0.07113600000593578,2.6717670496178343,True,2.6717670496178343,0.0,,3.14.4,"Intel64 Family 6 Model 186 Stepping 3, GenuineIntel",Windows-11-10.0.26200-SP0
uniform2d_n6_instance202609,6,202609,9,two_opt,iterations,100,1,36,3600,600,3600,0.03995009999925969,2.6717670496178343,True,2.6717670496178343,0.0,,3.14.4,"Intel64 Family 6 Model 186 Stepping 3, GenuineIntel",Windows-11-10.0.26200-SP0
uniform2d_n6_instance202609,6,202609,9,qubo_sa,iterations,100,1,36,3600,600,3600,0.05026880000514211,2.671767049617835,True,2.6717670496178343,2.220446049250313e-14,,3.14.4,"Intel64 Family 6 Model 186 Stepping 3, GenuineIntel",Windows-11-10.0.26200-SP0
uniform2d_n6_instance202609,6,202609,9,qubo_sa_swap,iterations,100,1,36,3600,600,3600,0.07266069999604952,2.671767049617835,True,2.6717670496178343,2.220446049250313e-14,,3.14.4,"Intel64 Family 6 Model 186 Stepping 3, GenuineIntel",Windows-11-10.0.26200-SP0
uniform2d_n10_instance202600,10,202600,0,two_opt,iterations,100,1,100,10000,1000,10000,0.1187493999968865,3.1359879491035345,True,3.135987949103535,0.0,,3.14.4,"Intel64 Family 6 Model 186 Stepping 3, GenuineIntel",Windows-11-10.0.26200-SP0
uniform2d_n10_instance202600,10,202600,0,qubo_sa,iterations,100,1,100,10000,1000,10000,0.144769799997448,4.0834422590437125,True,3.135987949103535,30.212307104401347,,3.14.4,"Intel64 Family 6 Model 186 Stepping 3, GenuineIntel",Windows-11-10.0.26200-SP0
uniform2d_n10_instance202600,10,202600,0,qubo_sa_swap,iterations,100,1,100,10000,1000,10000,0.2034272000018973,3.135987949103535,True,3.135987949103535,0.0,,3.14.4,"Intel64 Family 6 Model 186 Stepping 3, GenuineIntel",Windows-11-10.0.26200-SP0
uniform2d_n10_instance202600,10,202600,1,two_opt,iterations,100,1,100,10000,1000,10000,0.11590080000314629,3.1359879491035345,True,3.135987949103535,0.0,,3.14.4,"Intel64 Family 6 Model 186 Stepping 3, GenuineIntel",Windows-11-10.0.26200-SP0
uniform2d_n10_instance202600,10,202600,1,qubo_sa,iterations,100,1,100,10000,1000,10000,0.14101819999632426,4.380227963521348,True,3.135987949103535,39.67617333394078,,3.14.4,"Intel64 Family 6 Model 186 Stepping 3, GenuineIntel",Windows-11-10.0.26200-SP0
uniform2d_n10_instance202600,10,202600,1,qubo_sa_swap,iterations,100,1,100,10000,1000,10000,0.20470260000001872,3.135987949103535,True,3.135987949103535,0.0,,3.14.4,"Intel64 Family 6 Model 186 Stepping 3, GenuineIntel",Windows-11-10.0.26200-SP0
uniform2d_n10_instance202600,10,202600,2,two_opt,iterations,100,1,100,10000,1000,10000,0.11636459999863291,3.1359879491035345,True,3.135987949103535,0.0,,3.14.4,"Intel64 Family 6 Model 186 Stepping 3, GenuineIntel",Windows-11-10.0.26200-SP0
uniform2d_n10_instance202600,10,202600,2,qubo_sa,iterations,100,1,100,10000,1000,10000,0.14533030000166036,4.160197147154822,True,3.135987949103535,32.65985758472289,,3.14.4,"Intel64 Family 6 Model 186 Stepping 3, GenuineIntel",Windows-11-10.0.26200-SP0
uniform2d_n10_instance202600,10,202600,2,qubo_sa_swap,iterations,100,1,100,10000,1000,10000,0.2027890000026673,3.135987949103535,True,3.135987949103535,0.0,,3.14.4,"Intel64 Family 6 Model 186 Stepping 3, GenuineIntel",Windows-11-10.0.26200-SP0
uniform2d_n10_instance202600,10,202600,3,two_opt,iterations,100,1,100,10000,1000,10000,0.11875669999426464,3.1359879491035345,True,3.135987949103535,0.0,,3.14.4,"Intel64 Family 6 Model 186 Stepping 3, GenuineIntel",Windows-11-10.0.26200-SP0
uniform2d_n10_instance202600,10,202600,3,qubo_sa,iterations,100,1,100,10000,1000,10000,0.14397979999921517,3.9716143102400747,True,3.135987949103535,26.64635115627325,,3.14.4,"Intel64 Family 6 Model 186 Stepping 3, GenuineIntel",Windows-11-10.0.26200-SP0
uniform2d_n10_instance202600,10,202600,3,qubo_sa_swap,iterations,100,1,100,10000,1000,10000,0.20685010000306647,3.135987949103535,True,3.135987949103535,0.0,,3.14.4,"Intel64 Family 6 Model 186 Stepping 3, GenuineIntel",Windows-11-10.0.26200-SP0
uniform2d_n10_instance202600,10,202600,4,two_opt,iterations,100,1,100,10000,1000,10000,0.11654129999806173,3.1359879491035345,True,3.135987949103535,0.0,,3.14.4,"Intel64 Family 6 Model 186 Stepping 3, GenuineIntel",Windows-11-10.0.26200-SP0
uniform2d_n10_instance202600,10,202600,4,qubo_sa,iterations,100,1,100,10000,1000,10000,0.14314079999894602,5.057361458622589,True,3.135987949103535,61.26852337134474,,3.14.4,"Intel64 Family 6 Model 186 Stepping 3, GenuineIntel",Windows-11-10.0.26200-SP0
uniform2d_n10_instance202600,10,202600,4,qubo_sa_swap,iterations,100,1,100,10000,1000,10000,0.20375420000345912,3.135987949103535,True,3.135987949103535,0.0,,3.14.4,"Intel64 Family 6 Model 186 Stepping 3, GenuineIntel",Windows-11-10.0.26200-SP0
uniform2d_n10_instance202600,10,202600,5,two_opt,iterations,100,1,100,10000,1000,10000,0.1188523000018904,3.1359879491035345,True,3.135987949103535,0.0,,3.14.4,"Intel64 Family 6 Model 186 Stepping 3, GenuineIntel",Windows-11-10.0.26200-SP0
uniform2d_n10_instance202600,10,202600,5,qubo_sa,iterations,100,1,100,10000,1000,10000,0.1442380000007688,4.641761568948373,True,3.135987949103535,48.01592494241835,,3.14.4,"Intel64 Family 6 Model 186 Stepping 3, GenuineIntel",Windows-11-10.0.26200-SP0
uniform2d_n10_instance202600,10,202600,5,qubo_sa_swap,iterations,100,1,100,10000,1000,10000,0.21065689999522874,3.135987949103535,True,3.135987949103535,0.0,,3.14.4,"Intel64 Family 6 Model 186 Stepping 3, GenuineIntel",Windows-11-10.0.26200-SP0
uniform2d_n10_instance202600,10,202600,6,two_opt,iterations,100,1,100,10000,1000,10000,0.11666069999773754,3.1359879491035345,True,3.135987949103535,0.0,,3.14.4,"Intel64 Family 6 Model 186 Stepping 3, GenuineIntel",Windows-11-10.0.26200-SP0
uniform2d_n10_instance202600,10,202600,6,qubo_sa,iterations,100,1,100,10000,1000,10000,0.14424349999899277,4.29862443020907,True,3.135987949103535,37.07400984872697,,3.14.4,"Intel64 Family 6 Model 186 Stepping 3, GenuineIntel",Windows-11-10.0.26200-SP0
uniform2d_n10_instance202600,10,202600,6,qubo_sa_swap,iterations,100,1,100,10000,1000,10000,0.2038438999952632,3.135987949103535,True,3.135987949103535,0.0,,3.14.4,"Intel64 Family 6 Model 186 Stepping 3, GenuineIntel",Windows-11-10.0.26200-SP0
uniform2d_n10_instance202600,10,202600,7,two_opt,iterations,100,1,100,10000,1000,10000,0.11735020000196528,3.1359879491035345,True,3.135987949103535,0.0,,3.14.4,"Intel64 Family 6 Model 186 Stepping 3, GenuineIntel",Windows-11-10.0.26200-SP0
uniform2d_n10_instance202600,10,202600,7,qubo_sa,iterations,100,1,100,10000,1000,10000,0.14389200000005076,3.6827712496393588,True,3.135987949103535,17.435758982815265,,3.14.4,"Intel64 Family 6 Model 186 Stepping 3, GenuineIntel",Windows-11-10.0.26200-SP0
uniform2d_n10_instance202600,10,202600,7,qubo_sa_swap,iterations,100,1,100,10000,1000,10000,0.2040936999983387,3.135987949103535,True,3.135987949103535,0.0,,3.14.4,"Intel64 Family 6 Model 186 Stepping 3, GenuineIntel",Windows-11-10.0.26200-SP0
uniform2d_n10_instance202600,10,202600,8,two_opt,iterations,100,1,100,10000,1000,10000,0.11603399999876274,3.1359879491035345,True,3.135987949103535,0.0,,3.14.4,"Intel64 Family 6 Model 186 Stepping 3, GenuineIntel",Windows-11-10.0.26200-SP0
uniform2d_n10_instance202600,10,202600,8,qubo_sa,iterations,100,1,100,10000,1000,10000,0.14301710000290768,3.4692545821402256,True,3.135987949103535,10.627165615606394,,3.14.4,"Intel64 Family 6 Model 186 Stepping 3, GenuineIntel",Windows-11-10.0.26200-SP0
uniform2d_n10_instance202600,10,202600,8,qubo_sa_swap,iterations,100,1,100,10000,1000,10000,0.20576929999515414,3.135987949103535,True,3.135987949103535,0.0,,3.14.4,"Intel64 Family 6 Model 186 Stepping 3, GenuineIntel",Windows-11-10.0.26200-SP0
uniform2d_n10_instance202600,10,202600,9,two_opt,iterations,100,1,100,10000,1000,10000,0.11840610000217566,3.1359879491035345,True,3.135987949103535,0.0,,3.14.4,"Intel64 Family 6 Model 186 Stepping 3, GenuineIntel",Windows-11-10.0.26200-SP0
uniform2d_n10_instance202600,10,202600,9,qubo_sa,iterations,100,1,100,10000,1000,10000,0.14359629999671597,4.169649184238294,True,3.135987949103535,32.96126298668478,,3.14.4,"Intel64 Family 6 Model 186 Stepping 3, GenuineIntel",Windows-11-10.0.26200-SP0
uniform2d_n10_instance202600,10,202600,9,qubo_sa_swap,iterations,100,1,100,10000,1000,10000,0.20579160000488628,3.135987949103535,True,3.135987949103535,0.0,,3.14.4,"Intel64 Family 6 Model 186 Stepping 3, GenuineIntel",Windows-11-10.0.26200-SP0
uniform2d_n10_instance202601,10,202601,0,two_opt,iterations,100,1,100,10000,1000,10000,0.1250452000022051,1.7065653856843126,True,1.7065653856843126,0.0,,3.14.4,"Intel64 Family 6 Model 186 Stepping 3, GenuineIntel",Windows-11-10.0.26200-SP0
uniform2d_n10_instance202601,10,202601,0,qubo_sa,iterations,100,1,100,10000,1000,10000,0.14389720000326633,2.405827965900759,True,1.7065653856843126,40.974848434304214,,3.14.4,"Intel64 Family 6 Model 186 Stepping 3, GenuineIntel",Windows-11-10.0.26200-SP0
uniform2d_n10_instance202601,10,202601,0,qubo_sa_swap,iterations,100,1,100,10000,1000,10000,0.2044977999976254,1.706565385684313,True,1.7065653856843126,2.220446049250313e-14,,3.14.4,"Intel64 Family 6 Model 186 Stepping 3, GenuineIntel",Windows-11-10.0.26200-SP0
uniform2d_n10_instance202601,10,202601,1,two_opt,iterations,100,1,100,10000,1000,10000,0.12391550000029383,1.7065653856843126,True,1.7065653856843126,0.0,,3.14.4,"Intel64 Family 6 Model 186 Stepping 3, GenuineIntel",Windows-11-10.0.26200-SP0
uniform2d_n10_instance202601,10,202601,1,qubo_sa,iterations,100,1,100,10000,1000,10000,0.14533590000064578,2.195739375985171,True,1.7065653856843126,28.664239554156048,,3.14.4,"Intel64 Family 6 Model 186 Stepping 3, GenuineIntel",Windows-11-10.0.26200-SP0
uniform2d_n10_instance202601,10,202601,1,qubo_sa_swap,iterations,100,1,100,10000,1000,10000,0.20340089999808697,1.7065653856843126,True,1.7065653856843126,0.0,,3.14.4,"Intel64 Family 6 Model 186 Stepping 3, GenuineIntel",Windows-11-10.0.26200-SP0
uniform2d_n10_instance202601,10,202601,2,two_opt,iterations,100,1,100,10000,1000,10000,0.12226080000255024,1.7065653856843126,True,1.7065653856843126,0.0,,3.14.4,"Intel64 Family 6 Model 186 Stepping 3, GenuineIntel",Windows-11-10.0.26200-SP0
uniform2d_n10_instance202601,10,202601,2,qubo_sa,iterations,100,1,100,10000,1000,10000,0.14522520000173245,2.1534124434921846,True,1.7065653856843126,26.183998665172247,,3.14.4,"Intel64 Family 6 Model 186 Stepping 3, GenuineIntel",Windows-11-10.0.26200-SP0
uniform2d_n10_instance202601,10,202601,2,qubo_sa_swap,iterations,100,1,100,10000,1000,10000,0.2059138000040548,1.706565385684313,True,1.7065653856843126,2.220446049250313e-14,,3.14.4,"Intel64 Family 6 Model 186 Stepping 3, GenuineIntel",Windows-11-10.0.26200-SP0
uniform2d_n10_instance202601,10,202601,3,two_opt,iterations,100,1,100,10000,1000,10000,0.12378670000180136,1.7065653856843126,True,1.7065653856843126,0.0,,3.14.4,"Intel64 Family 6 Model 186 Stepping 3, GenuineIntel",Windows-11-10.0.26200-SP0
uniform2d_n10_instance202601,10,202601,3,qubo_sa,iterations,100,1,100,10000,1000,10000,0.14320320000115316,2.45395365288423,True,1.7065653856843126,43.79488025887876,,3.14.4,"Intel64 Family 6 Model 186 Stepping 3, GenuineIntel",Windows-11-10.0.26200-SP0
uniform2d_n10_instance202601,10,202601,3,qubo_sa_swap,iterations,100,1,100,10000,1000,10000,0.2028022999948007,1.706565385684313,True,1.7065653856843126,2.220446049250313e-14,,3.14.4,"Intel64 Family 6 Model 186 Stepping 3, GenuineIntel",Windows-11-10.0.26200-SP0
uniform2d_n10_instance202601,10,202601,4,two_opt,iterations,100,1,100,10000,1000,10000,0.12333650000073249,1.7065653856843126,True,1.7065653856843126,0.0,,3.14.4,"Intel64 Family 6 Model 186 Stepping 3, GenuineIntel",Windows-11-10.0.26200-SP0
uniform2d_n10_instance202601,10,202601,4,qubo_sa,iterations,100,1,100,10000,1000,10000,0.14840439999534283,2.3988299055926148,True,1.7065653856843126,40.56478150297842,,3.14.4,"Intel64 Family 6 Model 186 Stepping 3, GenuineIntel",Windows-11-10.0.26200-SP0
uniform2d_n10_instance202601,10,202601,4,qubo_sa_swap,iterations,100,1,100,10000,1000,10000,0.20595609999872977,1.706565385684313,True,1.7065653856843126,2.220446049250313e-14,,3.14.4,"Intel64 Family 6 Model 186 Stepping 3, GenuineIntel",Windows-11-10.0.26200-SP0
uniform2d_n10_instance202601,10,202601,5,two_opt,iterations,100,1,100,10000,1000,10000,0.12223389999417122,1.7065653856843126,True,1.7065653856843126,0.0,,3.14.4,"Intel64 Family 6 Model 186 Stepping 3, GenuineIntel",Windows-11-10.0.26200-SP0
uniform2d_n10_instance202601,10,202601,5,qubo_sa,iterations,100,1,100,10000,1000,10000,0.14092689999961294,2.277290042617867,True,1.7065653856843126,33.4428825125092,,3.14.4,"Intel64 Family 6 Model 186 Stepping 3, GenuineIntel",Windows-11-10.0.26200-SP0
uniform2d_n10_instance202601,10,202601,5,qubo_sa_swap,iterations,100,1,100,10000,1000,10000,0.200884900004894,1.706565385684313,True,1.7065653856843126,2.220446049250313e-14,,3.14.4,"Intel64 Family 6 Model 186 Stepping 3, GenuineIntel",Windows-11-10.0.26200-SP0
uniform2d_n10_instance202601,10,202601,6,two_opt,iterations,100,1,100,10000,1000,10000,0.12258339999971213,1.7065653856843126,True,1.7065653856843126,0.0,,3.14.4,"Intel64 Family 6 Model 186 Stepping 3, GenuineIntel",Windows-11-10.0.26200-SP0
uniform2d_n10_instance202601,10,202601,6,qubo_sa,iterations,100,1,100,10000,1000,10000,0.14381040000444045,2.3179560525298313,True,1.7065653856843126,35.825797943297566,,3.14.4,"Intel64 Family 6 Model 186 Stepping 3, GenuineIntel",Windows-11-10.0.26200-SP0
uniform2d_n10_instance202601,10,202601,6,qubo_sa_swap,iterations,100,1,100,10000,1000,10000,0.2068314999996801,1.7065653856843126,True,1.7065653856843126,0.0,,3.14.4,"Intel64 Family 6 Model 186 Stepping 3, GenuineIntel",Windows-11-10.0.26200-SP0
uniform2d_n10_instance202601,10,202601,7,two_opt,iterations,100,1,100,10000,1000,10000,0.12147749999712687,1.7065653856843126,True,1.7065653856843126,0.0,,3.14.4,"Intel64 Family 6 Model 186 Stepping 3, GenuineIntel",Windows-11-10.0.26200-SP0
uniform2d_n10_instance202601,10,202601,7,qubo_sa,iterations,100,1,100,10000,1000,10000,0.1434817000044859,2.295871925556355,True,1.7065653856843126,34.531729332816475,,3.14.4,"Intel64 Family 6 Model 186 Stepping 3, GenuineIntel",Windows-11-10.0.26200-SP0
uniform2d_n10_instance202601,10,202601,7,qubo_sa_swap,iterations,100,1,100,10000,1000,10000,0.20252450000407407,1.706565385684313,True,1.7065653856843126,2.220446049250313e-14,,3.14.4,"Intel64 Family 6 Model 186 Stepping 3, GenuineIntel",Windows-11-10.0.26200-SP0
uniform2d_n10_instance202601,10,202601,8,two_opt,iterations,100,1,100,10000,1000,10000,0.12341650000598747,1.7065653856843126,True,1.7065653856843126,0.0,,3.14.4,"Intel64 Family 6 Model 186 Stepping 3, GenuineIntel",Windows-11-10.0.26200-SP0
uniform2d_n10_instance202601,10,202601,8,qubo_sa,iterations,100,1,100,10000,1000,10000,0.14934640000137733,2.1577422652172986,True,1.7065653856843126,26.437714213456243,,3.14.4,"Intel64 Family 6 Model 186 Stepping 3, GenuineIntel",Windows-11-10.0.26200-SP0
uniform2d_n10_instance202601,10,202601,8,qubo_sa_swap,iterations,100,1,100,10000,1000,10000,0.20240750000084518,1.7065653856843126,True,1.7065653856843126,0.0,,3.14.4,"Intel64 Family 6 Model 186 Stepping 3, GenuineIntel",Windows-11-10.0.26200-SP0
uniform2d_n10_instance202601,10,202601,9,two_opt,iterations,100,1,100,10000,1000,10000,0.121194800005469,1.7065653856843126,True,1.7065653856843126,0.0,,3.14.4,"Intel64 Family 6 Model 186 Stepping 3, GenuineIntel",Windows-11-10.0.26200-SP0
uniform2d_n10_instance202601,10,202601,9,qubo_sa,iterations,100,1,100,10000,1000,10000,0.14225309999892488,2.6247702821888383,True,1.7065653856843126,53.80426113215324,,3.14.4,"Intel64 Family 6 Model 186 Stepping 3, GenuineIntel",Windows-11-10.0.26200-SP0
uniform2d_n10_instance202601,10,202601,9,qubo_sa_swap,iterations,100,1,100,10000,1000,10000,0.20399339999858057,1.706565385684313,True,1.7065653856843126,2.220446049250313e-14,,3.14.4,"Intel64 Family 6 Model 186 Stepping 3, GenuineIntel",Windows-11-10.0.26200-SP0
uniform2d_n10_instance202602,10,202602,0,two_opt,iterations,100,1,100,10000,1000,10000,0.11923309999838239,2.6376681573035867,True,2.637668157303587,0.0,,3.14.4,"Intel64 Family 6 Model 186 Stepping 3, GenuineIntel",Windows-11-10.0.26200-SP0
uniform2d_n10_instance202602,10,202602,0,qubo_sa,iterations,100,1,100,10000,1000,10000,0.14663130000553792,3.375743856539644,True,2.637668157303587,27.982128729588585,,3.14.4,"Intel64 Family 6 Model 186 Stepping 3, GenuineIntel",Windows-11-10.0.26200-SP0
uniform2d_n10_instance202602,10,202602,0,qubo_sa_swap,iterations,100,1,100,10000,1000,10000,0.20361140000022715,2.6490495570375816,True,2.637668157303587,0.4314947542767955,,3.14.4,"Intel64 Family 6 Model 186 Stepping 3, GenuineIntel",Windows-11-10.0.26200-SP0
uniform2d_n10_instance202602,10,202602,1,two_opt,iterations,100,1,100,10000,1000,10000,0.11985229999845615,2.6376681573035867,True,2.637668157303587,0.0,,3.14.4,"Intel64 Family 6 Model 186 Stepping 3, GenuineIntel",Windows-11-10.0.26200-SP0
uniform2d_n10_instance202602,10,202602,1,qubo_sa,iterations,100,1,100,10000,1000,10000,0.1436965999964741,3.653625299370797,True,2.637668157303587,38.51724635087508,,3.14.4,"Intel64 Family 6 Model 186 Stepping 3, GenuineIntel",Windows-11-10.0.26200-SP0
uniform2d_n10_instance202602,10,202602,1,qubo_sa_swap,iterations,100,1,100,10000,1000,10000,0.21180230000027223,2.637668157303587,True,2.637668157303587,0.0,,3.14.4,"Intel64 Family 6 Model 186 Stepping 3, GenuineIntel",Windows-11-10.0.26200-SP0
uniform2d_n10_instance202602,10,202602,2,two_opt,iterations,100,1,100,10000,1000,10000,0.12130449999676785,2.6376681573035867,True,2.637668157303587,0.0,,3.14.4,"Intel64 Family 6 Model 186 Stepping 3, GenuineIntel",Windows-11-10.0.26200-SP0
uniform2d_n10_instance202602,10,202602,2,qubo_sa,iterations,100,1,100,10000,1000,10000,0.14644029999908525,3.7885860254279544,True,2.637668157303587,43.63391448380367,,3.14.4,"Intel64 Family 6 Model 186 Stepping 3, GenuineIntel",Windows-11-10.0.26200-SP0
uniform2d_n10_instance202602,10,202602,2,qubo_sa_swap,iterations,100,1,100,10000,1000,10000,0.19891079999797512,2.637668157303587,True,2.637668157303587,0.0,,3.14.4,"Intel64 Family 6 Model 186 Stepping 3, GenuineIntel",Windows-11-10.0.26200-SP0
uniform2d_n10_instance202602,10,202602,3,two_opt,iterations,100,1,100,10000,1000,10000,0.1215684999988298,2.6376681573035867,True,2.637668157303587,0.0,,3.14.4,"Intel64 Family 6 Model 186 Stepping 3, GenuineIntel",Windows-11-10.0.26200-SP0
uniform2d_n10_instance202602,10,202602,3,qubo_sa,iterations,100,1,100,10000,1000,10000,0.14520099999936065,3.0997514763009506,True,2.637668157303587,17.51862976841401,,3.14.4,"Intel64 Family 6 Model 186 Stepping 3, GenuineIntel",Windows-11-10.0.26200-SP0
uniform2d_n10_instance202602,10,202602,3,qubo_sa_swap,iterations,100,1,100,10000,1000,10000,0.20307509999838658,2.637668157303587,True,2.637668157303587,0.0,,3.14.4,"Intel64 Family 6 Model 186 Stepping 3, GenuineIntel",Windows-11-10.0.26200-SP0
uniform2d_n10_instance202602,10,202602,4,two_opt,iterations,100,1,100,10000,1000,10000,0.12092209999536863,2.6376681573035867,True,2.637668157303587,0.0,,3.14.4,"Intel64 Family 6 Model 186 Stepping 3, GenuineIntel",Windows-11-10.0.26200-SP0
uniform2d_n10_instance202602,10,202602,4,qubo_sa,iterations,100,1,100,10000,1000,10000,0.14507489999959944,3.561586207753406,True,2.637668157303587,35.02783501751463,,3.14.4,"Intel64 Family 6 Model 186 Stepping 3, GenuineIntel",Windows-11-10.0.26200-SP0
uniform2d_n10_instance202602,10,202602,4,qubo_sa_swap,iterations,100,1,100,10000,1000,10000,0.2050507000021753,2.637668157303587,True,2.637668157303587,0.0,,3.14.4,"Intel64 Family 6 Model 186 Stepping 3, GenuineIntel",Windows-11-10.0.26200-SP0
uniform2d_n10_instance202602,10,202602,5,two_opt,iterations,100,1,100,10000,1000,10000,0.11934299999848008,2.6376681573035867,True,2.637668157303587,0.0,,3.14.4,"Intel64 Family 6 Model 186 Stepping 3, GenuineIntel",Windows-11-10.0.26200-SP0
uniform2d_n10_instance202602,10,202602,5,qubo_sa,iterations,100,1,100,10000,1000,10000,0.14448999999876833,3.3188841655961543,True,2.637668157303587,25.82644850173097,,3.14.4,"Intel64 Family 6 Model 186 Stepping 3, GenuineIntel",Windows-11-10.0.26200-SP0
uniform2d_n10_instance202602,10,202602,5,qubo_sa_swap,iterations,100,1,100,10000,1000,10000,0.20649409999896307,2.637668157303587,True,2.637668157303587,0.0,,3.14.4,"Intel64 Family 6 Model 186 Stepping 3, GenuineIntel",Windows-11-10.0.26200-SP0
uniform2d_n10_instance202602,10,202602,6,two_opt,iterations,100,1,100,10000,1000,10000,0.12052370000310475,2.6376681573035867,True,2.637668157303587,0.0,,3.14.4,"Intel64 Family 6 Model 186 Stepping 3, GenuineIntel",Windows-11-10.0.26200-SP0
uniform2d_n10_instance202602,10,202602,6,qubo_sa,iterations,100,1,100,10000,1000,10000,0.14381799999682698,3.56773613450144,True,2.637668157303587,35.26099273036054,,3.14.4,"Intel64 Family 6 Model 186 Stepping 3, GenuineIntel",Windows-11-10.0.26200-SP0
uniform2d_n10_instance202602,10,202602,6,qubo_sa_swap,iterations,100,1,100,10000,1000,10000,0.20324999999866122,2.637668157303587,True,2.637668157303587,0.0,,3.14.4,"Intel64 Family 6 Model 186 Stepping 3, GenuineIntel",Windows-11-10.0.26200-SP0
uniform2d_n10_instance202602,10,202602,7,two_opt,iterations,100,1,100,10000,1000,10000,0.11916349999955855,2.6376681573035867,True,2.637668157303587,0.0,,3.14.4,"Intel64 Family 6 Model 186 Stepping 3, GenuineIntel",Windows-11-10.0.26200-SP0
uniform2d_n10_instance202602,10,202602,7,qubo_sa,iterations,100,1,100,10000,1000,10000,0.14386750000267057,3.3301373506692835,True,2.637668157303587,26.25308234655219,,3.14.4,"Intel64 Family 6 Model 186 Stepping 3, GenuineIntel",Windows-11-10.0.26200-SP0
uniform2d_n10_instance202602,10,202602,7,qubo_sa_swap,iterations,100,1,100,10000,1000,10000,0.20477670000400394,2.637668157303587,True,2.637668157303587,0.0,,3.14.4,"Intel64 Family 6 Model 186 Stepping 3, GenuineIntel",Windows-11-10.0.26200-SP0
uniform2d_n10_instance202602,10,202602,8,two_opt,iterations,100,1,100,10000,1000,10000,0.11852540000109002,2.6376681573035867,True,2.637668157303587,0.0,,3.14.4,"Intel64 Family 6 Model 186 Stepping 3, GenuineIntel",Windows-11-10.0.26200-SP0
uniform2d_n10_instance202602,10,202602,8,qubo_sa,iterations,100,1,100,10000,1000,10000,0.14581759999418864,2.9838110097541515,True,2.637668157303587,13.1230629407308,,3.14.4,"Intel64 Family 6 Model 186 Stepping 3, GenuineIntel",Windows-11-10.0.26200-SP0
uniform2d_n10_instance202602,10,202602,8,qubo_sa_swap,iterations,100,1,100,10000,1000,10000,0.2046005000011064,2.637668157303587,True,2.637668157303587,0.0,,3.14.4,"Intel64 Family 6 Model 186 Stepping 3, GenuineIntel",Windows-11-10.0.26200-SP0
uniform2d_n10_instance202602,10,202602,9,two_opt,iterations,100,1,100,10000,1000,10000,0.12067010000464506,2.6376681573035867,True,2.637668157303587,0.0,,3.14.4,"Intel64 Family 6 Model 186 Stepping 3, GenuineIntel",Windows-11-10.0.26200-SP0
uniform2d_n10_instance202602,10,202602,9,qubo_sa,iterations,100,1,100,10000,1000,10000,0.14030900000216207,3.219110698923522,True,2.637668157303587,22.043809415901915,,3.14.4,"Intel64 Family 6 Model 186 Stepping 3, GenuineIntel",Windows-11-10.0.26200-SP0
uniform2d_n10_instance202602,10,202602,9,qubo_sa_swap,iterations,100,1,100,10000,1000,10000,0.2045460999943316,2.637668157303587,True,2.637668157303587,0.0,,3.14.4,"Intel64 Family 6 Model 186 Stepping 3, GenuineIntel",Windows-11-10.0.26200-SP0
uniform2d_n10_instance202603,10,202603,0,two_opt,iterations,100,1,100,10000,1000,10000,0.11862200000177836,3.2265460079042496,True,3.0990079620991002,4.115447503360459,,3.14.4,"Intel64 Family 6 Model 186 Stepping 3, GenuineIntel",Windows-11-10.0.26200-SP0
uniform2d_n10_instance202603,10,202603,0,qubo_sa,iterations,100,1,100,10000,1000,10000,0.14521529999910854,4.026147686106974,True,3.0990079620991002,29.91730693650363,,3.14.4,"Intel64 Family 6 Model 186 Stepping 3, GenuineIntel",Windows-11-10.0.26200-SP0
uniform2d_n10_instance202603,10,202603,0,qubo_sa_swap,iterations,100,1,100,10000,1000,10000,0.20257940000010421,3.0990079620991002,True,3.0990079620991002,0.0,,3.14.4,"Intel64 Family 6 Model 186 Stepping 3, GenuineIntel",Windows-11-10.0.26200-SP0
uniform2d_n10_instance202603,10,202603,1,two_opt,iterations,100,1,100,10000,1000,10000,0.12416340000345372,3.2265460079042496,True,3.0990079620991002,4.115447503360459,,3.14.4,"Intel64 Family 6 Model 186 Stepping 3, GenuineIntel",Windows-11-10.0.26200-SP0
uniform2d_n10_instance202603,10,202603,1,qubo_sa,iterations,100,1,100,10000,1000,10000,0.1448448000010103,3.885759412942945,True,3.0990079620991002,25.38720327491324,,3.14.4,"Intel64 Family 6 Model 186 Stepping 3, GenuineIntel",Windows-11-10.0.26200-SP0
uniform2d_n10_instance202603,10,202603,1,qubo_sa_swap,iterations,100,1,100,10000,1000,10000,0.19875370000227122,3.0990079620991002,True,3.0990079620991002,0.0,,3.14.4,"Intel64 Family 6 Model 186 Stepping 3, GenuineIntel",Windows-11-10.0.26200-SP0
uniform2d_n10_instance202603,10,202603,2,two_opt,iterations,100,1,100,10000,1000,10000,0.11647030000312952,3.2265460079042496,True,3.0990079620991002,4.115447503360459,,3.14.4,"Intel64 Family 6 Model 186 Stepping 3, GenuineIntel",Windows-11-10.0.26200-SP0
uniform2d_n10_instance202603,10,202603,2,qubo_sa,iterations,100,1,100,10000,1000,10000,0.14503049999620998,3.9139764170299896,True,3.0990079620991002,26.297720589877848,,3.14.4,"Intel64 Family 6 Model 186 Stepping 3, GenuineIntel",Windows-11-10.0.26200-SP0
uniform2d_n10_instance202603,10,202603,2,qubo_sa_swap,iterations,100,1,100,10000,1000,10000,0.20226829999592155,3.0990079620991002,True,3.0990079620991002,0.0,,3.14.4,"Intel64 Family 6 Model 186 Stepping 3, GenuineIntel",Windows-11-10.0.26200-SP0
uniform2d_n10_instance202603,10,202603,3,two_opt,iterations,100,1,100,10000,1000,10000,0.11753830000088783,3.2265460079042496,True,3.0990079620991002,4.115447503360459,,3.14.4,"Intel64 Family 6 Model 186 Stepping 3, GenuineIntel",Windows-11-10.0.26200-SP0
uniform2d_n10_instance202603,10,202603,3,qubo_sa,iterations,100,1,100,10000,1000,10000,0.14211320000322303,3.874862864156884,True,3.0990079620991002,25.03558918036022,,3.14.4,"Intel64 Family 6 Model 186 Stepping 3, GenuineIntel",Windows-11-10.0.26200-SP0
uniform2d_n10_instance202603,10,202603,3,qubo_sa_swap,iterations,100,1,100,10000,1000,10000,0.20258730000205105,3.0990079620991002,True,3.0990079620991002,0.0,,3.14.4,"Intel64 Family 6 Model 186 Stepping 3, GenuineIntel",Windows-11-10.0.26200-SP0
uniform2d_n10_instance202603,10,202603,4,two_opt,iterations,100,1,100,10000,1000,10000,0.11633330000040587,3.2265460079042496,True,3.0990079620991002,4.115447503360459,,3.14.4,"Intel64 Family 6 Model 186 Stepping 3, GenuineIntel",Windows-11-10.0.26200-SP0
uniform2d_n10_instance202603,10,202603,4,qubo_sa,iterations,100,1,100,10000,1000,10000,0.14722340000298573,4.095762225784223,True,3.0990079620991002,32.163656107871866,,3.14.4,"Intel64 Family 6 Model 186 Stepping 3, GenuineIntel",Windows-11-10.0.26200-SP0
uniform2d_n10_instance202603,10,202603,4,qubo_sa_swap,iterations,100,1,100,10000,1000,10000,0.2083268999995198,3.0990079620991002,True,3.0990079620991002,0.0,,3.14.4,"Intel64 Family 6 Model 186 Stepping 3, GenuineIntel",Windows-11-10.0.26200-SP0
uniform2d_n10_instance202603,10,202603,5,two_opt,iterations,100,1,100,10000,1000,10000,0.11905020000267541,3.2265460079042496,True,3.0990079620991002,4.115447503360459,,3.14.4,"Intel64 Family 6 Model 186 Stepping 3, GenuineIntel",Windows-11-10.0.26200-SP0
uniform2d_n10_instance202603,10,202603,5,qubo_sa,iterations,100,1,100,10000,1000,10000,0.14491190000262577,3.601398351856081,True,3.0990079620991002,16.211329428682355,,3.14.4,"Intel64 Family 6 Model 186 Stepping 3, GenuineIntel",Windows-11-10.0.26200-SP0
uniform2d_n10_instance202603,10,202603,5,qubo_sa_swap,iterations,100,1,100,10000,1000,10000,0.20176699999865377,3.0990079620991002,True,3.0990079620991002,0.0,,3.14.4,"Intel64 Family 6 Model 186 Stepping 3, GenuineIntel",Windows-11-10.0.26200-SP0
uniform2d_n10_instance202603,10,202603,6,two_opt,iterations,100,1,100,10000,1000,10000,0.11925820000033127,3.2265460079042496,True,3.0990079620991002,4.115447503360459,,3.14.4,"Intel64 Family 6 Model 186 Stepping 3, GenuineIntel",Windows-11-10.0.26200-SP0
uniform2d_n10_instance202603,10,202603,6,qubo_sa,iterations,100,1,100,10000,1000,10000,0.14190799999778392,3.8373344607658733,True,3.0990079620991002,23.824607993800395,,3.14.4,"Intel64 Family 6 Model 186 Stepping 3, GenuineIntel",Windows-11-10.0.26200-SP0
uniform2d_n10_instance202603,10,202603,6,qubo_sa_swap,iterations,100,1,100,10000,1000,10000,0.2073889999956009,3.0990079620991002,True,3.0990079620991002,0.0,,3.14.4,"Intel64 Family 6 Model 186 Stepping 3, GenuineIntel",Windows-11-10.0.26200-SP0
uniform2d_n10_instance202603,10,202603,7,two_opt,iterations,100,1,100,10000,1000,10000,0.11719820000143955,3.2265460079042496,True,3.0990079620991002,4.115447503360459,,3.14.4,"Intel64 Family 6 Model 186 Stepping 3, GenuineIntel",Windows-11-10.0.26200-SP0
uniform2d_n10_instance202603,10,202603,7,qubo_sa,iterations,100,1,100,10000,1000,10000,0.1467603000055533,3.6381957150497617,True,3.0990079620991002,17.398721124467365,,3.14.4,"Intel64 Family 6 Model 186 Stepping 3, GenuineIntel",Windows-11-10.0.26200-SP0
uniform2d_n10_instance202603,10,202603,7,qubo_sa_swap,iterations,100,1,100,10000,1000,10000,0.20494239999970887,3.0990079620991002,True,3.0990079620991002,0.0,,3.14.4,"Intel64 Family 6 Model 186 Stepping 3, GenuineIntel",Windows-11-10.0.26200-SP0
uniform2d_n10_instance202603,10,202603,8,two_opt,iterations,100,1,100,10000,1000,10000,0.11984769999980927,3.2265460079042496,True,3.0990079620991002,4.115447503360459,,3.14.4,"Intel64 Family 6 Model 186 Stepping 3, GenuineIntel",Windows-11-10.0.26200-SP0
uniform2d_n10_instance202603,10,202603,8,qubo_sa,iterations,100,1,100,10000,1000,10000,0.1445536000028369,3.949985461635268,True,3.0990079620991002,27.459674513380783,,3.14.4,"Intel64 Family 6 Model 186 Stepping 3, GenuineIntel",Windows-11-10.0.26200-SP0
uniform2d_n10_instance202603,10,202603,8,qubo_sa_swap,iterations,100,1,100,10000,1000,10000,0.20935280000412604,3.0990079620991002,True,3.0990079620991002,0.0,,3.14.4,"Intel64 Family 6 Model 186 Stepping 3, GenuineIntel",Windows-11-10.0.26200-SP0
uniform2d_n10_instance202603,10,202603,9,two_opt,iterations,100,1,100,10000,1000,10000,0.11804649999976391,3.2265460079042496,True,3.0990079620991002,4.115447503360459,,3.14.4,"Intel64 Family 6 Model 186 Stepping 3, GenuineIntel",Windows-11-10.0.26200-SP0
uniform2d_n10_instance202603,10,202603,9,qubo_sa,iterations,100,1,100,10000,1000,10000,0.14666399999987334,3.808189794424889,True,3.0990079620991002,22.88415651069924,,3.14.4,"Intel64 Family 6 Model 186 Stepping 3, GenuineIntel",Windows-11-10.0.26200-SP0
uniform2d_n10_instance202603,10,202603,9,qubo_sa_swap,iterations,100,1,100,10000,1000,10000,0.2047307999964687,3.0990079620991002,True,3.0990079620991002,0.0,,3.14.4,"Intel64 Family 6 Model 186 Stepping 3, GenuineIntel",Windows-11-10.0.26200-SP0
uniform2d_n10_instance202604,10,202604,0,two_opt,iterations,100,1,100,10000,1000,10000,0.11844399999972666,2.1448808240142223,True,2.1448808240142228,0.0,,3.14.4,"Intel64 Family 6 Model 186 Stepping 3, GenuineIntel",Windows-11-10.0.26200-SP0
uniform2d_n10_instance202604,10,202604,0,qubo_sa,iterations,100,1,100,10000,1000,10000,0.14629240000067512,2.9769508966764913,True,2.1448808240142228,38.79330093058593,,3.14.4,"Intel64 Family 6 Model 186 Stepping 3, GenuineIntel",Windows-11-10.0.26200-SP0
uniform2d_n10_instance202604,10,202604,0,qubo_sa_swap,iterations,100,1,100,10000,1000,10000,0.20344260000274517,2.1448808240142228,True,2.1448808240142228,0.0,,3.14.4,"Intel64 Family 6 Model 186 Stepping 3, GenuineIntel",Windows-11-10.0.26200-SP0
uniform2d_n10_instance202604,10,202604,1,two_opt,iterations,100,1,100,10000,1000,10000,0.12365870000212453,2.1448808240142223,True,2.1448808240142228,0.0,,3.14.4,"Intel64 Family 6 Model 186 Stepping 3, GenuineIntel",Windows-11-10.0.26200-SP0
uniform2d_n10_instance202604,10,202604,1,qubo_sa,iterations,100,1,100,10000,1000,10000,0.14400790000217967,2.35054781284946,True,2.1448808240142228,9.588737356993281,,3.14.4,"Intel64 Family 6 Model 186 Stepping 3, GenuineIntel",Windows-11-10.0.26200-SP0
uniform2d_n10_instance202604,10,202604,1,qubo_sa_swap,iterations,100,1,100,10000,1000,10000,0.20429970000259345,2.1448808240142228,True,2.1448808240142228,0.0,,3.14.4,"Intel64 Family 6 Model 186 Stepping 3, GenuineIntel",Windows-11-10.0.26200-SP0
uniform2d_n10_instance202604,10,202604,2,two_opt,iterations,100,1,100,10000,1000,10000,0.12025010000070324,2.1448808240142223,True,2.1448808240142228,0.0,,3.14.4,"Intel64 Family 6 Model 186 Stepping 3, GenuineIntel",Windows-11-10.0.26200-SP0
uniform2d_n10_instance202604,10,202604,2,qubo_sa,iterations,100,1,100,10000,1000,10000,0.1429954000050202,2.9543772358138156,True,2.1448808240142228,37.7408573351218,,3.14.4,"Intel64 Family 6 Model 186 Stepping 3, GenuineIntel",Windows-11-10.0.26200-SP0
uniform2d_n10_instance202604,10,202604,2,qubo_sa_swap,iterations,100,1,100,10000,1000,10000,0.20600520000152756,2.1448808240142228,True,2.1448808240142228,0.0,,3.14.4,"Intel64 Family 6 Model 186 Stepping 3, GenuineIntel",Windows-11-10.0.26200-SP0
uniform2d_n10_instance202604,10,202604,3,two_opt,iterations,100,1,100,10000,1000,10000,0.12161190000188071,2.1448808240142223,True,2.1448808240142228,0.0,,3.14.4,"Intel64 Family 6 Model 186 Stepping 3, GenuineIntel",Windows-11-10.0.26200-SP0
uniform2d_n10_instance202604,10,202604,3,qubo_sa,iterations,100,1,100,10000,1000,10000,0.14519299999665236,3.379086852668312,True,2.1448808240142228,57.541939619014705,,3.14.4,"Intel64 Family 6 Model 186 Stepping 3, GenuineIntel",Windows-11-10.0.26200-SP0
uniform2d_n10_instance202604,10,202604,3,qubo_sa_swap,iterations,100,1,100,10000,1000,10000,0.20296780000353465,2.1448808240142228,True,2.1448808240142228,0.0,,3.14.4,"Intel64 Family 6 Model 186 Stepping 3, GenuineIntel",Windows-11-10.0.26200-SP0
uniform2d_n10_instance202604,10,202604,4,two_opt,iterations,100,1,100,10000,1000,10000,0.11859610000101384,2.1448808240142223,True,2.1448808240142228,0.0,,3.14.4,"Intel64 Family 6 Model 186 Stepping 3, GenuineIntel",Windows-11-10.0.26200-SP0
uniform2d_n10_instance202604,10,202604,4,qubo_sa,iterations,100,1,100,10000,1000,10000,0.14841899999737507,3.410409827466856,True,2.1448808240142228,59.002299301839514,,3.14.4,"Intel64 Family 6 Model 186 Stepping 3, GenuineIntel",Windows-11-10.0.26200-SP0
uniform2d_n10_instance202604,10,202604,4,qubo_sa_swap,iterations,100,1,100,10000,1000,10000,0.20663749999948777,2.1984744117693467,True,2.1448808240142228,2.4986743857787763,,3.14.4,"Intel64 Family 6 Model 186 Stepping 3, GenuineIntel",Windows-11-10.0.26200-SP0
uniform2d_n10_instance202604,10,202604,5,two_opt,iterations,100,1,100,10000,1000,10000,0.1192289999962668,2.1448808240142223,True,2.1448808240142228,0.0,,3.14.4,"Intel64 Family 6 Model 186 Stepping 3, GenuineIntel",Windows-11-10.0.26200-SP0
uniform2d_n10_instance202604,10,202604,5,qubo_sa,iterations,100,1,100,10000,1000,10000,0.142550200005644,,False,2.1448808240142228,,,3.14.4,"Intel64 Family 6 Model 186 Stepping 3, GenuineIntel",Windows-11-10.0.26200-SP0
uniform2d_n10_instance202604,10,202604,5,qubo_sa_swap,iterations,100,1,100,10000,1000,10000,0.20328699999663513,2.1448808240142228,True,2.1448808240142228,0.0,,3.14.4,"Intel64 Family 6 Model 186 Stepping 3, GenuineIntel",Windows-11-10.0.26200-SP0
uniform2d_n10_instance202604,10,202604,6,two_opt,iterations,100,1,100,10000,1000,10000,0.11894939999911003,2.1448808240142223,True,2.1448808240142228,0.0,,3.14.4,"Intel64 Family 6 Model 186 Stepping 3, GenuineIntel",Windows-11-10.0.26200-SP0
uniform2d_n10_instance202604,10,202604,6,qubo_sa,iterations,100,1,100,10000,1000,10000,0.14298340000095777,2.8346440141322793,True,2.1448808240142228,32.15857880752273,,3.14.4,"Intel64 Family 6 Model 186 Stepping 3, GenuineIntel",Windows-11-10.0.26200-SP0
uniform2d_n10_instance202604,10,202604,6,qubo_sa_swap,iterations,100,1,100,10000,1000,10000,0.20593260000168812,2.1448808240142228,True,2.1448808240142228,0.0,,3.14.4,"Intel64 Family 6 Model 186 Stepping 3, GenuineIntel",Windows-11-10.0.26200-SP0
uniform2d_n10_instance202604,10,202604,7,two_opt,iterations,100,1,100,10000,1000,10000,0.11824500000511762,2.1448808240142223,True,2.1448808240142228,0.0,,3.14.4,"Intel64 Family 6 Model 186 Stepping 3, GenuineIntel",Windows-11-10.0.26200-SP0
uniform2d_n10_instance202604,10,202604,7,qubo_sa,iterations,100,1,100,10000,1000,10000,0.15089609999995446,3.0698013812838445,True,2.1448808240142228,43.12223536683959,,3.14.4,"Intel64 Family 6 Model 186 Stepping 3, GenuineIntel",Windows-11-10.0.26200-SP0
uniform2d_n10_instance202604,10,202604,7,qubo_sa_swap,iterations,100,1,100,10000,1000,10000,0.20494909999979427,2.2294578189746264,True,2.1448808240142228,3.943202531976331,,3.14.4,"Intel64 Family 6 Model 186 Stepping 3, GenuineIntel",Windows-11-10.0.26200-SP0
uniform2d_n10_instance202604,10,202604,8,two_opt,iterations,100,1,100,10000,1000,10000,0.12025770000036573,2.1448808240142223,True,2.1448808240142228,0.0,,3.14.4,"Intel64 Family 6 Model 186 Stepping 3, GenuineIntel",Windows-11-10.0.26200-SP0
uniform2d_n10_instance202604,10,202604,8,qubo_sa,iterations,100,1,100,10000,1000,10000,0.14875909999682335,3.2022362325536387,True,2.1448808240142228,49.296697359648014,,3.14.4,"Intel64 Family 6 Model 186 Stepping 3, GenuineIntel",Windows-11-10.0.26200-SP0
uniform2d_n10_instance202604,10,202604,8,qubo_sa_swap,iterations,100,1,100,10000,1000,10000,0.2100990000035381,2.1984744117693467,True,2.1448808240142228,2.4986743857787763,,3.14.4,"Intel64 Family 6 Model 186 Stepping 3, GenuineIntel",Windows-11-10.0.26200-SP0
uniform2d_n10_instance202604,10,202604,9,two_opt,iterations,100,1,100,10000,1000,10000,0.12017029999697115,2.1448808240142223,True,2.1448808240142228,0.0,,3.14.4,"Intel64 Family 6 Model 186 Stepping 3, GenuineIntel",Windows-11-10.0.26200-SP0
uniform2d_n10_instance202604,10,202604,9,qubo_sa,iterations,100,1,100,10000,1000,10000,0.14185279999946943,3.1937022242628075,True,2.1448808240142228,48.8988193892133,,3.14.4,"Intel64 Family 6 Model 186 Stepping 3, GenuineIntel",Windows-11-10.0.26200-SP0
uniform2d_n10_instance202604,10,202604,9,qubo_sa_swap,iterations,100,1,100,10000,1000,10000,0.20371509999677073,2.1448808240142228,True,2.1448808240142228,0.0,,3.14.4,"Intel64 Family 6 Model 186 Stepping 3, GenuineIntel",Windows-11-10.0.26200-SP0
uniform2d_n10_instance202605,10,202605,0,two_opt,iterations,100,1,100,10000,1000,10000,0.1253461000014795,2.7763774712139186,True,2.776377471213919,0.0,,3.14.4,"Intel64 Family 6 Model 186 Stepping 3, GenuineIntel",Windows-11-10.0.26200-SP0
uniform2d_n10_instance202605,10,202605,0,qubo_sa,iterations,100,1,100,10000,1000,10000,0.14426430000457913,4.289943404491364,True,2.776377471213919,54.5158556057461,,3.14.4,"Intel64 Family 6 Model 186 Stepping 3, GenuineIntel",Windows-11-10.0.26200-SP0
uniform2d_n10_instance202605,10,202605,0,qubo_sa_swap,iterations,100,1,100,10000,1000,10000,0.2040022000001045,2.7763774712139195,True,2.776377471213919,2.220446049250313e-14,,3.14.4,"Intel64 Family 6 Model 186 Stepping 3, GenuineIntel",Windows-11-10.0.26200-SP0
uniform2d_n10_instance202605,10,202605,1,two_opt,iterations,100,1,100,10000,1000,10000,0.12467300000571413,2.7763774712139186,True,2.776377471213919,0.0,,3.14.4,"Intel64 Family 6 Model 186 Stepping 3, GenuineIntel",Windows-11-10.0.26200-SP0
uniform2d_n10_instance202605,10,202605,1,qubo_sa,iterations,100,1,100,10000,1000,10000,0.14226610000332585,3.8185624136526446,True,2.776377471213919,37.537581011383494,,3.14.4,"Intel64 Family 6 Model 186 Stepping 3, GenuineIntel",Windows-11-10.0.26200-SP0
uniform2d_n10_instance202605,10,202605,1,qubo_sa_swap,iterations,100,1,100,10000,1000,10000,0.20362359999853652,2.7763774712139195,True,2.776377471213919,2.220446049250313e-14,,3.14.4,"Intel64 Family 6 Model 186 Stepping 3, GenuineIntel",Windows-11-10.0.26200-SP0
uniform2d_n10_instance202605,10,202605,2,two_opt,iterations,100,1,100,10000,1000,10000,0.1256647999980487,2.7763774712139186,True,2.776377471213919,0.0,,3.14.4,"Intel64 Family 6 Model 186 Stepping 3, GenuineIntel",Windows-11-10.0.26200-SP0
uniform2d_n10_instance202605,10,202605,2,qubo_sa,iterations,100,1,100,10000,1000,10000,0.14213049999671057,3.7625766374074168,True,2.776377471213919,35.52107652574708,,3.14.4,"Intel64 Family 6 Model 186 Stepping 3, GenuineIntel",Windows-11-10.0.26200-SP0
uniform2d_n10_instance202605,10,202605,2,qubo_sa_swap,iterations,100,1,100,10000,1000,10000,0.2025426000036532,2.776377471213919,True,2.776377471213919,0.0,,3.14.4,"Intel64 Family 6 Model 186 Stepping 3, GenuineIntel",Windows-11-10.0.26200-SP0
uniform2d_n10_instance202605,10,202605,3,two_opt,iterations,100,1,100,10000,1000,10000,0.12276839999685762,2.7763774712139186,True,2.776377471213919,0.0,,3.14.4,"Intel64 Family 6 Model 186 Stepping 3, GenuineIntel",Windows-11-10.0.26200-SP0
uniform2d_n10_instance202605,10,202605,3,qubo_sa,iterations,100,1,100,10000,1000,10000,0.1429478999998537,3.3859891882399067,True,2.776377471213919,21.95709060985307,,3.14.4,"Intel64 Family 6 Model 186 Stepping 3, GenuineIntel",Windows-11-10.0.26200-SP0
uniform2d_n10_instance202605,10,202605,3,qubo_sa_swap,iterations,100,1,100,10000,1000,10000,0.20243119999940973,2.7763774712139195,True,2.776377471213919,2.220446049250313e-14,,3.14.4,"Intel64 Family 6 Model 186 Stepping 3, GenuineIntel",Windows-11-10.0.26200-SP0
uniform2d_n10_instance202605,10,202605,4,two_opt,iterations,100,1,100,10000,1000,10000,0.12377949999790872,2.7763774712139186,True,2.776377471213919,0.0,,3.14.4,"Intel64 Family 6 Model 186 Stepping 3, GenuineIntel",Windows-11-10.0.26200-SP0
uniform2d_n10_instance202605,10,202605,4,qubo_sa,iterations,100,1,100,10000,1000,10000,0.14759739999863086,4.028673138732004,True,2.776377471213919,45.10538212120494,,3.14.4,"Intel64 Family 6 Model 186 Stepping 3, GenuineIntel",Windows-11-10.0.26200-SP0
uniform2d_n10_instance202605,10,202605,4,qubo_sa_swap,iterations,100,1,100,10000,1000,10000,0.2022690999947372,2.776377471213919,True,2.776377471213919,0.0,,3.14.4,"Intel64 Family 6 Model 186 Stepping 3, GenuineIntel",Windows-11-10.0.26200-SP0
uniform2d_n10_instance202605,10,202605,5,two_opt,iterations,100,1,100,10000,1000,10000,0.12453030000324361,2.7763774712139186,True,2.776377471213919,0.0,,3.14.4,"Intel64 Family 6 Model 186 Stepping 3, GenuineIntel",Windows-11-10.0.26200-SP0
uniform2d_n10_instance202605,10,202605,5,qubo_sa,iterations,100,1,100,10000,1000,10000,0.14322379999794066,4.243191692048236,True,2.776377471213919,52.83194508104763,,3.14.4,"Intel64 Family 6 Model 186 Stepping 3, GenuineIntel",Windows-11-10.0.26200-SP0
uniform2d_n10_instance202605,10,202605,5,qubo_sa_swap,iterations,100,1,100,10000,1000,10000,0.20289749999938067,2.7763774712139195,True,2.776377471213919,2.220446049250313e-14,,3.14.4,"Intel64 Family 6 Model 186 Stepping 3, GenuineIntel",Windows-11-10.0.26200-SP0
uniform2d_n10_instance202605,10,202605,6,two_opt,iterations,100,1,100,10000,1000,10000,0.12421800000447547,2.7763774712139186,True,2.776377471213919,0.0,,3.14.4,"Intel64 Family 6 Model 186 Stepping 3, GenuineIntel",Windows-11-10.0.26200-SP0
uniform2d_n10_instance202605,10,202605,6,qubo_sa,iterations,100,1,100,10000,1000,10000,0.14379890000418527,3.8800422171882003,True,2.776377471213919,39.75197023521893,,3.14.4,"Intel64 Family 6 Model 186 Stepping 3, GenuineIntel",Windows-11-10.0.26200-SP0
uniform2d_n10_instance202605,10,202605,6,qubo_sa_swap,iterations,100,1,100,10000,1000,10000,0.21191859999817098,2.7763774712139195,True,2.776377471213919,2.220446049250313e-14,,3.14.4,"Intel64 Family 6 Model 186 Stepping 3, GenuineIntel",Windows-11-10.0.26200-SP0
uniform2d_n10_instance202605,10,202605,7,two_opt,iterations,100,1,100,10000,1000,10000,0.12395400000241352,2.7763774712139186,True,2.776377471213919,0.0,,3.14.4,"Intel64 Family 6 Model 186 Stepping 3, GenuineIntel",Windows-11-10.0.26200-SP0
uniform2d_n10_instance202605,10,202605,7,qubo_sa,iterations,100,1,100,10000,1000,10000,0.14177249999920605,4.056006668304817,True,2.776377471213919,46.08988548417388,,3.14.4,"Intel64 Family 6 Model 186 Stepping 3, GenuineIntel",Windows-11-10.0.26200-SP0
uniform2d_n10_instance202605,10,202605,7,qubo_sa_swap,iterations,100,1,100,10000,1000,10000,0.20583169999736128,2.776377471213919,True,2.776377471213919,0.0,,3.14.4,"Intel64 Family 6 Model 186 Stepping 3, GenuineIntel",Windows-11-10.0.26200-SP0
uniform2d_n10_instance202605,10,202605,8,two_opt,iterations,100,1,100,10000,1000,10000,0.12426760000380455,2.7763774712139186,True,2.776377471213919,0.0,,3.14.4,"Intel64 Family 6 Model 186 Stepping 3, GenuineIntel",Windows-11-10.0.26200-SP0
uniform2d_n10_instance202605,10,202605,8,qubo_sa,iterations,100,1,100,10000,1000,10000,0.14324430000124266,3.8681528602088737,True,2.776377471213919,39.323737507407316,,3.14.4,"Intel64 Family 6 Model 186 Stepping 3, GenuineIntel",Windows-11-10.0.26200-SP0
uniform2d_n10_instance202605,10,202605,8,qubo_sa_swap,iterations,100,1,100,10000,1000,10000,0.20795539999380708,2.7763774712139195,True,2.776377471213919,2.220446049250313e-14,,3.14.4,"Intel64 Family 6 Model 186 Stepping 3, GenuineIntel",Windows-11-10.0.26200-SP0
uniform2d_n10_instance202605,10,202605,9,two_opt,iterations,100,1,100,10000,1000,10000,0.12520729999960167,2.7763774712139186,True,2.776377471213919,0.0,,3.14.4,"Intel64 Family 6 Model 186 Stepping 3, GenuineIntel",Windows-11-10.0.26200-SP0
uniform2d_n10_instance202605,10,202605,9,qubo_sa,iterations,100,1,100,10000,1000,10000,0.1433208000016748,3.630084710947835,True,2.776377471213919,30.748961500564565,,3.14.4,"Intel64 Family 6 Model 186 Stepping 3, GenuineIntel",Windows-11-10.0.26200-SP0
uniform2d_n10_instance202605,10,202605,9,qubo_sa_swap,iterations,100,1,100,10000,1000,10000,0.20192790000146488,2.7763774712139195,True,2.776377471213919,2.220446049250313e-14,,3.14.4,"Intel64 Family 6 Model 186 Stepping 3, GenuineIntel",Windows-11-10.0.26200-SP0
uniform2d_n10_instance202606,10,202606,0,two_opt,iterations,100,1,100,10000,1000,10000,0.12155369999527466,3.277075838569709,True,3.277075838569709,0.0,,3.14.4,"Intel64 Family 6 Model 186 Stepping 3, GenuineIntel",Windows-11-10.0.26200-SP0
uniform2d_n10_instance202606,10,202606,0,qubo_sa,iterations,100,1,100,10000,1000,10000,0.14343709999957355,3.6707769170590083,True,3.277075838569709,12.013792108672439,,3.14.4,"Intel64 Family 6 Model 186 Stepping 3, GenuineIntel",Windows-11-10.0.26200-SP0
uniform2d_n10_instance202606,10,202606,0,qubo_sa_swap,iterations,100,1,100,10000,1000,10000,0.20571210000343854,3.2770758385697096,True,3.277075838569709,2.220446049250313e-14,,3.14.4,"Intel64 Family 6 Model 186 Stepping 3, GenuineIntel",Windows-11-10.0.26200-SP0
uniform2d_n10_instance202606,10,202606,1,two_opt,iterations,100,1,100,10000,1000,10000,0.11928549999720417,3.277075838569709,True,3.277075838569709,0.0,,3.14.4,"Intel64 Family 6 Model 186 Stepping 3, GenuineIntel",Windows-11-10.0.26200-SP0
uniform2d_n10_instance202606,10,202606,1,qubo_sa,iterations,100,1,100,10000,1000,10000,0.1431211999952211,4.077897792154499,True,3.277075838569709,24.4370894368533,,3.14.4,"Intel64 Family 6 Model 186 Stepping 3, GenuineIntel",Windows-11-10.0.26200-SP0
uniform2d_n10_instance202606,10,202606,1,qubo_sa_swap,iterations,100,1,100,10000,1000,10000,0.20294460000150139,3.2770758385697096,True,3.277075838569709,2.220446049250313e-14,,3.14.4,"Intel64 Family 6 Model 186 Stepping 3, GenuineIntel",Windows-11-10.0.26200-SP0
uniform2d_n10_instance202606,10,202606,2,two_opt,iterations,100,1,100,10000,1000,10000,0.12510779999865917,3.277075838569709,True,3.277075838569709,0.0,,3.14.4,"Intel64 Family 6 Model 186 Stepping 3, GenuineIntel",Windows-11-10.0.26200-SP0
uniform2d_n10_instance202606,10,202606,2,qubo_sa,iterations,100,1,100,10000,1000,10000,0.14376240000274265,3.9261352367711897,True,3.277075838569709,19.806053633618824,,3.14.4,"Intel64 Family 6 Model 186 Stepping 3, GenuineIntel",Windows-11-10.0.26200-SP0
uniform2d_n10_instance202606,10,202606,2,qubo_sa_swap,iterations,100,1,100,10000,1000,10000,0.21358739999413956,3.2770758385697096,True,3.277075838569709,2.220446049250313e-14,,3.14.4,"Intel64 Family 6 Model 186 Stepping 3, GenuineIntel",Windows-11-10.0.26200-SP0
uniform2d_n10_instance202606,10,202606,3,two_opt,iterations,100,1,100,10000,1000,10000,0.12049699999624863,3.277075838569709,True,3.277075838569709,0.0,,3.14.4,"Intel64 Family 6 Model 186 Stepping 3, GenuineIntel",Windows-11-10.0.26200-SP0
uniform2d_n10_instance202606,10,202606,3,qubo_sa,iterations,100,1,100,10000,1000,10000,0.14522919999581063,4.357353677937918,True,3.277075838569709,32.96468841684481,,3.14.4,"Intel64 Family 6 Model 186 Stepping 3, GenuineIntel",Windows-11-10.0.26200-SP0
uniform2d_n10_instance202606,10,202606,3,qubo_sa_swap,iterations,100,1,100,10000,1000,10000,0.2036087000014959,3.277075838569709,True,3.277075838569709,0.0,,3.14.4,"Intel64 Family 6 Model 186 Stepping 3, GenuineIntel",Windows-11-10.0.26200-SP0
uniform2d_n10_instance202606,10,202606,4,two_opt,iterations,100,1,100,10000,1000,10000,0.12488509999820963,3.277075838569709,True,3.277075838569709,0.0,,3.14.4,"Intel64 Family 6 Model 186 Stepping 3, GenuineIntel",Windows-11-10.0.26200-SP0
uniform2d_n10_instance202606,10,202606,4,qubo_sa,iterations,100,1,100,10000,1000,10000,0.14608429999498185,4.745756141676179,True,3.277075838569709,44.81679324661221,,3.14.4,"Intel64 Family 6 Model 186 Stepping 3, GenuineIntel",Windows-11-10.0.26200-SP0
uniform2d_n10_instance202606,10,202606,4,qubo_sa_swap,iterations,100,1,100,10000,1000,10000,0.20106249999662396,3.277075838569709,True,3.277075838569709,0.0,,3.14.4,"Intel64 Family 6 Model 186 Stepping 3, GenuineIntel",Windows-11-10.0.26200-SP0
uniform2d_n10_instance202606,10,202606,5,two_opt,iterations,100,1,100,10000,1000,10000,0.11929620000591967,3.277075838569709,True,3.277075838569709,0.0,,3.14.4,"Intel64 Family 6 Model 186 Stepping 3, GenuineIntel",Windows-11-10.0.26200-SP0
uniform2d_n10_instance202606,10,202606,5,qubo_sa,iterations,100,1,100,10000,1000,10000,0.14622800000506686,3.5677431586854134,True,3.277075838569709,8.869716003965511,,3.14.4,"Intel64 Family 6 Model 186 Stepping 3, GenuineIntel",Windows-11-10.0.26200-SP0
uniform2d_n10_instance202606,10,202606,5,qubo_sa_swap,iterations,100,1,100,10000,1000,10000,0.20157570000446867,3.277075838569709,True,3.277075838569709,0.0,,3.14.4,"Intel64 Family 6 Model 186 Stepping 3, GenuineIntel",Windows-11-10.0.26200-SP0
uniform2d_n10_instance202606,10,202606,6,two_opt,iterations,100,1,100,10000,1000,10000,0.12109040000359528,3.277075838569709,True,3.277075838569709,0.0,,3.14.4,"Intel64 Family 6 Model 186 Stepping 3, GenuineIntel",Windows-11-10.0.26200-SP0
uniform2d_n10_instance202606,10,202606,6,qubo_sa,iterations,100,1,100,10000,1000,10000,0.1445540999993682,3.542408498198704,True,3.277075838569709,8.09662860121052,,3.14.4,"Intel64 Family 6 Model 186 Stepping 3, GenuineIntel",Windows-11-10.0.26200-SP0
uniform2d_n10_instance202606,10,202606,6,qubo_sa_swap,iterations,100,1,100,10000,1000,10000,0.2061009000026388,3.277075838569709,True,3.277075838569709,0.0,,3.14.4,"Intel64 Family 6 Model 186 Stepping 3, GenuineIntel",Windows-11-10.0.26200-SP0
uniform2d_n10_instance202606,10,202606,7,two_opt,iterations,100,1,100,10000,1000,10000,0.12094249999790918,3.277075838569709,True,3.277075838569709,0.0,,3.14.4,"Intel64 Family 6 Model 186 Stepping 3, GenuineIntel",Windows-11-10.0.26200-SP0
uniform2d_n10_instance202606,10,202606,7,qubo_sa,iterations,100,1,100,10000,1000,10000,0.1436173999973107,4.462134626386758,True,3.277075838569709,36.16208004311161,,3.14.4,"Intel64 Family 6 Model 186 Stepping 3, GenuineIntel",Windows-11-10.0.26200-SP0
uniform2d_n10_instance202606,10,202606,7,qubo_sa_swap,iterations,100,1,100,10000,1000,10000,0.2044201999960933,3.277075838569709,True,3.277075838569709,0.0,,3.14.4,"Intel64 Family 6 Model 186 Stepping 3, GenuineIntel",Windows-11-10.0.26200-SP0
uniform2d_n10_instance202606,10,202606,8,two_opt,iterations,100,1,100,10000,1000,10000,0.1205444000006537,3.277075838569709,True,3.277075838569709,0.0,,3.14.4,"Intel64 Family 6 Model 186 Stepping 3, GenuineIntel",Windows-11-10.0.26200-SP0
uniform2d_n10_instance202606,10,202606,8,qubo_sa,iterations,100,1,100,10000,1000,10000,0.14387900000292575,4.6149927300644755,True,3.277075838569709,40.8265465128419,,3.14.4,"Intel64 Family 6 Model 186 Stepping 3, GenuineIntel",Windows-11-10.0.26200-SP0
uniform2d_n10_instance202606,10,202606,8,qubo_sa_swap,iterations,100,1,100,10000,1000,10000,0.20959690000017872,3.2770758385697096,True,3.277075838569709,2.220446049250313e-14,,3.14.4,"Intel64 Family 6 Model 186 Stepping 3, GenuineIntel",Windows-11-10.0.26200-SP0
uniform2d_n10_instance202606,10,202606,9,two_opt,iterations,100,1,100,10000,1000,10000,0.12403499999345513,3.277075838569709,True,3.277075838569709,0.0,,3.14.4,"Intel64 Family 6 Model 186 Stepping 3, GenuineIntel",Windows-11-10.0.26200-SP0
uniform2d_n10_instance202606,10,202606,9,qubo_sa,iterations,100,1,100,10000,1000,10000,0.14499890000297455,4.680760802009842,True,3.277075838569709,42.833459846104006,,3.14.4,"Intel64 Family 6 Model 186 Stepping 3, GenuineIntel",Windows-11-10.0.26200-SP0
uniform2d_n10_instance202606,10,202606,9,qubo_sa_swap,iterations,100,1,100,10000,1000,10000,0.2024976999964565,3.2770758385697096,True,3.277075838569709,2.220446049250313e-14,,3.14.4,"Intel64 Family 6 Model 186 Stepping 3, GenuineIntel",Windows-11-10.0.26200-SP0
uniform2d_n10_instance202607,10,202607,0,two_opt,iterations,100,1,100,10000,1000,10000,0.1180605999979889,2.14803784705572,True,2.14803784705572,0.0,,3.14.4,"Intel64 Family 6 Model 186 Stepping 3, GenuineIntel",Windows-11-10.0.26200-SP0
uniform2d_n10_instance202607,10,202607,0,qubo_sa,iterations,100,1,100,10000,1000,10000,0.14531690000148956,3.1207422974588455,True,2.14803784705572,45.28339441208613,,3.14.4,"Intel64 Family 6 Model 186 Stepping 3, GenuineIntel",Windows-11-10.0.26200-SP0
uniform2d_n10_instance202607,10,202607,0,qubo_sa_swap,iterations,100,1,100,10000,1000,10000,0.20049440000002505,2.1480378470557207,True,2.14803784705572,2.220446049250313e-14,,3.14.4,"Intel64 Family 6 Model 186 Stepping 3, GenuineIntel",Windows-11-10.0.26200-SP0
uniform2d_n10_instance202607,10,202607,1,two_opt,iterations,100,1,100,10000,1000,10000,0.11616869999852497,2.14803784705572,True,2.14803784705572,0.0,,3.14.4,"Intel64 Family 6 Model 186 Stepping 3, GenuineIntel",Windows-11-10.0.26200-SP0
uniform2d_n10_instance202607,10,202607,1,qubo_sa,iterations,100,1,100,10000,1000,10000,0.14316620000317926,3.1032774135473162,True,2.14803784705572,44.47033220578152,,3.14.4,"Intel64 Family 6 Model 186 Stepping 3, GenuineIntel",Windows-11-10.0.26200-SP0
uniform2d_n10_instance202607,10,202607,1,qubo_sa_swap,iterations,100,1,100,10000,1000,10000,0.2015291999996407,2.1480378470557207,True,2.14803784705572,2.220446049250313e-14,,3.14.4,"Intel64 Family 6 Model 186 Stepping 3, GenuineIntel",Windows-11-10.0.26200-SP0
uniform2d_n10_instance202607,10,202607,2,two_opt,iterations,100,1,100,10000,1000,10000,0.11770539999997709,2.14803784705572,True,2.14803784705572,0.0,,3.14.4,"Intel64 Family 6 Model 186 Stepping 3, GenuineIntel",Windows-11-10.0.26200-SP0
uniform2d_n10_instance202607,10,202607,2,qubo_sa,iterations,100,1,100,10000,1000,10000,0.14386930000182474,2.5518136140717607,True,2.14803784705572,18.797423312139916,,3.14.4,"Intel64 Family 6 Model 186 Stepping 3, GenuineIntel",Windows-11-10.0.26200-SP0
uniform2d_n10_instance202607,10,202607,2,qubo_sa_swap,iterations,100,1,100,10000,1000,10000,0.21310649999941234,2.14803784705572,True,2.14803784705572,0.0,,3.14.4,"Intel64 Family 6 Model 186 Stepping 3, GenuineIntel",Windows-11-10.0.26200-SP0
uniform2d_n10_instance202607,10,202607,3,two_opt,iterations,100,1,100,10000,1000,10000,0.11913780000031693,2.14803784705572,True,2.14803784705572,0.0,,3.14.4,"Intel64 Family 6 Model 186 Stepping 3, GenuineIntel",Windows-11-10.0.26200-SP0
uniform2d_n10_instance202607,10,202607,3,qubo_sa,iterations,100,1,100,10000,1000,10000,0.14539739999599988,3.497347657249598,True,2.14803784705572,62.815923473757884,,3.14.4,"Intel64 Family 6 Model 186 Stepping 3, GenuineIntel",Windows-11-10.0.26200-SP0
uniform2d_n10_instance202607,10,202607,3,qubo_sa_swap,iterations,100,1,100,10000,1000,10000,0.19987679999758257,2.14803784705572,True,2.14803784705572,0.0,,3.14.4,"Intel64 Family 6 Model 186 Stepping 3, GenuineIntel",Windows-11-10.0.26200-SP0
uniform2d_n10_instance202607,10,202607,4,two_opt,iterations,100,1,100,10000,1000,10000,0.11880289999680826,2.14803784705572,True,2.14803784705572,0.0,,3.14.4,"Intel64 Family 6 Model 186 Stepping 3, GenuineIntel",Windows-11-10.0.26200-SP0
uniform2d_n10_instance202607,10,202607,4,qubo_sa,iterations,100,1,100,10000,1000,10000,0.14297319999604952,2.7896166846598427,True,2.14803784705572,29.86813470179419,,3.14.4,"Intel64 Family 6 Model 186 Stepping 3, GenuineIntel",Windows-11-10.0.26200-SP0
uniform2d_n10_instance202607,10,202607,4,qubo_sa_swap,iterations,100,1,100,10000,1000,10000,0.20378830000117887,2.14803784705572,True,2.14803784705572,0.0,,3.14.4,"Intel64 Family 6 Model 186 Stepping 3, GenuineIntel",Windows-11-10.0.26200-SP0
uniform2d_n10_instance202607,10,202607,5,two_opt,iterations,100,1,100,10000,1000,10000,0.11802440000610659,2.14803784705572,True,2.14803784705572,0.0,,3.14.4,"Intel64 Family 6 Model 186 Stepping 3, GenuineIntel",Windows-11-10.0.26200-SP0
uniform2d_n10_instance202607,10,202607,5,qubo_sa,iterations,100,1,100,10000,1000,10000,0.14811139999801526,2.664206486815285,True,2.14803784705572,24.029773984991397,,3.14.4,"Intel64 Family 6 Model 186 Stepping 3, GenuineIntel",Windows-11-10.0.26200-SP0
uniform2d_n10_instance202607,10,202607,5,qubo_sa_swap,iterations,100,1,100,10000,1000,10000,0.20212030000402592,2.14803784705572,True,2.14803784705572,0.0,,3.14.4,"Intel64 Family 6 Model 186 Stepping 3, GenuineIntel",Windows-11-10.0.26200-SP0
uniform2d_n10_instance202607,10,202607,6,two_opt,iterations,100,1,100,10000,1000,10000,0.12042400000063935,2.14803784705572,True,2.14803784705572,0.0,,3.14.4,"Intel64 Family 6 Model 186 Stepping 3, GenuineIntel",Windows-11-10.0.26200-SP0
uniform2d_n10_instance202607,10,202607,6,qubo_sa,iterations,100,1,100,10000,1000,10000,0.149237899997388,2.6716973193397413,True,2.14803784705572,24.378503060446178,,3.14.4,"Intel64 Family 6 Model 186 Stepping 3, GenuineIntel",Windows-11-10.0.26200-SP0
uniform2d_n10_instance202607,10,202607,6,qubo_sa_swap,iterations,100,1,100,10000,1000,10000,0.20165999999881024,2.14803784705572,True,2.14803784705572,0.0,,3.14.4,"Intel64 Family 6 Model 186 Stepping 3, GenuineIntel",Windows-11-10.0.26200-SP0
uniform2d_n10_instance202607,10,202607,7,two_opt,iterations,100,1,100,10000,1000,10000,0.11914850000175647,2.14803784705572,True,2.14803784705572,0.0,,3.14.4,"Intel64 Family 6 Model 186 Stepping 3, GenuineIntel",Windows-11-10.0.26200-SP0
uniform2d_n10_instance202607,10,202607,7,qubo_sa,iterations,100,1,100,10000,1000,10000,0.14281730000220705,3.1657318690281495,True,2.14803784705572,47.37784408069745,,3.14.4,"Intel64 Family 6 Model 186 Stepping 3, GenuineIntel",Windows-11-10.0.26200-SP0
uniform2d_n10_instance202607,10,202607,7,qubo_sa_swap,iterations,100,1,100,10000,1000,10000,0.20398660000500968,2.14803784705572,True,2.14803784705572,0.0,,3.14.4,"Intel64 Family 6 Model 186 Stepping 3, GenuineIntel",Windows-11-10.0.26200-SP0
uniform2d_n10_instance202607,10,202607,8,two_opt,iterations,100,1,100,10000,1000,10000,0.11889760000485694,2.14803784705572,True,2.14803784705572,0.0,,3.14.4,"Intel64 Family 6 Model 186 Stepping 3, GenuineIntel",Windows-11-10.0.26200-SP0
uniform2d_n10_instance202607,10,202607,8,qubo_sa,iterations,100,1,100,10000,1000,10000,0.1432416999959969,2.922697304556952,True,2.14803784705572,36.06358512551557,,3.14.4,"Intel64 Family 6 Model 186 Stepping 3, GenuineIntel",Windows-11-10.0.26200-SP0
uniform2d_n10_instance202607,10,202607,8,qubo_sa_swap,iterations,100,1,100,10000,1000,10000,0.2033625000040047,2.1480378470557207,True,2.14803784705572,2.220446049250313e-14,,3.14.4,"Intel64 Family 6 Model 186 Stepping 3, GenuineIntel",Windows-11-10.0.26200-SP0
uniform2d_n10_instance202607,10,202607,9,two_opt,iterations,100,1,100,10000,1000,10000,0.12087719999544788,2.14803784705572,True,2.14803784705572,0.0,,3.14.4,"Intel64 Family 6 Model 186 Stepping 3, GenuineIntel",Windows-11-10.0.26200-SP0
uniform2d_n10_instance202607,10,202607,9,qubo_sa,iterations,100,1,100,10000,1000,10000,0.1457682999971439,2.6961848561969384,True,2.14803784705572,25.518498656462405,,3.14.4,"Intel64 Family 6 Model 186 Stepping 3, GenuineIntel",Windows-11-10.0.26200-SP0
uniform2d_n10_instance202607,10,202607,9,qubo_sa_swap,iterations,100,1,100,10000,1000,10000,0.2061427000007825,2.1480378470557207,True,2.14803784705572,2.220446049250313e-14,,3.14.4,"Intel64 Family 6 Model 186 Stepping 3, GenuineIntel",Windows-11-10.0.26200-SP0
uniform2d_n10_instance202608,10,202608,0,two_opt,iterations,100,1,100,10000,1000,10000,0.11992280000413302,2.6454943713727266,True,2.645494371372727,0.0,,3.14.4,"Intel64 Family 6 Model 186 Stepping 3, GenuineIntel",Windows-11-10.0.26200-SP0
uniform2d_n10_instance202608,10,202608,0,qubo_sa,iterations,100,1,100,10000,1000,10000,0.1429273000030662,3.5843428057385474,True,2.645494371372727,35.48858181386563,,3.14.4,"Intel64 Family 6 Model 186 Stepping 3, GenuineIntel",Windows-11-10.0.26200-SP0
uniform2d_n10_instance202608,10,202608,0,qubo_sa_swap,iterations,100,1,100,10000,1000,10000,0.20244000000093365,2.645494371372727,True,2.645494371372727,0.0,,3.14.4,"Intel64 Family 6 Model 186 Stepping 3, GenuineIntel",Windows-11-10.0.26200-SP0
uniform2d_n10_instance202608,10,202608,1,two_opt,iterations,100,1,100,10000,1000,10000,0.1213313999978709,2.6454943713727266,True,2.645494371372727,0.0,,3.14.4,"Intel64 Family 6 Model 186 Stepping 3, GenuineIntel",Windows-11-10.0.26200-SP0
uniform2d_n10_instance202608,10,202608,1,qubo_sa,iterations,100,1,100,10000,1000,10000,0.1458280999941053,4.165308662879898,True,2.645494371372727,57.44915989817627,,3.14.4,"Intel64 Family 6 Model 186 Stepping 3, GenuineIntel",Windows-11-10.0.26200-SP0
uniform2d_n10_instance202608,10,202608,1,qubo_sa_swap,iterations,100,1,100,10000,1000,10000,0.20499320000089938,2.645494371372727,True,2.645494371372727,0.0,,3.14.4,"Intel64 Family 6 Model 186 Stepping 3, GenuineIntel",Windows-11-10.0.26200-SP0
uniform2d_n10_instance202608,10,202608,2,two_opt,iterations,100,1,100,10000,1000,10000,0.12229089999891585,2.6454943713727266,True,2.645494371372727,0.0,,3.14.4,"Intel64 Family 6 Model 186 Stepping 3, GenuineIntel",Windows-11-10.0.26200-SP0
uniform2d_n10_instance202608,10,202608,2,qubo_sa,iterations,100,1,100,10000,1000,10000,0.14320690000022296,3.6580519780506804,True,2.645494371372727,38.27479724149043,,3.14.4,"Intel64 Family 6 Model 186 Stepping 3, GenuineIntel",Windows-11-10.0.26200-SP0
uniform2d_n10_instance202608,10,202608,2,qubo_sa_swap,iterations,100,1,100,10000,1000,10000,0.2075360000017099,2.645494371372727,True,2.645494371372727,0.0,,3.14.4,"Intel64 Family 6 Model 186 Stepping 3, GenuineIntel",Windows-11-10.0.26200-SP0
uniform2d_n10_instance202608,10,202608,3,two_opt,iterations,100,1,100,10000,1000,10000,0.12272769999981392,2.6454943713727266,True,2.645494371372727,0.0,,3.14.4,"Intel64 Family 6 Model 186 Stepping 3, GenuineIntel",Windows-11-10.0.26200-SP0
uniform2d_n10_instance202608,10,202608,3,qubo_sa,iterations,100,1,100,10000,1000,10000,0.1465267000021413,3.091221392970534,True,2.645494371372727,16.84853411222804,,3.14.4,"Intel64 Family 6 Model 186 Stepping 3, GenuineIntel",Windows-11-10.0.26200-SP0
uniform2d_n10_instance202608,10,202608,3,qubo_sa_swap,iterations,100,1,100,10000,1000,10000,0.2045393000007607,2.75186678374891,True,2.645494371372727,4.0208897636394125,,3.14.4,"Intel64 Family 6 Model 186 Stepping 3, GenuineIntel",Windows-11-10.0.26200-SP0
uniform2d_n10_instance202608,10,202608,4,two_opt,iterations,100,1,100,10000,1000,10000,0.12223329999687849,2.6454943713727266,True,2.645494371372727,0.0,,3.14.4,"Intel64 Family 6 Model 186 Stepping 3, GenuineIntel",Windows-11-10.0.26200-SP0
uniform2d_n10_instance202608,10,202608,4,qubo_sa,iterations,100,1,100,10000,1000,10000,0.14457260000199312,3.16716919045449,True,2.645494371372727,19.719369836007992,,3.14.4,"Intel64 Family 6 Model 186 Stepping 3, GenuineIntel",Windows-11-10.0.26200-SP0
uniform2d_n10_instance202608,10,202608,4,qubo_sa_swap,iterations,100,1,100,10000,1000,10000,0.20310939999762923,2.645494371372727,True,2.645494371372727,0.0,,3.14.4,"Intel64 Family 6 Model 186 Stepping 3, GenuineIntel",Windows-11-10.0.26200-SP0
uniform2d_n10_instance202608,10,202608,5,two_opt,iterations,100,1,100,10000,1000,10000,0.12071569999534404,2.6454943713727266,True,2.645494371372727,0.0,,3.14.4,"Intel64 Family 6 Model 186 Stepping 3, GenuineIntel",Windows-11-10.0.26200-SP0
uniform2d_n10_instance202608,10,202608,5,qubo_sa,iterations,100,1,100,10000,1000,10000,0.14302820000011707,2.9374976422000167,True,2.645494371372727,11.037758159196965,,3.14.4,"Intel64 Family 6 Model 186 Stepping 3, GenuineIntel",Windows-11-10.0.26200-SP0
uniform2d_n10_instance202608,10,202608,5,qubo_sa_swap,iterations,100,1,100,10000,1000,10000,0.20347819999733474,2.645494371372727,True,2.645494371372727,0.0,,3.14.4,"Intel64 Family 6 Model 186 Stepping 3, GenuineIntel",Windows-11-10.0.26200-SP0
uniform2d_n10_instance202608,10,202608,6,two_opt,iterations,100,1,100,10000,1000,10000,0.12201240000285907,2.6454943713727266,True,2.645494371372727,0.0,,3.14.4,"Intel64 Family 6 Model 186 Stepping 3, GenuineIntel",Windows-11-10.0.26200-SP0
uniform2d_n10_instance202608,10,202608,6,qubo_sa,iterations,100,1,100,10000,1000,10000,0.1434577999971225,3.7663200069976885,True,2.645494371372727,42.367341535615274,,3.14.4,"Intel64 Family 6 Model 186 Stepping 3, GenuineIntel",Windows-11-10.0.26200-SP0
uniform2d_n10_instance202608,10,202608,6,qubo_sa_swap,iterations,100,1,100,10000,1000,10000,0.20537380000314442,2.8775470550925726,True,2.645494371372727,8.771618878910537,,3.14.4,"Intel64 Family 6 Model 186 Stepping 3, GenuineIntel",Windows-11-10.0.26200-SP0
uniform2d_n10_instance202608,10,202608,7,two_opt,iterations,100,1,100,10000,1000,10000,0.11916149999888148,2.6454943713727266,True,2.645494371372727,0.0,,3.14.4,"Intel64 Family 6 Model 186 Stepping 3, GenuineIntel",Windows-11-10.0.26200-SP0
uniform2d_n10_instance202608,10,202608,7,qubo_sa,iterations,100,1,100,10000,1000,10000,0.14303829999698792,3.614847034726476,True,2.645494371372727,36.64164527595495,,3.14.4,"Intel64 Family 6 Model 186 Stepping 3, GenuineIntel",Windows-11-10.0.26200-SP0
uniform2d_n10_instance202608,10,202608,7,qubo_sa_swap,iterations,100,1,100,10000,1000,10000,0.19955879999906756,2.7858911685817924,True,2.645494371372727,5.307015532836479,,3.14.4,"Intel64 Family 6 Model 186 Stepping 3, GenuineIntel",Windows-11-10.0.26200-SP0
uniform2d_n10_instance202608,10,202608,8,two_opt,iterations,100,1,100,10000,1000,10000,0.12221990000398364,2.6454943713727266,True,2.645494371372727,0.0,,3.14.4,"Intel64 Family 6 Model 186 Stepping 3, GenuineIntel",Windows-11-10.0.26200-SP0
uniform2d_n10_instance202608,10,202608,8,qubo_sa,iterations,100,1,100,10000,1000,10000,0.144225700001698,4.268107373375338,True,2.645494371372727,61.33496330822468,,3.14.4,"Intel64 Family 6 Model 186 Stepping 3, GenuineIntel",Windows-11-10.0.26200-SP0
uniform2d_n10_instance202608,10,202608,8,qubo_sa_swap,iterations,100,1,100,10000,1000,10000,0.20905430000129854,2.645494371372727,True,2.645494371372727,0.0,,3.14.4,"Intel64 Family 6 Model 186 Stepping 3, GenuineIntel",Windows-11-10.0.26200-SP0
uniform2d_n10_instance202608,10,202608,9,two_opt,iterations,100,1,100,10000,1000,10000,0.12355139999999665,2.6454943713727266,True,2.645494371372727,0.0,,3.14.4,"Intel64 Family 6 Model 186 Stepping 3, GenuineIntel",Windows-11-10.0.26200-SP0
uniform2d_n10_instance202608,10,202608,9,qubo_sa,iterations,100,1,100,10000,1000,10000,0.14321109999582404,3.8939207569364855,True,2.645494371372727,47.19066496882998,,3.14.4,"Intel64 Family 6 Model 186 Stepping 3, GenuineIntel",Windows-11-10.0.26200-SP0
uniform2d_n10_instance202608,10,202608,9,qubo_sa_swap,iterations,100,1,100,10000,1000,10000,0.20263230000273325,2.645494371372727,True,2.645494371372727,0.0,,3.14.4,"Intel64 Family 6 Model 186 Stepping 3, GenuineIntel",Windows-11-10.0.26200-SP0
uniform2d_n10_instance202609,10,202609,0,two_opt,iterations,100,1,100,10000,1000,10000,0.1186327000032179,2.9862507989934852,True,2.986250798993485,2.220446049250313e-14,,3.14.4,"Intel64 Family 6 Model 186 Stepping 3, GenuineIntel",Windows-11-10.0.26200-SP0
uniform2d_n10_instance202609,10,202609,0,qubo_sa,iterations,100,1,100,10000,1000,10000,0.14608480000606505,3.323515256549802,True,2.986250798993485,11.293909328378993,,3.14.4,"Intel64 Family 6 Model 186 Stepping 3, GenuineIntel",Windows-11-10.0.26200-SP0
uniform2d_n10_instance202609,10,202609,0,qubo_sa_swap,iterations,100,1,100,10000,1000,10000,0.20534150000457885,2.986250798993485,True,2.986250798993485,0.0,,3.14.4,"Intel64 Family 6 Model 186 Stepping 3, GenuineIntel",Windows-11-10.0.26200-SP0
uniform2d_n10_instance202609,10,202609,1,two_opt,iterations,100,1,100,10000,1000,10000,0.12102229999436531,2.9862507989934852,True,2.986250798993485,2.220446049250313e-14,,3.14.4,"Intel64 Family 6 Model 186 Stepping 3, GenuineIntel",Windows-11-10.0.26200-SP0
uniform2d_n10_instance202609,10,202609,1,qubo_sa,iterations,100,1,100,10000,1000,10000,0.14410669999779202,3.9295086513684945,True,2.986250798993485,31.586692339870947,,3.14.4,"Intel64 Family 6 Model 186 Stepping 3, GenuineIntel",Windows-11-10.0.26200-SP0
uniform2d_n10_instance202609,10,202609,1,qubo_sa_swap,iterations,100,1,100,10000,1000,10000,0.20544589999917662,2.9862507989934857,True,2.986250798993485,2.220446049250313e-14,,3.14.4,"Intel64 Family 6 Model 186 Stepping 3, GenuineIntel",Windows-11-10.0.26200-SP0
uniform2d_n10_instance202609,10,202609,2,two_opt,iterations,100,1,100,10000,1000,10000,0.11877169999934267,2.9862507989934852,True,2.986250798993485,2.220446049250313e-14,,3.14.4,"Intel64 Family 6 Model 186 Stepping 3, GenuineIntel",Windows-11-10.0.26200-SP0
uniform2d_n10_instance202609,10,202609,2,qubo_sa,iterations,100,1,100,10000,1000,10000,0.1446557999952347,4.133696879503326,True,2.986250798993485,38.42430384268418,,3.14.4,"Intel64 Family 6 Model 186 Stepping 3, GenuineIntel",Windows-11-10.0.26200-SP0
uniform2d_n10_instance202609,10,202609,2,qubo_sa_swap,iterations,100,1,100,10000,1000,10000,0.2041938999973354,2.986250798993485,True,2.986250798993485,0.0,,3.14.4,"Intel64 Family 6 Model 186 Stepping 3, GenuineIntel",Windows-11-10.0.26200-SP0
uniform2d_n10_instance202609,10,202609,3,two_opt,iterations,100,1,100,10000,1000,10000,0.11810050000349293,2.9862507989934852,True,2.986250798993485,2.220446049250313e-14,,3.14.4,"Intel64 Family 6 Model 186 Stepping 3, GenuineIntel",Windows-11-10.0.26200-SP0
uniform2d_n10_instance202609,10,202609,3,qubo_sa,iterations,100,1,100,10000,1000,10000,0.14448089999496005,3.7334846870386618,True,2.986250798993485,25.02247595202092,,3.14.4,"Intel64 Family 6 Model 186 Stepping 3, GenuineIntel",Windows-11-10.0.26200-SP0
uniform2d_n10_instance202609,10,202609,3,qubo_sa_swap,iterations,100,1,100,10000,1000,10000,0.19989280000299914,2.986250798993485,True,2.986250798993485,0.0,,3.14.4,"Intel64 Family 6 Model 186 Stepping 3, GenuineIntel",Windows-11-10.0.26200-SP0
uniform2d_n10_instance202609,10,202609,4,two_opt,iterations,100,1,100,10000,1000,10000,0.12008829999831505,2.9862507989934852,True,2.986250798993485,2.220446049250313e-14,,3.14.4,"Intel64 Family 6 Model 186 Stepping 3, GenuineIntel",Windows-11-10.0.26200-SP0
uniform2d_n10_instance202609,10,202609,4,qubo_sa,iterations,100,1,100,10000,1000,10000,0.14772780000203056,3.5878763717307662,True,2.986250798993485,20.146518602525255,,3.14.4,"Intel64 Family 6 Model 186 Stepping 3, GenuineIntel",Windows-11-10.0.26200-SP0
uniform2d_n10_instance202609,10,202609,4,qubo_sa_swap,iterations,100,1,100,10000,1000,10000,0.20462009999755537,2.986250798993485,True,2.986250798993485,0.0,,3.14.4,"Intel64 Family 6 Model 186 Stepping 3, GenuineIntel",Windows-11-10.0.26200-SP0
uniform2d_n10_instance202609,10,202609,5,two_opt,iterations,100,1,100,10000,1000,10000,0.11807940000289818,2.9862507989934852,True,2.986250798993485,2.220446049250313e-14,,3.14.4,"Intel64 Family 6 Model 186 Stepping 3, GenuineIntel",Windows-11-10.0.26200-SP0
uniform2d_n10_instance202609,10,202609,5,qubo_sa,iterations,100,1,100,10000,1000,10000,0.14506609999807552,3.5648281338085743,True,2.986250798993485,19.37470673963817,,3.14.4,"Intel64 Family 6 Model 186 Stepping 3, GenuineIntel",Windows-11-10.0.26200-SP0
uniform2d_n10_instance202609,10,202609,5,qubo_sa_swap,iterations,100,1,100,10000,1000,10000,0.2048960000029183,2.986250798993485,True,2.986250798993485,0.0,,3.14.4,"Intel64 Family 6 Model 186 Stepping 3, GenuineIntel",Windows-11-10.0.26200-SP0
uniform2d_n10_instance202609,10,202609,6,two_opt,iterations,100,1,100,10000,1000,10000,0.11867289999645436,2.9862507989934852,True,2.986250798993485,2.220446049250313e-14,,3.14.4,"Intel64 Family 6 Model 186 Stepping 3, GenuineIntel",Windows-11-10.0.26200-SP0
uniform2d_n10_instance202609,10,202609,6,qubo_sa,iterations,100,1,100,10000,1000,10000,0.1448593000022811,3.5525620340300725,True,2.986250798993485,18.963954240797953,,3.14.4,"Intel64 Family 6 Model 186 Stepping 3, GenuineIntel",Windows-11-10.0.26200-SP0
uniform2d_n10_instance202609,10,202609,6,qubo_sa_swap,iterations,100,1,100,10000,1000,10000,0.20480849999876227,2.9862507989934857,True,2.986250798993485,2.220446049250313e-14,,3.14.4,"Intel64 Family 6 Model 186 Stepping 3, GenuineIntel",Windows-11-10.0.26200-SP0
uniform2d_n10_instance202609,10,202609,7,two_opt,iterations,100,1,100,10000,1000,10000,0.11951759999647038,2.9862507989934852,True,2.986250798993485,2.220446049250313e-14,,3.14.4,"Intel64 Family 6 Model 186 Stepping 3, GenuineIntel",Windows-11-10.0.26200-SP0
uniform2d_n10_instance202609,10,202609,7,qubo_sa,iterations,100,1,100,10000,1000,10000,0.14386050000030082,3.522248687756171,True,2.986250798993485,17.9488571068225,,3.14.4,"Intel64 Family 6 Model 186 Stepping 3, GenuineIntel",Windows-11-10.0.26200-SP0
uniform2d_n10_instance202609,10,202609,7,qubo_sa_swap,iterations,100,1,100,10000,1000,10000,0.2061314000020502,2.9862507989934857,True,2.986250798993485,2.220446049250313e-14,,3.14.4,"Intel64 Family 6 Model 186 Stepping 3, GenuineIntel",Windows-11-10.0.26200-SP0
uniform2d_n10_instance202609,10,202609,8,two_opt,iterations,100,1,100,10000,1000,10000,0.11885730000358308,2.9862507989934852,True,2.986250798993485,2.220446049250313e-14,,3.14.4,"Intel64 Family 6 Model 186 Stepping 3, GenuineIntel",Windows-11-10.0.26200-SP0
uniform2d_n10_instance202609,10,202609,8,qubo_sa,iterations,100,1,100,10000,1000,10000,0.14569200000551064,3.8990548921316757,True,2.986250798993485,30.566893224301573,,3.14.4,"Intel64 Family 6 Model 186 Stepping 3, GenuineIntel",Windows-11-10.0.26200-SP0
uniform2d_n10_instance202609,10,202609,8,qubo_sa_swap,iterations,100,1,100,10000,1000,10000,0.2059337999962736,2.986250798993485,True,2.986250798993485,0.0,,3.14.4,"Intel64 Family 6 Model 186 Stepping 3, GenuineIntel",Windows-11-10.0.26200-SP0
uniform2d_n10_instance202609,10,202609,9,two_opt,iterations,100,1,100,10000,1000,10000,0.11888480000197887,2.9862507989934852,True,2.986250798993485,2.220446049250313e-14,,3.14.4,"Intel64 Family 6 Model 186 Stepping 3, GenuineIntel",Windows-11-10.0.26200-SP0
uniform2d_n10_instance202609,10,202609,9,qubo_sa,iterations,100,1,100,10000,1000,10000,0.14315129999886267,3.9647631095664835,True,2.986250798993485,32.76725152833131,,3.14.4,"Intel64 Family 6 Model 186 Stepping 3, GenuineIntel",Windows-11-10.0.26200-SP0
uniform2d_n10_instance202609,10,202609,9,qubo_sa_swap,iterations,100,1,100,10000,1000,10000,0.20592300000134856,2.9862507989934857,True,2.986250798993485,2.220446049250313e-14,,3.14.4,"Intel64 Family 6 Model 186 Stepping 3, GenuineIntel",Windows-11-10.0.26200-SP0
uniform2d_n15_instance202600,15,202600,0,two_opt,iterations,100,1,225,22500,1500,22500,0.3441160000002128,3.5128431665726145,True,3.512843166572615,0.0,,3.14.4,"Intel64 Family 6 Model 186 Stepping 3, GenuineIntel",Windows-11-10.0.26200-SP0
uniform2d_n15_instance202600,15,202600,0,qubo_sa,iterations,100,1,225,22500,1500,22500,0.3598794999998063,6.845239337229937,True,3.512843166572615,94.86322083398473,,3.14.4,"Intel64 Family 6 Model 186 Stepping 3, GenuineIntel",Windows-11-10.0.26200-SP0
uniform2d_n15_instance202600,15,202600,0,qubo_sa_swap,iterations,100,1,225,22500,1500,22500,0.47309799999493407,3.512843166572615,True,3.512843166572615,0.0,,3.14.4,"Intel64 Family 6 Model 186 Stepping 3, GenuineIntel",Windows-11-10.0.26200-SP0
uniform2d_n15_instance202600,15,202600,1,two_opt,iterations,100,1,225,22500,1500,22500,0.3416762999986531,3.5128431665726145,True,3.512843166572615,0.0,,3.14.4,"Intel64 Family 6 Model 186 Stepping 3, GenuineIntel",Windows-11-10.0.26200-SP0
uniform2d_n15_instance202600,15,202600,1,qubo_sa,iterations,100,1,225,22500,1500,22500,0.36196059999929275,5.641363627942656,True,3.512843166572615,60.59252748954292,,3.14.4,"Intel64 Family 6 Model 186 Stepping 3, GenuineIntel",Windows-11-10.0.26200-SP0
uniform2d_n15_instance202600,15,202600,1,qubo_sa_swap,iterations,100,1,225,22500,1500,22500,0.48515629999747034,3.512843166572615,True,3.512843166572615,0.0,,3.14.4,"Intel64 Family 6 Model 186 Stepping 3, GenuineIntel",Windows-11-10.0.26200-SP0
uniform2d_n15_instance202600,15,202600,2,two_opt,iterations,100,1,225,22500,1500,22500,0.3355966000017361,3.5128431665726145,True,3.512843166572615,0.0,,3.14.4,"Intel64 Family 6 Model 186 Stepping 3, GenuineIntel",Windows-11-10.0.26200-SP0
uniform2d_n15_instance202600,15,202600,2,qubo_sa,iterations,100,1,225,22500,1500,22500,0.3602570000002743,4.8596790609045835,True,3.512843166572615,38.34033660107974,,3.14.4,"Intel64 Family 6 Model 186 Stepping 3, GenuineIntel",Windows-11-10.0.26200-SP0
uniform2d_n15_instance202600,15,202600,2,qubo_sa_swap,iterations,100,1,225,22500,1500,22500,0.4725562000021455,3.5560073637074234,True,3.512843166572615,1.2287538921620156,,3.14.4,"Intel64 Family 6 Model 186 Stepping 3, GenuineIntel",Windows-11-10.0.26200-SP0
uniform2d_n15_instance202600,15,202600,3,two_opt,iterations,100,1,225,22500,1500,22500,0.34350419999827864,3.5128431665726145,True,3.512843166572615,0.0,,3.14.4,"Intel64 Family 6 Model 186 Stepping 3, GenuineIntel",Windows-11-10.0.26200-SP0
uniform2d_n15_instance202600,15,202600,3,qubo_sa,iterations,100,1,225,22500,1500,22500,0.35521139999764273,5.248457061153602,True,3.512843166572615,49.407668156001925,,3.14.4,"Intel64 Family 6 Model 186 Stepping 3, GenuineIntel",Windows-11-10.0.26200-SP0
uniform2d_n15_instance202600,15,202600,3,qubo_sa_swap,iterations,100,1,225,22500,1500,22500,0.4677206999986083,3.5128431665726154,True,3.512843166572615,2.220446049250313e-14,,3.14.4,"Intel64 Family 6 Model 186 Stepping 3, GenuineIntel",Windows-11-10.0.26200-SP0
uniform2d_n15_instance202600,15,202600,4,two_opt,iterations,100,1,225,22500,1500,22500,0.3381076000005123,3.5128431665726145,True,3.512843166572615,0.0,,3.14.4,"Intel64 Family 6 Model 186 Stepping 3, GenuineIntel",Windows-11-10.0.26200-SP0
uniform2d_n15_instance202600,15,202600,4,qubo_sa,iterations,100,1,225,22500,1500,22500,0.36126250000233995,6.243903620872619,True,3.512843166572615,77.74501521411857,,3.14.4,"Intel64 Family 6 Model 186 Stepping 3, GenuineIntel",Windows-11-10.0.26200-SP0
uniform2d_n15_instance202600,15,202600,4,qubo_sa_swap,iterations,100,1,225,22500,1500,22500,0.4735634000026039,3.5128431665726154,True,3.512843166572615,2.220446049250313e-14,,3.14.4,"Intel64 Family 6 Model 186 Stepping 3, GenuineIntel",Windows-11-10.0.26200-SP0
uniform2d_n15_instance202600,15,202600,5,two_opt,iterations,100,1,225,22500,1500,22500,0.34252830000332324,3.5128431665726145,True,3.512843166572615,0.0,,3.14.4,"Intel64 Family 6 Model 186 Stepping 3, GenuineIntel",Windows-11-10.0.26200-SP0
uniform2d_n15_instance202600,15,202600,5,qubo_sa,iterations,100,1,225,22500,1500,22500,0.3510037000014563,5.739782049593181,True,3.512843166572615,63.39420171704759,,3.14.4,"Intel64 Family 6 Model 186 Stepping 3, GenuineIntel",Windows-11-10.0.26200-SP0
uniform2d_n15_instance202600,15,202600,5,qubo_sa_swap,iterations,100,1,225,22500,1500,22500,0.47146839999913936,3.512843166572615,True,3.512843166572615,0.0,,3.14.4,"Intel64 Family 6 Model 186 Stepping 3, GenuineIntel",Windows-11-10.0.26200-SP0
uniform2d_n15_instance202600,15,202600,6,two_opt,iterations,100,1,225,22500,1500,22500,0.3380116000043927,3.5128431665726145,True,3.512843166572615,0.0,,3.14.4,"Intel64 Family 6 Model 186 Stepping 3, GenuineIntel",Windows-11-10.0.26200-SP0
uniform2d_n15_instance202600,15,202600,6,qubo_sa,iterations,100,1,225,22500,1500,22500,0.3558582000041497,4.3922351607501104,True,3.512843166572615,25.03362525676016,,3.14.4,"Intel64 Family 6 Model 186 Stepping 3, GenuineIntel",Windows-11-10.0.26200-SP0
uniform2d_n15_instance202600,15,202600,6,qubo_sa_swap,iterations,100,1,225,22500,1500,22500,0.47146470000006957,3.552243532777497,True,3.512843166572615,1.1216090311063853,,3.14.4,"Intel64 Family 6 Model 186 Stepping 3, GenuineIntel",Windows-11-10.0.26200-SP0
uniform2d_n15_instance202600,15,202600,7,two_opt,iterations,100,1,225,22500,1500,22500,0.33865700000023935,3.5128431665726145,True,3.512843166572615,0.0,,3.14.4,"Intel64 Family 6 Model 186 Stepping 3, GenuineIntel",Windows-11-10.0.26200-SP0
uniform2d_n15_instance202600,15,202600,7,qubo_sa,iterations,100,1,225,22500,1500,22500,0.3478380000015022,6.2697531113580505,True,3.512843166572615,78.48087187664791,,3.14.4,"Intel64 Family 6 Model 186 Stepping 3, GenuineIntel",Windows-11-10.0.26200-SP0
uniform2d_n15_instance202600,15,202600,7,qubo_sa_swap,iterations,100,1,225,22500,1500,22500,0.4714917000019341,3.512843166572615,True,3.512843166572615,0.0,,3.14.4,"Intel64 Family 6 Model 186 Stepping 3, GenuineIntel",Windows-11-10.0.26200-SP0
uniform2d_n15_instance202600,15,202600,8,two_opt,iterations,100,1,225,22500,1500,22500,0.33200789999682456,3.5128431665726145,True,3.512843166572615,0.0,,3.14.4,"Intel64 Family 6 Model 186 Stepping 3, GenuineIntel",Windows-11-10.0.26200-SP0
uniform2d_n15_instance202600,15,202600,8,qubo_sa,iterations,100,1,225,22500,1500,22500,0.35754529999394435,5.540220481004344,True,3.512843166572615,57.71328858981728,,3.14.4,"Intel64 Family 6 Model 186 Stepping 3, GenuineIntel",Windows-11-10.0.26200-SP0
uniform2d_n15_instance202600,15,202600,8,qubo_sa_swap,iterations,100,1,225,22500,1500,22500,0.47514879999653203,3.512843166572615,True,3.512843166572615,0.0,,3.14.4,"Intel64 Family 6 Model 186 Stepping 3, GenuineIntel",Windows-11-10.0.26200-SP0
uniform2d_n15_instance202600,15,202600,9,two_opt,iterations,100,1,225,22500,1500,22500,0.3369918000025791,3.5128431665726145,True,3.512843166572615,0.0,,3.14.4,"Intel64 Family 6 Model 186 Stepping 3, GenuineIntel",Windows-11-10.0.26200-SP0
uniform2d_n15_instance202600,15,202600,9,qubo_sa,iterations,100,1,225,22500,1500,22500,0.35090520000085235,5.383891585484363,True,3.512843166572615,53.26307865708901,,3.14.4,"Intel64 Family 6 Model 186 Stepping 3, GenuineIntel",Windows-11-10.0.26200-SP0
uniform2d_n15_instance202600,15,202600,9,qubo_sa_swap,iterations,100,1,225,22500,1500,22500,0.47296239999559475,3.5560073637074234,True,3.512843166572615,1.2287538921620156,,3.14.4,"Intel64 Family 6 Model 186 Stepping 3, GenuineIntel",Windows-11-10.0.26200-SP0
uniform2d_n15_instance202601,15,202601,0,two_opt,iterations,100,1,225,22500,1500,22500,0.3350445000032778,2.607566118276867,True,2.6075661182768672,0.0,,3.14.4,"Intel64 Family 6 Model 186 Stepping 3, GenuineIntel",Windows-11-10.0.26200-SP0
uniform2d_n15_instance202601,15,202601,0,qubo_sa,iterations,100,1,225,22500,1500,22500,0.35600759999942966,4.486988429681137,True,2.6075661182768672,72.07572986284354,,3.14.4,"Intel64 Family 6 Model 186 Stepping 3, GenuineIntel",Windows-11-10.0.26200-SP0
uniform2d_n15_instance202601,15,202601,0,qubo_sa_swap,iterations,100,1,225,22500,1500,22500,0.47589329999755137,2.6075661182768677,True,2.6075661182768672,2.220446049250313e-14,,3.14.4,"Intel64 Family 6 Model 186 Stepping 3, GenuineIntel",Windows-11-10.0.26200-SP0
uniform2d_n15_instance202601,15,202601,1,two_opt,iterations,100,1,225,22500,1500,22500,0.33771400000114227,2.607566118276867,True,2.6075661182768672,0.0,,3.14.4,"Intel64 Family 6 Model 186 Stepping 3, GenuineIntel",Windows-11-10.0.26200-SP0
uniform2d_n15_instance202601,15,202601,1,qubo_sa,iterations,100,1,225,22500,1500,22500,0.3514415999961784,3.938214272350927,True,2.6075661182768672,51.03027473578998,,3.14.4,"Intel64 Family 6 Model 186 Stepping 3, GenuineIntel",Windows-11-10.0.26200-SP0
uniform2d_n15_instance202601,15,202601,1,qubo_sa_swap,iterations,100,1,225,22500,1500,22500,0.47072949999710545,2.6075661182768677,True,2.6075661182768672,2.220446049250313e-14,,3.14.4,"Intel64 Family 6 Model 186 Stepping 3, GenuineIntel",Windows-11-10.0.26200-SP0
uniform2d_n15_instance202601,15,202601,2,two_opt,iterations,100,1,225,22500,1500,22500,0.3360915000012028,2.607566118276867,True,2.6075661182768672,0.0,,3.14.4,"Intel64 Family 6 Model 186 Stepping 3, GenuineIntel",Windows-11-10.0.26200-SP0
uniform2d_n15_instance202601,15,202601,2,qubo_sa,iterations,100,1,225,22500,1500,22500,0.3555962000027648,4.779148181819869,True,2.6075661182768672,83.28003835922009,,3.14.4,"Intel64 Family 6 Model 186 Stepping 3, GenuineIntel",Windows-11-10.0.26200-SP0
uniform2d_n15_instance202601,15,202601,2,qubo_sa_swap,iterations,100,1,225,22500,1500,22500,0.47838380000030156,2.6075661182768672,True,2.6075661182768672,0.0,,3.14.4,"Intel64 Family 6 Model 186 Stepping 3, GenuineIntel",Windows-11-10.0.26200-SP0
uniform2d_n15_instance202601,15,202601,3,two_opt,iterations,100,1,225,22500,1500,22500,0.3335451999955694,2.607566118276867,True,2.6075661182768672,0.0,,3.14.4,"Intel64 Family 6 Model 186 Stepping 3, GenuineIntel",Windows-11-10.0.26200-SP0
uniform2d_n15_instance202601,15,202601,3,qubo_sa,iterations,100,1,225,22500,1500,22500,0.363881000004767,4.3717205543353135,True,2.6075661182768672,67.65521394426753,,3.14.4,"Intel64 Family 6 Model 186 Stepping 3, GenuineIntel",Windows-11-10.0.26200-SP0
uniform2d_n15_instance202601,15,202601,3,qubo_sa_swap,iterations,100,1,225,22500,1500,22500,0.4727820999978576,2.6075661182768677,True,2.6075661182768672,2.220446049250313e-14,,3.14.4,"Intel64 Family 6 Model 186 Stepping 3, GenuineIntel",Windows-11-10.0.26200-SP0
uniform2d_n15_instance202601,15,202601,4,two_opt,iterations,100,1,225,22500,1500,22500,0.3343477999951574,2.607566118276867,True,2.6075661182768672,0.0,,3.14.4,"Intel64 Family 6 Model 186 Stepping 3, GenuineIntel",Windows-11-10.0.26200-SP0
uniform2d_n15_instance202601,15,202601,4,qubo_sa,iterations,100,1,225,22500,1500,22500,0.35334779999539023,5.089350849551725,True,2.6075661182768672,95.17629155708124,,3.14.4,"Intel64 Family 6 Model 186 Stepping 3, GenuineIntel",Windows-11-10.0.26200-SP0
uniform2d_n15_instance202601,15,202601,4,qubo_sa_swap,iterations,100,1,225,22500,1500,22500,0.4712546000009752,2.6075661182768677,True,2.6075661182768672,2.220446049250313e-14,,3.14.4,"Intel64 Family 6 Model 186 Stepping 3, GenuineIntel",Windows-11-10.0.26200-SP0
uniform2d_n15_instance202601,15,202601,5,two_opt,iterations,100,1,225,22500,1500,22500,0.33914460000232793,2.607566118276867,True,2.6075661182768672,0.0,,3.14.4,"Intel64 Family 6 Model 186 Stepping 3, GenuineIntel",Windows-11-10.0.26200-SP0
uniform2d_n15_instance202601,15,202601,5,qubo_sa,iterations,100,1,225,22500,1500,22500,0.3542565000025206,4.757480123864081,True,2.6075661182768672,82.4490696714498,,3.14.4,"Intel64 Family 6 Model 186 Stepping 3, GenuineIntel",Windows-11-10.0.26200-SP0
uniform2d_n15_instance202601,15,202601,5,qubo_sa_swap,iterations,100,1,225,22500,1500,22500,0.4750966999999946,2.6075661182768677,True,2.6075661182768672,2.220446049250313e-14,,3.14.4,"Intel64 Family 6 Model 186 Stepping 3, GenuineIntel",Windows-11-10.0.26200-SP0
uniform2d_n15_instance202601,15,202601,6,two_opt,iterations,100,1,225,22500,1500,22500,0.3371583999978611,2.607566118276867,True,2.6075661182768672,0.0,,3.14.4,"Intel64 Family 6 Model 186 Stepping 3, GenuineIntel",Windows-11-10.0.26200-SP0
uniform2d_n15_instance202601,15,202601,6,qubo_sa,iterations,100,1,225,22500,1500,22500,0.35614910000003874,4.764379182210641,True,2.6075661182768672,82.71364813403235,,3.14.4,"Intel64 Family 6 Model 186 Stepping 3, GenuineIntel",Windows-11-10.0.26200-SP0
uniform2d_n15_instance202601,15,202601,6,qubo_sa_swap,iterations,100,1,225,22500,1500,22500,0.47043509999639355,2.6075661182768672,True,2.6075661182768672,0.0,,3.14.4,"Intel64 Family 6 Model 186 Stepping 3, GenuineIntel",Windows-11-10.0.26200-SP0
uniform2d_n15_instance202601,15,202601,7,two_opt,iterations,100,1,225,22500,1500,22500,0.3383434999996098,2.607566118276867,True,2.6075661182768672,0.0,,3.14.4,"Intel64 Family 6 Model 186 Stepping 3, GenuineIntel",Windows-11-10.0.26200-SP0
uniform2d_n15_instance202601,15,202601,7,qubo_sa,iterations,100,1,225,22500,1500,22500,0.35674749999452615,4.2397631451461,True,2.6075661182768672,62.59465543093581,,3.14.4,"Intel64 Family 6 Model 186 Stepping 3, GenuineIntel",Windows-11-10.0.26200-SP0
uniform2d_n15_instance202601,15,202601,7,qubo_sa_swap,iterations,100,1,225,22500,1500,22500,0.472025199997006,2.6075661182768677,True,2.6075661182768672,2.220446049250313e-14,,3.14.4,"Intel64 Family 6 Model 186 Stepping 3, GenuineIntel",Windows-11-10.0.26200-SP0
uniform2d_n15_instance202601,15,202601,8,two_opt,iterations,100,1,225,22500,1500,22500,0.33962249999603955,2.607566118276867,True,2.6075661182768672,0.0,,3.14.4,"Intel64 Family 6 Model 186 Stepping 3, GenuineIntel",Windows-11-10.0.26200-SP0
uniform2d_n15_instance202601,15,202601,8,qubo_sa,iterations,100,1,225,22500,1500,22500,0.35693170000013197,4.9654042949843396,True,2.6075661182768672,90.42294882499777,,3.14.4,"Intel64 Family 6 Model 186 Stepping 3, GenuineIntel",Windows-11-10.0.26200-SP0
uniform2d_n15_instance202601,15,202601,8,qubo_sa_swap,iterations,100,1,225,22500,1500,22500,0.4831599000026472,2.6075661182768672,True,2.6075661182768672,0.0,,3.14.4,"Intel64 Family 6 Model 186 Stepping 3, GenuineIntel",Windows-11-10.0.26200-SP0
uniform2d_n15_instance202601,15,202601,9,two_opt,iterations,100,1,225,22500,1500,22500,0.3377547999989474,2.607566118276867,True,2.6075661182768672,0.0,,3.14.4,"Intel64 Family 6 Model 186 Stepping 3, GenuineIntel",Windows-11-10.0.26200-SP0
uniform2d_n15_instance202601,15,202601,9,qubo_sa,iterations,100,1,225,22500,1500,22500,0.3524883999998565,4.529583238232877,True,2.6075661182768672,73.70923814680172,,3.14.4,"Intel64 Family 6 Model 186 Stepping 3, GenuineIntel",Windows-11-10.0.26200-SP0
uniform2d_n15_instance202601,15,202601,9,qubo_sa_swap,iterations,100,1,225,22500,1500,22500,0.47375579999788897,2.6075661182768677,True,2.6075661182768672,2.220446049250313e-14,,3.14.4,"Intel64 Family 6 Model 186 Stepping 3, GenuineIntel",Windows-11-10.0.26200-SP0
uniform2d_n15_instance202602,15,202602,0,two_opt,iterations,100,1,225,22500,1500,22500,0.336657899999409,3.106722251587541,True,3.1067222515875415,0.0,,3.14.4,"Intel64 Family 6 Model 186 Stepping 3, GenuineIntel",Windows-11-10.0.26200-SP0
uniform2d_n15_instance202602,15,202602,0,qubo_sa,iterations,100,1,225,22500,1500,22500,0.3521290999997291,5.029000292448245,True,3.1067222515875415,61.87479553018991,,3.14.4,"Intel64 Family 6 Model 186 Stepping 3, GenuineIntel",Windows-11-10.0.26200-SP0
uniform2d_n15_instance202602,15,202602,0,qubo_sa_swap,iterations,100,1,225,22500,1500,22500,0.4723929000028875,3.1067222515875415,True,3.1067222515875415,0.0,,3.14.4,"Intel64 Family 6 Model 186 Stepping 3, GenuineIntel",Windows-11-10.0.26200-SP0
uniform2d_n15_instance202602,15,202602,1,two_opt,iterations,100,1,225,22500,1500,22500,0.3404907000003732,3.106722251587541,True,3.1067222515875415,0.0,,3.14.4,"Intel64 Family 6 Model 186 Stepping 3, GenuineIntel",Windows-11-10.0.26200-SP0
uniform2d_n15_instance202602,15,202602,1,qubo_sa,iterations,100,1,225,22500,1500,22500,0.3535096999985399,4.79168849412739,True,3.1067222515875415,54.23614041064751,,3.14.4,"Intel64 Family 6 Model 186 Stepping 3, GenuineIntel",Windows-11-10.0.26200-SP0
uniform2d_n15_instance202602,15,202602,1,qubo_sa_swap,iterations,100,1,225,22500,1500,22500,0.471673500003817,3.3179170980312334,True,3.1067222515875415,6.797995744092367,,3.14.4,"Intel64 Family 6 Model 186 Stepping 3, GenuineIntel",Windows-11-10.0.26200-SP0
uniform2d_n15_instance202602,15,202602,2,two_opt,iterations,100,1,225,22500,1500,22500,0.34468989999732,3.106722251587541,True,3.1067222515875415,0.0,,3.14.4,"Intel64 Family 6 Model 186 Stepping 3, GenuineIntel",Windows-11-10.0.26200-SP0
uniform2d_n15_instance202602,15,202602,2,qubo_sa,iterations,100,1,225,22500,1500,22500,0.3496039999954519,4.892965879915227,True,3.1067222515875415,57.496083771727946,,3.14.4,"Intel64 Family 6 Model 186 Stepping 3, GenuineIntel",Windows-11-10.0.26200-SP0
uniform2d_n15_instance202602,15,202602,2,qubo_sa_swap,iterations,100,1,225,22500,1500,22500,0.4702975000036531,3.2117772095754837,True,3.1067222515875415,3.38153685718956,,3.14.4,"Intel64 Family 6 Model 186 Stepping 3, GenuineIntel",Windows-11-10.0.26200-SP0
uniform2d_n15_instance202602,15,202602,3,two_opt,iterations,100,1,225,22500,1500,22500,0.34075960000336636,3.106722251587541,True,3.1067222515875415,0.0,,3.14.4,"Intel64 Family 6 Model 186 Stepping 3, GenuineIntel",Windows-11-10.0.26200-SP0
uniform2d_n15_instance202602,15,202602,3,qubo_sa,iterations,100,1,225,22500,1500,22500,0.3448504999978468,5.798322026759112,True,3.1067222515875415,86.63792760347849,,3.14.4,"Intel64 Family 6 Model 186 Stepping 3, GenuineIntel",Windows-11-10.0.26200-SP0
uniform2d_n15_instance202602,15,202602,3,qubo_sa_swap,iterations,100,1,225,22500,1500,22500,0.47011389999534003,3.2371311195487245,True,3.1067222515875415,4.197635237412811,,3.14.4,"Intel64 Family 6 Model 186 Stepping 3, GenuineIntel",Windows-11-10.0.26200-SP0
uniform2d_n15_instance202602,15,202602,4,two_opt,iterations,100,1,225,22500,1500,22500,0.3387683000037214,3.106722251587541,True,3.1067222515875415,0.0,,3.14.4,"Intel64 Family 6 Model 186 Stepping 3, GenuineIntel",Windows-11-10.0.26200-SP0
uniform2d_n15_instance202602,15,202602,4,qubo_sa,iterations,100,1,225,22500,1500,22500,0.3552897999979905,4.305780659925276,True,3.1067222515875415,38.595610139432736,,3.14.4,"Intel64 Family 6 Model 186 Stepping 3, GenuineIntel",Windows-11-10.0.26200-SP0
uniform2d_n15_instance202602,15,202602,4,qubo_sa_swap,iterations,100,1,225,22500,1500,22500,0.4792518000031123,3.2371311195487245,True,3.1067222515875415,4.197635237412811,,3.14.4,"Intel64 Family 6 Model 186 Stepping 3, GenuineIntel",Windows-11-10.0.26200-SP0
uniform2d_n15_instance202602,15,202602,5,two_opt,iterations,100,1,225,22500,1500,22500,0.33659130000160076,3.106722251587541,True,3.1067222515875415,0.0,,3.14.4,"Intel64 Family 6 Model 186 Stepping 3, GenuineIntel",Windows-11-10.0.26200-SP0
uniform2d_n15_instance202602,15,202602,5,qubo_sa,iterations,100,1,225,22500,1500,22500,0.3517848000046797,4.9066254155184,True,3.1067222515875415,57.93576052738878,,3.14.4,"Intel64 Family 6 Model 186 Stepping 3, GenuineIntel",Windows-11-10.0.26200-SP0
uniform2d_n15_instance202602,15,202602,5,qubo_sa_swap,iterations,100,1,225,22500,1500,22500,0.4716383000049973,3.2117772095754837,True,3.1067222515875415,3.38153685718956,,3.14.4,"Intel64 Family 6 Model 186 Stepping 3, GenuineIntel",Windows-11-10.0.26200-SP0
uniform2d_n15_instance202602,15,202602,6,two_opt,iterations,100,1,225,22500,1500,22500,0.3407156000030227,3.106722251587541,True,3.1067222515875415,0.0,,3.14.4,"Intel64 Family 6 Model 186 Stepping 3, GenuineIntel",Windows-11-10.0.26200-SP0
uniform2d_n15_instance202602,15,202602,6,qubo_sa,iterations,100,1,225,22500,1500,22500,0.3583937000003061,5.977491942441388,True,3.1067222515875415,92.40509638049804,,3.14.4,"Intel64 Family 6 Model 186 Stepping 3, GenuineIntel",Windows-11-10.0.26200-SP0
uniform2d_n15_instance202602,15,202602,6,qubo_sa_swap,iterations,100,1,225,22500,1500,22500,0.47925319999922067,3.2371311195487245,True,3.1067222515875415,4.197635237412811,,3.14.4,"Intel64 Family 6 Model 186 Stepping 3, GenuineIntel",Windows-11-10.0.26200-SP0
uniform2d_n15_instance202602,15,202602,7,two_opt,iterations,100,1,225,22500,1500,22500,0.3342149999953108,3.106722251587541,True,3.1067222515875415,0.0,,3.14.4,"Intel64 Family 6 Model 186 Stepping 3, GenuineIntel",Windows-11-10.0.26200-SP0
uniform2d_n15_instance202602,15,202602,7,qubo_sa,iterations,100,1,225,22500,1500,22500,0.35444360000110464,6.327267580639014,True,3.1067222515875415,103.66376741293068,,3.14.4,"Intel64 Family 6 Model 186 Stepping 3, GenuineIntel",Windows-11-10.0.26200-SP0
uniform2d_n15_instance202602,15,202602,7,qubo_sa_swap,iterations,100,1,225,22500,1500,22500,0.4725332000016351,3.2117772095754837,True,3.1067222515875415,3.38153685718956,,3.14.4,"Intel64 Family 6 Model 186 Stepping 3, GenuineIntel",Windows-11-10.0.26200-SP0
uniform2d_n15_instance202602,15,202602,8,two_opt,iterations,100,1,225,22500,1500,22500,0.34122670000215294,3.106722251587541,True,3.1067222515875415,0.0,,3.14.4,"Intel64 Family 6 Model 186 Stepping 3, GenuineIntel",Windows-11-10.0.26200-SP0
uniform2d_n15_instance202602,15,202602,8,qubo_sa,iterations,100,1,225,22500,1500,22500,0.35042909999901894,5.452083852127744,True,3.1067222515875415,75.49312138675153,,3.14.4,"Intel64 Family 6 Model 186 Stepping 3, GenuineIntel",Windows-11-10.0.26200-SP0
uniform2d_n15_instance202602,15,202602,8,qubo_sa_swap,iterations,100,1,225,22500,1500,22500,0.47662839999975404,3.2117772095754837,True,3.1067222515875415,3.38153685718956,,3.14.4,"Intel64 Family 6 Model 186 Stepping 3, GenuineIntel",Windows-11-10.0.26200-SP0
uniform2d_n15_instance202602,15,202602,9,two_opt,iterations,100,1,225,22500,1500,22500,0.3382104000047548,3.106722251587541,True,3.1067222515875415,0.0,,3.14.4,"Intel64 Family 6 Model 186 Stepping 3, GenuineIntel",Windows-11-10.0.26200-SP0
uniform2d_n15_instance202602,15,202602,9,qubo_sa,iterations,100,1,225,22500,1500,22500,0.3641029999998864,4.9418499971845495,True,3.1067222515875415,59.06957870660159,,3.14.4,"Intel64 Family 6 Model 186 Stepping 3, GenuineIntel",Windows-11-10.0.26200-SP0
uniform2d_n15_instance202602,15,202602,9,qubo_sa_swap,iterations,100,1,225,22500,1500,22500,0.4806609000006574,3.538088628807572,True,3.1067222515875415,13.884935384861041,,3.14.4,"Intel64 Family 6 Model 186 Stepping 3, GenuineIntel",Windows-11-10.0.26200-SP0
uniform2d_n15_instance202603,15,202603,0,two_opt,iterations,100,1,225,22500,1500,22500,0.3585800000000745,3.329954562354086,True,3.3299545623540863,0.0,,3.14.4,"Intel64 Family 6 Model 186 Stepping 3, GenuineIntel",Windows-11-10.0.26200-SP0
uniform2d_n15_instance202603,15,202603,0,qubo_sa,iterations,100,1,225,22500,1500,22500,0.3506942000021809,5.377332539336541,True,3.3299545623540863,61.4836610723924,,3.14.4,"Intel64 Family 6 Model 186 Stepping 3, GenuineIntel",Windows-11-10.0.26200-SP0
uniform2d_n15_instance202603,15,202603,0,qubo_sa_swap,iterations,100,1,225,22500,1500,22500,0.46905189999961294,3.3299545623540863,True,3.3299545623540863,0.0,,3.14.4,"Intel64 Family 6 Model 186 Stepping 3, GenuineIntel",Windows-11-10.0.26200-SP0
uniform2d_n15_instance202603,15,202603,1,two_opt,iterations,100,1,225,22500,1500,22500,0.3389205999992555,3.329954562354086,True,3.3299545623540863,0.0,,3.14.4,"Intel64 Family 6 Model 186 Stepping 3, GenuineIntel",Windows-11-10.0.26200-SP0
uniform2d_n15_instance202603,15,202603,1,qubo_sa,iterations,100,1,225,22500,1500,22500,0.3567874000000302,5.172668767710303,True,3.3299545623540863,55.33751800065176,,3.14.4,"Intel64 Family 6 Model 186 Stepping 3, GenuineIntel",Windows-11-10.0.26200-SP0
uniform2d_n15_instance202603,15,202603,1,qubo_sa_swap,iterations,100,1,225,22500,1500,22500,0.4708494000005885,3.3299545623540863,True,3.3299545623540863,0.0,,3.14.4,"Intel64 Family 6 Model 186 Stepping 3, GenuineIntel",Windows-11-10.0.26200-SP0
uniform2d_n15_instance202603,15,202603,2,two_opt,iterations,100,1,225,22500,1500,22500,0.34921989999565994,3.329954562354086,True,3.3299545623540863,0.0,,3.14.4,"Intel64 Family 6 Model 186 Stepping 3, GenuineIntel",Windows-11-10.0.26200-SP0
uniform2d_n15_instance202603,15,202603,2,qubo_sa,iterations,100,1,225,22500,1500,22500,0.35986290000437293,5.154422631515805,True,3.3299545623540863,54.78957850619815,,3.14.4,"Intel64 Family 6 Model 186 Stepping 3, GenuineIntel",Windows-11-10.0.26200-SP0
uniform2d_n15_instance202603,15,202603,2,qubo_sa_swap,iterations,100,1,225,22500,1500,22500,0.4801738000023761,3.360753507087437,True,3.3299545623540863,0.9249058555194756,,3.14.4,"Intel64 Family 6 Model 186 Stepping 3, GenuineIntel",Windows-11-10.0.26200-SP0
uniform2d_n15_instance202603,15,202603,3,two_opt,iterations,100,1,225,22500,1500,22500,0.34529020000627497,3.329954562354086,True,3.3299545623540863,0.0,,3.14.4,"Intel64 Family 6 Model 186 Stepping 3, GenuineIntel",Windows-11-10.0.26200-SP0
uniform2d_n15_instance202603,15,202603,3,qubo_sa,iterations,100,1,225,22500,1500,22500,0.368884600000456,5.2063888075890254,True,3.3299545623540863,56.350145628065505,,3.14.4,"Intel64 Family 6 Model 186 Stepping 3, GenuineIntel",Windows-11-10.0.26200-SP0
uniform2d_n15_instance202603,15,202603,3,qubo_sa_swap,iterations,100,1,225,22500,1500,22500,0.4904284000003827,3.3299545623540863,True,3.3299545623540863,0.0,,3.14.4,"Intel64 Family 6 Model 186 Stepping 3, GenuineIntel",Windows-11-10.0.26200-SP0
uniform2d_n15_instance202603,15,202603,4,two_opt,iterations,100,1,225,22500,1500,22500,0.3407685999991372,3.329954562354086,True,3.3299545623540863,0.0,,3.14.4,"Intel64 Family 6 Model 186 Stepping 3, GenuineIntel",Windows-11-10.0.26200-SP0
uniform2d_n15_instance202603,15,202603,4,qubo_sa,iterations,100,1,225,22500,1500,22500,0.3619464000003063,5.003746945489121,True,3.3299545623540863,50.26472138862339,,3.14.4,"Intel64 Family 6 Model 186 Stepping 3, GenuineIntel",Windows-11-10.0.26200-SP0
uniform2d_n15_instance202603,15,202603,4,qubo_sa_swap,iterations,100,1,225,22500,1500,22500,0.4874342000039178,3.3299545623540863,True,3.3299545623540863,0.0,,3.14.4,"Intel64 Family 6 Model 186 Stepping 3, GenuineIntel",Windows-11-10.0.26200-SP0
uniform2d_n15_instance202603,15,202603,5,two_opt,iterations,100,1,225,22500,1500,22500,0.34190099999977974,3.329954562354086,True,3.3299545623540863,0.0,,3.14.4,"Intel64 Family 6 Model 186 Stepping 3, GenuineIntel",Windows-11-10.0.26200-SP0
uniform2d_n15_instance202603,15,202603,5,qubo_sa,iterations,100,1,225,22500,1500,22500,0.3548603000017465,5.304139571880279,True,3.3299545623540863,59.28564406988659,,3.14.4,"Intel64 Family 6 Model 186 Stepping 3, GenuineIntel",Windows-11-10.0.26200-SP0
uniform2d_n15_instance202603,15,202603,5,qubo_sa_swap,iterations,100,1,225,22500,1500,22500,0.46993149999616435,3.3299545623540863,True,3.3299545623540863,0.0,,3.14.4,"Intel64 Family 6 Model 186 Stepping 3, GenuineIntel",Windows-11-10.0.26200-SP0
uniform2d_n15_instance202603,15,202603,6,two_opt,iterations,100,1,225,22500,1500,22500,0.3447660000019823,3.329954562354086,True,3.3299545623540863,0.0,,3.14.4,"Intel64 Family 6 Model 186 Stepping 3, GenuineIntel",Windows-11-10.0.26200-SP0
uniform2d_n15_instance202603,15,202603,6,qubo_sa,iterations,100,1,225,22500,1500,22500,0.36953010000434006,5.744709325950648,True,3.3299545623540863,72.51614754435177,,3.14.4,"Intel64 Family 6 Model 186 Stepping 3, GenuineIntel",Windows-11-10.0.26200-SP0
uniform2d_n15_instance202603,15,202603,6,qubo_sa_swap,iterations,100,1,225,22500,1500,22500,0.47492840000631986,3.360753507087437,True,3.3299545623540863,0.9249058555194756,,3.14.4,"Intel64 Family 6 Model 186 Stepping 3, GenuineIntel",Windows-11-10.0.26200-SP0
uniform2d_n15_instance202603,15,202603,7,two_opt,iterations,100,1,225,22500,1500,22500,0.33984090000012657,3.329954562354086,True,3.3299545623540863,0.0,,3.14.4,"Intel64 Family 6 Model 186 Stepping 3, GenuineIntel",Windows-11-10.0.26200-SP0
uniform2d_n15_instance202603,15,202603,7,qubo_sa,iterations,100,1,225,22500,1500,22500,0.357879100003629,4.882192530343559,True,3.3299545623540863,46.61438884295557,,3.14.4,"Intel64 Family 6 Model 186 Stepping 3, GenuineIntel",Windows-11-10.0.26200-SP0
uniform2d_n15_instance202603,15,202603,7,qubo_sa_swap,iterations,100,1,225,22500,1500,22500,0.47804590000305325,3.3299545623540863,True,3.3299545623540863,0.0,,3.14.4,"Intel64 Family 6 Model 186 Stepping 3, GenuineIntel",Windows-11-10.0.26200-SP0
uniform2d_n15_instance202603,15,202603,8,two_opt,iterations,100,1,225,22500,1500,22500,0.3442353999998886,3.329954562354086,True,3.3299545623540863,0.0,,3.14.4,"Intel64 Family 6 Model 186 Stepping 3, GenuineIntel",Windows-11-10.0.26200-SP0
uniform2d_n15_instance202603,15,202603,8,qubo_sa,iterations,100,1,225,22500,1500,22500,0.35494939999625785,5.030268065326865,True,3.3299545623540863,51.06116228116804,,3.14.4,"Intel64 Family 6 Model 186 Stepping 3, GenuineIntel",Windows-11-10.0.26200-SP0
uniform2d_n15_instance202603,15,202603,8,qubo_sa_swap,iterations,100,1,225,22500,1500,22500,0.47303500000271015,3.3299545623540863,True,3.3299545623540863,0.0,,3.14.4,"Intel64 Family 6 Model 186 Stepping 3, GenuineIntel",Windows-11-10.0.26200-SP0
uniform2d_n15_instance202603,15,202603,9,two_opt,iterations,100,1,225,22500,1500,22500,0.33873550000134856,3.329954562354086,True,3.3299545623540863,0.0,,3.14.4,"Intel64 Family 6 Model 186 Stepping 3, GenuineIntel",Windows-11-10.0.26200-SP0
uniform2d_n15_instance202603,15,202603,9,qubo_sa,iterations,100,1,225,22500,1500,22500,0.3469025000013062,5.019321221938318,True,3.3299545623540863,50.73242375985896,,3.14.4,"Intel64 Family 6 Model 186 Stepping 3, GenuineIntel",Windows-11-10.0.26200-SP0
uniform2d_n15_instance202603,15,202603,9,qubo_sa_swap,iterations,100,1,225,22500,1500,22500,0.46746169999823906,3.360753507087437,True,3.3299545623540863,0.9249058555194756,,3.14.4,"Intel64 Family 6 Model 186 Stepping 3, GenuineIntel",Windows-11-10.0.26200-SP0
uniform2d_n15_instance202604,15,202604,0,two_opt,iterations,100,1,225,22500,1500,22500,0.33664499999576947,2.3954798695778288,True,2.3954798695778288,0.0,,3.14.4,"Intel64 Family 6 Model 186 Stepping 3, GenuineIntel",Windows-11-10.0.26200-SP0
uniform2d_n15_instance202604,15,202604,0,qubo_sa,iterations,100,1,225,22500,1500,22500,0.3556313999943086,4.268487617866207,True,2.3954798695778288,78.18925018219711,,3.14.4,"Intel64 Family 6 Model 186 Stepping 3, GenuineIntel",Windows-11-10.0.26200-SP0
uniform2d_n15_instance202604,15,202604,0,qubo_sa_swap,iterations,100,1,225,22500,1500,22500,0.46810880000703037,2.4712087026822878,True,2.3954798695778288,3.1613220409906884,,3.14.4,"Intel64 Family 6 Model 186 Stepping 3, GenuineIntel",Windows-11-10.0.26200-SP0
uniform2d_n15_instance202604,15,202604,1,two_opt,iterations,100,1,225,22500,1500,22500,0.3429281999997329,2.3954798695778288,True,2.3954798695778288,0.0,,3.14.4,"Intel64 Family 6 Model 186 Stepping 3, GenuineIntel",Windows-11-10.0.26200-SP0
uniform2d_n15_instance202604,15,202604,1,qubo_sa,iterations,100,1,225,22500,1500,22500,0.35289770000235876,4.410531393688079,True,2.3954798695778288,84.11890868719244,,3.14.4,"Intel64 Family 6 Model 186 Stepping 3, GenuineIntel",Windows-11-10.0.26200-SP0
uniform2d_n15_instance202604,15,202604,1,qubo_sa_swap,iterations,100,1,225,22500,1500,22500,0.46841000000131316,2.49455718496407,True,2.3954798695778288,4.136011186923572,,3.14.4,"Intel64 Family 6 Model 186 Stepping 3, GenuineIntel",Windows-11-10.0.26200-SP0
uniform2d_n15_instance202604,15,202604,2,two_opt,iterations,100,1,225,22500,1500,22500,0.3384330000044429,2.3954798695778288,True,2.3954798695778288,0.0,,3.14.4,"Intel64 Family 6 Model 186 Stepping 3, GenuineIntel",Windows-11-10.0.26200-SP0
uniform2d_n15_instance202604,15,202604,2,qubo_sa,iterations,100,1,225,22500,1500,22500,0.3514246999984607,4.113456123531507,True,2.3954798695778288,71.71741561144694,,3.14.4,"Intel64 Family 6 Model 186 Stepping 3, GenuineIntel",Windows-11-10.0.26200-SP0
uniform2d_n15_instance202604,15,202604,2,qubo_sa_swap,iterations,100,1,225,22500,1500,22500,0.47671010000340175,2.471208702682288,True,2.3954798695778288,3.1613220409907106,,3.14.4,"Intel64 Family 6 Model 186 Stepping 3, GenuineIntel",Windows-11-10.0.26200-SP0
uniform2d_n15_instance202604,15,202604,3,two_opt,iterations,100,1,225,22500,1500,22500,0.33217490000242833,2.3954798695778288,True,2.3954798695778288,0.0,,3.14.4,"Intel64 Family 6 Model 186 Stepping 3, GenuineIntel",Windows-11-10.0.26200-SP0
uniform2d_n15_instance202604,15,202604,3,qubo_sa,iterations,100,1,225,22500,1500,22500,0.35318359999655513,4.019932468651645,True,2.3954798695778288,67.813243588647,,3.14.4,"Intel64 Family 6 Model 186 Stepping 3, GenuineIntel",Windows-11-10.0.26200-SP0
uniform2d_n15_instance202604,15,202604,3,qubo_sa_swap,iterations,100,1,225,22500,1500,22500,0.47127399999590125,2.3954798695778288,True,2.3954798695778288,0.0,,3.14.4,"Intel64 Family 6 Model 186 Stepping 3, GenuineIntel",Windows-11-10.0.26200-SP0
uniform2d_n15_instance202604,15,202604,4,two_opt,iterations,100,1,225,22500,1500,22500,0.3372338999979547,2.3954798695778288,True,2.3954798695778288,0.0,,3.14.4,"Intel64 Family 6 Model 186 Stepping 3, GenuineIntel",Windows-11-10.0.26200-SP0
uniform2d_n15_instance202604,15,202604,4,qubo_sa,iterations,100,1,225,22500,1500,22500,0.3548425999979372,3.664840775614635,True,2.3954798695778288,52.989838159671706,,3.14.4,"Intel64 Family 6 Model 186 Stepping 3, GenuineIntel",Windows-11-10.0.26200-SP0
uniform2d_n15_instance202604,15,202604,4,qubo_sa_swap,iterations,100,1,225,22500,1500,22500,0.46903710000333376,2.4308416352953732,True,2.3954798695778288,1.4761871375599034,,3.14.4,"Intel64 Family 6 Model 186 Stepping 3, GenuineIntel",Windows-11-10.0.26200-SP0
uniform2d_n15_instance202604,15,202604,5,two_opt,iterations,100,1,225,22500,1500,22500,0.3457014999949024,2.3954798695778288,True,2.3954798695778288,0.0,,3.14.4,"Intel64 Family 6 Model 186 Stepping 3, GenuineIntel",Windows-11-10.0.26200-SP0
uniform2d_n15_instance202604,15,202604,5,qubo_sa,iterations,100,1,225,22500,1500,22500,0.35809010000230046,3.5681469387699383,True,2.3954798695778288,48.95332597383823,,3.14.4,"Intel64 Family 6 Model 186 Stepping 3, GenuineIntel",Windows-11-10.0.26200-SP0
uniform2d_n15_instance202604,15,202604,5,qubo_sa_swap,iterations,100,1,225,22500,1500,22500,0.471657399997639,2.428565453829412,True,2.3954798695778288,1.3811672839235456,,3.14.4,"Intel64 Family 6 Model 186 Stepping 3, GenuineIntel",Windows-11-10.0.26200-SP0
uniform2d_n15_instance202604,15,202604,6,two_opt,iterations,100,1,225,22500,1500,22500,0.3401531999988947,2.3954798695778288,True,2.3954798695778288,0.0,,3.14.4,"Intel64 Family 6 Model 186 Stepping 3, GenuineIntel",Windows-11-10.0.26200-SP0
uniform2d_n15_instance202604,15,202604,6,qubo_sa,iterations,100,1,225,22500,1500,22500,0.35195950000343146,4.131584923166975,True,2.3954798695778288,72.47420759562098,,3.14.4,"Intel64 Family 6 Model 186 Stepping 3, GenuineIntel",Windows-11-10.0.26200-SP0
uniform2d_n15_instance202604,15,202604,6,qubo_sa_swap,iterations,100,1,225,22500,1500,22500,0.47115930000290973,2.471208702682288,True,2.3954798695778288,3.1613220409907106,,3.14.4,"Intel64 Family 6 Model 186 Stepping 3, GenuineIntel",Windows-11-10.0.26200-SP0
uniform2d_n15_instance202604,15,202604,7,two_opt,iterations,100,1,225,22500,1500,22500,0.3358866999988095,2.3954798695778288,True,2.3954798695778288,0.0,,3.14.4,"Intel64 Family 6 Model 186 Stepping 3, GenuineIntel",Windows-11-10.0.26200-SP0
uniform2d_n15_instance202604,15,202604,7,qubo_sa,iterations,100,1,225,22500,1500,22500,0.3526274999967427,4.5610332849927975,True,2.3954798695778288,90.4016536693593,,3.14.4,"Intel64 Family 6 Model 186 Stepping 3, GenuineIntel",Windows-11-10.0.26200-SP0
uniform2d_n15_instance202604,15,202604,7,qubo_sa_swap,iterations,100,1,225,22500,1500,22500,0.4704926999984309,2.3954798695778288,True,2.3954798695778288,0.0,,3.14.4,"Intel64 Family 6 Model 186 Stepping 3, GenuineIntel",Windows-11-10.0.26200-SP0
uniform2d_n15_instance202604,15,202604,8,two_opt,iterations,100,1,225,22500,1500,22500,0.33963889999722596,2.3954798695778288,True,2.3954798695778288,0.0,,3.14.4,"Intel64 Family 6 Model 186 Stepping 3, GenuineIntel",Windows-11-10.0.26200-SP0
uniform2d_n15_instance202604,15,202604,8,qubo_sa,iterations,100,1,225,22500,1500,22500,0.3532319000005373,4.617954551088482,True,2.3954798695778288,92.77784838585741,,3.14.4,"Intel64 Family 6 Model 186 Stepping 3, GenuineIntel",Windows-11-10.0.26200-SP0
uniform2d_n15_instance202604,15,202604,8,qubo_sa_swap,iterations,100,1,225,22500,1500,22500,0.4792139000055613,2.471208702682288,True,2.3954798695778288,3.1613220409907106,,3.14.4,"Intel64 Family 6 Model 186 Stepping 3, GenuineIntel",Windows-11-10.0.26200-SP0
uniform2d_n15_instance202604,15,202604,9,two_opt,iterations,100,1,225,22500,1500,22500,0.3392027000008966,2.3954798695778288,True,2.3954798695778288,0.0,,3.14.4,"Intel64 Family 6 Model 186 Stepping 3, GenuineIntel",Windows-11-10.0.26200-SP0
uniform2d_n15_instance202604,15,202604,9,qubo_sa,iterations,100,1,225,22500,1500,22500,0.35280429999693297,4.242536100017418,True,2.3954798695778288,77.10589656364375,,3.14.4,"Intel64 Family 6 Model 186 Stepping 3, GenuineIntel",Windows-11-10.0.26200-SP0
uniform2d_n15_instance202604,15,202604,9,qubo_sa_swap,iterations,100,1,225,22500,1500,22500,0.48393989999749465,2.3954798695778288,True,2.3954798695778288,0.0,,3.14.4,"Intel64 Family 6 Model 186 Stepping 3, GenuineIntel",Windows-11-10.0.26200-SP0
uniform2d_n15_instance202605,15,202605,0,two_opt,iterations,100,1,225,22500,1500,22500,0.33449909999762895,3.3753658517278438,True,3.3753658517278438,0.0,,3.14.4,"Intel64 Family 6 Model 186 Stepping 3, GenuineIntel",Windows-11-10.0.26200-SP0
uniform2d_n15_instance202605,15,202605,0,qubo_sa,iterations,100,1,225,22500,1500,22500,0.35288789999322034,5.593649186125776,True,3.3753658517278438,65.71978955295756,,3.14.4,"Intel64 Family 6 Model 186 Stepping 3, GenuineIntel",Windows-11-10.0.26200-SP0
uniform2d_n15_instance202605,15,202605,0,qubo_sa_swap,iterations,100,1,225,22500,1500,22500,0.4812852999966708,3.394582442024921,True,3.3753658517278438,0.56931873880397,,3.14.4,"Intel64 Family 6 Model 186 Stepping 3, GenuineIntel",Windows-11-10.0.26200-SP0
uniform2d_n15_instance202605,15,202605,1,two_opt,iterations,100,1,225,22500,1500,22500,0.33260470000095665,3.3753658517278438,True,3.3753658517278438,0.0,,3.14.4,"Intel64 Family 6 Model 186 Stepping 3, GenuineIntel",Windows-11-10.0.26200-SP0
uniform2d_n15_instance202605,15,202605,1,qubo_sa,iterations,100,1,225,22500,1500,22500,0.35645820000354433,5.701273919900988,True,3.3753658517278438,68.90832491483896,,3.14.4,"Intel64 Family 6 Model 186 Stepping 3, GenuineIntel",Windows-11-10.0.26200-SP0
uniform2d_n15_instance202605,15,202605,1,qubo_sa_swap,iterations,100,1,225,22500,1500,22500,0.476518199997372,3.7164555320608743,True,3.3753658517278438,10.105265482804704,,3.14.4,"Intel64 Family 6 Model 186 Stepping 3, GenuineIntel",Windows-11-10.0.26200-SP0
uniform2d_n15_instance202605,15,202605,2,two_opt,iterations,100,1,225,22500,1500,22500,0.3362745000049472,3.3753658517278438,True,3.3753658517278438,0.0,,3.14.4,"Intel64 Family 6 Model 186 Stepping 3, GenuineIntel",Windows-11-10.0.26200-SP0
uniform2d_n15_instance202605,15,202605,2,qubo_sa,iterations,100,1,225,22500,1500,22500,0.3512780999953975,6.220875447644707,True,3.3753658517278438,84.30225702675315,,3.14.4,"Intel64 Family 6 Model 186 Stepping 3, GenuineIntel",Windows-11-10.0.26200-SP0
uniform2d_n15_instance202605,15,202605,2,qubo_sa_swap,iterations,100,1,225,22500,1500,22500,0.47790789999999106,3.3753658517278438,True,3.3753658517278438,0.0,,3.14.4,"Intel64 Family 6 Model 186 Stepping 3, GenuineIntel",Windows-11-10.0.26200-SP0
uniform2d_n15_instance202605,15,202605,3,two_opt,iterations,100,1,225,22500,1500,22500,0.33286149999912595,3.3753658517278438,True,3.3753658517278438,0.0,,3.14.4,"Intel64 Family 6 Model 186 Stepping 3, GenuineIntel",Windows-11-10.0.26200-SP0
uniform2d_n15_instance202605,15,202605,3,qubo_sa,iterations,100,1,225,22500,1500,22500,0.3506813999993028,5.28896972100041,True,3.3753658517278438,56.693228329397115,,3.14.4,"Intel64 Family 6 Model 186 Stepping 3, GenuineIntel",Windows-11-10.0.26200-SP0
uniform2d_n15_instance202605,15,202605,3,qubo_sa_swap,iterations,100,1,225,22500,1500,22500,0.47300969999923836,3.3945824420249213,True,3.3753658517278438,0.5693187388039922,,3.14.4,"Intel64 Family 6 Model 186 Stepping 3, GenuineIntel",Windows-11-10.0.26200-SP0
uniform2d_n15_instance202605,15,202605,4,two_opt,iterations,100,1,225,22500,1500,22500,0.33344770000257995,3.3753658517278438,True,3.3753658517278438,0.0,,3.14.4,"Intel64 Family 6 Model 186 Stepping 3, GenuineIntel",Windows-11-10.0.26200-SP0
uniform2d_n15_instance202605,15,202605,4,qubo_sa,iterations,100,1,225,22500,1500,22500,0.3520639999987907,5.700350436963406,True,3.3753658517278438,68.88096542321203,,3.14.4,"Intel64 Family 6 Model 186 Stepping 3, GenuineIntel",Windows-11-10.0.26200-SP0
uniform2d_n15_instance202605,15,202605,4,qubo_sa_swap,iterations,100,1,225,22500,1500,22500,0.474915200000396,3.3753658517278446,True,3.3753658517278438,2.220446049250313e-14,,3.14.4,"Intel64 Family 6 Model 186 Stepping 3, GenuineIntel",Windows-11-10.0.26200-SP0
uniform2d_n15_instance202605,15,202605,5,two_opt,iterations,100,1,225,22500,1500,22500,0.34166890000051353,3.3753658517278438,True,3.3753658517278438,0.0,,3.14.4,"Intel64 Family 6 Model 186 Stepping 3, GenuineIntel",Windows-11-10.0.26200-SP0
uniform2d_n15_instance202605,15,202605,5,qubo_sa,iterations,100,1,225,22500,1500,22500,0.35107609999977285,4.744501005316381,True,3.3753658517278438,40.562570510324946,,3.14.4,"Intel64 Family 6 Model 186 Stepping 3, GenuineIntel",Windows-11-10.0.26200-SP0
uniform2d_n15_instance202605,15,202605,5,qubo_sa_swap,iterations,100,1,225,22500,1500,22500,0.46884359999967273,3.827090080145182,True,3.3753658517278438,13.382970861843058,,3.14.4,"Intel64 Family 6 Model 186 Stepping 3, GenuineIntel",Windows-11-10.0.26200-SP0
uniform2d_n15_instance202605,15,202605,6,two_opt,iterations,100,1,225,22500,1500,22500,0.33740920000127517,3.3753658517278438,True,3.3753658517278438,0.0,,3.14.4,"Intel64 Family 6 Model 186 Stepping 3, GenuineIntel",Windows-11-10.0.26200-SP0
uniform2d_n15_instance202605,15,202605,6,qubo_sa,iterations,100,1,225,22500,1500,22500,0.3496506000010413,6.067753748960419,True,3.3753658517278438,79.76580955970584,,3.14.4,"Intel64 Family 6 Model 186 Stepping 3, GenuineIntel",Windows-11-10.0.26200-SP0
uniform2d_n15_instance202605,15,202605,6,qubo_sa_swap,iterations,100,1,225,22500,1500,22500,0.47592090000398457,3.3945824420249213,True,3.3753658517278438,0.5693187388039922,,3.14.4,"Intel64 Family 6 Model 186 Stepping 3, GenuineIntel",Windows-11-10.0.26200-SP0
uniform2d_n15_instance202605,15,202605,7,two_opt,iterations,100,1,225,22500,1500,22500,0.3386592000024393,3.3753658517278438,True,3.3753658517278438,0.0,,3.14.4,"Intel64 Family 6 Model 186 Stepping 3, GenuineIntel",Windows-11-10.0.26200-SP0
uniform2d_n15_instance202605,15,202605,7,qubo_sa,iterations,100,1,225,22500,1500,22500,0.349140799997258,,False,3.3753658517278438,,,3.14.4,"Intel64 Family 6 Model 186 Stepping 3, GenuineIntel",Windows-11-10.0.26200-SP0
uniform2d_n15_instance202605,15,202605,7,qubo_sa_swap,iterations,100,1,225,22500,1500,22500,0.4716697999974713,3.566274225698347,True,3.3753658517278438,5.6559313080914775,,3.14.4,"Intel64 Family 6 Model 186 Stepping 3, GenuineIntel",Windows-11-10.0.26200-SP0
uniform2d_n15_instance202605,15,202605,8,two_opt,iterations,100,1,225,22500,1500,22500,0.33314160000008997,3.3753658517278438,True,3.3753658517278438,0.0,,3.14.4,"Intel64 Family 6 Model 186 Stepping 3, GenuineIntel",Windows-11-10.0.26200-SP0
uniform2d_n15_instance202605,15,202605,8,qubo_sa,iterations,100,1,225,22500,1500,22500,0.35566449999896577,6.220953148649758,True,3.3753658517278438,84.30455902921643,,3.14.4,"Intel64 Family 6 Model 186 Stepping 3, GenuineIntel",Windows-11-10.0.26200-SP0
uniform2d_n15_instance202605,15,202605,8,qubo_sa_swap,iterations,100,1,225,22500,1500,22500,0.4731171000021277,3.394582442024921,True,3.3753658517278438,0.56931873880397,,3.14.4,"Intel64 Family 6 Model 186 Stepping 3, GenuineIntel",Windows-11-10.0.26200-SP0
uniform2d_n15_instance202605,15,202605,9,two_opt,iterations,100,1,225,22500,1500,22500,0.3410559999974794,3.3753658517278438,True,3.3753658517278438,0.0,,3.14.4,"Intel64 Family 6 Model 186 Stepping 3, GenuineIntel",Windows-11-10.0.26200-SP0
uniform2d_n15_instance202605,15,202605,9,qubo_sa,iterations,100,1,225,22500,1500,22500,0.35108629999740515,6.072166374549218,True,3.3753658517278438,79.89653985036576,,3.14.4,"Intel64 Family 6 Model 186 Stepping 3, GenuineIntel",Windows-11-10.0.26200-SP0
uniform2d_n15_instance202605,15,202605,9,qubo_sa_swap,iterations,100,1,225,22500,1500,22500,0.47076170000218553,3.5662742256983466,True,3.3753658517278438,5.655931308091455,,3.14.4,"Intel64 Family 6 Model 186 Stepping 3, GenuineIntel",Windows-11-10.0.26200-SP0
uniform2d_n15_instance202606,15,202606,0,two_opt,iterations,100,1,225,22500,1500,22500,0.336969300005876,3.9060245716070634,True,3.906024571607064,0.0,,3.14.4,"Intel64 Family 6 Model 186 Stepping 3, GenuineIntel",Windows-11-10.0.26200-SP0
uniform2d_n15_instance202606,15,202606,0,qubo_sa,iterations,100,1,225,22500,1500,22500,0.34369519999745535,6.588295397896824,True,3.906024571607064,68.6700960815049,,3.14.4,"Intel64 Family 6 Model 186 Stepping 3, GenuineIntel",Windows-11-10.0.26200-SP0
uniform2d_n15_instance202606,15,202606,0,qubo_sa_swap,iterations,100,1,225,22500,1500,22500,0.47639129999879515,3.906024571607064,True,3.906024571607064,0.0,,3.14.4,"Intel64 Family 6 Model 186 Stepping 3, GenuineIntel",Windows-11-10.0.26200-SP0
uniform2d_n15_instance202606,15,202606,1,two_opt,iterations,100,1,225,22500,1500,22500,0.3370837999973446,3.9060245716070634,True,3.906024571607064,0.0,,3.14.4,"Intel64 Family 6 Model 186 Stepping 3, GenuineIntel",Windows-11-10.0.26200-SP0
uniform2d_n15_instance202606,15,202606,1,qubo_sa,iterations,100,1,225,22500,1500,22500,0.3491775000002235,5.248667126769189,True,3.906024571607064,34.37363310312509,,3.14.4,"Intel64 Family 6 Model 186 Stepping 3, GenuineIntel",Windows-11-10.0.26200-SP0
uniform2d_n15_instance202606,15,202606,1,qubo_sa_swap,iterations,100,1,225,22500,1500,22500,0.47673829999985173,3.906024571607064,True,3.906024571607064,0.0,,3.14.4,"Intel64 Family 6 Model 186 Stepping 3, GenuineIntel",Windows-11-10.0.26200-SP0
uniform2d_n15_instance202606,15,202606,2,two_opt,iterations,100,1,225,22500,1500,22500,0.34131239999987883,3.9060245716070634,True,3.906024571607064,0.0,,3.14.4,"Intel64 Family 6 Model 186 Stepping 3, GenuineIntel",Windows-11-10.0.26200-SP0
uniform2d_n15_instance202606,15,202606,2,qubo_sa,iterations,100,1,225,22500,1500,22500,0.3539613999964786,5.300807556512533,True,3.906024571607064,35.708505139577504,,3.14.4,"Intel64 Family 6 Model 186 Stepping 3, GenuineIntel",Windows-11-10.0.26200-SP0
uniform2d_n15_instance202606,15,202606,2,qubo_sa_swap,iterations,100,1,225,22500,1500,22500,0.4772730999975465,4.036438740018277,True,3.906024571607064,3.3387953921026448,,3.14.4,"Intel64 Family 6 Model 186 Stepping 3, GenuineIntel",Windows-11-10.0.26200-SP0
uniform2d_n15_instance202606,15,202606,3,two_opt,iterations,100,1,225,22500,1500,22500,0.3372912000049837,3.9060245716070634,True,3.906024571607064,0.0,,3.14.4,"Intel64 Family 6 Model 186 Stepping 3, GenuineIntel",Windows-11-10.0.26200-SP0
uniform2d_n15_instance202606,15,202606,3,qubo_sa,iterations,100,1,225,22500,1500,22500,0.3505444999973406,6.004839930135025,True,3.906024571607064,53.732774078900405,,3.14.4,"Intel64 Family 6 Model 186 Stepping 3, GenuineIntel",Windows-11-10.0.26200-SP0
uniform2d_n15_instance202606,15,202606,3,qubo_sa_swap,iterations,100,1,225,22500,1500,22500,0.4817288999984157,3.9060245716070643,True,3.906024571607064,2.220446049250313e-14,,3.14.4,"Intel64 Family 6 Model 186 Stepping 3, GenuineIntel",Windows-11-10.0.26200-SP0
uniform2d_n15_instance202606,15,202606,4,two_opt,iterations,100,1,225,22500,1500,22500,0.3361201000006986,3.9060245716070634,True,3.906024571607064,0.0,,3.14.4,"Intel64 Family 6 Model 186 Stepping 3, GenuineIntel",Windows-11-10.0.26200-SP0
uniform2d_n15_instance202606,15,202606,4,qubo_sa,iterations,100,1,225,22500,1500,22500,0.36095639999984996,7.155468151955778,True,3.906024571607064,83.19055655637591,,3.14.4,"Intel64 Family 6 Model 186 Stepping 3, GenuineIntel",Windows-11-10.0.26200-SP0
uniform2d_n15_instance202606,15,202606,4,qubo_sa_swap,iterations,100,1,225,22500,1500,22500,0.4769964000006439,3.9060245716070643,True,3.906024571607064,2.220446049250313e-14,,3.14.4,"Intel64 Family 6 Model 186 Stepping 3, GenuineIntel",Windows-11-10.0.26200-SP0
uniform2d_n15_instance202606,15,202606,5,two_opt,iterations,100,1,225,22500,1500,22500,0.3437058999988949,3.9060245716070634,True,3.906024571607064,0.0,,3.14.4,"Intel64 Family 6 Model 186 Stepping 3, GenuineIntel",Windows-11-10.0.26200-SP0
uniform2d_n15_instance202606,15,202606,5,qubo_sa,iterations,100,1,225,22500,1500,22500,0.34970479999901727,5.338675167941928,True,3.906024571607064,36.67797193977778,,3.14.4,"Intel64 Family 6 Model 186 Stepping 3, GenuineIntel",Windows-11-10.0.26200-SP0
uniform2d_n15_instance202606,15,202606,5,qubo_sa_swap,iterations,100,1,225,22500,1500,22500,0.47418979999929434,3.906024571607064,True,3.906024571607064,0.0,,3.14.4,"Intel64 Family 6 Model 186 Stepping 3, GenuineIntel",Windows-11-10.0.26200-SP0
uniform2d_n15_instance202606,15,202606,6,two_opt,iterations,100,1,225,22500,1500,22500,0.335746000004292,3.9060245716070634,True,3.906024571607064,0.0,,3.14.4,"Intel64 Family 6 Model 186 Stepping 3, GenuineIntel",Windows-11-10.0.26200-SP0
uniform2d_n15_instance202606,15,202606,6,qubo_sa,iterations,100,1,225,22500,1500,22500,0.3475128000063705,5.953102683757857,True,3.906024571607064,52.40822413230646,,3.14.4,"Intel64 Family 6 Model 186 Stepping 3, GenuineIntel",Windows-11-10.0.26200-SP0
uniform2d_n15_instance202606,15,202606,6,qubo_sa_swap,iterations,100,1,225,22500,1500,22500,0.4733960000012303,3.906024571607064,True,3.906024571607064,0.0,,3.14.4,"Intel64 Family 6 Model 186 Stepping 3, GenuineIntel",Windows-11-10.0.26200-SP0
uniform2d_n15_instance202606,15,202606,7,two_opt,iterations,100,1,225,22500,1500,22500,0.3396071999959531,3.9060245716070634,True,3.906024571607064,0.0,,3.14.4,"Intel64 Family 6 Model 186 Stepping 3, GenuineIntel",Windows-11-10.0.26200-SP0
uniform2d_n15_instance202606,15,202606,7,qubo_sa,iterations,100,1,225,22500,1500,22500,0.34936640000523767,6.223901147087987,True,3.906024571607064,59.34106488550004,,3.14.4,"Intel64 Family 6 Model 186 Stepping 3, GenuineIntel",Windows-11-10.0.26200-SP0
uniform2d_n15_instance202606,15,202606,7,qubo_sa_swap,iterations,100,1,225,22500,1500,22500,0.47171420000086073,3.906024571607064,True,3.906024571607064,0.0,,3.14.4,"Intel64 Family 6 Model 186 Stepping 3, GenuineIntel",Windows-11-10.0.26200-SP0
uniform2d_n15_instance202606,15,202606,8,two_opt,iterations,100,1,225,22500,1500,22500,0.33322920000500744,3.9060245716070634,True,3.906024571607064,0.0,,3.14.4,"Intel64 Family 6 Model 186 Stepping 3, GenuineIntel",Windows-11-10.0.26200-SP0
uniform2d_n15_instance202606,15,202606,8,qubo_sa,iterations,100,1,225,22500,1500,22500,0.3516944000002695,6.5050967834295825,True,3.906024571607064,66.54008862911934,,3.14.4,"Intel64 Family 6 Model 186 Stepping 3, GenuineIntel",Windows-11-10.0.26200-SP0
uniform2d_n15_instance202606,15,202606,8,qubo_sa_swap,iterations,100,1,225,22500,1500,22500,0.4709549999970477,3.906024571607064,True,3.906024571607064,0.0,,3.14.4,"Intel64 Family 6 Model 186 Stepping 3, GenuineIntel",Windows-11-10.0.26200-SP0
uniform2d_n15_instance202606,15,202606,9,two_opt,iterations,100,1,225,22500,1500,22500,0.334285800003272,3.9060245716070634,True,3.906024571607064,0.0,,3.14.4,"Intel64 Family 6 Model 186 Stepping 3, GenuineIntel",Windows-11-10.0.26200-SP0
uniform2d_n15_instance202606,15,202606,9,qubo_sa,iterations,100,1,225,22500,1500,22500,0.35508719999779714,6.8992706119344644,True,3.906024571607064,76.63152101206275,,3.14.4,"Intel64 Family 6 Model 186 Stepping 3, GenuineIntel",Windows-11-10.0.26200-SP0
uniform2d_n15_instance202606,15,202606,9,qubo_sa_swap,iterations,100,1,225,22500,1500,22500,0.4686597000036272,3.9060245716070643,True,3.906024571607064,2.220446049250313e-14,,3.14.4,"Intel64 Family 6 Model 186 Stepping 3, GenuineIntel",Windows-11-10.0.26200-SP0
uniform2d_n15_instance202607,15,202607,0,two_opt,iterations,100,1,225,22500,1500,22500,0.3339084000035655,2.445800804782919,True,2.445800804782919,0.0,,3.14.4,"Intel64 Family 6 Model 186 Stepping 3, GenuineIntel",Windows-11-10.0.26200-SP0
uniform2d_n15_instance202607,15,202607,0,qubo_sa,iterations,100,1,225,22500,1500,22500,0.35661460000119405,4.173439928355081,True,2.445800804782919,70.63695130828536,,3.14.4,"Intel64 Family 6 Model 186 Stepping 3, GenuineIntel",Windows-11-10.0.26200-SP0
uniform2d_n15_instance202607,15,202607,0,qubo_sa_swap,iterations,100,1,225,22500,1500,22500,0.480549300002167,2.445800804782919,True,2.445800804782919,0.0,,3.14.4,"Intel64 Family 6 Model 186 Stepping 3, GenuineIntel",Windows-11-10.0.26200-SP0
uniform2d_n15_instance202607,15,202607,1,two_opt,iterations,100,1,225,22500,1500,22500,0.34064829999988433,2.445800804782919,True,2.445800804782919,0.0,,3.14.4,"Intel64 Family 6 Model 186 Stepping 3, GenuineIntel",Windows-11-10.0.26200-SP0
uniform2d_n15_instance202607,15,202607,1,qubo_sa,iterations,100,1,225,22500,1500,22500,0.3495822999975644,4.718567633861325,True,2.445800804782919,92.92526295002708,,3.14.4,"Intel64 Family 6 Model 186 Stepping 3, GenuineIntel",Windows-11-10.0.26200-SP0
uniform2d_n15_instance202607,15,202607,1,qubo_sa_swap,iterations,100,1,225,22500,1500,22500,0.4698065000047791,2.451393999702157,True,2.445800804782919,0.22868562755806732,,3.14.4,"Intel64 Family 6 Model 186 Stepping 3, GenuineIntel",Windows-11-10.0.26200-SP0
uniform2d_n15_instance202607,15,202607,2,two_opt,iterations,100,1,225,22500,1500,22500,0.3384883000035188,2.445800804782919,True,2.445800804782919,0.0,,3.14.4,"Intel64 Family 6 Model 186 Stepping 3, GenuineIntel",Windows-11-10.0.26200-SP0
uniform2d_n15_instance202607,15,202607,2,qubo_sa,iterations,100,1,225,22500,1500,22500,0.353600299997197,4.556410068914733,True,2.445800804782919,86.2952232252268,,3.14.4,"Intel64 Family 6 Model 186 Stepping 3, GenuineIntel",Windows-11-10.0.26200-SP0
uniform2d_n15_instance202607,15,202607,2,qubo_sa_swap,iterations,100,1,225,22500,1500,22500,0.4702266999956919,2.445800804782919,True,2.445800804782919,0.0,,3.14.4,"Intel64 Family 6 Model 186 Stepping 3, GenuineIntel",Windows-11-10.0.26200-SP0
uniform2d_n15_instance202607,15,202607,3,two_opt,iterations,100,1,225,22500,1500,22500,0.34170569999696454,2.445800804782919,True,2.445800804782919,0.0,,3.14.4,"Intel64 Family 6 Model 186 Stepping 3, GenuineIntel",Windows-11-10.0.26200-SP0
uniform2d_n15_instance202607,15,202607,3,qubo_sa,iterations,100,1,225,22500,1500,22500,0.35039550000510644,5.15624858711825,True,2.445800804782919,110.82046326237514,,3.14.4,"Intel64 Family 6 Model 186 Stepping 3, GenuineIntel",Windows-11-10.0.26200-SP0
uniform2d_n15_instance202607,15,202607,3,qubo_sa_swap,iterations,100,1,225,22500,1500,22500,0.47902439999597846,2.456008748894177,True,2.445800804782919,0.4173661277441676,,3.14.4,"Intel64 Family 6 Model 186 Stepping 3, GenuineIntel",Windows-11-10.0.26200-SP0
uniform2d_n15_instance202607,15,202607,4,two_opt,iterations,100,1,225,22500,1500,22500,0.33415319999767235,2.445800804782919,True,2.445800804782919,0.0,,3.14.4,"Intel64 Family 6 Model 186 Stepping 3, GenuineIntel",Windows-11-10.0.26200-SP0
uniform2d_n15_instance202607,15,202607,4,qubo_sa,iterations,100,1,225,22500,1500,22500,0.3521057000034489,4.257807770500074,True,2.445800804782919,74.08644899346095,,3.14.4,"Intel64 Family 6 Model 186 Stepping 3, GenuineIntel",Windows-11-10.0.26200-SP0
uniform2d_n15_instance202607,15,202607,4,qubo_sa_swap,iterations,100,1,225,22500,1500,22500,0.46943269999610493,2.456008748894176,True,2.445800804782919,0.4173661277441232,,3.14.4,"Intel64 Family 6 Model 186 Stepping 3, GenuineIntel",Windows-11-10.0.26200-SP0
uniform2d_n15_instance202607,15,202607,5,two_opt,iterations,100,1,225,22500,1500,22500,0.33320520000415854,2.445800804782919,True,2.445800804782919,0.0,,3.14.4,"Intel64 Family 6 Model 186 Stepping 3, GenuineIntel",Windows-11-10.0.26200-SP0
uniform2d_n15_instance202607,15,202607,5,qubo_sa,iterations,100,1,225,22500,1500,22500,0.35030259999621194,4.0012053540966575,True,2.445800804782919,63.594898908858234,,3.14.4,"Intel64 Family 6 Model 186 Stepping 3, GenuineIntel",Windows-11-10.0.26200-SP0
uniform2d_n15_instance202607,15,202607,5,qubo_sa_swap,iterations,100,1,225,22500,1500,22500,0.46811530000559287,2.4458008047829196,True,2.445800804782919,2.220446049250313e-14,,3.14.4,"Intel64 Family 6 Model 186 Stepping 3, GenuineIntel",Windows-11-10.0.26200-SP0
uniform2d_n15_instance202607,15,202607,6,two_opt,iterations,100,1,225,22500,1500,22500,0.3342195000004722,2.445800804782919,True,2.445800804782919,0.0,,3.14.4,"Intel64 Family 6 Model 186 Stepping 3, GenuineIntel",Windows-11-10.0.26200-SP0
uniform2d_n15_instance202607,15,202607,6,qubo_sa,iterations,100,1,225,22500,1500,22500,0.35166949999984354,4.1173051503698845,True,2.445800804782919,68.34180209272284,,3.14.4,"Intel64 Family 6 Model 186 Stepping 3, GenuineIntel",Windows-11-10.0.26200-SP0
uniform2d_n15_instance202607,15,202607,6,qubo_sa_swap,iterations,100,1,225,22500,1500,22500,0.4671256000001449,2.445800804782919,True,2.445800804782919,0.0,,3.14.4,"Intel64 Family 6 Model 186 Stepping 3, GenuineIntel",Windows-11-10.0.26200-SP0
uniform2d_n15_instance202607,15,202607,7,two_opt,iterations,100,1,225,22500,1500,22500,0.33895859999756794,2.445800804782919,True,2.445800804782919,0.0,,3.14.4,"Intel64 Family 6 Model 186 Stepping 3, GenuineIntel",Windows-11-10.0.26200-SP0
uniform2d_n15_instance202607,15,202607,7,qubo_sa,iterations,100,1,225,22500,1500,22500,0.3501308999984758,3.697786302651936,True,2.445800804782919,51.189184966358646,,3.14.4,"Intel64 Family 6 Model 186 Stepping 3, GenuineIntel",Windows-11-10.0.26200-SP0
uniform2d_n15_instance202607,15,202607,7,qubo_sa_swap,iterations,100,1,225,22500,1500,22500,0.4742560000013327,2.445800804782919,True,2.445800804782919,0.0,,3.14.4,"Intel64 Family 6 Model 186 Stepping 3, GenuineIntel",Windows-11-10.0.26200-SP0
uniform2d_n15_instance202607,15,202607,8,two_opt,iterations,100,1,225,22500,1500,22500,0.3416771000047447,2.445800804782919,True,2.445800804782919,0.0,,3.14.4,"Intel64 Family 6 Model 186 Stepping 3, GenuineIntel",Windows-11-10.0.26200-SP0
uniform2d_n15_instance202607,15,202607,8,qubo_sa,iterations,100,1,225,22500,1500,22500,0.3509321000019554,3.708754307573979,True,2.445800804782919,51.63762724753684,,3.14.4,"Intel64 Family 6 Model 186 Stepping 3, GenuineIntel",Windows-11-10.0.26200-SP0
uniform2d_n15_instance202607,15,202607,8,qubo_sa_swap,iterations,100,1,225,22500,1500,22500,0.4743973000004189,2.456008748894176,True,2.445800804782919,0.4173661277441232,,3.14.4,"Intel64 Family 6 Model 186 Stepping 3, GenuineIntel",Windows-11-10.0.26200-SP0
uniform2d_n15_instance202607,15,202607,9,two_opt,iterations,100,1,225,22500,1500,22500,0.3373643999948399,2.445800804782919,True,2.445800804782919,0.0,,3.14.4,"Intel64 Family 6 Model 186 Stepping 3, GenuineIntel",Windows-11-10.0.26200-SP0
uniform2d_n15_instance202607,15,202607,9,qubo_sa,iterations,100,1,225,22500,1500,22500,0.3485017999992124,3.8401406556564845,True,2.445800804782919,57.00954256564332,,3.14.4,"Intel64 Family 6 Model 186 Stepping 3, GenuineIntel",Windows-11-10.0.26200-SP0
uniform2d_n15_instance202607,15,202607,9,qubo_sa_swap,iterations,100,1,225,22500,1500,22500,0.46933939999871654,2.456008748894176,True,2.445800804782919,0.4173661277441232,,3.14.4,"Intel64 Family 6 Model 186 Stepping 3, GenuineIntel",Windows-11-10.0.26200-SP0
uniform2d_n15_instance202608,15,202608,0,two_opt,iterations,100,1,225,22500,1500,22500,0.340312600004836,3.2010923272382197,True,3.2010923272382192,2.220446049250313e-14,,3.14.4,"Intel64 Family 6 Model 186 Stepping 3, GenuineIntel",Windows-11-10.0.26200-SP0
uniform2d_n15_instance202608,15,202608,0,qubo_sa,iterations,100,1,225,22500,1500,22500,0.3510815999979968,5.941961191102851,True,3.2010923272382192,85.62292441684582,,3.14.4,"Intel64 Family 6 Model 186 Stepping 3, GenuineIntel",Windows-11-10.0.26200-SP0
uniform2d_n15_instance202608,15,202608,0,qubo_sa_swap,iterations,100,1,225,22500,1500,22500,0.47242459999688435,3.2010923272382192,True,3.2010923272382192,0.0,,3.14.4,"Intel64 Family 6 Model 186 Stepping 3, GenuineIntel",Windows-11-10.0.26200-SP0
uniform2d_n15_instance202608,15,202608,1,two_opt,iterations,100,1,225,22500,1500,22500,0.3460398000024725,3.2010923272382197,True,3.2010923272382192,2.220446049250313e-14,,3.14.4,"Intel64 Family 6 Model 186 Stepping 3, GenuineIntel",Windows-11-10.0.26200-SP0
uniform2d_n15_instance202608,15,202608,1,qubo_sa,iterations,100,1,225,22500,1500,22500,0.34929279999778373,4.739377900428543,True,3.2010923272382192,48.055020472261646,,3.14.4,"Intel64 Family 6 Model 186 Stepping 3, GenuineIntel",Windows-11-10.0.26200-SP0
uniform2d_n15_instance202608,15,202608,1,qubo_sa_swap,iterations,100,1,225,22500,1500,22500,0.482499599995208,3.2010923272382192,True,3.2010923272382192,0.0,,3.14.4,"Intel64 Family 6 Model 186 Stepping 3, GenuineIntel",Windows-11-10.0.26200-SP0
uniform2d_n15_instance202608,15,202608,2,two_opt,iterations,100,1,225,22500,1500,22500,0.3373111999972025,3.2010923272382197,True,3.2010923272382192,2.220446049250313e-14,,3.14.4,"Intel64 Family 6 Model 186 Stepping 3, GenuineIntel",Windows-11-10.0.26200-SP0
uniform2d_n15_instance202608,15,202608,2,qubo_sa,iterations,100,1,225,22500,1500,22500,0.351645800001279,5.079614775361934,True,3.2010923272382192,58.68379465782021,,3.14.4,"Intel64 Family 6 Model 186 Stepping 3, GenuineIntel",Windows-11-10.0.26200-SP0
uniform2d_n15_instance202608,15,202608,2,qubo_sa_swap,iterations,100,1,225,22500,1500,22500,0.4730030999999144,3.293480448049493,True,3.2010923272382192,2.886143583711709,,3.14.4,"Intel64 Family 6 Model 186 Stepping 3, GenuineIntel",Windows-11-10.0.26200-SP0
uniform2d_n15_instance202608,15,202608,3,two_opt,iterations,100,1,225,22500,1500,22500,0.33573160000378266,3.2010923272382197,True,3.2010923272382192,2.220446049250313e-14,,3.14.4,"Intel64 Family 6 Model 186 Stepping 3, GenuineIntel",Windows-11-10.0.26200-SP0
uniform2d_n15_instance202608,15,202608,3,qubo_sa,iterations,100,1,225,22500,1500,22500,0.35423810000065714,4.899573873674391,True,3.2010923272382192,53.05943636750887,,3.14.4,"Intel64 Family 6 Model 186 Stepping 3, GenuineIntel",Windows-11-10.0.26200-SP0
uniform2d_n15_instance202608,15,202608,3,qubo_sa_swap,iterations,100,1,225,22500,1500,22500,0.47302149999450194,3.251170851033214,True,3.2010923272382192,1.5644198503390383,,3.14.4,"Intel64 Family 6 Model 186 Stepping 3, GenuineIntel",Windows-11-10.0.26200-SP0
uniform2d_n15_instance202608,15,202608,4,two_opt,iterations,100,1,225,22500,1500,22500,0.3500380000041332,3.2010923272382197,True,3.2010923272382192,2.220446049250313e-14,,3.14.4,"Intel64 Family 6 Model 186 Stepping 3, GenuineIntel",Windows-11-10.0.26200-SP0
uniform2d_n15_instance202608,15,202608,4,qubo_sa,iterations,100,1,225,22500,1500,22500,0.34716889999981504,5.711648052230158,True,3.2010923272382192,78.42809479843874,,3.14.4,"Intel64 Family 6 Model 186 Stepping 3, GenuineIntel",Windows-11-10.0.26200-SP0
uniform2d_n15_instance202608,15,202608,4,qubo_sa_swap,iterations,100,1,225,22500,1500,22500,0.4697355000025709,3.2010923272382192,True,3.2010923272382192,0.0,,3.14.4,"Intel64 Family 6 Model 186 Stepping 3, GenuineIntel",Windows-11-10.0.26200-SP0
uniform2d_n15_instance202608,15,202608,5,two_opt,iterations,100,1,225,22500,1500,22500,0.34217139999964274,3.2010923272382197,True,3.2010923272382192,2.220446049250313e-14,,3.14.4,"Intel64 Family 6 Model 186 Stepping 3, GenuineIntel",Windows-11-10.0.26200-SP0
uniform2d_n15_instance202608,15,202608,5,qubo_sa,iterations,100,1,225,22500,1500,22500,0.34906730000511743,4.8666864539210595,True,3.2010923272382192,52.03205519910297,,3.14.4,"Intel64 Family 6 Model 186 Stepping 3, GenuineIntel",Windows-11-10.0.26200-SP0
uniform2d_n15_instance202608,15,202608,5,qubo_sa_swap,iterations,100,1,225,22500,1500,22500,0.4776756999999634,3.2010923272382192,True,3.2010923272382192,0.0,,3.14.4,"Intel64 Family 6 Model 186 Stepping 3, GenuineIntel",Windows-11-10.0.26200-SP0
uniform2d_n15_instance202608,15,202608,6,two_opt,iterations,100,1,225,22500,1500,22500,0.33642360000521876,3.2010923272382197,True,3.2010923272382192,2.220446049250313e-14,,3.14.4,"Intel64 Family 6 Model 186 Stepping 3, GenuineIntel",Windows-11-10.0.26200-SP0
uniform2d_n15_instance202608,15,202608,6,qubo_sa,iterations,100,1,225,22500,1500,22500,0.3547044000006281,,False,3.2010923272382192,,,3.14.4,"Intel64 Family 6 Model 186 Stepping 3, GenuineIntel",Windows-11-10.0.26200-SP0
uniform2d_n15_instance202608,15,202608,6,qubo_sa_swap,iterations,100,1,225,22500,1500,22500,0.471906200000376,3.2010923272382192,True,3.2010923272382192,0.0,,3.14.4,"Intel64 Family 6 Model 186 Stepping 3, GenuineIntel",Windows-11-10.0.26200-SP0
uniform2d_n15_instance202608,15,202608,7,two_opt,iterations,100,1,225,22500,1500,22500,0.33956190000026254,3.2010923272382197,True,3.2010923272382192,2.220446049250313e-14,,3.14.4,"Intel64 Family 6 Model 186 Stepping 3, GenuineIntel",Windows-11-10.0.26200-SP0
uniform2d_n15_instance202608,15,202608,7,qubo_sa,iterations,100,1,225,22500,1500,22500,0.35298820000025444,5.326849217807232,True,3.2010923272382192,66.40723457055158,,3.14.4,"Intel64 Family 6 Model 186 Stepping 3, GenuineIntel",Windows-11-10.0.26200-SP0
uniform2d_n15_instance202608,15,202608,7,qubo_sa_swap,iterations,100,1,225,22500,1500,22500,0.47518960000161314,3.5112097482054496,True,3.2010923272382192,9.687862431471572,,3.14.4,"Intel64 Family 6 Model 186 Stepping 3, GenuineIntel",Windows-11-10.0.26200-SP0
uniform2d_n15_instance202608,15,202608,8,two_opt,iterations,100,1,225,22500,1500,22500,0.33935879999626195,3.2010923272382197,True,3.2010923272382192,2.220446049250313e-14,,3.14.4,"Intel64 Family 6 Model 186 Stepping 3, GenuineIntel",Windows-11-10.0.26200-SP0
uniform2d_n15_instance202608,15,202608,8,qubo_sa,iterations,100,1,225,22500,1500,22500,0.3560658999995212,5.240914075996398,True,3.2010923272382192,63.72267776849969,,3.14.4,"Intel64 Family 6 Model 186 Stepping 3, GenuineIntel",Windows-11-10.0.26200-SP0
uniform2d_n15_instance202608,15,202608,8,qubo_sa_swap,iterations,100,1,225,22500,1500,22500,0.47172819999832427,3.5112097482054496,True,3.2010923272382192,9.687862431471572,,3.14.4,"Intel64 Family 6 Model 186 Stepping 3, GenuineIntel",Windows-11-10.0.26200-SP0
uniform2d_n15_instance202608,15,202608,9,two_opt,iterations,100,1,225,22500,1500,22500,0.3398157999981777,3.2010923272382197,True,3.2010923272382192,2.220446049250313e-14,,3.14.4,"Intel64 Family 6 Model 186 Stepping 3, GenuineIntel",Windows-11-10.0.26200-SP0
uniform2d_n15_instance202608,15,202608,9,qubo_sa,iterations,100,1,225,22500,1500,22500,0.3505367000034312,4.919961369625602,True,3.2010923272382192,53.69632821151264,,3.14.4,"Intel64 Family 6 Model 186 Stepping 3, GenuineIntel",Windows-11-10.0.26200-SP0
uniform2d_n15_instance202608,15,202608,9,qubo_sa_swap,iterations,100,1,225,22500,1500,22500,0.48435329999483656,3.293480448049493,True,3.2010923272382192,2.886143583711709,,3.14.4,"Intel64 Family 6 Model 186 Stepping 3, GenuineIntel",Windows-11-10.0.26200-SP0
uniform2d_n15_instance202609,15,202609,0,two_opt,iterations,100,1,225,22500,1500,22500,0.3349469000022509,3.2623428503648877,True,3.2623428503648886,0.0,,3.14.4,"Intel64 Family 6 Model 186 Stepping 3, GenuineIntel",Windows-11-10.0.26200-SP0
uniform2d_n15_instance202609,15,202609,0,qubo_sa,iterations,100,1,225,22500,1500,22500,0.34663849999924423,5.417100060844614,True,3.2623428503648886,66.04937951995815,,3.14.4,"Intel64 Family 6 Model 186 Stepping 3, GenuineIntel",Windows-11-10.0.26200-SP0
uniform2d_n15_instance202609,15,202609,0,qubo_sa_swap,iterations,100,1,225,22500,1500,22500,0.4721200999993016,3.2623428503648886,True,3.2623428503648886,0.0,,3.14.4,"Intel64 Family 6 Model 186 Stepping 3, GenuineIntel",Windows-11-10.0.26200-SP0
uniform2d_n15_instance202609,15,202609,1,two_opt,iterations,100,1,225,22500,1500,22500,0.33003399999870453,3.262342850364888,True,3.2623428503648886,0.0,,3.14.4,"Intel64 Family 6 Model 186 Stepping 3, GenuineIntel",Windows-11-10.0.26200-SP0
uniform2d_n15_instance202609,15,202609,1,qubo_sa,iterations,100,1,225,22500,1500,22500,0.3507908999963547,5.18551039757936,True,3.2623428503648886,58.9505038380429,,3.14.4,"Intel64 Family 6 Model 186 Stepping 3, GenuineIntel",Windows-11-10.0.26200-SP0
uniform2d_n15_instance202609,15,202609,1,qubo_sa_swap,iterations,100,1,225,22500,1500,22500,0.4732826999970712,3.2623428503648886,True,3.2623428503648886,0.0,,3.14.4,"Intel64 Family 6 Model 186 Stepping 3, GenuineIntel",Windows-11-10.0.26200-SP0
uniform2d_n15_instance202609,15,202609,2,two_opt,iterations,100,1,225,22500,1500,22500,0.3343633999975282,3.2623428503648877,True,3.2623428503648886,0.0,,3.14.4,"Intel64 Family 6 Model 186 Stepping 3, GenuineIntel",Windows-11-10.0.26200-SP0
uniform2d_n15_instance202609,15,202609,2,qubo_sa,iterations,100,1,225,22500,1500,22500,0.34944220000033965,4.559399476354542,True,3.2623428503648886,39.75844003779612,,3.14.4,"Intel64 Family 6 Model 186 Stepping 3, GenuineIntel",Windows-11-10.0.26200-SP0
uniform2d_n15_instance202609,15,202609,2,qubo_sa_swap,iterations,100,1,225,22500,1500,22500,0.47047039999597473,3.2623428503648886,True,3.2623428503648886,0.0,,3.14.4,"Intel64 Family 6 Model 186 Stepping 3, GenuineIntel",Windows-11-10.0.26200-SP0
uniform2d_n15_instance202609,15,202609,3,two_opt,iterations,100,1,225,22500,1500,22500,0.3344680000009248,3.2623428503648877,True,3.2623428503648886,0.0,,3.14.4,"Intel64 Family 6 Model 186 Stepping 3, GenuineIntel",Windows-11-10.0.26200-SP0
uniform2d_n15_instance202609,15,202609,3,qubo_sa,iterations,100,1,225,22500,1500,22500,0.3574577000035788,4.811247006646532,True,3.2623428503648886,47.47827642053013,,3.14.4,"Intel64 Family 6 Model 186 Stepping 3, GenuineIntel",Windows-11-10.0.26200-SP0
uniform2d_n15_instance202609,15,202609,3,qubo_sa_swap,iterations,100,1,225,22500,1500,22500,0.4782407000020612,3.2623428503648886,True,3.2623428503648886,0.0,,3.14.4,"Intel64 Family 6 Model 186 Stepping 3, GenuineIntel",Windows-11-10.0.26200-SP0
uniform2d_n15_instance202609,15,202609,4,two_opt,iterations,100,1,225,22500,1500,22500,0.3369474999999511,3.2623428503648877,True,3.2623428503648886,0.0,,3.14.4,"Intel64 Family 6 Model 186 Stepping 3, GenuineIntel",Windows-11-10.0.26200-SP0
uniform2d_n15_instance202609,15,202609,4,qubo_sa,iterations,100,1,225,22500,1500,22500,0.34981609999522334,4.743796643108086,True,3.2623428503648886,45.410732736980684,,3.14.4,"Intel64 Family 6 Model 186 Stepping 3, GenuineIntel",Windows-11-10.0.26200-SP0
uniform2d_n15_instance202609,15,202609,4,qubo_sa_swap,iterations,100,1,225,22500,1500,22500,0.476821000003838,3.289850378092456,True,3.2623428503648886,0.8431832271856621,,3.14.4,"Intel64 Family 6 Model 186 Stepping 3, GenuineIntel",Windows-11-10.0.26200-SP0
uniform2d_n15_instance202609,15,202609,5,two_opt,iterations,100,1,225,22500,1500,22500,0.3316647000028752,3.2623428503648877,True,3.2623428503648886,0.0,,3.14.4,"Intel64 Family 6 Model 186 Stepping 3, GenuineIntel",Windows-11-10.0.26200-SP0
uniform2d_n15_instance202609,15,202609,5,qubo_sa,iterations,100,1,225,22500,1500,22500,0.3541549000001396,5.5039568297253725,True,3.2623428503648886,68.71178420470928,,3.14.4,"Intel64 Family 6 Model 186 Stepping 3, GenuineIntel",Windows-11-10.0.26200-SP0
uniform2d_n15_instance202609,15,202609,5,qubo_sa_swap,iterations,100,1,225,22500,1500,22500,0.4756956999990507,3.2623428503648886,True,3.2623428503648886,0.0,,3.14.4,"Intel64 Family 6 Model 186 Stepping 3, GenuineIntel",Windows-11-10.0.26200-SP0
uniform2d_n15_instance202609,15,202609,6,two_opt,iterations,100,1,225,22500,1500,22500,0.33912969999801135,3.2623428503648877,True,3.2623428503648886,0.0,,3.14.4,"Intel64 Family 6 Model 186 Stepping 3, GenuineIntel",Windows-11-10.0.26200-SP0
uniform2d_n15_instance202609,15,202609,6,qubo_sa,iterations,100,1,225,22500,1500,22500,0.3518894000008004,5.225400501580547,True,3.2623428503648886,60.173247915868004,,3.14.4,"Intel64 Family 6 Model 186 Stepping 3, GenuineIntel",Windows-11-10.0.26200-SP0
uniform2d_n15_instance202609,15,202609,6,qubo_sa_swap,iterations,100,1,225,22500,1500,22500,0.47175009999773465,3.2623428503648886,True,3.2623428503648886,0.0,,3.14.4,"Intel64 Family 6 Model 186 Stepping 3, GenuineIntel",Windows-11-10.0.26200-SP0
uniform2d_n15_instance202609,15,202609,7,two_opt,iterations,100,1,225,22500,1500,22500,0.3354347999993479,3.2623428503648877,True,3.2623428503648886,0.0,,3.14.4,"Intel64 Family 6 Model 186 Stepping 3, GenuineIntel",Windows-11-10.0.26200-SP0
uniform2d_n15_instance202609,15,202609,7,qubo_sa,iterations,100,1,225,22500,1500,22500,0.3501123000023654,5.416714483025543,True,3.2623428503648886,66.03756047343985,,3.14.4,"Intel64 Family 6 Model 186 Stepping 3, GenuineIntel",Windows-11-10.0.26200-SP0
uniform2d_n15_instance202609,15,202609,7,qubo_sa_swap,iterations,100,1,225,22500,1500,22500,0.47246589999849675,3.2623428503648886,True,3.2623428503648886,0.0,,3.14.4,"Intel64 Family 6 Model 186 Stepping 3, GenuineIntel",Windows-11-10.0.26200-SP0
uniform2d_n15_instance202609,15,202609,8,two_opt,iterations,100,1,225,22500,1500,22500,0.3294017000007443,3.2623428503648877,True,3.2623428503648886,0.0,,3.14.4,"Intel64 Family 6 Model 186 Stepping 3, GenuineIntel",Windows-11-10.0.26200-SP0
uniform2d_n15_instance202609,15,202609,8,qubo_sa,iterations,100,1,225,22500,1500,22500,0.3544099999999162,4.616268943537078,True,3.2623428503648886,41.501649436409,,3.14.4,"Intel64 Family 6 Model 186 Stepping 3, GenuineIntel",Windows-11-10.0.26200-SP0
uniform2d_n15_instance202609,15,202609,8,qubo_sa_swap,iterations,100,1,225,22500,1500,22500,0.4703217999995104,3.276592265948398,True,3.2623428503648886,0.4367847352989118,,3.14.4,"Intel64 Family 6 Model 186 Stepping 3, GenuineIntel",Windows-11-10.0.26200-SP0
uniform2d_n15_instance202609,15,202609,9,two_opt,iterations,100,1,225,22500,1500,22500,0.33560660000512144,3.2623428503648877,True,3.2623428503648886,0.0,,3.14.4,"Intel64 Family 6 Model 186 Stepping 3, GenuineIntel",Windows-11-10.0.26200-SP0
uniform2d_n15_instance202609,15,202609,9,qubo_sa,iterations,100,1,225,22500,1500,22500,0.3507508000038797,5.644210765443801,True,3.2623428503648886,73.01096249931254,,3.14.4,"Intel64 Family 6 Model 186 Stepping 3, GenuineIntel",Windows-11-10.0.26200-SP0
uniform2d_n15_instance202609,15,202609,9,qubo_sa_swap,iterations,100,1,225,22500,1500,22500,0.4709951999975601,3.2623428503648886,True,3.2623428503648886,0.0,,3.14.4,"Intel64 Family 6 Model 186 Stepping 3, GenuineIntel",Windows-11-10.0.26200-SP0
uniform2d_n20_instance202600,20,202600,0,two_opt,iterations,100,1,400,40000,2000,40000,0.7634199000021908,3.7060253490540376,True,3.706025349054038,0.0,,3.14.4,"Intel64 Family 6 Model 186 Stepping 3, GenuineIntel",Windows-11-10.0.26200-SP0
uniform2d_n20_instance202600,20,202600,0,qubo_sa,iterations,100,1,400,40000,2000,40000,0.691615499999898,7.496977547017389,True,3.706025349054038,102.29158845151964,,3.14.4,"Intel64 Family 6 Model 186 Stepping 3, GenuineIntel",Windows-11-10.0.26200-SP0
uniform2d_n20_instance202600,20,202600,0,qubo_sa_swap,iterations,100,1,400,40000,2000,40000,0.8503645000018878,3.8522644597013254,True,3.706025349054038,3.9459824710755154,,3.14.4,"Intel64 Family 6 Model 186 Stepping 3, GenuineIntel",Windows-11-10.0.26200-SP0
uniform2d_n20_instance202600,20,202600,1,two_opt,iterations,100,1,400,40000,2000,40000,0.774264800005767,3.7060253490540376,True,3.706025349054038,0.0,,3.14.4,"Intel64 Family 6 Model 186 Stepping 3, GenuineIntel",Windows-11-10.0.26200-SP0
uniform2d_n20_instance202600,20,202600,1,qubo_sa,iterations,100,1,400,40000,2000,40000,0.696165800000017,8.175702277802584,True,3.706025349054038,120.60567610228112,,3.14.4,"Intel64 Family 6 Model 186 Stepping 3, GenuineIntel",Windows-11-10.0.26200-SP0
uniform2d_n20_instance202600,20,202600,1,qubo_sa_swap,iterations,100,1,400,40000,2000,40000,0.8576979999998002,3.786391785265157,True,3.706025349054038,2.168534444364556,,3.14.4,"Intel64 Family 6 Model 186 Stepping 3, GenuineIntel",Windows-11-10.0.26200-SP0
uniform2d_n20_instance202600,20,202600,2,two_opt,iterations,100,1,400,40000,2000,40000,0.7606164000026183,3.7060253490540376,True,3.706025349054038,0.0,,3.14.4,"Intel64 Family 6 Model 186 Stepping 3, GenuineIntel",Windows-11-10.0.26200-SP0
uniform2d_n20_instance202600,20,202600,2,qubo_sa,iterations,100,1,400,40000,2000,40000,0.6946152000018628,7.01929611838561,True,3.706025349054038,89.40226947387944,,3.14.4,"Intel64 Family 6 Model 186 Stepping 3, GenuineIntel",Windows-11-10.0.26200-SP0
uniform2d_n20_instance202600,20,202600,2,qubo_sa_swap,iterations,100,1,400,40000,2000,40000,0.8599194999987958,4.2498603992871065,True,3.706025349054038,14.674347825815115,,3.14.4,"Intel64 Family 6 Model 186 Stepping 3, GenuineIntel",Windows-11-10.0.26200-SP0
uniform2d_n20_instance202600,20,202600,3,two_opt,iterations,100,1,400,40000,2000,40000,0.7666699000037625,3.7060253490540376,True,3.706025349054038,0.0,,3.14.4,"Intel64 Family 6 Model 186 Stepping 3, GenuineIntel",Windows-11-10.0.26200-SP0
uniform2d_n20_instance202600,20,202600,3,qubo_sa,iterations,100,1,400,40000,2000,40000,0.6926882000043406,7.903477720789048,True,3.706025349054038,113.26021752135098,,3.14.4,"Intel64 Family 6 Model 186 Stepping 3, GenuineIntel",Windows-11-10.0.26200-SP0
uniform2d_n20_instance202600,20,202600,3,qubo_sa_swap,iterations,100,1,400,40000,2000,40000,0.8518317000052775,3.706025349054038,True,3.706025349054038,0.0,,3.14.4,"Intel64 Family 6 Model 186 Stepping 3, GenuineIntel",Windows-11-10.0.26200-SP0
uniform2d_n20_instance202600,20,202600,4,two_opt,iterations,100,1,400,40000,2000,40000,0.7730798000047798,3.7060253490540376,True,3.706025349054038,0.0,,3.14.4,"Intel64 Family 6 Model 186 Stepping 3, GenuineIntel",Windows-11-10.0.26200-SP0
uniform2d_n20_instance202600,20,202600,4,qubo_sa,iterations,100,1,400,40000,2000,40000,0.6957772999958252,6.98549850234307,True,3.706025349054038,88.49030550009908,,3.14.4,"Intel64 Family 6 Model 186 Stepping 3, GenuineIntel",Windows-11-10.0.26200-SP0
uniform2d_n20_instance202600,20,202600,4,qubo_sa_swap,iterations,100,1,400,40000,2000,40000,0.8562204999980167,4.050572704574752,True,3.706025349054038,9.296950858921127,,3.14.4,"Intel64 Family 6 Model 186 Stepping 3, GenuineIntel",Windows-11-10.0.26200-SP0
uniform2d_n20_instance202600,20,202600,5,two_opt,iterations,100,1,400,40000,2000,40000,0.7785654999970575,3.7060253490540376,True,3.706025349054038,0.0,,3.14.4,"Intel64 Family 6 Model 186 Stepping 3, GenuineIntel",Windows-11-10.0.26200-SP0
uniform2d_n20_instance202600,20,202600,5,qubo_sa,iterations,100,1,400,40000,2000,40000,0.6778561999963131,6.827696500160095,True,3.706025349054038,84.23232053452799,,3.14.4,"Intel64 Family 6 Model 186 Stepping 3, GenuineIntel",Windows-11-10.0.26200-SP0
uniform2d_n20_instance202600,20,202600,5,qubo_sa_swap,iterations,100,1,400,40000,2000,40000,0.8562352000008104,3.706025349054038,True,3.706025349054038,0.0,,3.14.4,"Intel64 Family 6 Model 186 Stepping 3, GenuineIntel",Windows-11-10.0.26200-SP0
uniform2d_n20_instance202600,20,202600,6,two_opt,iterations,100,1,400,40000,2000,40000,0.7721917999951984,3.7060253490540376,True,3.706025349054038,0.0,,3.14.4,"Intel64 Family 6 Model 186 Stepping 3, GenuineIntel",Windows-11-10.0.26200-SP0
uniform2d_n20_instance202600,20,202600,6,qubo_sa,iterations,100,1,400,40000,2000,40000,0.6783107000010205,6.869248840752562,True,3.706025349054038,85.3535309062561,,3.14.4,"Intel64 Family 6 Model 186 Stepping 3, GenuineIntel",Windows-11-10.0.26200-SP0
uniform2d_n20_instance202600,20,202600,6,qubo_sa_swap,iterations,100,1,400,40000,2000,40000,0.8609766000008676,3.706025349054038,True,3.706025349054038,0.0,,3.14.4,"Intel64 Family 6 Model 186 Stepping 3, GenuineIntel",Windows-11-10.0.26200-SP0
uniform2d_n20_instance202600,20,202600,7,two_opt,iterations,100,1,400,40000,2000,40000,0.7750938999961363,3.7060253490540376,True,3.706025349054038,0.0,,3.14.4,"Intel64 Family 6 Model 186 Stepping 3, GenuineIntel",Windows-11-10.0.26200-SP0
uniform2d_n20_instance202600,20,202600,7,qubo_sa,iterations,100,1,400,40000,2000,40000,0.6817800999997417,7.967683247938229,True,3.706025349054038,114.99268076976263,,3.14.4,"Intel64 Family 6 Model 186 Stepping 3, GenuineIntel",Windows-11-10.0.26200-SP0
uniform2d_n20_instance202600,20,202600,7,qubo_sa_swap,iterations,100,1,400,40000,2000,40000,0.860769099999743,3.706025349054038,True,3.706025349054038,0.0,,3.14.4,"Intel64 Family 6 Model 186 Stepping 3, GenuineIntel",Windows-11-10.0.26200-SP0
uniform2d_n20_instance202600,20,202600,8,two_opt,iterations,100,1,400,40000,2000,40000,0.7721892000045045,3.7060253490540376,True,3.706025349054038,0.0,,3.14.4,"Intel64 Family 6 Model 186 Stepping 3, GenuineIntel",Windows-11-10.0.26200-SP0
uniform2d_n20_instance202600,20,202600,8,qubo_sa,iterations,100,1,400,40000,2000,40000,0.6796861999973771,7.302908095336483,True,3.706025349054038,97.05499578411,,3.14.4,"Intel64 Family 6 Model 186 Stepping 3, GenuineIntel",Windows-11-10.0.26200-SP0
uniform2d_n20_instance202600,20,202600,8,qubo_sa_swap,iterations,100,1,400,40000,2000,40000,0.8676564000052167,3.706025349054038,True,3.706025349054038,0.0,,3.14.4,"Intel64 Family 6 Model 186 Stepping 3, GenuineIntel",Windows-11-10.0.26200-SP0
uniform2d_n20_instance202600,20,202600,9,two_opt,iterations,100,1,400,40000,2000,40000,0.7612167000042973,3.7060253490540376,True,3.706025349054038,0.0,,3.14.4,"Intel64 Family 6 Model 186 Stepping 3, GenuineIntel",Windows-11-10.0.26200-SP0
uniform2d_n20_instance202600,20,202600,9,qubo_sa,iterations,100,1,400,40000,2000,40000,0.6765710000036051,6.546169411144821,True,3.706025349054038,76.63585093436367,,3.14.4,"Intel64 Family 6 Model 186 Stepping 3, GenuineIntel",Windows-11-10.0.26200-SP0
uniform2d_n20_instance202600,20,202600,9,qubo_sa_swap,iterations,100,1,400,40000,2000,40000,0.8562294000003021,3.706025349054038,True,3.706025349054038,0.0,,3.14.4,"Intel64 Family 6 Model 186 Stepping 3, GenuineIntel",Windows-11-10.0.26200-SP0
uniform2d_n20_instance202601,20,202601,0,two_opt,iterations,100,1,400,40000,2000,40000,0.7626474999997299,3.5251175116493068,True,3.5251175116493068,0.0,,3.14.4,"Intel64 Family 6 Model 186 Stepping 3, GenuineIntel",Windows-11-10.0.26200-SP0
uniform2d_n20_instance202601,20,202601,0,qubo_sa,iterations,100,1,400,40000,2000,40000,0.675107900002331,,False,3.5251175116493068,,,3.14.4,"Intel64 Family 6 Model 186 Stepping 3, GenuineIntel",Windows-11-10.0.26200-SP0
uniform2d_n20_instance202601,20,202601,0,qubo_sa_swap,iterations,100,1,400,40000,2000,40000,0.8618582999988575,3.607844186131811,True,3.5251175116493068,2.346777780006515,,3.14.4,"Intel64 Family 6 Model 186 Stepping 3, GenuineIntel",Windows-11-10.0.26200-SP0
uniform2d_n20_instance202601,20,202601,1,two_opt,iterations,100,1,400,40000,2000,40000,0.7618065999995451,3.5251175116493068,True,3.5251175116493068,0.0,,3.14.4,"Intel64 Family 6 Model 186 Stepping 3, GenuineIntel",Windows-11-10.0.26200-SP0
uniform2d_n20_instance202601,20,202601,1,qubo_sa,iterations,100,1,400,40000,2000,40000,0.6872543999998015,7.393076169193475,True,3.5251175116493068,109.72566573346532,,3.14.4,"Intel64 Family 6 Model 186 Stepping 3, GenuineIntel",Windows-11-10.0.26200-SP0
uniform2d_n20_instance202601,20,202601,1,qubo_sa_swap,iterations,100,1,400,40000,2000,40000,0.8569997000013245,3.674902087026636,True,3.5251175116493068,4.249066162541881,,3.14.4,"Intel64 Family 6 Model 186 Stepping 3, GenuineIntel",Windows-11-10.0.26200-SP0
uniform2d_n20_instance202601,20,202601,2,two_opt,iterations,100,1,400,40000,2000,40000,0.7621841000000131,3.5251175116493068,True,3.5251175116493068,0.0,,3.14.4,"Intel64 Family 6 Model 186 Stepping 3, GenuineIntel",Windows-11-10.0.26200-SP0
uniform2d_n20_instance202601,20,202601,2,qubo_sa,iterations,100,1,400,40000,2000,40000,0.6834366999974009,7.220270346946334,True,3.5251175116493068,104.82353632427323,,3.14.4,"Intel64 Family 6 Model 186 Stepping 3, GenuineIntel",Windows-11-10.0.26200-SP0
uniform2d_n20_instance202601,20,202601,2,qubo_sa_swap,iterations,100,1,400,40000,2000,40000,0.8585470999969402,3.674902087026636,True,3.5251175116493068,4.249066162541881,,3.14.4,"Intel64 Family 6 Model 186 Stepping 3, GenuineIntel",Windows-11-10.0.26200-SP0
uniform2d_n20_instance202601,20,202601,3,two_opt,iterations,100,1,400,40000,2000,40000,0.7639890999998897,3.5251175116493068,True,3.5251175116493068,0.0,,3.14.4,"Intel64 Family 6 Model 186 Stepping 3, GenuineIntel",Windows-11-10.0.26200-SP0
uniform2d_n20_instance202601,20,202601,3,qubo_sa,iterations,100,1,400,40000,2000,40000,0.6806701999958022,8.086601820666724,True,3.5251175116493068,129.39949644070796,,3.14.4,"Intel64 Family 6 Model 186 Stepping 3, GenuineIntel",Windows-11-10.0.26200-SP0
uniform2d_n20_instance202601,20,202601,3,qubo_sa_swap,iterations,100,1,400,40000,2000,40000,0.8589126999941072,3.5251175116493068,True,3.5251175116493068,0.0,,3.14.4,"Intel64 Family 6 Model 186 Stepping 3, GenuineIntel",Windows-11-10.0.26200-SP0
uniform2d_n20_instance202601,20,202601,4,two_opt,iterations,100,1,400,40000,2000,40000,0.7701946000015596,3.5251175116493068,True,3.5251175116493068,0.0,,3.14.4,"Intel64 Family 6 Model 186 Stepping 3, GenuineIntel",Windows-11-10.0.26200-SP0
uniform2d_n20_instance202601,20,202601,4,qubo_sa,iterations,100,1,400,40000,2000,40000,0.6764863999997033,6.642405386591117,True,3.5251175116493068,88.43075059597987,,3.14.4,"Intel64 Family 6 Model 186 Stepping 3, GenuineIntel",Windows-11-10.0.26200-SP0
uniform2d_n20_instance202601,20,202601,4,qubo_sa_swap,iterations,100,1,400,40000,2000,40000,0.8638449999998556,3.601444522432248,True,3.5251175116493068,2.1652330888461524,,3.14.4,"Intel64 Family 6 Model 186 Stepping 3, GenuineIntel",Windows-11-10.0.26200-SP0
uniform2d_n20_instance202601,20,202601,5,two_opt,iterations,100,1,400,40000,2000,40000,0.7713511000038125,3.5251175116493068,True,3.5251175116493068,0.0,,3.14.4,"Intel64 Family 6 Model 186 Stepping 3, GenuineIntel",Windows-11-10.0.26200-SP0
uniform2d_n20_instance202601,20,202601,5,qubo_sa,iterations,100,1,400,40000,2000,40000,0.6738363000040408,8.001385574404228,True,3.5251175116493068,126.98209486527436,,3.14.4,"Intel64 Family 6 Model 186 Stepping 3, GenuineIntel",Windows-11-10.0.26200-SP0
uniform2d_n20_instance202601,20,202601,5,qubo_sa_swap,iterations,100,1,400,40000,2000,40000,0.8597857000058866,3.6078441861318113,True,3.5251175116493068,2.346777780006515,,3.14.4,"Intel64 Family 6 Model 186 Stepping 3, GenuineIntel",Windows-11-10.0.26200-SP0
uniform2d_n20_instance202601,20,202601,6,two_opt,iterations,100,1,400,40000,2000,40000,0.775487200000498,3.5251175116493068,True,3.5251175116493068,0.0,,3.14.4,"Intel64 Family 6 Model 186 Stepping 3, GenuineIntel",Windows-11-10.0.26200-SP0
uniform2d_n20_instance202601,20,202601,6,qubo_sa,iterations,100,1,400,40000,2000,40000,0.6771167999977479,7.898941198621289,True,3.5251175116493068,124.07596831929695,,3.14.4,"Intel64 Family 6 Model 186 Stepping 3, GenuineIntel",Windows-11-10.0.26200-SP0
uniform2d_n20_instance202601,20,202601,6,qubo_sa_swap,iterations,100,1,400,40000,2000,40000,0.8624640999987605,3.5251175116493068,True,3.5251175116493068,0.0,,3.14.4,"Intel64 Family 6 Model 186 Stepping 3, GenuineIntel",Windows-11-10.0.26200-SP0
uniform2d_n20_instance202601,20,202601,7,two_opt,iterations,100,1,400,40000,2000,40000,0.769430000000284,3.5251175116493068,True,3.5251175116493068,0.0,,3.14.4,"Intel64 Family 6 Model 186 Stepping 3, GenuineIntel",Windows-11-10.0.26200-SP0
uniform2d_n20_instance202601,20,202601,7,qubo_sa,iterations,100,1,400,40000,2000,40000,0.6741837000008672,7.296008859887533,True,3.5251175116493068,106.97207499542132,,3.14.4,"Intel64 Family 6 Model 186 Stepping 3, GenuineIntel",Windows-11-10.0.26200-SP0
uniform2d_n20_instance202601,20,202601,7,qubo_sa_swap,iterations,100,1,400,40000,2000,40000,0.8628385999982129,3.5251175116493068,True,3.5251175116493068,0.0,,3.14.4,"Intel64 Family 6 Model 186 Stepping 3, GenuineIntel",Windows-11-10.0.26200-SP0
uniform2d_n20_instance202601,20,202601,8,two_opt,iterations,100,1,400,40000,2000,40000,0.7758831999963149,3.5251175116493068,True,3.5251175116493068,0.0,,3.14.4,"Intel64 Family 6 Model 186 Stepping 3, GenuineIntel",Windows-11-10.0.26200-SP0
uniform2d_n20_instance202601,20,202601,8,qubo_sa,iterations,100,1,400,40000,2000,40000,0.6890586000008625,6.532476745589143,True,3.5251175116493068,85.31231154710571,,3.14.4,"Intel64 Family 6 Model 186 Stepping 3, GenuineIntel",Windows-11-10.0.26200-SP0
uniform2d_n20_instance202601,20,202601,8,qubo_sa_swap,iterations,100,1,400,40000,2000,40000,0.8627925999971922,3.9384749098386007,True,3.5251175116493068,11.726060105040158,,3.14.4,"Intel64 Family 6 Model 186 Stepping 3, GenuineIntel",Windows-11-10.0.26200-SP0
uniform2d_n20_instance202601,20,202601,9,two_opt,iterations,100,1,400,40000,2000,40000,0.7665570999961346,3.5251175116493068,True,3.5251175116493068,0.0,,3.14.4,"Intel64 Family 6 Model 186 Stepping 3, GenuineIntel",Windows-11-10.0.26200-SP0
uniform2d_n20_instance202601,20,202601,9,qubo_sa,iterations,100,1,400,40000,2000,40000,0.6833343000034802,7.104602389016626,True,3.5251175116493068,101.54228520151021,,3.14.4,"Intel64 Family 6 Model 186 Stepping 3, GenuineIntel",Windows-11-10.0.26200-SP0
uniform2d_n20_instance202601,20,202601,9,qubo_sa_swap,iterations,100,1,400,40000,2000,40000,0.8695059999954537,3.5251175116493068,True,3.5251175116493068,0.0,,3.14.4,"Intel64 Family 6 Model 186 Stepping 3, GenuineIntel",Windows-11-10.0.26200-SP0
uniform2d_n20_instance202602,20,202602,0,two_opt,iterations,100,1,400,40000,2000,40000,0.7722711999958847,3.6118176382537746,True,3.6118176382537746,0.0,,3.14.4,"Intel64 Family 6 Model 186 Stepping 3, GenuineIntel",Windows-11-10.0.26200-SP0
uniform2d_n20_instance202602,20,202602,0,qubo_sa,iterations,100,1,400,40000,2000,40000,0.6797140999988187,7.0029055348549045,True,3.6118176382537746,93.88867977954274,,3.14.4,"Intel64 Family 6 Model 186 Stepping 3, GenuineIntel",Windows-11-10.0.26200-SP0
uniform2d_n20_instance202602,20,202602,0,qubo_sa_swap,iterations,100,1,400,40000,2000,40000,0.8657854999983101,3.6118176382537746,True,3.6118176382537746,0.0,,3.14.4,"Intel64 Family 6 Model 186 Stepping 3, GenuineIntel",Windows-11-10.0.26200-SP0
uniform2d_n20_instance202602,20,202602,1,two_opt,iterations,100,1,400,40000,2000,40000,0.7550729000067804,3.6118176382537746,True,3.6118176382537746,0.0,,3.14.4,"Intel64 Family 6 Model 186 Stepping 3, GenuineIntel",Windows-11-10.0.26200-SP0
uniform2d_n20_instance202602,20,202602,1,qubo_sa,iterations,100,1,400,40000,2000,40000,0.6812289000008604,7.0234292847872375,True,3.6118176382537746,94.45691859965815,,3.14.4,"Intel64 Family 6 Model 186 Stepping 3, GenuineIntel",Windows-11-10.0.26200-SP0
uniform2d_n20_instance202602,20,202602,1,qubo_sa_swap,iterations,100,1,400,40000,2000,40000,0.8594553000002634,3.611817638253775,True,3.6118176382537746,2.220446049250313e-14,,3.14.4,"Intel64 Family 6 Model 186 Stepping 3, GenuineIntel",Windows-11-10.0.26200-SP0
uniform2d_n20_instance202602,20,202602,2,two_opt,iterations,100,1,400,40000,2000,40000,0.7797059000004083,3.6118176382537746,True,3.6118176382537746,0.0,,3.14.4,"Intel64 Family 6 Model 186 Stepping 3, GenuineIntel",Windows-11-10.0.26200-SP0
uniform2d_n20_instance202602,20,202602,2,qubo_sa,iterations,100,1,400,40000,2000,40000,0.6795469999997295,6.441435013360152,True,3.6118176382537746,78.3433068474196,,3.14.4,"Intel64 Family 6 Model 186 Stepping 3, GenuineIntel",Windows-11-10.0.26200-SP0
uniform2d_n20_instance202602,20,202602,2,qubo_sa_swap,iterations,100,1,400,40000,2000,40000,0.8667769000021508,3.8228837855854434,True,3.6118176382537746,5.843765341201279,,3.14.4,"Intel64 Family 6 Model 186 Stepping 3, GenuineIntel",Windows-11-10.0.26200-SP0
uniform2d_n20_instance202602,20,202602,3,two_opt,iterations,100,1,400,40000,2000,40000,0.772780800005421,3.6118176382537746,True,3.6118176382537746,0.0,,3.14.4,"Intel64 Family 6 Model 186 Stepping 3, GenuineIntel",Windows-11-10.0.26200-SP0
uniform2d_n20_instance202602,20,202602,3,qubo_sa,iterations,100,1,400,40000,2000,40000,0.6764879999973346,6.709916162645993,True,3.6118176382537746,85.77671506942619,,3.14.4,"Intel64 Family 6 Model 186 Stepping 3, GenuineIntel",Windows-11-10.0.26200-SP0
uniform2d_n20_instance202602,20,202602,3,qubo_sa_swap,iterations,100,1,400,40000,2000,40000,0.8667139000026509,3.611817638253775,True,3.6118176382537746,2.220446049250313e-14,,3.14.4,"Intel64 Family 6 Model 186 Stepping 3, GenuineIntel",Windows-11-10.0.26200-SP0
uniform2d_n20_instance202602,20,202602,4,two_opt,iterations,100,1,400,40000,2000,40000,0.7739071999967564,3.6118176382537746,True,3.6118176382537746,0.0,,3.14.4,"Intel64 Family 6 Model 186 Stepping 3, GenuineIntel",Windows-11-10.0.26200-SP0
uniform2d_n20_instance202602,20,202602,4,qubo_sa,iterations,100,1,400,40000,2000,40000,0.6879046999965794,7.185266290399185,True,3.6118176382537746,98.9376820772459,,3.14.4,"Intel64 Family 6 Model 186 Stepping 3, GenuineIntel",Windows-11-10.0.26200-SP0
uniform2d_n20_instance202602,20,202602,4,qubo_sa_swap,iterations,100,1,400,40000,2000,40000,0.867404800002987,3.7312280997088734,True,3.6118176382537746,3.30610438883705,,3.14.4,"Intel64 Family 6 Model 186 Stepping 3, GenuineIntel",Windows-11-10.0.26200-SP0
uniform2d_n20_instance202602,20,202602,5,two_opt,iterations,100,1,400,40000,2000,40000,0.7655640000011772,3.6118176382537746,True,3.6118176382537746,0.0,,3.14.4,"Intel64 Family 6 Model 186 Stepping 3, GenuineIntel",Windows-11-10.0.26200-SP0
uniform2d_n20_instance202602,20,202602,5,qubo_sa,iterations,100,1,400,40000,2000,40000,0.6882148000004236,8.018585819256543,True,3.6118176382537746,122.00970874967356,,3.14.4,"Intel64 Family 6 Model 186 Stepping 3, GenuineIntel",Windows-11-10.0.26200-SP0
uniform2d_n20_instance202602,20,202602,5,qubo_sa_swap,iterations,100,1,400,40000,2000,40000,0.869668699997419,3.611817638253775,True,3.6118176382537746,2.220446049250313e-14,,3.14.4,"Intel64 Family 6 Model 186 Stepping 3, GenuineIntel",Windows-11-10.0.26200-SP0
uniform2d_n20_instance202602,20,202602,6,two_opt,iterations,100,1,400,40000,2000,40000,0.7489316000064719,3.6118176382537746,True,3.6118176382537746,0.0,,3.14.4,"Intel64 Family 6 Model 186 Stepping 3, GenuineIntel",Windows-11-10.0.26200-SP0
uniform2d_n20_instance202602,20,202602,6,qubo_sa,iterations,100,1,400,40000,2000,40000,0.6860304999936488,6.972794968687887,True,3.6118176382537746,93.05501182665088,,3.14.4,"Intel64 Family 6 Model 186 Stepping 3, GenuineIntel",Windows-11-10.0.26200-SP0
uniform2d_n20_instance202602,20,202602,6,qubo_sa_swap,iterations,100,1,400,40000,2000,40000,0.8471174000005703,3.611817638253775,True,3.6118176382537746,2.220446049250313e-14,,3.14.4,"Intel64 Family 6 Model 186 Stepping 3, GenuineIntel",Windows-11-10.0.26200-SP0
uniform2d_n20_instance202602,20,202602,7,two_opt,iterations,100,1,400,40000,2000,40000,0.7689750999998068,3.6118176382537746,True,3.6118176382537746,0.0,,3.14.4,"Intel64 Family 6 Model 186 Stepping 3, GenuineIntel",Windows-11-10.0.26200-SP0
uniform2d_n20_instance202602,20,202602,7,qubo_sa,iterations,100,1,400,40000,2000,40000,0.6806864000027417,6.882493035946359,True,3.6118176382537746,90.55483208930437,,3.14.4,"Intel64 Family 6 Model 186 Stepping 3, GenuineIntel",Windows-11-10.0.26200-SP0
uniform2d_n20_instance202602,20,202602,7,qubo_sa_swap,iterations,100,1,400,40000,2000,40000,0.858678399999917,3.771142950653214,True,3.6118176382537746,4.411222502265355,,3.14.4,"Intel64 Family 6 Model 186 Stepping 3, GenuineIntel",Windows-11-10.0.26200-SP0
uniform2d_n20_instance202602,20,202602,8,two_opt,iterations,100,1,400,40000,2000,40000,0.7595810999991954,3.6118176382537746,True,3.6118176382537746,0.0,,3.14.4,"Intel64 Family 6 Model 186 Stepping 3, GenuineIntel",Windows-11-10.0.26200-SP0
uniform2d_n20_instance202602,20,202602,8,qubo_sa,iterations,100,1,400,40000,2000,40000,0.6798590000034892,6.726243529850321,True,3.6118176382537746,86.22876909982354,,3.14.4,"Intel64 Family 6 Model 186 Stepping 3, GenuineIntel",Windows-11-10.0.26200-SP0
uniform2d_n20_instance202602,20,202602,8,qubo_sa_swap,iterations,100,1,400,40000,2000,40000,0.8602486999952816,3.9657498955166703,True,3.6118176382537746,9.799283704534245,,3.14.4,"Intel64 Family 6 Model 186 Stepping 3, GenuineIntel",Windows-11-10.0.26200-SP0
uniform2d_n20_instance202602,20,202602,9,two_opt,iterations,100,1,400,40000,2000,40000,0.7665650999988429,3.6118176382537746,True,3.6118176382537746,0.0,,3.14.4,"Intel64 Family 6 Model 186 Stepping 3, GenuineIntel",Windows-11-10.0.26200-SP0
uniform2d_n20_instance202602,20,202602,9,qubo_sa,iterations,100,1,400,40000,2000,40000,0.7070458000016515,7.490620172144737,True,3.6118176382537746,107.39198161085088,,3.14.4,"Intel64 Family 6 Model 186 Stepping 3, GenuineIntel",Windows-11-10.0.26200-SP0
uniform2d_n20_instance202602,20,202602,9,qubo_sa_swap,iterations,100,1,400,40000,2000,40000,0.8622113000019453,3.7168725962417173,True,3.6118176382537746,2.908645134108556,,3.14.4,"Intel64 Family 6 Model 186 Stepping 3, GenuineIntel",Windows-11-10.0.26200-SP0
uniform2d_n20_instance202603,20,202603,0,two_opt,iterations,100,1,400,40000,2000,40000,0.7767039999962435,4.271853473485019,True,4.268160139397538,0.08653222856822573,,3.14.4,"Intel64 Family 6 Model 186 Stepping 3, GenuineIntel",Windows-11-10.0.26200-SP0
uniform2d_n20_instance202603,20,202603,0,qubo_sa,iterations,100,1,400,40000,2000,40000,0.6978552000000491,7.430800617464036,True,4.268160139397538,74.09844932652673,,3.14.4,"Intel64 Family 6 Model 186 Stepping 3, GenuineIntel",Windows-11-10.0.26200-SP0
uniform2d_n20_instance202603,20,202603,0,qubo_sa_swap,iterations,100,1,400,40000,2000,40000,0.8831710000013118,4.305334245664318,True,4.268160139397538,0.870963250034662,,3.14.4,"Intel64 Family 6 Model 186 Stepping 3, GenuineIntel",Windows-11-10.0.26200-SP0
uniform2d_n20_instance202603,20,202603,1,two_opt,iterations,100,1,400,40000,2000,40000,0.7916706000032718,4.271853473485019,True,4.268160139397538,0.08653222856822573,,3.14.4,"Intel64 Family 6 Model 186 Stepping 3, GenuineIntel",Windows-11-10.0.26200-SP0
uniform2d_n20_instance202603,20,202603,1,qubo_sa,iterations,100,1,400,40000,2000,40000,0.6739766000027885,6.852685340147388,True,4.268160139397538,60.55361364943215,,3.14.4,"Intel64 Family 6 Model 186 Stepping 3, GenuineIntel",Windows-11-10.0.26200-SP0
uniform2d_n20_instance202603,20,202603,1,qubo_sa_swap,iterations,100,1,400,40000,2000,40000,0.8642433999993955,4.271853473485018,True,4.268160139397538,0.08653222856820353,,3.14.4,"Intel64 Family 6 Model 186 Stepping 3, GenuineIntel",Windows-11-10.0.26200-SP0
uniform2d_n20_instance202603,20,202603,2,two_opt,iterations,100,1,400,40000,2000,40000,0.7749126999988221,4.271853473485019,True,4.268160139397538,0.08653222856822573,,3.14.4,"Intel64 Family 6 Model 186 Stepping 3, GenuineIntel",Windows-11-10.0.26200-SP0
uniform2d_n20_instance202603,20,202603,2,qubo_sa,iterations,100,1,400,40000,2000,40000,0.6876841999983299,6.552560592509282,True,4.268160139397538,53.52190120575451,,3.14.4,"Intel64 Family 6 Model 186 Stepping 3, GenuineIntel",Windows-11-10.0.26200-SP0
uniform2d_n20_instance202603,20,202603,2,qubo_sa_swap,iterations,100,1,400,40000,2000,40000,0.8567167000001064,4.436848929698497,True,4.268160139397538,3.952260102517391,,3.14.4,"Intel64 Family 6 Model 186 Stepping 3, GenuineIntel",Windows-11-10.0.26200-SP0
uniform2d_n20_instance202603,20,202603,3,two_opt,iterations,100,1,400,40000,2000,40000,0.7674427999954787,4.271853473485019,True,4.268160139397538,0.08653222856822573,,3.14.4,"Intel64 Family 6 Model 186 Stepping 3, GenuineIntel",Windows-11-10.0.26200-SP0
uniform2d_n20_instance202603,20,202603,3,qubo_sa,iterations,100,1,400,40000,2000,40000,0.682296300001326,6.782592745689266,True,4.268160139397538,58.91139329759654,,3.14.4,"Intel64 Family 6 Model 186 Stepping 3, GenuineIntel",Windows-11-10.0.26200-SP0
uniform2d_n20_instance202603,20,202603,3,qubo_sa_swap,iterations,100,1,400,40000,2000,40000,0.8579116000037175,4.271853473485019,True,4.268160139397538,0.08653222856822573,,3.14.4,"Intel64 Family 6 Model 186 Stepping 3, GenuineIntel",Windows-11-10.0.26200-SP0
uniform2d_n20_instance202603,20,202603,4,two_opt,iterations,100,1,400,40000,2000,40000,0.7577243999985512,4.294923845611187,True,4.268160139397538,0.6270548746895699,,3.14.4,"Intel64 Family 6 Model 186 Stepping 3, GenuineIntel",Windows-11-10.0.26200-SP0
uniform2d_n20_instance202603,20,202603,4,qubo_sa,iterations,100,1,400,40000,2000,40000,0.6853475000025355,6.97891114900764,True,4.268160139397538,63.51099586419764,,3.14.4,"Intel64 Family 6 Model 186 Stepping 3, GenuineIntel",Windows-11-10.0.26200-SP0
uniform2d_n20_instance202603,20,202603,4,qubo_sa_swap,iterations,100,1,400,40000,2000,40000,0.8566929000007804,4.271853473485019,True,4.268160139397538,0.08653222856822573,,3.14.4,"Intel64 Family 6 Model 186 Stepping 3, GenuineIntel",Windows-11-10.0.26200-SP0
uniform2d_n20_instance202603,20,202603,5,two_opt,iterations,100,1,400,40000,2000,40000,0.7721965000018827,4.271853473485019,True,4.268160139397538,0.08653222856822573,,3.14.4,"Intel64 Family 6 Model 186 Stepping 3, GenuineIntel",Windows-11-10.0.26200-SP0
uniform2d_n20_instance202603,20,202603,5,qubo_sa,iterations,100,1,400,40000,2000,40000,0.6759837999998126,,False,4.268160139397538,,,3.14.4,"Intel64 Family 6 Model 186 Stepping 3, GenuineIntel",Windows-11-10.0.26200-SP0
uniform2d_n20_instance202603,20,202603,5,qubo_sa_swap,iterations,100,1,400,40000,2000,40000,0.8680879000021378,4.30533424566432,True,4.268160139397538,0.8709632500347064,,3.14.4,"Intel64 Family 6 Model 186 Stepping 3, GenuineIntel",Windows-11-10.0.26200-SP0
uniform2d_n20_instance202603,20,202603,6,two_opt,iterations,100,1,400,40000,2000,40000,0.759320100005425,4.271853473485019,True,4.268160139397538,0.08653222856822573,,3.14.4,"Intel64 Family 6 Model 186 Stepping 3, GenuineIntel",Windows-11-10.0.26200-SP0
uniform2d_n20_instance202603,20,202603,6,qubo_sa,iterations,100,1,400,40000,2000,40000,0.6821306999991066,6.684714349205666,True,4.268160139397538,56.6181710827099,,3.14.4,"Intel64 Family 6 Model 186 Stepping 3, GenuineIntel",Windows-11-10.0.26200-SP0
uniform2d_n20_instance202603,20,202603,6,qubo_sa_swap,iterations,100,1,400,40000,2000,40000,0.8608482999989064,4.332349147330086,True,4.268160139397538,1.5039034580742738,,3.14.4,"Intel64 Family 6 Model 186 Stepping 3, GenuineIntel",Windows-11-10.0.26200-SP0
uniform2d_n20_instance202603,20,202603,7,two_opt,iterations,100,1,400,40000,2000,40000,0.7651075000030687,4.271853473485019,True,4.268160139397538,0.08653222856822573,,3.14.4,"Intel64 Family 6 Model 186 Stepping 3, GenuineIntel",Windows-11-10.0.26200-SP0
uniform2d_n20_instance202603,20,202603,7,qubo_sa,iterations,100,1,400,40000,2000,40000,0.6844695999971009,7.495095668839065,True,4.268160139397538,75.60483730811978,,3.14.4,"Intel64 Family 6 Model 186 Stepping 3, GenuineIntel",Windows-11-10.0.26200-SP0
uniform2d_n20_instance202603,20,202603,7,qubo_sa_swap,iterations,100,1,400,40000,2000,40000,0.8630050000065239,4.439457444494728,True,4.268160139397538,4.013375775571748,,3.14.4,"Intel64 Family 6 Model 186 Stepping 3, GenuineIntel",Windows-11-10.0.26200-SP0
uniform2d_n20_instance202603,20,202603,8,two_opt,iterations,100,1,400,40000,2000,40000,0.7609465999994427,4.271853473485019,True,4.268160139397538,0.08653222856822573,,3.14.4,"Intel64 Family 6 Model 186 Stepping 3, GenuineIntel",Windows-11-10.0.26200-SP0
uniform2d_n20_instance202603,20,202603,8,qubo_sa,iterations,100,1,400,40000,2000,40000,0.6816034000003128,6.073044097457306,True,4.268160139397538,42.28716587739212,,3.14.4,"Intel64 Family 6 Model 186 Stepping 3, GenuineIntel",Windows-11-10.0.26200-SP0
uniform2d_n20_instance202603,20,202603,8,qubo_sa_swap,iterations,100,1,400,40000,2000,40000,0.8762796000009985,4.26816013939754,True,4.268160139397538,4.440892098500626e-14,,3.14.4,"Intel64 Family 6 Model 186 Stepping 3, GenuineIntel",Windows-11-10.0.26200-SP0
uniform2d_n20_instance202603,20,202603,9,two_opt,iterations,100,1,400,40000,2000,40000,0.7585159000009298,4.271853473485019,True,4.268160139397538,0.08653222856822573,,3.14.4,"Intel64 Family 6 Model 186 Stepping 3, GenuineIntel",Windows-11-10.0.26200-SP0
uniform2d_n20_instance202603,20,202603,9,qubo_sa,iterations,100,1,400,40000,2000,40000,0.6859256000025198,6.487112457983985,True,4.268160139397538,51.98849729428516,,3.14.4,"Intel64 Family 6 Model 186 Stepping 3, GenuineIntel",Windows-11-10.0.26200-SP0
uniform2d_n20_instance202603,20,202603,9,qubo_sa_swap,iterations,100,1,400,40000,2000,40000,0.8609375000014552,4.382875025419542,True,4.268160139397538,2.6876893620537023,,3.14.4,"Intel64 Family 6 Model 186 Stepping 3, GenuineIntel",Windows-11-10.0.26200-SP0
uniform2d_n20_instance202604,20,202604,0,two_opt,iterations,100,1,400,40000,2000,40000,0.754738499999803,3.2413643821254485,True,3.2413643821254485,0.0,,3.14.4,"Intel64 Family 6 Model 186 Stepping 3, GenuineIntel",Windows-11-10.0.26200-SP0
uniform2d_n20_instance202604,20,202604,0,qubo_sa,iterations,100,1,400,40000,2000,40000,0.6904513999979827,5.647309499375182,True,3.2413643821254485,74.22630823357453,,3.14.4,"Intel64 Family 6 Model 186 Stepping 3, GenuineIntel",Windows-11-10.0.26200-SP0
uniform2d_n20_instance202604,20,202604,0,qubo_sa_swap,iterations,100,1,400,40000,2000,40000,0.8617764000009629,3.3599063222982486,True,3.2413643821254485,3.6571618058895528,,3.14.4,"Intel64 Family 6 Model 186 Stepping 3, GenuineIntel",Windows-11-10.0.26200-SP0
uniform2d_n20_instance202604,20,202604,1,two_opt,iterations,100,1,400,40000,2000,40000,0.7709075000020675,3.2413643821254485,True,3.2413643821254485,0.0,,3.14.4,"Intel64 Family 6 Model 186 Stepping 3, GenuineIntel",Windows-11-10.0.26200-SP0
uniform2d_n20_instance202604,20,202604,1,qubo_sa,iterations,100,1,400,40000,2000,40000,0.6851133000018308,6.106452119055688,True,3.2413643821254485,88.39141173790297,,3.14.4,"Intel64 Family 6 Model 186 Stepping 3, GenuineIntel",Windows-11-10.0.26200-SP0
uniform2d_n20_instance202604,20,202604,1,qubo_sa_swap,iterations,100,1,400,40000,2000,40000,0.8631926000016392,3.4603937113944734,True,3.2413643821254485,6.757318938804446,,3.14.4,"Intel64 Family 6 Model 186 Stepping 3, GenuineIntel",Windows-11-10.0.26200-SP0
uniform2d_n20_instance202604,20,202604,2,two_opt,iterations,100,1,400,40000,2000,40000,0.758100099999865,3.2413643821254485,True,3.2413643821254485,0.0,,3.14.4,"Intel64 Family 6 Model 186 Stepping 3, GenuineIntel",Windows-11-10.0.26200-SP0
uniform2d_n20_instance202604,20,202604,2,qubo_sa,iterations,100,1,400,40000,2000,40000,0.7073117000036291,5.871253434103066,True,3.2413643821254485,81.13524867738349,,3.14.4,"Intel64 Family 6 Model 186 Stepping 3, GenuineIntel",Windows-11-10.0.26200-SP0
uniform2d_n20_instance202604,20,202604,2,qubo_sa_swap,iterations,100,1,400,40000,2000,40000,0.8724078000013833,3.241364382125449,True,3.2413643821254485,2.220446049250313e-14,,3.14.4,"Intel64 Family 6 Model 186 Stepping 3, GenuineIntel",Windows-11-10.0.26200-SP0
uniform2d_n20_instance202604,20,202604,3,two_opt,iterations,100,1,400,40000,2000,40000,0.7776024000049802,3.2413643821254485,True,3.2413643821254485,0.0,,3.14.4,"Intel64 Family 6 Model 186 Stepping 3, GenuineIntel",Windows-11-10.0.26200-SP0
uniform2d_n20_instance202604,20,202604,3,qubo_sa,iterations,100,1,400,40000,2000,40000,0.6827801999970688,6.420714318542419,True,3.2413643821254485,98.08677956571445,,3.14.4,"Intel64 Family 6 Model 186 Stepping 3, GenuineIntel",Windows-11-10.0.26200-SP0
uniform2d_n20_instance202604,20,202604,3,qubo_sa_swap,iterations,100,1,400,40000,2000,40000,0.8706057000017609,3.3853144688120285,True,3.2413643821254485,4.441033765916447,,3.14.4,"Intel64 Family 6 Model 186 Stepping 3, GenuineIntel",Windows-11-10.0.26200-SP0
uniform2d_n20_instance202604,20,202604,4,two_opt,iterations,100,1,400,40000,2000,40000,0.7538778999951319,3.2413643821254485,True,3.2413643821254485,0.0,,3.14.4,"Intel64 Family 6 Model 186 Stepping 3, GenuineIntel",Windows-11-10.0.26200-SP0
uniform2d_n20_instance202604,20,202604,4,qubo_sa,iterations,100,1,400,40000,2000,40000,0.6894897000020137,5.1657162163009955,True,3.2413643821254485,59.36857468994887,,3.14.4,"Intel64 Family 6 Model 186 Stepping 3, GenuineIntel",Windows-11-10.0.26200-SP0
uniform2d_n20_instance202604,20,202604,4,qubo_sa_swap,iterations,100,1,400,40000,2000,40000,0.8617680000024848,3.5641355881390453,True,3.2413643821254485,9.957880940307827,,3.14.4,"Intel64 Family 6 Model 186 Stepping 3, GenuineIntel",Windows-11-10.0.26200-SP0
uniform2d_n20_instance202604,20,202604,5,two_opt,iterations,100,1,400,40000,2000,40000,0.7651093000022229,3.2413643821254485,True,3.2413643821254485,0.0,,3.14.4,"Intel64 Family 6 Model 186 Stepping 3, GenuineIntel",Windows-11-10.0.26200-SP0
uniform2d_n20_instance202604,20,202604,5,qubo_sa,iterations,100,1,400,40000,2000,40000,0.6823008000064874,5.534478620154503,True,3.2413643821254485,70.74533954511459,,3.14.4,"Intel64 Family 6 Model 186 Stepping 3, GenuineIntel",Windows-11-10.0.26200-SP0
uniform2d_n20_instance202604,20,202604,5,qubo_sa_swap,iterations,100,1,400,40000,2000,40000,0.8592123999987962,3.4803872257122284,True,3.2413643821254485,7.374142965995278,,3.14.4,"Intel64 Family 6 Model 186 Stepping 3, GenuineIntel",Windows-11-10.0.26200-SP0
uniform2d_n20_instance202604,20,202604,6,two_opt,iterations,100,1,400,40000,2000,40000,0.7813678000020445,3.2413643821254485,True,3.2413643821254485,0.0,,3.14.4,"Intel64 Family 6 Model 186 Stepping 3, GenuineIntel",Windows-11-10.0.26200-SP0
uniform2d_n20_instance202604,20,202604,6,qubo_sa,iterations,100,1,400,40000,2000,40000,0.6851706000015838,5.178531864445926,True,3.2413643821254485,59.763952889808245,,3.14.4,"Intel64 Family 6 Model 186 Stepping 3, GenuineIntel",Windows-11-10.0.26200-SP0
uniform2d_n20_instance202604,20,202604,6,qubo_sa_swap,iterations,100,1,400,40000,2000,40000,0.8626900000017486,3.605930525001535,True,3.2413643821254485,11.24730514367629,,3.14.4,"Intel64 Family 6 Model 186 Stepping 3, GenuineIntel",Windows-11-10.0.26200-SP0
uniform2d_n20_instance202604,20,202604,7,two_opt,iterations,100,1,400,40000,2000,40000,0.7703888000032748,3.2413643821254485,True,3.2413643821254485,0.0,,3.14.4,"Intel64 Family 6 Model 186 Stepping 3, GenuineIntel",Windows-11-10.0.26200-SP0
uniform2d_n20_instance202604,20,202604,7,qubo_sa,iterations,100,1,400,40000,2000,40000,0.6839703000005102,7.096519932426391,True,3.2413643821254485,118.93619771847482,,3.14.4,"Intel64 Family 6 Model 186 Stepping 3, GenuineIntel",Windows-11-10.0.26200-SP0
uniform2d_n20_instance202604,20,202604,7,qubo_sa_swap,iterations,100,1,400,40000,2000,40000,0.8573074000014458,3.3599063222982486,True,3.2413643821254485,3.6571618058895528,,3.14.4,"Intel64 Family 6 Model 186 Stepping 3, GenuineIntel",Windows-11-10.0.26200-SP0
uniform2d_n20_instance202604,20,202604,8,two_opt,iterations,100,1,400,40000,2000,40000,0.7703380999955698,3.2413643821254485,True,3.2413643821254485,0.0,,3.14.4,"Intel64 Family 6 Model 186 Stepping 3, GenuineIntel",Windows-11-10.0.26200-SP0
uniform2d_n20_instance202604,20,202604,8,qubo_sa,iterations,100,1,400,40000,2000,40000,0.6925762999962899,6.396139645266674,True,3.2413643821254485,97.32862126017918,,3.14.4,"Intel64 Family 6 Model 186 Stepping 3, GenuineIntel",Windows-11-10.0.26200-SP0
uniform2d_n20_instance202604,20,202604,8,qubo_sa_swap,iterations,100,1,400,40000,2000,40000,0.8587526000046637,3.5093710504347286,True,3.2413643821254485,8.268328910726819,,3.14.4,"Intel64 Family 6 Model 186 Stepping 3, GenuineIntel",Windows-11-10.0.26200-SP0
uniform2d_n20_instance202604,20,202604,9,two_opt,iterations,100,1,400,40000,2000,40000,0.7646050000039395,3.2413643821254485,True,3.2413643821254485,0.0,,3.14.4,"Intel64 Family 6 Model 186 Stepping 3, GenuineIntel",Windows-11-10.0.26200-SP0
uniform2d_n20_instance202604,20,202604,9,qubo_sa,iterations,100,1,400,40000,2000,40000,0.6769617999962065,5.437200727220653,True,3.2413643821254485,67.74419923919004,,3.14.4,"Intel64 Family 6 Model 186 Stepping 3, GenuineIntel",Windows-11-10.0.26200-SP0
uniform2d_n20_instance202604,20,202604,9,qubo_sa_swap,iterations,100,1,400,40000,2000,40000,0.8638100999960443,3.5325200981791482,True,3.2413643821254485,8.982504949436798,,3.14.4,"Intel64 Family 6 Model 186 Stepping 3, GenuineIntel",Windows-11-10.0.26200-SP0
uniform2d_n20_instance202605,20,202605,0,two_opt,iterations,100,1,400,40000,2000,40000,0.7624264000041876,3.5404749962386592,True,3.5404749962386592,0.0,,3.14.4,"Intel64 Family 6 Model 186 Stepping 3, GenuineIntel",Windows-11-10.0.26200-SP0
uniform2d_n20_instance202605,20,202605,0,qubo_sa,iterations,100,1,400,40000,2000,40000,0.6719891999964602,7.7154585196567735,True,3.5404749962386592,117.92156498361229,,3.14.4,"Intel64 Family 6 Model 186 Stepping 3, GenuineIntel",Windows-11-10.0.26200-SP0
uniform2d_n20_instance202605,20,202605,0,qubo_sa_swap,iterations,100,1,400,40000,2000,40000,0.8557842000009259,3.892274202467827,True,3.5404749962386592,9.93649740791598,,3.14.4,"Intel64 Family 6 Model 186 Stepping 3, GenuineIntel",Windows-11-10.0.26200-SP0
uniform2d_n20_instance202605,20,202605,1,two_opt,iterations,100,1,400,40000,2000,40000,0.7786698999989312,3.5404749962386592,True,3.5404749962386592,0.0,,3.14.4,"Intel64 Family 6 Model 186 Stepping 3, GenuineIntel",Windows-11-10.0.26200-SP0
uniform2d_n20_instance202605,20,202605,1,qubo_sa,iterations,100,1,400,40000,2000,40000,0.6786202000002959,6.899762722931795,True,3.5404749962386592,94.88240222744085,,3.14.4,"Intel64 Family 6 Model 186 Stepping 3, GenuineIntel",Windows-11-10.0.26200-SP0
uniform2d_n20_instance202605,20,202605,1,qubo_sa_swap,iterations,100,1,400,40000,2000,40000,0.8545272999981535,4.353973655094878,True,3.5404749962386592,22.977105041568315,,3.14.4,"Intel64 Family 6 Model 186 Stepping 3, GenuineIntel",Windows-11-10.0.26200-SP0
uniform2d_n20_instance202605,20,202605,2,two_opt,iterations,100,1,400,40000,2000,40000,0.768966100004036,3.5404749962386592,True,3.5404749962386592,0.0,,3.14.4,"Intel64 Family 6 Model 186 Stepping 3, GenuineIntel",Windows-11-10.0.26200-SP0
uniform2d_n20_instance202605,20,202605,2,qubo_sa,iterations,100,1,400,40000,2000,40000,0.6910290000014356,7.01114433841502,True,3.5404749962386592,98.0283534232989,,3.14.4,"Intel64 Family 6 Model 186 Stepping 3, GenuineIntel",Windows-11-10.0.26200-SP0
uniform2d_n20_instance202605,20,202605,2,qubo_sa_swap,iterations,100,1,400,40000,2000,40000,0.8693048999994062,4.300867718957048,True,3.5404749962386592,21.477138619146217,,3.14.4,"Intel64 Family 6 Model 186 Stepping 3, GenuineIntel",Windows-11-10.0.26200-SP0
uniform2d_n20_instance202605,20,202605,3,two_opt,iterations,100,1,400,40000,2000,40000,0.7768728000010015,3.5404749962386592,True,3.5404749962386592,0.0,,3.14.4,"Intel64 Family 6 Model 186 Stepping 3, GenuineIntel",Windows-11-10.0.26200-SP0
uniform2d_n20_instance202605,20,202605,3,qubo_sa,iterations,100,1,400,40000,2000,40000,0.6797879000005196,7.788207879130397,True,3.5404749962386592,119.97635592411915,,3.14.4,"Intel64 Family 6 Model 186 Stepping 3, GenuineIntel",Windows-11-10.0.26200-SP0
uniform2d_n20_instance202605,20,202605,3,qubo_sa_swap,iterations,100,1,400,40000,2000,40000,0.8596374000044307,3.5404749962386597,True,3.5404749962386592,2.220446049250313e-14,,3.14.4,"Intel64 Family 6 Model 186 Stepping 3, GenuineIntel",Windows-11-10.0.26200-SP0
uniform2d_n20_instance202605,20,202605,4,two_opt,iterations,100,1,400,40000,2000,40000,0.7657770000005257,3.5404749962386592,True,3.5404749962386592,0.0,,3.14.4,"Intel64 Family 6 Model 186 Stepping 3, GenuineIntel",Windows-11-10.0.26200-SP0
uniform2d_n20_instance202605,20,202605,4,qubo_sa,iterations,100,1,400,40000,2000,40000,0.6875628999987384,7.257401690580586,True,3.5404749962386592,104.98384251521978,,3.14.4,"Intel64 Family 6 Model 186 Stepping 3, GenuineIntel",Windows-11-10.0.26200-SP0
uniform2d_n20_instance202605,20,202605,4,qubo_sa_swap,iterations,100,1,400,40000,2000,40000,0.8701194999957806,3.5767964699933734,True,3.5404749962386592,1.0258926780531308,,3.14.4,"Intel64 Family 6 Model 186 Stepping 3, GenuineIntel",Windows-11-10.0.26200-SP0
uniform2d_n20_instance202605,20,202605,5,two_opt,iterations,100,1,400,40000,2000,40000,0.7716787999961525,3.5404749962386592,True,3.5404749962386592,0.0,,3.14.4,"Intel64 Family 6 Model 186 Stepping 3, GenuineIntel",Windows-11-10.0.26200-SP0
uniform2d_n20_instance202605,20,202605,5,qubo_sa,iterations,100,1,400,40000,2000,40000,0.6923391000018455,8.06056655793494,True,3.5404749962386592,127.66907170643344,,3.14.4,"Intel64 Family 6 Model 186 Stepping 3, GenuineIntel",Windows-11-10.0.26200-SP0
uniform2d_n20_instance202605,20,202605,5,qubo_sa_swap,iterations,100,1,400,40000,2000,40000,0.8584364999987883,3.676322889582196,True,3.5404749962386592,3.8369962642825994,,3.14.4,"Intel64 Family 6 Model 186 Stepping 3, GenuineIntel",Windows-11-10.0.26200-SP0
uniform2d_n20_instance202605,20,202605,6,two_opt,iterations,100,1,400,40000,2000,40000,0.7685177999956068,3.5404749962386592,True,3.5404749962386592,0.0,,3.14.4,"Intel64 Family 6 Model 186 Stepping 3, GenuineIntel",Windows-11-10.0.26200-SP0
uniform2d_n20_instance202605,20,202605,6,qubo_sa,iterations,100,1,400,40000,2000,40000,0.6804028999977163,7.678531470022107,True,3.5404749962386592,116.8785679373431,,3.14.4,"Intel64 Family 6 Model 186 Stepping 3, GenuineIntel",Windows-11-10.0.26200-SP0
uniform2d_n20_instance202605,20,202605,6,qubo_sa_swap,iterations,100,1,400,40000,2000,40000,0.8807291000048281,3.5404749962386592,True,3.5404749962386592,0.0,,3.14.4,"Intel64 Family 6 Model 186 Stepping 3, GenuineIntel",Windows-11-10.0.26200-SP0
uniform2d_n20_instance202605,20,202605,7,two_opt,iterations,100,1,400,40000,2000,40000,0.7632221000021673,3.5404749962386592,True,3.5404749962386592,0.0,,3.14.4,"Intel64 Family 6 Model 186 Stepping 3, GenuineIntel",Windows-11-10.0.26200-SP0
uniform2d_n20_instance202605,20,202605,7,qubo_sa,iterations,100,1,400,40000,2000,40000,0.6793699999980163,6.750385151495087,True,3.5404749962386592,90.6632629425877,,3.14.4,"Intel64 Family 6 Model 186 Stepping 3, GenuineIntel",Windows-11-10.0.26200-SP0
uniform2d_n20_instance202605,20,202605,7,qubo_sa_swap,iterations,100,1,400,40000,2000,40000,0.8607425000009243,3.92762286665919,True,3.5404749962386592,10.934913276660051,,3.14.4,"Intel64 Family 6 Model 186 Stepping 3, GenuineIntel",Windows-11-10.0.26200-SP0
uniform2d_n20_instance202605,20,202605,8,two_opt,iterations,100,1,400,40000,2000,40000,0.7723104000033345,3.5404749962386592,True,3.5404749962386592,0.0,,3.14.4,"Intel64 Family 6 Model 186 Stepping 3, GenuineIntel",Windows-11-10.0.26200-SP0
uniform2d_n20_instance202605,20,202605,8,qubo_sa,iterations,100,1,400,40000,2000,40000,0.6800826000035158,7.4524916879215715,True,3.5404749962386592,110.49412002171945,,3.14.4,"Intel64 Family 6 Model 186 Stepping 3, GenuineIntel",Windows-11-10.0.26200-SP0
uniform2d_n20_instance202605,20,202605,8,qubo_sa_swap,iterations,100,1,400,40000,2000,40000,0.8569404000008944,3.5404749962386597,True,3.5404749962386592,2.220446049250313e-14,,3.14.4,"Intel64 Family 6 Model 186 Stepping 3, GenuineIntel",Windows-11-10.0.26200-SP0
uniform2d_n20_instance202605,20,202605,9,two_opt,iterations,100,1,400,40000,2000,40000,0.7582077999977628,3.5404749962386592,True,3.5404749962386592,0.0,,3.14.4,"Intel64 Family 6 Model 186 Stepping 3, GenuineIntel",Windows-11-10.0.26200-SP0
uniform2d_n20_instance202605,20,202605,9,qubo_sa,iterations,100,1,400,40000,2000,40000,0.683178899998893,8.087409033876586,True,3.5404749962386592,128.42723200893982,,3.14.4,"Intel64 Family 6 Model 186 Stepping 3, GenuineIntel",Windows-11-10.0.26200-SP0
uniform2d_n20_instance202605,20,202605,9,qubo_sa_swap,iterations,100,1,400,40000,2000,40000,0.8612447000050452,3.5767964699933734,True,3.5404749962386592,1.0258926780531308,,3.14.4,"Intel64 Family 6 Model 186 Stepping 3, GenuineIntel",Windows-11-10.0.26200-SP0
uniform2d_n20_instance202606,20,202606,0,two_opt,iterations,100,1,400,40000,2000,40000,0.7784138999995776,4.378186113969299,True,4.228212973749368,3.5469627748420107,,3.14.4,"Intel64 Family 6 Model 186 Stepping 3, GenuineIntel",Windows-11-10.0.26200-SP0
uniform2d_n20_instance202606,20,202606,0,qubo_sa,iterations,100,1,400,40000,2000,40000,0.6917641999971238,7.102366816331661,True,4.228212973749368,67.97561665948054,,3.14.4,"Intel64 Family 6 Model 186 Stepping 3, GenuineIntel",Windows-11-10.0.26200-SP0
uniform2d_n20_instance202606,20,202606,0,qubo_sa_swap,iterations,100,1,400,40000,2000,40000,0.8680361999940942,4.228212973749368,True,4.228212973749368,0.0,,3.14.4,"Intel64 Family 6 Model 186 Stepping 3, GenuineIntel",Windows-11-10.0.26200-SP0
uniform2d_n20_instance202606,20,202606,1,two_opt,iterations,100,1,400,40000,2000,40000,0.7737706000043545,4.387639623645518,True,4.228212973749368,3.7705444566284108,,3.14.4,"Intel64 Family 6 Model 186 Stepping 3, GenuineIntel",Windows-11-10.0.26200-SP0
uniform2d_n20_instance202606,20,202606,1,qubo_sa,iterations,100,1,400,40000,2000,40000,0.6861938000001828,7.492112495537859,True,4.228212973749368,77.19335667461016,,3.14.4,"Intel64 Family 6 Model 186 Stepping 3, GenuineIntel",Windows-11-10.0.26200-SP0
uniform2d_n20_instance202606,20,202606,1,qubo_sa_swap,iterations,100,1,400,40000,2000,40000,0.8545499999963795,4.307648475621777,True,4.228212973749368,1.8787015310151034,,3.14.4,"Intel64 Family 6 Model 186 Stepping 3, GenuineIntel",Windows-11-10.0.26200-SP0
uniform2d_n20_instance202606,20,202606,2,two_opt,iterations,100,1,400,40000,2000,40000,0.7868224999983795,4.378186113969299,True,4.228212973749368,3.5469627748420107,,3.14.4,"Intel64 Family 6 Model 186 Stepping 3, GenuineIntel",Windows-11-10.0.26200-SP0
uniform2d_n20_instance202606,20,202606,2,qubo_sa,iterations,100,1,400,40000,2000,40000,0.6859771000017645,8.091679707231817,True,4.228212973749368,91.37351305311661,,3.14.4,"Intel64 Family 6 Model 186 Stepping 3, GenuineIntel",Windows-11-10.0.26200-SP0
uniform2d_n20_instance202606,20,202606,2,qubo_sa_swap,iterations,100,1,400,40000,2000,40000,0.8530778999993345,4.340826331317997,True,4.228212973749368,2.6633795002234395,,3.14.4,"Intel64 Family 6 Model 186 Stepping 3, GenuineIntel",Windows-11-10.0.26200-SP0
uniform2d_n20_instance202606,20,202606,3,two_opt,iterations,100,1,400,40000,2000,40000,0.7676873999953386,4.378186113969299,True,4.228212973749368,3.5469627748420107,,3.14.4,"Intel64 Family 6 Model 186 Stepping 3, GenuineIntel",Windows-11-10.0.26200-SP0
uniform2d_n20_instance202606,20,202606,3,qubo_sa,iterations,100,1,400,40000,2000,40000,0.6779838000002201,6.706041098122037,True,4.228212973749368,58.60225442181202,,3.14.4,"Intel64 Family 6 Model 186 Stepping 3, GenuineIntel",Windows-11-10.0.26200-SP0
uniform2d_n20_instance202606,20,202606,3,qubo_sa_swap,iterations,100,1,400,40000,2000,40000,0.864322200002789,4.307774241310216,True,4.228212973749368,1.8816759717355636,,3.14.4,"Intel64 Family 6 Model 186 Stepping 3, GenuineIntel",Windows-11-10.0.26200-SP0
uniform2d_n20_instance202606,20,202606,4,two_opt,iterations,100,1,400,40000,2000,40000,0.7787023000055342,4.378186113969299,True,4.228212973749368,3.5469627748420107,,3.14.4,"Intel64 Family 6 Model 186 Stepping 3, GenuineIntel",Windows-11-10.0.26200-SP0
uniform2d_n20_instance202606,20,202606,4,qubo_sa,iterations,100,1,400,40000,2000,40000,0.6784752000021399,8.297311259529694,True,4.228212973749368,96.2368336468173,,3.14.4,"Intel64 Family 6 Model 186 Stepping 3, GenuineIntel",Windows-11-10.0.26200-SP0
uniform2d_n20_instance202606,20,202606,4,qubo_sa_swap,iterations,100,1,400,40000,2000,40000,0.8614957000027061,4.287680444807103,True,4.228212973749368,1.4064445529810232,,3.14.4,"Intel64 Family 6 Model 186 Stepping 3, GenuineIntel",Windows-11-10.0.26200-SP0
uniform2d_n20_instance202606,20,202606,5,two_opt,iterations,100,1,400,40000,2000,40000,0.7826700999939931,4.378186113969299,True,4.228212973749368,3.5469627748420107,,3.14.4,"Intel64 Family 6 Model 186 Stepping 3, GenuineIntel",Windows-11-10.0.26200-SP0
uniform2d_n20_instance202606,20,202606,5,qubo_sa,iterations,100,1,400,40000,2000,40000,0.688917899999069,8.231602566113066,True,4.228212973749368,94.68278010635996,,3.14.4,"Intel64 Family 6 Model 186 Stepping 3, GenuineIntel",Windows-11-10.0.26200-SP0
uniform2d_n20_instance202606,20,202606,5,qubo_sa_swap,iterations,100,1,400,40000,2000,40000,0.8558291000008467,4.307774241310216,True,4.228212973749368,1.8816759717355636,,3.14.4,"Intel64 Family 6 Model 186 Stepping 3, GenuineIntel",Windows-11-10.0.26200-SP0
uniform2d_n20_instance202606,20,202606,6,two_opt,iterations,100,1,400,40000,2000,40000,0.7684188000057475,4.378186113969299,True,4.228212973749368,3.5469627748420107,,3.14.4,"Intel64 Family 6 Model 186 Stepping 3, GenuineIntel",Windows-11-10.0.26200-SP0
uniform2d_n20_instance202606,20,202606,6,qubo_sa,iterations,100,1,400,40000,2000,40000,0.6872865000041202,6.710412676459916,True,4.228212973749368,58.70564510636409,,3.14.4,"Intel64 Family 6 Model 186 Stepping 3, GenuineIntel",Windows-11-10.0.26200-SP0
uniform2d_n20_instance202606,20,202606,6,qubo_sa_swap,iterations,100,1,400,40000,2000,40000,0.8709354999955394,4.41801744326764,True,4.228212973749368,4.488999742838473,,3.14.4,"Intel64 Family 6 Model 186 Stepping 3, GenuineIntel",Windows-11-10.0.26200-SP0
uniform2d_n20_instance202606,20,202606,7,two_opt,iterations,100,1,400,40000,2000,40000,0.7623104000012972,4.378186113969299,True,4.228212973749368,3.5469627748420107,,3.14.4,"Intel64 Family 6 Model 186 Stepping 3, GenuineIntel",Windows-11-10.0.26200-SP0
uniform2d_n20_instance202606,20,202606,7,qubo_sa,iterations,100,1,400,40000,2000,40000,0.6727303000006941,6.5652204574085475,True,4.228212973749368,55.27175424152861,,3.14.4,"Intel64 Family 6 Model 186 Stepping 3, GenuineIntel",Windows-11-10.0.26200-SP0
uniform2d_n20_instance202606,20,202606,7,qubo_sa_swap,iterations,100,1,400,40000,2000,40000,0.867732700004126,4.228212973749368,True,4.228212973749368,0.0,,3.14.4,"Intel64 Family 6 Model 186 Stepping 3, GenuineIntel",Windows-11-10.0.26200-SP0
uniform2d_n20_instance202606,20,202606,8,two_opt,iterations,100,1,400,40000,2000,40000,0.7639721000014106,4.378186113969299,True,4.228212973749368,3.5469627748420107,,3.14.4,"Intel64 Family 6 Model 186 Stepping 3, GenuineIntel",Windows-11-10.0.26200-SP0
uniform2d_n20_instance202606,20,202606,8,qubo_sa,iterations,100,1,400,40000,2000,40000,0.6831676000001607,6.693875045581639,True,4.228212973749368,58.31451932861946,,3.14.4,"Intel64 Family 6 Model 186 Stepping 3, GenuineIntel",Windows-11-10.0.26200-SP0
uniform2d_n20_instance202606,20,202606,8,qubo_sa_swap,iterations,100,1,400,40000,2000,40000,0.8626055999993696,4.287680444807103,True,4.228212973749368,1.4064445529810232,,3.14.4,"Intel64 Family 6 Model 186 Stepping 3, GenuineIntel",Windows-11-10.0.26200-SP0
uniform2d_n20_instance202606,20,202606,9,two_opt,iterations,100,1,400,40000,2000,40000,0.7786666000029072,4.378186113969299,True,4.228212973749368,3.5469627748420107,,3.14.4,"Intel64 Family 6 Model 186 Stepping 3, GenuineIntel",Windows-11-10.0.26200-SP0
uniform2d_n20_instance202606,20,202606,9,qubo_sa,iterations,100,1,400,40000,2000,40000,0.6770939999987604,8.060672092764056,True,4.228212973749368,90.64016270723123,,3.14.4,"Intel64 Family 6 Model 186 Stepping 3, GenuineIntel",Windows-11-10.0.26200-SP0
uniform2d_n20_instance202606,20,202606,9,qubo_sa_swap,iterations,100,1,400,40000,2000,40000,0.8572778000016115,4.293465540127403,True,4.228212973749368,1.5432658379119335,,3.14.4,"Intel64 Family 6 Model 186 Stepping 3, GenuineIntel",Windows-11-10.0.26200-SP0
uniform2d_n20_instance202607,20,202607,0,two_opt,iterations,100,1,400,40000,2000,40000,0.761276800003543,3.794974916735229,True,3.794974916735229,0.0,,3.14.4,"Intel64 Family 6 Model 186 Stepping 3, GenuineIntel",Windows-11-10.0.26200-SP0
uniform2d_n20_instance202607,20,202607,0,qubo_sa,iterations,100,1,400,40000,2000,40000,0.6994523000030313,5.781500074467649,True,3.794974916735229,52.34619994383003,,3.14.4,"Intel64 Family 6 Model 186 Stepping 3, GenuineIntel",Windows-11-10.0.26200-SP0
uniform2d_n20_instance202607,20,202607,0,qubo_sa_swap,iterations,100,1,400,40000,2000,40000,0.8568723999997019,3.914186983151688,True,3.794974916735229,3.141313685388347,,3.14.4,"Intel64 Family 6 Model 186 Stepping 3, GenuineIntel",Windows-11-10.0.26200-SP0
uniform2d_n20_instance202607,20,202607,1,two_opt,iterations,100,1,400,40000,2000,40000,0.761315799994918,3.794974916735229,True,3.794974916735229,0.0,,3.14.4,"Intel64 Family 6 Model 186 Stepping 3, GenuineIntel",Windows-11-10.0.26200-SP0
uniform2d_n20_instance202607,20,202607,1,qubo_sa,iterations,100,1,400,40000,2000,40000,0.6846774000005098,6.3425074177785445,True,3.794974916735229,67.12909984751434,,3.14.4,"Intel64 Family 6 Model 186 Stepping 3, GenuineIntel",Windows-11-10.0.26200-SP0
uniform2d_n20_instance202607,20,202607,1,qubo_sa_swap,iterations,100,1,400,40000,2000,40000,0.855495100004191,3.9428912640564624,True,3.794974916735229,3.8976897230320606,,3.14.4,"Intel64 Family 6 Model 186 Stepping 3, GenuineIntel",Windows-11-10.0.26200-SP0
uniform2d_n20_instance202607,20,202607,2,two_opt,iterations,100,1,400,40000,2000,40000,0.7642601000043214,3.794974916735229,True,3.794974916735229,0.0,,3.14.4,"Intel64 Family 6 Model 186 Stepping 3, GenuineIntel",Windows-11-10.0.26200-SP0
uniform2d_n20_instance202607,20,202607,2,qubo_sa,iterations,100,1,400,40000,2000,40000,0.6834325999952853,6.127796049597734,True,3.794974916735229,61.47131889001793,,3.14.4,"Intel64 Family 6 Model 186 Stepping 3, GenuineIntel",Windows-11-10.0.26200-SP0
uniform2d_n20_instance202607,20,202607,2,qubo_sa_swap,iterations,100,1,400,40000,2000,40000,0.862060500003281,3.989058895675027,True,3.794974916735229,5.114236146434559,,3.14.4,"Intel64 Family 6 Model 186 Stepping 3, GenuineIntel",Windows-11-10.0.26200-SP0
uniform2d_n20_instance202607,20,202607,3,two_opt,iterations,100,1,400,40000,2000,40000,0.7692043999995803,3.794974916735229,True,3.794974916735229,0.0,,3.14.4,"Intel64 Family 6 Model 186 Stepping 3, GenuineIntel",Windows-11-10.0.26200-SP0
uniform2d_n20_instance202607,20,202607,3,qubo_sa,iterations,100,1,400,40000,2000,40000,0.6865151000019978,6.9009640979555185,True,3.794974916735229,81.84478815718587,,3.14.4,"Intel64 Family 6 Model 186 Stepping 3, GenuineIntel",Windows-11-10.0.26200-SP0
uniform2d_n20_instance202607,20,202607,3,qubo_sa_swap,iterations,100,1,400,40000,2000,40000,0.8627706999977818,3.7991133626598375,True,3.794974916735229,0.10905067926427758,,3.14.4,"Intel64 Family 6 Model 186 Stepping 3, GenuineIntel",Windows-11-10.0.26200-SP0
uniform2d_n20_instance202607,20,202607,4,two_opt,iterations,100,1,400,40000,2000,40000,0.7594787999987602,3.794974916735229,True,3.794974916735229,0.0,,3.14.4,"Intel64 Family 6 Model 186 Stepping 3, GenuineIntel",Windows-11-10.0.26200-SP0
uniform2d_n20_instance202607,20,202607,4,qubo_sa,iterations,100,1,400,40000,2000,40000,0.6773379000005662,6.570340250967502,True,3.794974916735229,73.13263974402989,,3.14.4,"Intel64 Family 6 Model 186 Stepping 3, GenuineIntel",Windows-11-10.0.26200-SP0
uniform2d_n20_instance202607,20,202607,4,qubo_sa_swap,iterations,100,1,400,40000,2000,40000,0.8633581999965827,3.905956550307896,True,3.794974916735229,2.924436551168119,,3.14.4,"Intel64 Family 6 Model 186 Stepping 3, GenuineIntel",Windows-11-10.0.26200-SP0
uniform2d_n20_instance202607,20,202607,5,two_opt,iterations,100,1,400,40000,2000,40000,0.7597682999985409,3.794974916735229,True,3.794974916735229,0.0,,3.14.4,"Intel64 Family 6 Model 186 Stepping 3, GenuineIntel",Windows-11-10.0.26200-SP0
uniform2d_n20_instance202607,20,202607,5,qubo_sa,iterations,100,1,400,40000,2000,40000,0.6802596999987145,6.955586915094866,True,3.794974916735229,83.28413409063249,,3.14.4,"Intel64 Family 6 Model 186 Stepping 3, GenuineIntel",Windows-11-10.0.26200-SP0
uniform2d_n20_instance202607,20,202607,5,qubo_sa_swap,iterations,100,1,400,40000,2000,40000,0.8566829999981564,3.981650208947967,True,3.794974916735229,4.919012544444756,,3.14.4,"Intel64 Family 6 Model 186 Stepping 3, GenuineIntel",Windows-11-10.0.26200-SP0
uniform2d_n20_instance202607,20,202607,6,two_opt,iterations,100,1,400,40000,2000,40000,0.7667033999969135,3.794974916735229,True,3.794974916735229,0.0,,3.14.4,"Intel64 Family 6 Model 186 Stepping 3, GenuineIntel",Windows-11-10.0.26200-SP0
uniform2d_n20_instance202607,20,202607,6,qubo_sa,iterations,100,1,400,40000,2000,40000,0.6802186999993864,7.249519003667922,True,3.794974916735229,91.02943135931439,,3.14.4,"Intel64 Family 6 Model 186 Stepping 3, GenuineIntel",Windows-11-10.0.26200-SP0
uniform2d_n20_instance202607,20,202607,6,qubo_sa_swap,iterations,100,1,400,40000,2000,40000,0.8700291999994079,3.794974916735229,True,3.794974916735229,0.0,,3.14.4,"Intel64 Family 6 Model 186 Stepping 3, GenuineIntel",Windows-11-10.0.26200-SP0
uniform2d_n20_instance202607,20,202607,7,two_opt,iterations,100,1,400,40000,2000,40000,0.7641801999998279,3.794974916735229,True,3.794974916735229,0.0,,3.14.4,"Intel64 Family 6 Model 186 Stepping 3, GenuineIntel",Windows-11-10.0.26200-SP0
uniform2d_n20_instance202607,20,202607,7,qubo_sa,iterations,100,1,400,40000,2000,40000,0.6844676000036998,6.5941136279671495,True,3.794974916735229,73.75908333117485,,3.14.4,"Intel64 Family 6 Model 186 Stepping 3, GenuineIntel",Windows-11-10.0.26200-SP0
uniform2d_n20_instance202607,20,202607,7,qubo_sa_swap,iterations,100,1,400,40000,2000,40000,0.8532110000014654,3.9318538563660974,True,3.794974916735229,3.6068470183361345,,3.14.4,"Intel64 Family 6 Model 186 Stepping 3, GenuineIntel",Windows-11-10.0.26200-SP0
uniform2d_n20_instance202607,20,202607,8,two_opt,iterations,100,1,400,40000,2000,40000,0.7582521000003908,3.794974916735229,True,3.794974916735229,0.0,,3.14.4,"Intel64 Family 6 Model 186 Stepping 3, GenuineIntel",Windows-11-10.0.26200-SP0
uniform2d_n20_instance202607,20,202607,8,qubo_sa,iterations,100,1,400,40000,2000,40000,0.6774905999991461,7.5101371007135835,True,3.794974916735229,97.89688378690164,,3.14.4,"Intel64 Family 6 Model 186 Stepping 3, GenuineIntel",Windows-11-10.0.26200-SP0
uniform2d_n20_instance202607,20,202607,8,qubo_sa_swap,iterations,100,1,400,40000,2000,40000,0.862882699999318,3.876268184294275,True,3.794974916735229,2.1421292457179497,,3.14.4,"Intel64 Family 6 Model 186 Stepping 3, GenuineIntel",Windows-11-10.0.26200-SP0
uniform2d_n20_instance202607,20,202607,9,two_opt,iterations,100,1,400,40000,2000,40000,0.7674728999991203,3.794974916735229,True,3.794974916735229,0.0,,3.14.4,"Intel64 Family 6 Model 186 Stepping 3, GenuineIntel",Windows-11-10.0.26200-SP0
uniform2d_n20_instance202607,20,202607,9,qubo_sa,iterations,100,1,400,40000,2000,40000,0.6776213999983156,6.998508680399525,True,3.794974916735229,84.41514987456775,,3.14.4,"Intel64 Family 6 Model 186 Stepping 3, GenuineIntel",Windows-11-10.0.26200-SP0
uniform2d_n20_instance202607,20,202607,9,qubo_sa_swap,iterations,100,1,400,40000,2000,40000,0.8606380999990506,3.879428053878273,True,3.794974916735229,2.2253938167185128,,3.14.4,"Intel64 Family 6 Model 186 Stepping 3, GenuineIntel",Windows-11-10.0.26200-SP0
uniform2d_n20_instance202608,20,202608,0,two_opt,iterations,100,1,400,40000,2000,40000,0.7601881000009598,3.7441423010866335,True,3.7441423010866335,0.0,,3.14.4,"Intel64 Family 6 Model 186 Stepping 3, GenuineIntel",Windows-11-10.0.26200-SP0
uniform2d_n20_instance202608,20,202608,0,qubo_sa,iterations,100,1,400,40000,2000,40000,0.6813469999979134,7.638223988371683,True,3.7441423010866335,104.00463909063768,,3.14.4,"Intel64 Family 6 Model 186 Stepping 3, GenuineIntel",Windows-11-10.0.26200-SP0
uniform2d_n20_instance202608,20,202608,0,qubo_sa_swap,iterations,100,1,400,40000,2000,40000,0.8674057999960496,4.018740356021485,True,3.7441423010866335,7.334071006199672,,3.14.4,"Intel64 Family 6 Model 186 Stepping 3, GenuineIntel",Windows-11-10.0.26200-SP0
uniform2d_n20_instance202608,20,202608,1,two_opt,iterations,100,1,400,40000,2000,40000,0.77489439999772,3.7441423010866335,True,3.7441423010866335,0.0,,3.14.4,"Intel64 Family 6 Model 186 Stepping 3, GenuineIntel",Windows-11-10.0.26200-SP0
uniform2d_n20_instance202608,20,202608,1,qubo_sa,iterations,100,1,400,40000,2000,40000,0.7099878000008175,6.952876128025334,True,3.7441423010866335,85.7001034925263,,3.14.4,"Intel64 Family 6 Model 186 Stepping 3, GenuineIntel",Windows-11-10.0.26200-SP0
uniform2d_n20_instance202608,20,202608,1,qubo_sa_swap,iterations,100,1,400,40000,2000,40000,0.8597775000016554,4.018740356021486,True,3.7441423010866335,7.334071006199694,,3.14.4,"Intel64 Family 6 Model 186 Stepping 3, GenuineIntel",Windows-11-10.0.26200-SP0
uniform2d_n20_instance202608,20,202608,2,two_opt,iterations,100,1,400,40000,2000,40000,0.7593762999968021,3.7441423010866335,True,3.7441423010866335,0.0,,3.14.4,"Intel64 Family 6 Model 186 Stepping 3, GenuineIntel",Windows-11-10.0.26200-SP0
uniform2d_n20_instance202608,20,202608,2,qubo_sa,iterations,100,1,400,40000,2000,40000,0.669663100001344,7.006369412938156,True,3.7441423010866335,87.12882282558417,,3.14.4,"Intel64 Family 6 Model 186 Stepping 3, GenuineIntel",Windows-11-10.0.26200-SP0
uniform2d_n20_instance202608,20,202608,2,qubo_sa_swap,iterations,100,1,400,40000,2000,40000,0.8563483999969321,3.836530421897907,True,3.7441423010866335,2.4675376463245025,,3.14.4,"Intel64 Family 6 Model 186 Stepping 3, GenuineIntel",Windows-11-10.0.26200-SP0
uniform2d_n20_instance202608,20,202608,3,two_opt,iterations,100,1,400,40000,2000,40000,0.7655583000014303,3.7441423010866335,True,3.7441423010866335,0.0,,3.14.4,"Intel64 Family 6 Model 186 Stepping 3, GenuineIntel",Windows-11-10.0.26200-SP0
uniform2d_n20_instance202608,20,202608,3,qubo_sa,iterations,100,1,400,40000,2000,40000,0.6699598999985028,5.949346541825989,True,3.7441423010866335,58.897447356617725,,3.14.4,"Intel64 Family 6 Model 186 Stepping 3, GenuineIntel",Windows-11-10.0.26200-SP0
uniform2d_n20_instance202608,20,202608,3,qubo_sa_swap,iterations,100,1,400,40000,2000,40000,0.8532011000061175,3.744142301086634,True,3.7441423010866335,2.220446049250313e-14,,3.14.4,"Intel64 Family 6 Model 186 Stepping 3, GenuineIntel",Windows-11-10.0.26200-SP0
uniform2d_n20_instance202608,20,202608,4,two_opt,iterations,100,1,400,40000,2000,40000,0.7675600000002305,3.7441423010866335,True,3.7441423010866335,0.0,,3.14.4,"Intel64 Family 6 Model 186 Stepping 3, GenuineIntel",Windows-11-10.0.26200-SP0
uniform2d_n20_instance202608,20,202608,4,qubo_sa,iterations,100,1,400,40000,2000,40000,0.6781594999993104,6.336016766993536,True,3.7441423010866335,69.2247852106124,,3.14.4,"Intel64 Family 6 Model 186 Stepping 3, GenuineIntel",Windows-11-10.0.26200-SP0
uniform2d_n20_instance202608,20,202608,4,qubo_sa_swap,iterations,100,1,400,40000,2000,40000,0.8661293000041042,3.744142301086634,True,3.7441423010866335,2.220446049250313e-14,,3.14.4,"Intel64 Family 6 Model 186 Stepping 3, GenuineIntel",Windows-11-10.0.26200-SP0
uniform2d_n20_instance202608,20,202608,5,two_opt,iterations,100,1,400,40000,2000,40000,0.757097599998815,3.7441423010866335,True,3.7441423010866335,0.0,,3.14.4,"Intel64 Family 6 Model 186 Stepping 3, GenuineIntel",Windows-11-10.0.26200-SP0
uniform2d_n20_instance202608,20,202608,5,qubo_sa,iterations,100,1,400,40000,2000,40000,0.6764732000010554,6.807214715673939,True,3.7441423010866335,81.80972218118777,,3.14.4,"Intel64 Family 6 Model 186 Stepping 3, GenuineIntel",Windows-11-10.0.26200-SP0
uniform2d_n20_instance202608,20,202608,5,qubo_sa_swap,iterations,100,1,400,40000,2000,40000,0.8580552000057651,3.7441423010866335,True,3.7441423010866335,0.0,,3.14.4,"Intel64 Family 6 Model 186 Stepping 3, GenuineIntel",Windows-11-10.0.26200-SP0
uniform2d_n20_instance202608,20,202608,6,two_opt,iterations,100,1,400,40000,2000,40000,0.7632660000017495,3.7441423010866335,True,3.7441423010866335,0.0,,3.14.4,"Intel64 Family 6 Model 186 Stepping 3, GenuineIntel",Windows-11-10.0.26200-SP0
uniform2d_n20_instance202608,20,202608,6,qubo_sa,iterations,100,1,400,40000,2000,40000,0.6722542999996222,7.426532853777577,True,3.7441423010866335,98.35071043165833,,3.14.4,"Intel64 Family 6 Model 186 Stepping 3, GenuineIntel",Windows-11-10.0.26200-SP0
uniform2d_n20_instance202608,20,202608,6,qubo_sa_swap,iterations,100,1,400,40000,2000,40000,0.8531447000059416,3.836530421897907,True,3.7441423010866335,2.4675376463245025,,3.14.4,"Intel64 Family 6 Model 186 Stepping 3, GenuineIntel",Windows-11-10.0.26200-SP0
uniform2d_n20_instance202608,20,202608,7,two_opt,iterations,100,1,400,40000,2000,40000,0.7672925000006217,3.7441423010866335,True,3.7441423010866335,0.0,,3.14.4,"Intel64 Family 6 Model 186 Stepping 3, GenuineIntel",Windows-11-10.0.26200-SP0
uniform2d_n20_instance202608,20,202608,7,qubo_sa,iterations,100,1,400,40000,2000,40000,0.6723344999991241,7.530328199588348,True,3.7441423010866335,101.12291665311118,,3.14.4,"Intel64 Family 6 Model 186 Stepping 3, GenuineIntel",Windows-11-10.0.26200-SP0
uniform2d_n20_instance202608,20,202608,7,qubo_sa_swap,iterations,100,1,400,40000,2000,40000,0.8676361000034376,4.018740356021486,True,3.7441423010866335,7.334071006199694,,3.14.4,"Intel64 Family 6 Model 186 Stepping 3, GenuineIntel",Windows-11-10.0.26200-SP0
uniform2d_n20_instance202608,20,202608,8,two_opt,iterations,100,1,400,40000,2000,40000,0.7643992000012076,3.7441423010866335,True,3.7441423010866335,0.0,,3.14.4,"Intel64 Family 6 Model 186 Stepping 3, GenuineIntel",Windows-11-10.0.26200-SP0
uniform2d_n20_instance202608,20,202608,8,qubo_sa,iterations,100,1,400,40000,2000,40000,0.6765177999986918,7.732205380344088,True,3.7441423010866335,106.51473043906559,,3.14.4,"Intel64 Family 6 Model 186 Stepping 3, GenuineIntel",Windows-11-10.0.26200-SP0
uniform2d_n20_instance202608,20,202608,8,qubo_sa_swap,iterations,100,1,400,40000,2000,40000,0.8664797000019462,3.7942208248816285,True,3.7441423010866335,1.3375165730335814,,3.14.4,"Intel64 Family 6 Model 186 Stepping 3, GenuineIntel",Windows-11-10.0.26200-SP0
uniform2d_n20_instance202608,20,202608,9,two_opt,iterations,100,1,400,40000,2000,40000,0.764148700000078,3.7441423010866335,True,3.7441423010866335,0.0,,3.14.4,"Intel64 Family 6 Model 186 Stepping 3, GenuineIntel",Windows-11-10.0.26200-SP0
uniform2d_n20_instance202608,20,202608,9,qubo_sa,iterations,100,1,400,40000,2000,40000,0.673649899996235,6.021056027385097,True,3.7441423010866335,60.81269201861404,,3.14.4,"Intel64 Family 6 Model 186 Stepping 3, GenuineIntel",Windows-11-10.0.26200-SP0
uniform2d_n20_instance202608,20,202608,9,qubo_sa_swap,iterations,100,1,400,40000,2000,40000,0.8619012999988627,3.744142301086634,True,3.7441423010866335,2.220446049250313e-14,,3.14.4,"Intel64 Family 6 Model 186 Stepping 3, GenuineIntel",Windows-11-10.0.26200-SP0
uniform2d_n20_instance202609,20,202609,0,two_opt,iterations,100,1,400,40000,2000,40000,0.7675906999938888,3.580221505359966,True,3.5802215053599666,0.0,,3.14.4,"Intel64 Family 6 Model 186 Stepping 3, GenuineIntel",Windows-11-10.0.26200-SP0
uniform2d_n20_instance202609,20,202609,0,qubo_sa,iterations,100,1,400,40000,2000,40000,0.6783021000010194,7.968874423156597,True,3.5802215053599666,122.58048590642665,,3.14.4,"Intel64 Family 6 Model 186 Stepping 3, GenuineIntel",Windows-11-10.0.26200-SP0
uniform2d_n20_instance202609,20,202609,0,qubo_sa_swap,iterations,100,1,400,40000,2000,40000,0.8570861999978661,3.9750731963893027,True,3.5802215053599666,11.028694465920651,,3.14.4,"Intel64 Family 6 Model 186 Stepping 3, GenuineIntel",Windows-11-10.0.26200-SP0
uniform2d_n20_instance202609,20,202609,1,two_opt,iterations,100,1,400,40000,2000,40000,0.7636592999988352,3.580221505359966,True,3.5802215053599666,0.0,,3.14.4,"Intel64 Family 6 Model 186 Stepping 3, GenuineIntel",Windows-11-10.0.26200-SP0
uniform2d_n20_instance202609,20,202609,1,qubo_sa,iterations,100,1,400,40000,2000,40000,0.6782433999978821,6.9043902800115715,True,3.5802215053599666,92.84813159395237,,3.14.4,"Intel64 Family 6 Model 186 Stepping 3, GenuineIntel",Windows-11-10.0.26200-SP0
uniform2d_n20_instance202609,20,202609,1,qubo_sa_swap,iterations,100,1,400,40000,2000,40000,0.8571736000012606,3.645784990079496,True,3.5802215053599666,1.8312689486215783,,3.14.4,"Intel64 Family 6 Model 186 Stepping 3, GenuineIntel",Windows-11-10.0.26200-SP0
uniform2d_n20_instance202609,20,202609,2,two_opt,iterations,100,1,400,40000,2000,40000,0.7549717000001692,3.580221505359966,True,3.5802215053599666,0.0,,3.14.4,"Intel64 Family 6 Model 186 Stepping 3, GenuineIntel",Windows-11-10.0.26200-SP0
uniform2d_n20_instance202609,20,202609,2,qubo_sa,iterations,100,1,400,40000,2000,40000,0.6708244000037666,6.361406984542809,True,3.5802215053599666,77.68193881353756,,3.14.4,"Intel64 Family 6 Model 186 Stepping 3, GenuineIntel",Windows-11-10.0.26200-SP0
uniform2d_n20_instance202609,20,202609,2,qubo_sa_swap,iterations,100,1,400,40000,2000,40000,0.862465099999099,3.9610205795095927,True,3.5802215053599666,10.636187553745756,,3.14.4,"Intel64 Family 6 Model 186 Stepping 3, GenuineIntel",Windows-11-10.0.26200-SP0
uniform2d_n20_instance202609,20,202609,3,two_opt,iterations,100,1,400,40000,2000,40000,0.75741559999733,3.580221505359966,True,3.5802215053599666,0.0,,3.14.4,"Intel64 Family 6 Model 186 Stepping 3, GenuineIntel",Windows-11-10.0.26200-SP0
uniform2d_n20_instance202609,20,202609,3,qubo_sa,iterations,100,1,400,40000,2000,40000,0.6731594000011683,5.461641308505089,True,3.5802215053599666,52.55037433657219,,3.14.4,"Intel64 Family 6 Model 186 Stepping 3, GenuineIntel",Windows-11-10.0.26200-SP0
uniform2d_n20_instance202609,20,202609,3,qubo_sa_swap,iterations,100,1,400,40000,2000,40000,0.8582683000058751,3.580221505359967,True,3.5802215053599666,2.220446049250313e-14,,3.14.4,"Intel64 Family 6 Model 186 Stepping 3, GenuineIntel",Windows-11-10.0.26200-SP0
uniform2d_n20_instance202609,20,202609,4,two_opt,iterations,100,1,400,40000,2000,40000,0.7611191999967559,3.580221505359966,True,3.5802215053599666,0.0,,3.14.4,"Intel64 Family 6 Model 186 Stepping 3, GenuineIntel",Windows-11-10.0.26200-SP0
uniform2d_n20_instance202609,20,202609,4,qubo_sa,iterations,100,1,400,40000,2000,40000,0.6763093000045046,6.234454488322555,True,3.5802215053599666,74.13599909918769,,3.14.4,"Intel64 Family 6 Model 186 Stepping 3, GenuineIntel",Windows-11-10.0.26200-SP0
uniform2d_n20_instance202609,20,202609,4,qubo_sa_swap,iterations,100,1,400,40000,2000,40000,0.8600536000012653,4.261590562974716,True,3.5802215053599666,19.031477705909204,,3.14.4,"Intel64 Family 6 Model 186 Stepping 3, GenuineIntel",Windows-11-10.0.26200-SP0
uniform2d_n20_instance202609,20,202609,5,two_opt,iterations,100,1,400,40000,2000,40000,0.7634972000014386,3.580221505359966,True,3.5802215053599666,0.0,,3.14.4,"Intel64 Family 6 Model 186 Stepping 3, GenuineIntel",Windows-11-10.0.26200-SP0
uniform2d_n20_instance202609,20,202609,5,qubo_sa,iterations,100,1,400,40000,2000,40000,0.672453699997277,6.3260502223319905,True,3.5802215053599666,76.69438086054816,,3.14.4,"Intel64 Family 6 Model 186 Stepping 3, GenuineIntel",Windows-11-10.0.26200-SP0
uniform2d_n20_instance202609,20,202609,5,qubo_sa_swap,iterations,100,1,400,40000,2000,40000,0.8570495000021765,4.000756719997044,True,3.5802215053599666,11.74606694048097,,3.14.4,"Intel64 Family 6 Model 186 Stepping 3, GenuineIntel",Windows-11-10.0.26200-SP0
uniform2d_n20_instance202609,20,202609,6,two_opt,iterations,100,1,400,40000,2000,40000,0.7576602999979514,3.580221505359966,True,3.5802215053599666,0.0,,3.14.4,"Intel64 Family 6 Model 186 Stepping 3, GenuineIntel",Windows-11-10.0.26200-SP0
uniform2d_n20_instance202609,20,202609,6,qubo_sa,iterations,100,1,400,40000,2000,40000,0.6739640000014333,6.0625683626468385,True,3.5802215053599666,69.3350077242578,,3.14.4,"Intel64 Family 6 Model 186 Stepping 3, GenuineIntel",Windows-11-10.0.26200-SP0
uniform2d_n20_instance202609,20,202609,6,qubo_sa_swap,iterations,100,1,400,40000,2000,40000,0.8685559000005014,3.645784990079496,True,3.5802215053599666,1.8312689486215783,,3.14.4,"Intel64 Family 6 Model 186 Stepping 3, GenuineIntel",Windows-11-10.0.26200-SP0
uniform2d_n20_instance202609,20,202609,7,two_opt,iterations,100,1,400,40000,2000,40000,0.7597673999989638,3.580221505359966,True,3.5802215053599666,0.0,,3.14.4,"Intel64 Family 6 Model 186 Stepping 3, GenuineIntel",Windows-11-10.0.26200-SP0
uniform2d_n20_instance202609,20,202609,7,qubo_sa,iterations,100,1,400,40000,2000,40000,0.6702542000057292,5.77140777889867,True,3.5802215053599666,61.20253370519863,,3.14.4,"Intel64 Family 6 Model 186 Stepping 3, GenuineIntel",Windows-11-10.0.26200-SP0
uniform2d_n20_instance202609,20,202609,7,qubo_sa_swap,iterations,100,1,400,40000,2000,40000,0.8620045999996364,3.7270052190577294,True,3.5802215053599666,4.099850064528465,,3.14.4,"Intel64 Family 6 Model 186 Stepping 3, GenuineIntel",Windows-11-10.0.26200-SP0
uniform2d_n20_instance202609,20,202609,8,two_opt,iterations,100,1,400,40000,2000,40000,0.7538024000023142,3.580221505359966,True,3.5802215053599666,0.0,,3.14.4,"Intel64 Family 6 Model 186 Stepping 3, GenuineIntel",Windows-11-10.0.26200-SP0
uniform2d_n20_instance202609,20,202609,8,qubo_sa,iterations,100,1,400,40000,2000,40000,0.6764719000057084,6.395751616332369,True,3.5802215053599666,78.64122671620342,,3.14.4,"Intel64 Family 6 Model 186 Stepping 3, GenuineIntel",Windows-11-10.0.26200-SP0
uniform2d_n20_instance202609,20,202609,8,qubo_sa_swap,iterations,100,1,400,40000,2000,40000,0.8577171999932034,3.580221505359967,True,3.5802215053599666,2.220446049250313e-14,,3.14.4,"Intel64 Family 6 Model 186 Stepping 3, GenuineIntel",Windows-11-10.0.26200-SP0
uniform2d_n20_instance202609,20,202609,9,two_opt,iterations,100,1,400,40000,2000,40000,0.7711688999988837,3.580221505359966,True,3.5802215053599666,0.0,,3.14.4,"Intel64 Family 6 Model 186 Stepping 3, GenuineIntel",Windows-11-10.0.26200-SP0
uniform2d_n20_instance202609,20,202609,9,qubo_sa,iterations,100,1,400,40000,2000,40000,0.6822518999979366,5.5294125683659185,True,3.5802215053599666,54.443309166424726,,3.14.4,"Intel64 Family 6 Model 186 Stepping 3, GenuineIntel",Windows-11-10.0.26200-SP0
uniform2d_n20_instance202609,20,202609,9,qubo_sa_swap,iterations,100,1,400,40000,2000,40000,0.860594099998707,3.645784990079496,True,3.5802215053599666,1.8312689486215783,,3.14.4,"Intel64 Family 6 Model 186 Stepping 3, GenuineIntel",Windows-11-10.0.26200-SP0
